:020000040800F2
:10000000406800203D0300080569000851640008AD
:10001000D968000875220008397A0008000000003D
:10002000000000000000000000000000516A00080D
:10003000FD2400080000000081690008956A00089E
:100040005703000857030008570300085703000828
:100050005703000857030008570300085703000818
:100060005703000857030008570300085703000808
:10007000052300085703000815230008570300084C
:100080005703000857030008570300089922000887
:100090007922000889220008570300085703000846
:1000A00057030008570300085703000857030008C8
:1000B00057030008570300085703000857030008B8
:1000C00057030008570300085703000857030008A8
:1000D00057030008197A000857030008570300085F
:1000E000570300085703000857030008A56B0008D2
:1000F0005703000857030008570300085703000878
:100100005703000857030008570300085703000867
:10011000570300085703000857030008956B0008B1
:10012000570300082523000835230008570300085B
:10013000570300085703000857030008B9220008B6
:10014000A9220008570300085703000857030008B6
:10015000570300084523000855230008297A0008A2
:100160005703000857030008570300085703000807
:100170005703000857030008570300080000000059
:100180005703000857030008097100081971000897
:1001900057030008570300085703000857030008D7
:1001A00000000000000000005703000800F002F803
:1001B00000F0B5F814A696E8000CB244B344DA4552
:1001C00001D100F0ACF8BAE80F000FA696E83000B5
:1001D000A5EB040504EB0607AAEB0704A7F101074A
:1001E0004FEA15154FEA3414A4F10104AC4201D3CF
:1001F00000F095F813F0010F18BFFB1A43F001034C
:1002000000F001F8DBE71847EC2001000C210100A9
:10021000103A24BF78C878C1FAD8520724BF30C832
:1002200030C144BF04680C60704700007047000094
:100230000023002400250026103A28BF78C1FBD8EF
:10024000520728BF30C148BF0B6070476E2900F0CD
:10025000CF83702900F00585662911F0AE836529EA
:1002600011F0AB83672911F0A883612911F0A783EE
:1002700003681B0A28BF41F08001692900F07C83D4
:10028000642900F07983752900F076836F2900F0E6
:100290009384782900F0D184E92900F02D84E429A1
:1002A00000F02A84F52900F02784EF2900F09084DB
:1002B000F82900F0D0840368DB0928BF41F08001F1
:1002C000632901F0F182732901F0F682E32901F03C
:1002D0000183F32901F00683002070471FB511F058
:1002E0005AFB9DE8030000F0AFFA01F059FC04004E
:1002F0000020002110F092FD401C606000200021D1
:1003000010F076FDE06000F07BFD00F07DF91FBD90
:1003100010B5002000F010FE00F0DBFD10BD00F075
:1003200038FE1146FFF7DAFF0DF0A0F801F0C8FB28
:1003300003B4FFF7EDFF03BC00F05CFA0948804707
:1003400009480047FEE7FEE7FEE7FEE7FEE7FEE7B7
:10035000FEE7FEE7FEE7FEE704480549054A064BCF
:1003600070470000816B0008AD010008406200206A
:1003700040680020406400204064002053EA020CE2
:1003800000F069802DE9F04B4FF00006002B1FBFF5
:10039000B3FA83F503FA05F424FA05F65E4012BFBA
:1003A0001643B2FA82F502FA05F4C5F120051EBF24
:1003B00022FA05FC44EA0C04203556EA044C4FEAC4
:1003C000144418BF641C4FF000084FF0000990421D
:1003D00071EB030C39D3002919BFB1FA81F701FA87
:1003E00007F6B0FA80F700FA07F6C7F120071EBF3C
:1003F00020FA07FC46EA0C062037B6FBF4FCA7EB14
:100400000507103F07F01F0BCBF120062CFA06F66C
:100410000CFA0BFB44BFB3460026202FA4BF5E4658
:100420004FF0000B5BEA060C08BF4FF0010B19EB15
:100430000B0948EB0608ABFB027C06FB02CC0BFB6E
:1004400003CCC01B71EB0C01C1E70B4602464146D1
:100450004846BDE8F08B13B5084318BF4FF0FF3096
:100460000146AFF30080BDE81C4070470B460146D3
:10047000184600F0A7B910B5431C02E010F8011BA4
:1004800071B18107FAD14FF0013202C88C1A8C4346
:1004900014EAC211F9D0C01A0A0603D0C01E10BD5A
:1004A000C01A10BD0A0401D0801E10BD0902FCD084
:1004B000401E10BD032A40F2308010F0030C00F003
:1004C000158011F8013BBCF1020F624498BF11F88E
:1004D00001CB00F8013B38BF11F8013BA2F1040247
:1004E00098BF00F801CB38BF00F8013B11F00303BF
:1004F00000F02580083AC0F0088051F8043B083A23
:1005000051F804CBA0E80810F5E7121D5CBF51F8C4
:10051000043B40F8043BAFF30080D20724BF11F83E
:10052000013B11F801CB48BF11F8012B24BF00F8A3
:10053000013B00F801CB48BF00F8012B704710B514
:10054000203AC0F00B80B1E81850A0E81850B1E88C
:100550001850A0E81850203ABFF4F5AF5FEA027CCB
:1005600024BFB1E81850A0E8185044BF18C918C0FB
:10057000BDE810405FEA827C24BF51F8043B40F89C
:10058000043B08BF7047D20728BF31F8023B48BF81
:1005900011F8012B28BF20F8023B48BF00F8012BBF
:1005A000704702F0FF0343EA032242EA024200F0EE
:1005B00002B84FF0000200B5134694469646203923
:1005C00022BFA0E80C50A0E80C50B1F12001BFF40C
:1005D000F7AF090728BFA0E80C5048BF0CC05DF872
:1005E00004EB890028BF40F8042B08BF704748BFC0
:1005F00020F8022B11F0804F18BF00F8012B704734
:10060000704770477047000008487CB578440090F8
:1006100007487844009C0546019004E020460168A4
:1006200008448047241DAC42F8D17CBD301E010037
:100630003A1E010070B5064600F0E2F8056806F1C2
:100640000B0020F00704B4429CBF002070BD2B4675
:100650006A68BAB11068A04210D304F10801884258
:100660003CBF5068586007D3516810194160116849
:10067000091B016058601460101D70BD134652685C
:10068000002AE7D12146284600F0CAF80028DED12A
:1006900070BD70B50446051F00F0B2F80068002C6C
:1006A00014BF446870BD002C18BFAC423CBF20464C
:1006B0006468F8D301680A18AA4218BF456003D1DC
:1006C0002A6805461144016028684119A1421CBFEF
:1006D0006C6070BD6168696021680844286070BD05
:1006E0002DE9F04791460C46804600F089F80768EE
:1006F000604234EA000001D1042C02D20520BDE89A
:10070000F087601E40F0070609F10B0020F0070596
:100710004D4539D93B467A6882B31468101D404272
:1007200006EA000C644525D9A4EB0C00854221D8CB
:10073000BCF1000F0BD0104601686244A1EB0C0124
:10074000116041685160C0F800C0586003461168EC
:1007500005F10800814205D35019491B016015605D
:100760005860034652F8040F58600020C8F8002073
:10077000BDE8F08713465268002ACED12946384694
:1007800000F04EF80028C5D10620BDE8F08710B56E
:1007900000F03EF8006810BD10B5044600F038F8CF
:1007A000046010BD0B460146184600F035B910B57F
:1007B000002000F0E2FBFFF7ABFDBDE81040012098
:1007C00000F018B82DE9F041074615460E461020F6
:1007D000FFF730FF04000AD06760C4E9026500F04B
:1007E00013F80168216004600020BDE8F081012059
:1007F000FBE7000001491820ABBEFEE7260002001F
:1008000000487047440100200048704774010020F0
:10081000004870473C0100207047704770477047A0
:1008200038B504460A4600206946AFF30080002828
:1008300008BF38BD02460099204600F0CFFB0120DA
:1008400038BD012001F069B9F8B5AFF30080054665
:1008500000200C460C2000BF0646A819A0420DD966
:10086000324669460020AFF30080070008BF01F060
:1008700054F90098A04218BF0546C419FFF7C0FFFD
:1008800005600746F01D20F007004619284600F0D5
:100890000AF8B44208BFF8BDA21B31463868BDE86B
:1008A000F84000F09BBB00210160416070470C20C4
:1008B000704770B5044685690068C10601D53026C9
:1008C00000E02026C00707D070BDD4E901213046E2
:1008D0009047206A401C20626D1EF6D570BD70B531
:1008E000044685690078C00707D170BDD4E90121AD
:1008F00020209047206A401C20626D1EF6D570BDF6
:1009000009684A0501D540B27047C905FCD500B257
:10091000704709684A0501D5C0B27047C905FCD5C2
:1009200080B2704770B50C460546012A05D028787C
:10093000800600D5EA69002302E0012305E05B1C84
:10094000934202D2E05C0028F9D1A869E618C01AE7
:10095000A861286A184428622846FFF7AAFF04E025
:10096000D5E9012114F8010B9047B442F8D3284689
:10097000FFF7B5FF70BD00002DE9F04106460024E9
:1009800010687529314616A510D0FFF7B9FF002869
:1009900002DA404213A507E031688A0701D512A5A3
:1009A00002E0490704D511A5012401E0FFF7B1FFDA
:1009B00000210A2206F1240709E0B0FBF2FCB0FB9B
:1009C000F2F302FB1C00303078541846491C002812
:1009D000F3D123462A463046BDE8F04100F05DBB26
:1009E000000000002D0000002B000000200000008F
:1009F00011680268006A530501D508700AE0D30542
:100A000001D5088006E0130603D5C217C1E900022C
:100A100000E0086001207047074B70B50D467B442D
:100A200000F025FF0446284600F060FF10B14FF0AB
:100A3000FF3070BD204670BDB10301002DE9FF5F9E
:100A400015468A460446DFF8AC80F8440027D8E90A
:100A500000103E46CDE9001010E03AF816106A4644
:100A600002A801F009F8411C07D02178890603D5B6
:100A7000E269391891420DD80744761C2078800627
:100A800002D5E069B84205DDAE42E6DB3AF8160071
:100A90000028E2D1A069C01BA0612046FFF709FF32
:100AA000D8E90010CDE90010002017E03AF818103E
:100AB0006A4602A800F0E0FFB0F1FF3F81460BD08C
:100AC00000250DF1080B05E0D4E901211BF8050014
:100AD00090476D1C4D45F7D308F10100B0428046A8
:100AE000E4DB206A384420622046FFF7F8FEBDE8C8
:100AF000FF9F0000960F01002DE9F0418046D21DB6
:100B000022F007020025D2E90002F52915A614D02B
:100B1000011E72F1000106DA0023D0EB030063EB43
:100B2000020211A608E0D8F800108B0701D50FA625
:100B300002E0490701D50EA601251146002408F15F
:100B4000240704E000F064FA30323A55641C50EA9D
:100B50000102F7D12B46324621464046BDE8F0411E
:100B600000F09BBA000000002D0000002B000000E8
:100B70002000000030B4002100F1240408E002F05D
:100B80000705D208303542EA4372DB086554491C38
:100B900052EA0305F3D10468002310A2250708D503
:100BA00004F020040C4304D0C46901230CA2641E89
:100BB000C46130BC00F071BA10B50446214610681B
:100BC000FFF7A7FE02462046BDE810400023D1E70C
:100BD000D21D22F00701D1E90023CBE7000000007D
:100BE00030000000F0B40D460188090502D5214C03
:100BF0007C4402E01F4C7C440E34002100F12406AA
:100C000008E002F00F071209E75D42EA03721B09D0
:100C10007754491C52EA0307F3D1027800231207E4
:100C200004D5702D06D009B1022311342246F0BC40
:100C300000F033BA01231034F8E770B504460D46CE
:100C400021461068FFF765FE024629462046BDE8AA
:100C500070400023C6E7D21D22F00703D3E900232A
:100C6000C0E70368126843F0200303600823C361F0
:100C70000023B7E7F80D01002DE9F05F894604462F
:100C80004FF0000ADFF874B1FB44C0F820A0204602
:100C9000E1688847002874D0252806D0D4E90121CE
:100CA0009047206A401C2062F1E700265F462046FC
:100CB000E16888472028054607DB312D05D27819E1
:100CC00010F8200C08B10643F1E7B00701D526F073
:100CD0000406C4F81CA00027C4F818A02A2D09D0C7
:100CE000284610F06FF838B304EB8708303DC8F899
:100CF000185019E059F8041B204604EB8702916153
:100D0000E1688847012F054618D1E069002820DAFC
:100D100026F020061DE0D8F8180000EB800005EB57
:100D200040003038C8F818002046E168884705467A
:100D300010F048F80028EED1012F0AD02E2D08D14E
:100D40002046E16888477F1C0546022F46F02006B2
:100D5000C4DBA069002803DA404246F00106A06126
:100D6000F00701D026F010066C2D0BD0682D09D0AD
:100D70004C2D39D06A2D35D0742D35D07A2D33D005
:100D800016E038E0E1682F4620468847B84205461D
:100D900009D16C2F26D04FF48060E16806432046CD
:100DA0008847054604E06C2F1AD04FF48070064344
:100DB0000DB3A5F14100192802D8203546F400668C
:100DC0004A462946204626604E46FFF73FFA80B144
:100DD00001280BD0F61D26F0070000F1080956E7A0
:100DE0004020E4E78020D8E70020D6E706F1040998
:100DF0004DE7284652E7206ABDE8F09F880D0100C4
:100E000010B542485421FFF7D4FB41485421FFF765
:100E1000D0FB40485421FFF7CCFB3F493B483C4ABC
:100E20003F4B08603D490A603A491960531C03650D
:100E3000481C1065012008653B48344A39A17844B4
:100E400000F07CFD20B9384878440A3800F05EFE96
:100E500037482F4A35A1784400F070FD20B9344856
:100E600078440A3800F052FE32482A4A2FA17844CA
:100E700000F064FD20B92F4878440A3800F046FE9F
:100E800040232248DC000021224600F033FD20B13F
:100E900025487844543800F039FE1D482246402346
:100EA000002100F027FD20B121487844543800F09B
:100EB0002DFE184822461023002100F01BFD0028BB
:100EC00006D01C487844BDE81040563800F01EBEDD
:100ED00010BD104870B5006D20F001040B4800F003
:100EE000A5FD0B4800F0A2FD0A4800F09FFD09E0B7
:100EF000206D20F00105204600F098FD2046FFF708
:100F0000C8FB2C46002CF3D170BD0000400000202F
:100F100094000020E80000200000002004000020D1
:100F20000800002072000000E30B010077000000C1
:100F3000CF0B0100BB0B01002DE9F0410646FFF786
:100F400063FC8046454613E016B1E068B0420ED11E
:100F500020682860D4E90101D8F80070884720464D
:100F6000FFF797FBD8F80000B842EBD100E0254628
:100F70002C68002CE8D1BDE8F08110B500F0AEFD82
:100F8000BDE8104000F0A5BD004870473C010020BE
:100F900070477546FFF7F8FFAE46050069465346B1
:100FA00020F00700854618B020B5FFF7D5F9BDE859
:100FB00020404FF000064FF000074FF000084FF0C0
:100FC000000BAC46ACE8C009ACE8C009ACE8C0090D
:100FD000ACE8C00921F007018D4670470346406820
:100FE0008C46002818BF88423CBF03464068F8D3AF
:100FF00018681844884207D00CF1030020F007005D
:10100000001D411A521A0146081D0A60FFF741BB34
:1010100030B5B0F10A0271F100034FEA900E4EEACA
:10102000817EB0EB0E0061EB91014FEA101E4EEA9B
:10103000017E10EB0E0041EB11114FEA102E4EEA2B
:10104000016E10EB0E0041EB11214FEA104E4EEAFB
:10105000014E10EB0E0041EB1141401841F100012F
:101060004FEAD00040EA41704FEAD1014FEA8104D3
:1010700044EA907410EB800544EB01046D1944EBD5
:101080000404521BA3414FF0000348BF0A3200D5AD
:1010900030BD401C41F1000130BD2DE9F0470D4647
:1010A00099469246044600F124080168880604D552
:1010B000E06921F01001216000E00120A84201DD7B
:1010C000471B00E00027A1697A1902EB0900081A02
:1010D000A0612078C00602D42046FFF7EAFB002674
:1010E00008E0D4E901211AF806009047206A401C64
:1010F000761C20624E45F4DB2078C0060AD52046D7
:10110000FFF7D7FB06E0D4E9012130209047206AA1
:10111000401C2062381EA7F10107F4DC07E0D4E987
:10112000012118F805009047206A401C2062281E03
:10113000A5F10105F3DC2046FFF7D1FB207800067E
:1011400002D50220BDE8F0870120FBE72DE9FF4F23
:101150000C461E464FF0FF378BB0D2E90001DDF898
:1011600060800A908A46C1F30A5505B93D460021C0
:1011700008464FF00000BAF1000F00F4400005DA15
:1011800000EB80004FF4400101EA50004FEA905913
:10119000B9F1010F00DDB9460A9850EA4A000ED0B5
:1011A00044F61050A5F2FF3545432F14B8F1000F57
:1011B0001ED07542291E1EDDC9F100021CE0B8F1E7
:1011C000010F4FF0000001D0302103E0F24305E0B1
:1011D0002154401CB042FBDB304600220021215448
:1011E0000B99C1F80880C1E900200FB0BDE8F08F6D
:1011F000BD1B6D1CDEE74A4600DA694206A800F016
:1012000013FD06AB93E8070003AB83E807005046E5
:101210000A990EF087FF8DE80700A0F500501F38EF
:1012200000900398002D0ADD42F21F014A4608444F
:10123000002303A9039068460FF0F0F909E0A0F538
:1012400000504A461F38002303A9039068460FF058
:10125000FAF98DE807000004000C03D04FF0FF30CE
:10126000410800E01046B8F1000F03D000220092C0
:1012700015461EE0751E05D4FFF7CAFE30326255D2
:101280006D1EF9D5B3460122084302D000227F1C0F
:1012900004E02078302801D100227F1E002A09971F
:1012A00084D01DE0112D07DAFFF7B2FE303262550F
:1012B0006D1C50EA0102F5D1084302D00098C8B174
:1012C0000EE00021681E05E0235C625C635422543A
:1012D000401E491C8142F7DBAB46A81B401E09900B
:1012E000002004F80B000B98099AC0F80880C0E9A8
:1012F000002B7AE711264FF0000857E72DE9F04F51
:1013000088460446D21D22F0070191B0D1E90001C0
:10131000CDE90A010FF0E0FA02460B98C00F01D0A8
:101320002D2007E02068810701D52B2002E0202135
:1013300001EAC000032A099001D0072A05DB034611
:101340004146204600F030FC0BE12078800601D5B4
:10135000E06900E00620B8F1650F814606D0B8F1DB
:10136000660F18D0B8F1670F70D131E00020B9F1E5
:10137000110F009001DB112301E009F101030AAA1A
:1013800001A90CA8FFF7E2FEDDE90C70002609F1C7
:101390000105834647E001204B4600904FF000478F
:1013A0000AAA01A90CA8FFF7D1FEDDE90DB00C993E
:1013B0005D46002610B909F101000D18B9EB0500D2
:1013C00003D4C0F1FF3609F10105A5EB09002BE0BC
:1013D000B9F1010F01DA4FF001090020B9F1110F45
:1013E0000090484601DD112300E003460AAA01A946
:1013F0000CA8FFF7ABFEDDE90C704D4600268346D6
:10140000207800070AD4AB4500DA5D4601A8012D1B
:1014100004DD411911F8011C302907D04F4502DACB
:1014200017F1040F04DA012082460FE06D1EEEE78B
:10143000002F02DCED1B3E4403E0781CA84200DDD7
:101440007D1CB81B00F1010A4FF00047207800070F
:1014500003D4AA4501DB4FF0FF3A0021B7F1004F5A
:101460000DF143088DF8431024D002202B23002FC8
:1014700001DA7F422D230A21021EA0F1010000DCC7
:101480005FB197FBF1FC97FBF1F201FB1C7C174667
:101490000CF1300C08F801CDEEE7A8F10100037063
:1014A0002188090501D5452100E06521A0F1010849
:1014B00000F8011C09980FA9A1EB0807FF1D00B156
:1014C0000120411901EBEA70A1693844081A401E55
:1014D000A0612078C00602D42046FFF7EAF90998F7
:1014E00028B1D4E901219047206A401C206220786D
:1014F000C00622D52046FFF7DCF91EE0002E04DBF3
:10150000B34502DD01A8805D00E03020D4E901216F
:101510009047206A401C2062761CAAF101005FEA15
:10152000000A0AD100F03CFBC0680168405CD4E9C5
:1015300001219047206A401C2062281EA5F1010568
:10154000DCDC07E0D4E9012118F8010B9047206AA0
:10155000401C2062381EA7F10107F3DC2046FFF78C
:10156000BEF9032011B041E62DE9F04F04460D46C7
:10157000D21D22F0070089B0D0E9009748463946CD
:101580000FF0AAF90246F80F01D02D2307E02068DA
:10159000810701D52B2302E0202101EAC0038DF849
:1015A00020300BB1012000E00020032A824601D048
:1015B000072A04DB2946204600F0F6FA3FE12078AE
:1015C000800601D40D2500E0E569C7F30A560D2D0C
:1015D00049DA00214FEA175B08464FF00000002F60
:1015E00000F4400007DA00EB80004FF4400100EB0C
:1015F000D07001EA60008115012901DD4FF0FF3153
:1016000000224FEA850CBCF1180F06D31346ACF14B
:1016100018004FF08052C24003E04FF4801323FAC9
:101620000CF30CF10C0CBCF1200F04D3ACF1200C2A
:1016300009FA0CF001E007FA0CF000294FF000481D
:1016400001DD18B90FE00ED140450CD319EB0209AA
:101650005F4121B9404502D19F4329EA0209BBEB12
:10166000175F00D0761C2088000502D57B4878449F
:1016700002E07A487844193808AA302302F80A3080
:10168000037C0AF10101002E0AF1020A53546A4652
:1016900002DC4FF0300101E04FF031014FF0010862
:1016A0008DF8001002D0A6F2FF3603E059EA470198
:1016B00000D06B4E002D02DC2178090704D54FF0D5
:1016C00002082E218DF80110C44600210BE0C7F35B
:1016D00003433F01C35C491C6D1E02F80830052915
:1016E00008F1010801DA002DF1DC00210CE000EB2B
:1016F0001973491C1B786D1E082902F808304FEA3F
:10170000091908F1010801DA002DF0DC21688B06C7
:1017100002D516E0A8F10108E04505DD02EB08035B
:1017200013F8013C302BF5D0B8F1000F09DD02EBC6
:10173000080313F8013C2E2B03D1090701D4A8F1AB
:101740000108002D05DD3E2102F808106D1E08F18C
:101750000108407C002E02F8080008F1010804DAB4
:101760002D20764202F8080002E02B2002F8080043
:101770000A214FF47A70864208F101080BDB96FBD0
:10178000F0F3303302F8083096FBF0F308F101086B
:1017900000FB136601E0642E0CDB642096FBF0F383
:1017A000303302F8083096FBF0F308F1010800FB33
:1017B000136601E00A2E06DB96FBF1F0303002F8EA
:1017C000080008F1010896FBF1F001FB10603030D1
:1017D00002F80800A16908F1010808EB050202EB14
:1017E0000A00081AA0612078C00602D42046FFF73C
:1017F00060F8216A08AE01EB0A00206204E0D4E937
:10180000012116F8010B9047BAF1010AF7D22078AE
:10181000C00602D52046FFF74CF86E4609E016F8E0
:10182000010B3E280FD0D4E901219047206A401CCB
:101830002062B8F10108F2D22046FFF750F809B053
:101840000320BDE8F08F206A2844206203E0D4E939
:101850000121302090476D1EEBD3F8E7D203010041
:1018600002FCFFFF01694A1C02610878704700B55D
:101870008FB0CDE901310021059105497944CDE9C9
:10188000031011466846FFF7F7F90FB000BD0000DE
:10189000E5FFFFFF10B5436913B1AFF3008001E02E
:1018A000FFF740F8012010BD127800F124010A7002
:1018B00000224A700122EDE711684FF0FF32E9E79C
:1018C00010B5436913B1AFF3008001E0FFF7B6F83C
:1018D000012010BD128800F1240182840022C284FC
:1018E0000122EDE711684FF0FF32E9E7007B00F0DD
:1018F0008000704770B5C468A50713D0650211D485
:10190000B2F5807F09D0B2F5007F06D0B2F5806FC6
:1019100008D1012300F1240106E05D1E6FF07F462F
:10192000B54201D3012070BD0161C361416024F45F
:1019300070611143C160002070BD00002DE9F041CD
:101940000C461646070047D0104600F06FF8207886
:10195000611C61280AD0722802D077283CD102E0AD
:101960000125002405E00225042402E0082448F2B1
:10197000020511F8010B2B2806D0622809D011F8B6
:10198000010C74280AD00BE045F0030544F0020472
:10199000EFE745F0040544F00104EAE744F01004E1
:1019A0003846214600F0C0F8411C15D000213161B5
:1019B00071604FF40071F560F1617061200704D52A
:1019C00030460222002100F093FA306D40F0010011
:1019D00030653046BDE8F0810020FBE72DE9F0419D
:1019E0000D460646104C206DC10704D0410804D0B6
:1019F00020F00104F7E722460EE05420FEF71AFE1D
:101A000007000ED0206D47F00101084354212065E6
:101A10003846FEF7CEFD3A4629463046BDE8F0414D
:101A20008CE70020D6E70000400000202DE9F047B9
:101A300004464FF0FF380026C568D4E90497A8078C
:101A400018D0204600F010FB384600F077F8002848
:101A500000DA4646280502D54846FEF71AFE4C2114
:101A60002046FEF7A6FD206D20F0010020653046DF
:101A7000BDE8F0874046FBE72DE9F04116460C46ED
:101A8000054600F085F8036893F80101012807D0A6
:101A9000FF2C12D8185D80B101202C70BDE8F081B8
:101AA000D3F807013246214603F20713C718284628
:101AB000BC46BDE8F041002360474FF0FF30EDE742
:101AC00010B50446AFF300802046BDE81040FEF795
:101AD0002FBC002801D0FEF78DBE704710B5002145
:101AE00002A000F005FB012010BD00005349474152
:101AF0004252543A2041626E6F726D616C2074657F
:101B0000726D696E6174696F6E00000010B500F04F
:101B100009FBBDE81040FFF7DCBF10B500F01CFB6F
:101B2000BDE81040FFF7D5BF0EB5CDE90001FEF7C7
:101B3000A2FC029069460120ABBE0EBD08B5694605
:101B400000900220ABBE08BD1FB58DE807006946B6
:101B50000520ABBE04B010BD1FB58DE80F0069466F
:101B60000620ABBEF6E708B5694600900920ABBE7B
:101B700008BD1CB5CDE9000169460A20ABBE1CBDFD
:101B8000704708B5694600900C20ABBE08BD000048
:101B900010B500F005F8001D10BD00BF81F2000077
:101BA000004870475C0100202DE9F0411F460446C3
:101BB00003260168072A01F4006004DB08B116A5BA
:101BC00005E016A503E008B115A500E015A521F074
:101BD00010002060A069C01EA0610FB1401EA0616E
:101BE0002046FEF766FE4FB1D4E901213846904702
:101BF000206A401C2062C01C206206E0206AFAE7CE
:101C0000D4E9012115F8010B9047761EF8D2204641
:101C1000FEF765FEBDE8F0814E414E006E616E003C
:101C2000494E4600696E66002DE9F047814616462A
:101C30008AB0354878440DC88DE80D0032487844A4
:101C4000801C03AC0DC884E80D0041F69B300844AD
:101C5000372190FBF1F290FBF1F5A5F1800501FB36
:101C600012041B3C02D56442012000E00020DFF892
:101C700098A080460027FA44AAF1BE0A0EE0E007C9
:101C80000AD03246684607EB470101230AEB81017F
:101C90000EF0D9FC8DE8070064107F1C002CEED1FB
:101CA000194F7F44AE3F19E0E80715D007EB041049
:101CB0000DF1180A90E80E008AE80E00C068F042A4
:101CC00001D1981908903246012306A903A80EF005
:101CD000BAFC03AB83E807006D10641C002DE3D150
:101CE0004FF0010332466946B8F1000F03A802D055
:101CF0000EF094FC01E00EF0A6FCC9E90001C9F861
:101D000008200AB0BDE8F0879CFE00002DE9F05FD6
:101D1000054617460C46C86820F4201040F48000A1
:101D2000C860800602D5084600F0C1F9E06841F2BB
:101D300082014FF0FF3A0140022903D0204600F013
:101D400053F9B9E000F42041B1F5004F0FD1C003C1
:101D500006D56168E06A884200D80846606006E0FF
:101D60002069E06260606069FFF70BFFA061A06816
:101D70000022EEB200280DDAE1688B050AD4C043D8
:101D8000A06041F490302260E0606068411C6160B6
:101D90000670AAE0E0689146226040F40050E060DE
:101DA000206978BB6069FFF7DEFE04F124054FF07F
:101DB0000108A8B1A08910F4407F08D0E069FEF7BF
:101DC00039FC206118B1E06840F4006017E0C4F805
:101DD0001C802561E06820F4407040F480600EE0D3
:101DE000E069FEF727FC00282061F0D0E06840F4AD
:101DF000006010F4407FE06002D140F48070E06049
:101E000020696060E06825696FF0010BC1051ED58F
:101E10006168E06A884200D80846411B04D0224627
:101E2000284600F0EBF8E8BB1FB1E562C4E90159B0
:101E300059E0681CE0626060E069401EA060E068F4
:101E400040F48030E06030462E70BDE8F09F17B15E
:101E500000F480320AE06068411C61600670E0684E
:101E60000A2E40F48030E06006D00022E16A60680B
:101E7000814203D90B4602E00122F7E70346B4F89A
:101E80000CC05B1B5FEA4C5C04D4D4F81CC09C45BE
:101E900000DD02B3814200D80146002BA1EB00080F
:101EA000E56200E008E0C4E9015907DD2246194671
:101EB000284600F0A3F808B15046C6E7B8F1000F75
:101EC00009D0A169E5626560A1EB0800A061E06846
:101ED00040F01000E06047B16168A069E562491B0D
:101EE00008446560A0615846AFE73046ADE70000A2
:101EF0002DE9F041044616460D464769007B8007F0
:101F00002ED03846FFF72FFE50BB3EB3012E02D035
:101F1000022E25D104E0204600F04DF905441DE0D5
:101F20003846FFF72EFEE168002841F01001E1601D
:101F300005DA204600F058F80120BDE8F081C90319
:101F40000BD56268E16A914200D81146A26911443A
:101F50002269891A814200DD08460544002D01DA14
:101F60000220EAE7E16A6068E268814206D29103F2
:101F7000E06203D522F4003141F01002A669002787
:101F8000AE4213DCE16A814201D90B4600E0034610
:101F900003EB060C2369ACEB030CAC4506DD814278
:101FA00001D98C4600E084469C4505D1A760276096
:101FB00042F02000A5620DE0AD1BE669AE1B814238
:101FC000A66000D90846C01A281A20605819606017
:101FD00022F0200003490840E060002084F84870A7
:101FE000ABE70000BFCFD7FFC16821F4001141F07B
:101FF0008001C16000218160016070472DE9F74FC9
:1020000015460C464FF0FF3B3848D768D2F814A06D
:10201000074209D05046A969FFF7ABFD002819DB3C
:102020003248C0430740EF604FF000496FF000486E
:102030004C4501D3464600E0264600993B465046B3
:102040003246FFF781FDA96920F00042B21A11441F
:10205000A96128B12846FFF7C7FF5846BDE8FE8FA3
:10206000A41BE5D10020F9E770B504460569C06AF4
:102070006168884200D80846E16821F42011E160D7
:10208000C90312D5A84208D02246411B2846FFF7B3
:10209000B5FF10B14FF0FF3070BD0020E562C4E91C
:1020A0000150E06820F48030E060002070BD10B581
:1020B0000446C06820F02000E060A16AA069884260
:1020C0000DD02046FFF7D0FFE06820F4405040F0EC
:1020D0001000E060A06AA0612069E062606044F2E4
:1020E0004001E0688843E06010BD0000100002007D
:1020F00070B505460C460A2000E06D1C00F054F84F
:1021000035B128780028F8D102E0641C00F04CF8C2
:1021100014B120780028F8D1BDE870400A2000F002
:1021200043B8000010B5014602A0FFF7E1FF01200F
:1021300010BD000053494752545245443A2052655D
:102140006469726563743A2063616E2774206F70EE
:10215000656E3A200000000010B5012805D000216E
:1021600003A0FFF7C5FF012010BD09A1F8E700009B
:1021700053494752544D454D3A204F7574206F6670
:102180002068656170206D656D6F727900000000D8
:102190003A2048656170206D656D6F727920636FBC
:1021A000727275707465640008B569468DF8000038
:1021B0000320ABBE08BD10B50146C268900703D02E
:1021C000900607D5886A0AE0FEF722FB012101602C
:1021D000881E10BD8B69486818440B69C01A91F8B5
:1021E00048301BB191F84910401A10BD1103FCD5BD
:1021F0000028FADD401E10BD30B44FF0013C50F80D
:10220000042B51F8043BCCFA52F4D51A20D1FCB976
:1022100050F8042B51F8043BCCFA52F4D51A17D1DC
:10222000B4B950F8042B51F8043BCCFA52F4D51A47
:102230000ED16CB950F8042B51F8043BCCFA52F48F
:10224000D51A05D1002CDAD030BC4FF00000704711
:1022500029BAB1FA81F111F01801D1F120008440BE
:10226000F2D1CA40CB4012F0FF0213F0FF0330BCA2
:10227000D01A7047FFE7FEE780B540F24C70C2F21B
:10228000000000F057FC80BD80B540F24C70C2F2F7
:10229000000000F04FFC80BD80B540F24C70C2F2EF
:1022A000000000F047FC80BD80B540F27470C2F2BF
:1022B000000000F03FFC80BD80B540F27470C2F2B7
:1022C000000000F037FC80BD80B582B0019006F0C0
:1022D00093FF07F0A3F805F0CFFDFFE706F08CFFB2
:1022E00007F0A6F805F034FC01200BF0EDF8F5E757
:1022F00080B582B00190FFE705F090FD02200BF061
:10230000E3F8F9E780B540F2FC70C2F2000001F09A
:1023100003F980BD80B540F29C70C2F2000001F06C
:10232000FBF880BD80B540F61C10C2F2000001F041
:10233000F3F880BD80B540F65C00C2F2000001F009
:10234000EBF880BD80B540F67C10C2F2000001F0D1
:10235000E3F880BD80B540F6BC00C2F2000001F099
:10236000DBF880BD82B001900198007810384AF601
:10237000AB21CAF6AA21A0FB011000090090009928
:1023800041F64C30C0F60100405C0199C8650098E8
:10239000042807D3FFE701990868042262F30900C3
:1023A000886506E00199086840F2FF32904388652D
:1023B000FFE70198806D02B07047000086B005907D
:1023C00000208DF813000598806A039005988069B5
:1023D00010BBFFE70398029003281BD80299DFE89F
:1023E00001F0020D0218059890F82F00C00720B1E7
:1023F000FFE701208DF81300FFE70CE00598C06AA5
:10240000B0F1C07F04D1FFE701208DF81300FFE792
:1024100001E000E0FFE745E005988069B0F5005F66
:1024200025D1FFE70398019003281ED80199DFE822
:1024300001F00206021101208DF8130016E0059844
:1024400090F82F00C00720B1FFE701208DF813009E
:10245000FFE70BE00598C06AB0F1C07F04D1FFE749
:1024600001208DF81300FFE700E0FFE719E0039873
:102470000090032804D3FFE70098032804D00EE05F
:1024800001208DF813000BE0059890F82F00C0078D
:1024900020B1FFE701208DF81300FFE700E0FFE720
:1024A000FFE7FFE79DF8130006B0704784B0039084
:1024B00002910192009303980168086820F480203B
:1024C000086000980399096848600398806840286C
:1024D00009D1FFE701980399096888600298039978
:1024E0000968C86008E00298039909688860019843
:1024F00003990968C860FFE704B07047704700009F
:1025000072B6FFE7FEE7000084B0029001910298E6
:1025100090F820008DF803009DF80300012805D0F5
:10252000FFE79DF8030002280AD1FFE7019A02980D
:10253000016848691043486100208DF80F0008E0E9
:102540000299486A40F48020486201208DF80F000B
:10255000FFE79DF80F0004B07047000088B00690B8
:10256000059104920393069890F820008DF80700D7
:1025700006980068806800900598806808B9FFE7B1
:1025800000E0FFE79DF80700012806D0FFE79DF86F
:102590000700022840F08080FFE79DF80300400715
:1025A00000280CD4FFE79DF803000007002806D49C
:1025B000FFE79DF80300C006002864D5FFE70098F8
:1025C000C0F30160029002990120884003990860DD
:1025D0000598806868B9FFE705980168C06840EA17
:1025E000415006990968029A01EB0211C1F8800175
:1025F0000EE005994A688868C96840EAC200084345
:1026000006990968029A01EB0211C1F88001FFE7FF
:102610000598006906990968029A01EB0211C1F850
:1026200084010598007D01280CD1FFE70698006819
:10263000029900EB0111D1F8840140F48070C1F8D7
:102640008401FFE70498406806990968029A01EB43
:102650000211C1F88C010498006806990968029A71
:1026600001EB0211C1F8880106980068029900EB9D
:102670000111D1F8800140F00100C1F88001002073
:102680008DF81F0011E00699486A40F40010486276
:1026900001208DF81F0008E00699486A40F4802068
:1026A000486201208DF81F00FFE79DF81F0008B069
:1026B0007047000086B004900391049890F82000C1
:1026C0008DF803009DF80300012806D0FFE79DF870
:1026D0000300022840F0B080FFE746F20040C4F259
:1026E000000001900199D1F8000240F00100C1F80A
:1026F00000020199D1F8000220F47C50C1F80002D8
:102700000398426A0199D1F8000240EA0220C1F818
:1027100000020398406900F01F01012088400290E8
:10272000029A0199D1F81C029043C1F81C02039847
:10273000C069F0B9FFE7029A0199D1F80C02904301
:10274000C1F80C02039A9088D168526940EA0140AE
:10275000019901EBC201C1F84002039A1088916807
:10276000526940EA0140019901EBC201C1F84402FB
:10277000FFE70398C06901281ED1FFE7029A01997B
:10278000D1F80C021043C1F80C02039A908811682A
:10279000526940EA0140019901EBC201C1F84002CF
:1027A000039A90899168526940EA0140019901EBCE
:1027B000C201C1F84402FFE70398806940B9FFE70E
:1027C000029A0199D1F804029043C1F8040207E08B
:1027D000029A0199D1F804021043C1F80402FFE7FC
:1027E0000398006940B9FFE7029A0199D1F81402F1
:1027F0009043C1F8140207E0029A0199D1F814023B
:102800001043C1F81402FFE70398006A012808D1B9
:10281000FFE7029A0199D1F81C021043C1F81C028B
:10282000FFE70199D1F8000220F00100C1F8000291
:1028300000208DF8170008E00499486A40F48020D1
:10284000486201208DF81700FFE79DF8170006B0D9
:102850007047000081B0009001B0704784B00390D1
:10286000029100200190039890F820008DF8030059
:102870009DF80300012805D0FFE79DF8030002281A
:1028800012D1FFE7029838B9FFE703980068C068E3
:1028900000F00300019006E003980068006900F072
:1028A00003000190FFE7FFE7019804B070470000C4
:1028B00086B00490039102920193049890F820004E
:1028C0008DF803009DF80300012806D0FFE79DF86E
:1028D0000300022840F0E880FFE7039880B9FFE793
:1028E00004980068C068800748B9FFE70499486AFF
:1028F00040F40010486201208DF81700DDE00FE081
:10290000049800680069800748B9FFE70499486A9D
:1029100040F40010486201208DF81700CDE0FFE779
:1029200004980068039900EB0110D0F8B00100F0A2
:102930000400029988600298806858B9FFE70498FB
:102940000068039900EB0110D0F8B001400D029926
:1029500008600AE004980068039900EB0110D0F8C1
:10296000B001C00802994860FFE704980068039925
:1029700000EB0110D0F8B00100F002000299C8602D
:1029800004980068039900EB0110D0F8B40100F03E
:102990000F00082804D3FFE70299082008610BE024
:1029A00004980068039900EB0110D0F8B40100F01E
:1029B0000F0002990861FFE704980068039900EB93
:1029C0000110D0F8B40180B2000A0299886104981D
:1029D0000068039900EB0110D0F8B401000C0299D3
:1029E000486104980068039900EB0110D0F8B80121
:1029F0000199087004980068039900EB0110D0F861
:102A0000B801000A0199487004980068039900EB26
:102A10000110D0F8B801000C019988700498006882
:102A2000039900EB0110D0F8B801000E0199C870AD
:102A300004980068039900EB0110D0F8BC010199DB
:102A4000087104980068039900EB0110D0F8BC01EC
:102A5000000A0199487104980068039900EB01107D
:102A6000D0F8BC01000C01998871049800680399A2
:102A700000EB0110D0F8BC01000E0199C871039859
:102A800038B9FFE704980168C86840F02000C860C2
:102A900006E004980168086940F020000861FFE73B
:102AA00000208DF8170008E00499486A40F480205F
:102AB000486201208DF81700FFE79DF8170006B067
:102AC0007047000083B0029000200190029890F8B7
:102AD00020008DF803009DF80300012805D0FFE7D2
:102AE0009DF80300022822D1FFE702980068806861
:102AF0004001002804D5FFE7019801300190FFE76D
:102B00000298006880680001002804D5FFE701985A
:102B100001300190FFE7029800688068C00000283B
:102B200004D5FFE7019801300190FFE7FFE7019826
:102B300003B0704780B58AB00990002008900998CA
:102B400000684069079009980068406806900998F5
:102B500000688068059009980068C068049009982A
:102B600000680069039009980068806902909DF8E8
:102B70001C00C007002800F09480FFE79DF81400B7
:102B8000C00758B3FFE709980168012088609DF8E5
:102B900014008007002804D5FFE7099800F00CFC1A
:102BA0001BE09DF814004007002805D5FFE70898B2
:102BB00040F4006008900FE09DF814000007002822
:102BC00005D5FFE7089840F48050089003E0099885
:102BD00000F0EEFBFFE7FFE7FFE7FFE79DF81500DA
:102BE000C00760B3FFE7099801684FF48070886000
:102BF0009DF815008007002804D5FFE7099800F02C
:102C0000E3FB1BE09DF815004007002805D5FFE712
:102C1000089840F4005008900FE09DF81500000758
:102C2000002805D5FFE7089840F48040089003E0AD
:102C3000099800F0C5FBFFE7FFE7FFE7FFE79DF816
:102C40001600C00760B3FFE7099801684FF48030B1
:102C500088609DF816008007002804D5FFE70998D2
:102C600000F0BAFB1BE09DF816004007002805D5D0
:102C7000FFE7089840F4004008900FE09DF8160028
:102C80000007002805D5FFE7089840F48030089039
:102C900003E0099800F09CFBFFE7FFE7FFE7FFE791
:102CA000FFE79DF81C000007002810D5FFE79DF8FE
:102CB0001000C006002809D5FFE7089840F400700E
:102CC0000890099801681020C860FFE7FFE79DF8A9
:102CD0001C00400700280FD5FFE79DF810000007F3
:102CE000002808D5FFE7099801680820C8600998FE
:102CF00000F0EAFAFFE7FFE79DF81C0080070028D4
:102D00000BD5FFE709980068C068800720B1FFE78E
:102D1000099800F0DDFAFFE7FFE79DF81C00400688
:102D2000002810D5FFE79DF80C00C006002809D543
:102D3000FFE7089840F48060089009980168102027
:102D40000861FFE7FFE79DF81C00800600280FD50B
:102D5000FFE79DF80C000007002808D5FFE7099859
:102D6000016808200861099800F0D0FAFFE7FFE742
:102D70009DF81C00C00600280BD5FFE709980068E5
:102D80000069800720B1FFE7099800F0C3FAFFE768
:102D9000FFE79DF81E00800700280FD5FFE79DF88C
:102DA0001800C006002808D5FFE709980168102020
:102DB0004860099800F0B2FAFFE7FFE79DF81E00AF
:102DC000C00778B1FFE79DF818000007002808D574
:102DD000FFE70998016808204860099800F000FBA7
:102DE000FFE7FFE79DF81D000006002840F18D80F9
:102DF000FFE79DF818004007002840F18180FFE7B9
:102E00009DF81D00C00750B1FFE79DF80800C007FE
:102E100028B1FFE7089840F001000890FFE79DF80F
:102E20001D00800700280BD5FFE79DF808008007EC
:102E3000002805D5FFE7089840F002000890FFE75A
:102E40009DF81D00400700280BD5FFE79DF80800FE
:102E50004007002805D5FFE7089840F004000890D7
:102E6000FFE79DF81D000007002848D5FFE79DF803
:102E7000080010F0700F42D0FFE7029800F07000D9
:102E800001460191102814D0FFE70198202815D0A1
:102E9000FFE70198302816D0FFE70198402817D0A7
:102EA000FFE70198502818D0FFE70198602819D053
:102EB0001DE0089840F00800089019E0089840F0DC
:102EC0001000089014E0089840F0200008900FE0EF
:102ED000089840F0400008900AE0089840F0800010
:102EE000089005E0089840F48070089000E0FFE743
:102EF00009980168886920F070008861FFE7FFE7A2
:102F00000998016804204860FFE7089848B1FFE786
:102F1000089A0999486A104348620998FFF79AFC91
:102F2000FFE70AB080BD000080B584B0029002982F
:102F300020B9FFE701208DF80F00E0E0029890F83B
:102F4000200020B9FFE7029800F0DEF8FFE70298C2
:102F50000168086840F00100086000F07FFF019000
:102F6000FFE7029800684068C007A8B9FFE700F0D3
:102F700075FF0199401A0B280DD3FFE70299486AA3
:102F800040F4003048620299052081F820000120B9
:102F90008DF80F00B3E0E4E702980168086820F0BC
:102FA0000200086000F05AFF0190FFE702980068F5
:102FB00040688007002815D5FFE700F04FFF019912
:102FC000401A0B280DD3FFE70299486A40F40030FD
:102FD00048620299052081F8200001208DF80F0039
:102FE0008DE0E3E70298007E012807D1FFE7029811
:102FF0000168086840F08000086006E002980168F7
:10300000086820F080000860FFE70298407E0128F1
:1030100007D1FFE702980168086840F040000860A7
:1030200006E002980168086820F040000860FFE7A9
:103030000298807E012807D1FFE70298016808689E
:1030400040F02000086006E002980168086820F05F
:1030500020000860FFE70298C07E012807D1FFE743
:1030600002980168086820F01000086006E00298E5
:103070000168086840F010000860FFE70298007FD0
:10308000012807D1FFE702980168086840F00800AE
:10309000086006E002980168086820F008000860EF
:1030A000FFE70298407F012807D1FFE702980168F7
:1030B000086840F00400086006E0029801680868AB
:1030C00020F004000860FFE7029B19685A689868BE
:1030D000D3F80CC040EA0C00D3F810C040EA0C0052
:1030E0005B691843013A1043C861029900204862A5
:1030F000029A012182F820108DF80F00FFE79DF859
:103100000F0004B080BD000080B594B01390002083
:103110001290119010900F900E901398006846F244
:103120000041C4F2000188425CD1FFE740F2102068
:10313000C2F200000168013101600068012812D16B
:10314000FFE7FFE700200D9043F64000C4F20200C5
:10315000016841F000710160006800F000700D909E
:103160000D98FFE7FFE7FFE700200C9043F63000E3
:10317000C4F20200016841F008010160006800F03B
:1031800008000C900C98FFE703200E9002210F918D
:1031900000210791109111900920129040F60040F3
:1031A000C4F202000EA900F061FC079A13200490FB
:1031B0000521069100F030FF049800F023FF0699E6
:1031C000079A1420059000F027FF059800F01AFFD9
:1031D0000699079A1520089000F01EFF089800F045
:1031E00011FF6FE01398006846F60001C4F2000179
:1031F000884266D1FFE7FFE700200B9043F64000CE
:10320000C4F20200016841F080610160006800F0D2
:1032100080600B900B98FFE740F21020C2F2000094
:103220000168013101600068012812D1FFE7FFE762
:1032300000200A9043F64000C4F20200016841F009
:1032400000710160006800F000700A900A98FFE7C2
:10325000FFE7FFE70020099043F63000C4F20200C8
:10326000016841F002010160006800F0020009906D
:103270000998FFE74FF440500E9002200F90002075
:1032800002901090032011900920129040F200400B
:10329000C4F202000EA900F0E9FB029A3F20009060
:1032A0000521019100F0B8FE009800F0ABFE0199F5
:1032B000029A4020039000F0AFFE039800F0A2FEB7
:1032C000FFE7FFE714B080BD81B0009001B0704708
:1032D00080B58AB0099006F077FF01688A680021FE
:1032E000904702900998019002980168896988477F
:1032F00001460198884206D1FFE7029801684A69B1
:1033000003A99047FFE70AB080BD000081B000909C
:1033100001B0704781B0009001B0704781B000905B
:1033200001B0704780B584B00290029890F82000F8
:1033300001282FD1FFE70299022081F8200002988E
:103340000168086820F00100086000F087FD019026
:10335000FFE7029800684068C007A8B1FFE700F0E7
:103360007DFD0199401A0B280DD3FFE70299486AA9
:1033700040F4003048620299052081F820000120C5
:103380008DF80F000FE0E4E70299002048628DF805
:103390000F0008E00299486A40F4002048620120CA
:1033A0008DF80F00FFE79DF80F0004B080BD00000E
:1033B00081B0009001B0704781B0009001B07047BB
:1033C00081B0009001B0704781B0009001B07047AB
:1033D00081B0009001B0704781B0009001B070479B
:1033E00081B0009001B0704780B584B0029002981F
:1033F000806D019000F032FD0090029890F8350049
:1034000002280DD0FFE7029980204865FFE7029966
:10341000002081F83400FFE701208DF80F0055E00F
:1034200002980168086820F0160008600298016898
:10343000486920F0800048610298006C20B9FFE7DD
:103440000298806C38B1FFE702980168086820F0A4
:1034500008000860FFE702980168086820F0010092
:103460000860FFE7029800680068C007C8B1FFE77E
:1034700000F0F4FC0099401A062811D3FFE70299E6
:10348000202048650299032081F83500FFE7029962
:10349000002081F83400FFE703208DF80F0015E0CD
:1034A000E0E70298C16D3F20884001998860029949
:1034B000012081F83500FFE70299002081F83400EF
:1034C000FFE7FFE700208DF80F00FFE79DF80F00F2
:1034D00004B080BD82B00090009890F835000228BA
:1034E00007D0FFE700998020486501208DF807008C
:1034F0000EE00099052081F8350000980168086801
:1035000020F001000860FFE700208DF80700FFE7CA
:103510009DF8070002B0704780B586B00590002086
:10352000039040F21000C2F20000006848F2B511AA
:10353000C1F64E31A0FB0110800A02900598806D03
:10354000019001980068049004980599C96DC840DD
:10355000000700281AD5FFE70598006800684007B3
:10356000002812D5FFE705980168086820F00400DC
:1035700008600598C16D0820884001998860059908
:10358000486D40F001004865FFE7FFE704980599A2
:10359000C96DC840C007A0B1FFE705980068406941
:1035A000000600280CD5FFE70598C16D0120884072
:1035B000019988600599486D40F002004865FFE771
:1035C000FFE704980599C96DC8404007002814D545
:1035D000FFE7059800680068800700280CD5FFE722
:1035E0000598C16D04208840019988600599486D4F
:1035F00040F004004865FFE7FFE704980599C96DAE
:10360000C840C006002847D5FFE705980068006855
:10361000000700283FD5FFE70598C16D10208840BE
:1036200001998860059800680068400300281AD551
:10363000FFE70598006800680003002809D4FFE749
:103640000598006C20B1FFE70598016C8847FFE7FB
:1036500008E00598806C20B1FFE70598816C8847E9
:10366000FFE7FFE716E0059800680068C00500283E
:1036700007D4FFE705980168086820F00800086093
:10368000FFE70598006C20B1FFE70598016C8847BB
:10369000FFE7FFE7FFE7FFE704980599C96DC8401A
:1036A0008006002840F18D80FFE7059800680068DB
:1036B000C006002840F18480FFE70598C16D2020F6
:1036C000884001998860059890F83500052834D124
:1036D000FFE705980168086820F016000860059863
:1036E0000168486920F0800048610598006C20B9A5
:1036F000FFE70598806C38B1FFE705980168086816
:1037000020F008000860FFE70598C16D3F20884061
:10371000019988600599012081F83500FFE7059936
:10372000002081F83400FFE70598006D20B1FFE725
:103730000598016D8847FFE77BE005980068006801
:10374000400300281AD5FFE70598006800680003C9
:10375000002809D4FFE70598406C20B1FFE70598E1
:10376000416C8847FFE708E00598C06B20B1FFE790
:103770000598C16B8847FFE7FFE720E005980068E0
:103780000068C005002811D4FFE7059801680868A3
:1037900020F0100008600599012081F83500FFE74E
:1037A0000599002081F83400FFE7FFE70598C06B1A
:1037B00020B1FFE70598C16B8847FFE7FFE7FFE708
:1037C000FFE70598406DA0B3FFE70598406DC0077F
:1037D00030B3FFE70599052081F8350005980168A9
:1037E000086820F001000860FFE7039801300390AB
:1037F0000299884201D9FFE707E0FFE705980068D2
:103800000068C0070028F0D1FFE70599012081F882
:103810003500FFE70599002081F83400FFE7FFE756
:103820000598C06C20B1FFE70598C16C8847FFE799
:10383000FFE706B080BD000080B586B00490002090
:10384000039000F00BFB0290049820B9FFE70120E1
:103850008DF81700A3E00498406A08B1FFE7FFE77E
:103860000499022081F83500FFE70499002081F8CF
:103870003400FFE704980168086820F00100086040
:10388000FFE7049800680068C00790B1FFE700F008
:10389000E5FA0299401A06280AD3FFE70499202086
:1038A00048650499032081F835008DF8170076E00B
:1038B000E7E70498006800680390039848F23F0126
:1038C000CFF2100108400390049900914868D1F8A4
:1038D00008C0CB680A6940EA0C00184310434A69E3
:1038E00010438A691043CA691043096A0143039867
:1038F000084303900498406A042808D1FFE704991C
:10390000C86A096B0143039808430390FFE70398D3
:103910000499096808600498006840690390039856
:1039200020F0070003900498416A0398084303902D
:103930000498406A04281AD1FFE70498816A039822
:10394000084303900498C06A80B1FFE70498FEF72B
:1039500035FD50B1FFE704994020486504990120E6
:1039600081F835008DF8170019E0FFE7FFE70398AD
:103970000499096848610498FEF7F4FC01900498E2
:10398000C16D3F20884001998860049900204865F6
:10399000049A012182F835108DF81700FFE79DF891
:1039A000170006B080BD000080B588B00690059174
:1039B0000492039300208DF80B000698806D01900F
:1039C000FFE7069890F83400012804D1FFE70220B1
:1039D0008DF81F0045E00699012081F83400FFE7CB
:1039E000FFE7069890F8350001282BD1FFE70699EC
:1039F000022081F83500069900204865069805994F
:103A0000049A039BFEF752FD0698C16D3F20884043
:103A10000199886006980168086840F016000860FF
:103A20000698006C38B1FFE706980168086840F016
:103A300008000860FFE706980168086840F0010088
:103A4000086009E0FFE70699002081F83400FFE7ED
:103A500002208DF80B00FFE79DF80B008DF81F008A
:103A6000FFE79DF81F0008B080BD000090B00F90E8
:103A70000E9100200C900B900A900D90FFE70D988E
:103A80000F2800F2E881FFE70D99012088400C9093
:103A90000E9800680C9908400B900B980C9988427E
:103AA00040F0D481FFE70E98406800F00300012841
:103AB00007D0FFE70E98406800F0030002282FD1DE
:103AC000FFE70F9880680A900D984100032000FAE4
:103AD00001F10A9888430A900E98C0680D99490030
:103AE00000FA01F10A9808430A900A980F99886031
:103AF0000F9840680A900D99012000FA01F10A9888
:103B000088430A900E984068C0F300100D9900FA9F
:103B100001F10A9808430A900A980F994860FFE754
:103B20000E98406800F00300032818D0FFE70F98B4
:103B3000C0680A900D984100032000FA01F10A982C
:103B400088430A900E9880680D99490000FA01F1A7
:103B50000A9808430A900A980F99C860FFE70E98E0
:103B6000406800F00300022826D1FFE70F980D9966
:103B70006FF0030202EA51010844006A0A900D98AE
:103B800000F0070081000F2000FA01F10A98884335
:103B90000A900E9800690D9901F00701890000FA5A
:103BA00001F10A9808430A900A980F990D9B02EABE
:103BB000530211440862FFE70F9800680A900D98BD
:103BC0004100032000FA01F10A9888430A900E98F8
:103BD000406800F003000D99490000FA01F10A98CD
:103BE00008430A900A980F9908600E988079800718
:103BF000002800F02A81FFE7FFE70020099043F644
:103C00004400C4F20200016841F480410160006890
:103C100000F4804009900998FFE70D9820F0030018
:103C200043F60801C4F2010140580A900D9800F0D3
:103C3000030081000F2000FA01F10A9888430A90DE
:103C40000F980021C4F20201884203D1FFE700204F
:103C500008907AE00F9840F20041C4F202018842D5
:103C600003D1FFE7012007906CE00F9840F60001B8
:103C7000C4F20201884203D1FFE7022006905EE011
:103C80000F9840F60041C4F20201884203D1FFE7D9
:103C90000320059050E00F9841F20001C4F20201A8
:103CA000884203D1FFE70420049042E00F9841F2DC
:103CB0000041C4F20201884203D1FFE705200390CE
:103CC00034E00F9841F60001C4F20201884203D1AA
:103CD000FFE70620029026E00F9841F60041C4F26B
:103CE0000201884203D1FFE70720019018E00F98F6
:103CF00042F20001C4F20201884203D1FFE708202A
:103D000000900AE00F9942F20042C4F202020A2037
:103D1000914208BF09200090FFE700980190FFE75B
:103D200001980290FFE702980390FFE70398049040
:103D3000FFE704980590FFE705980690FFE70698CF
:103D40000790FFE707980890FFE70898C0B20D9921
:103D500001F00301890000FA01F10A9808430A9072
:103D60000A980D9921F0030143F60802C4F20102FA
:103D7000885043F60840C4F2010000680A900B998D
:103D80000A9888430A900E988079C006002805D5C5
:103D9000FFE70B990A9808430A90FFE70A9843F651
:103DA0000841C4F20101086043F60C40C4F201006E
:103DB00000680A900B990A9888430A900E988079B7
:103DC0008006002805D5FFE70B990A9808430A905A
:103DD000FFE70A9843F60C41C4F20101086043F67C
:103DE0000440C4F2010000680A900B990A988843C5
:103DF0000A900E9880798007002805D5FFE70B9977
:103E00000A9808430A90FFE70A9843F60441C4F26F
:103E10000101086043F60040C4F2010000680A9006
:103E20000B990A9888430A900E988079C00728B1A8
:103E3000FFE70B990A9808430A90FFE70A9843F6B0
:103E40000041C4F201010860FFE7FFE7FFE70D98BA
:103E500001300D9013E610B07047000045F6641075
:103E6000C2F200000068704740F23000C2F2000069
:103E7000027845F66411C2F2000108681044086037
:103E80007047000080B543F60041C4F202010868A3
:103E900040F400700860086840F4806008600868BA
:103EA00040F480700860032000F0D0F80F2000F08C
:103EB00005F800F07BF8002080BD000080B58CB0D4
:103EC0000B90002004900390FFE70020009043F641
:103ED0004000C4F20200016841F020010160006866
:103EE00000F0200000900098FFE706A802A900F06B
:103EF00047FA09980490049820B9FFE700F070FA97
:103F0000059004E000F06CFA40000590FFE705988A
:103F10004DF68361C4F21B31A0FB01014FF0FF306D
:103F200000EB9140039040F62420C2F2000041F2E1
:103F30000041C4F20001016040F2E731C160039921
:103F40004160002101618160816100F049FE8DF8CE
:103F500007009DF8070028BBFFE740F62420C2F2C7
:103F6000000000F08FFE8DF807009DF80700C0B933
:103F7000FFE7372000F046F80B980F280CD8FFE732
:103F80000B993720002200F047F80B9840F23401DB
:103F9000C2F20001086003E001208DF80700FFE78E
:103FA000FFE7FFE79DF807000CB080BD80B582B049
:103FB000FFE70020019043F64400C4F202000168CC
:103FC00041F480410160006800F480400190019854
:103FD000FFE7FFE70020009043F64000C4F2020034
:103FE000016841F080510160006800F0805000904D
:103FF0000098FFE76FF001000F21002200F00CF89D
:1040000002B080BD80B582B08DF807009DF9070031
:1040100009F0BCF802B080BD80B586B08DF81700FD
:10402000049103920020029009F0C8F802909DF9D3
:104030001700019002980499039A02F065FC01466A
:10404000019809F0C3F806B080BD000080B582B0C9
:104050000190019809F0FEF802B080BD80B584B0EF
:1040600000200290FFE70020019043F64000C4F2D8
:104070000200016841F080510160006800F080504A
:1040800001900198FFE74021C4F20E210120086051
:10409000FFF7E4FE0290FFE747F20400C4F20000DD
:1040A000006800F48030B0F5803F0DD0FFE7FFF7E7
:1040B000D5FE0299401AB0F57A7F04D9FFE70320B4
:1040C0008DF80F0025E0E7E74421C4F20E2101201E
:1040D0000860FFF7C3FE0290FFE747F20400C4F256
:1040E0000000006800F40030B0F5003F0DD0FFE79D
:1040F000FFF7B4FE0299401AB0F57A7F04D9FFE7C2
:1041000003208DF80F0004E0E7E700208DF80F0092
:10411000FFE79DF80F0004B080BD000080B584B0BB
:1041200002900191029820B9FFE701208DF80F005D
:1041300021E1019843F60041C4F20201096801F04F
:104140000F01884212D9FFE7019943F60040C4F2FB
:1041500002000170006800F00F000199884204D04D
:10416000FFE701208DF80F0005E1FFE702980078D6
:10417000800700282AD5FFE702980078400700282A
:1041800009D5FFE743F60801C4F20201086840F4CC
:10419000E0500860FFE7029800780007002809D582
:1041A000FFE743F60801C4F20201086840F46040EA
:1041B0000860FFE743F60801C4F20201086820F036
:1041C000F000029A926810430860FFE702980078B6
:1041D000C00700286ED0FFE702984068012811D17F
:1041E000FFE743F60000C4F20200006800F400316B
:1041F0000020B0EB514F04D1FFE701208DF80F00F4
:10420000B9E02CE002984068022805D0FFE7029848
:104210004068032811D1FFE743F60000C4F2020012
:10422000006800F000710020B0EB516F04D1FFE78F
:1042300001208DF80F009EE010E043F60000C4F26C
:104240000200006800F002010020B0EB510F04D121
:10425000FFE701208DF80F008DE0FFE7FFE743F651
:104260000801C4F20201086820F00300029A5268B3
:1042700010430860FFF7F2FD0090FFE743F60800E7
:10428000C4F20200006800F00C0002994968B0EB2B
:10429000810F0ED0FFE7FFF7E1FD0099401A41F2D0
:1042A0008931884204D3FFE703208DF80F0062E0D4
:1042B000E4E7FFE7019843F60041C4F20201096810
:1042C00001F00F01884212D2FFE7019943F6004046
:1042D000C4F202000170006800F00F0001998842EA
:1042E00004D0FFE701208DF80F0044E0FFE70298BB
:1042F0000078400700280CD5FFE743F60801C4F218
:104300000201086820F4E050029AD2681043086065
:10431000FFE702980078000700280DD5FFE743F675
:104320000801C4F20201086820F46040029A126990
:1043300040EAC2000860FFE700F076F843F60801A3
:10434000C4F202010968C9B20A0941F63431C0F663
:104350000101895CC84040F21001C2F2000108600E
:1043600040F23400C2F200000068FFF7A7FD002011
:104370008DF80F00FFE79DF80F0004B080BD00002E
:1043800082B00190009101990F20086043F6080067
:10439000C4F20200016801F00301019A5160016852
:1043A00001F0F001019A9160016801F4E051019A75
:1043B000D160006800F46040C0080199086143F6CC
:1043C0000040C4F20200006800F00F00009908608D
:1043D00002B0704740F21000C2F20000006870475F
:1043E00080B5FFF7F7FF43F60801C4F20201096840
:1043F000C1F3822241F64431C0F60101895CC84014
:1044000080BD000080B5FFF7E5FF43F60801C4F268
:104410000201096889B24A0B41F64431C0F6010134
:10442000895CC84080BD000080B586B00020059042
:1044300004900390029043F60800C4F20200006862
:1044400000F00C000146019140B1FFE701980428FB
:104450000AD0FFE7019808280CD04FE042F2004054
:10446000C0F2F40002904FE041F60030C0F2B70015
:10447000029049E043F60400C4F20200016801F032
:104480003F01059100684002002813D5FFE743F67D
:104490000400C4F202000068C0F3881041F6003145
:1044A000C0F2B701A0FB0101059A0023FBF766FFEC
:1044B000049012E043F60400C4F202000068C0F366
:1044C000881042F20041C0F2F401A0FB0101059AFC
:1044D0000023FBF753FF0490FFE743F60400C4F208
:1044E0000200006800F44031022000EBD13003905C
:1044F00004980399B0FBF1F0029005E042F200400D
:10450000C0F2F4000290FFE7029806B080BD000000
:1045100080B586B00490049820B9FFE701208DF89B
:10452000170050E304980078C007002800F0A58029
:10453000FFE743F60800C4F20200006800F00C0038
:10454000042813D0FFE743F60800C4F20200006815
:1045500000F00C0008281ED1FFE743F60400C4F267
:10456000020000684002002815D5FFE743F600006E
:10457000C4F20200006800F400310020B0EB514F9B
:1045800008D0FFE70498406820B9FFE701208DF8C4
:10459000170018E370E0FFE704984068B0F5803F2B
:1045A00009D1FFE743F60001C4F20201086840F4B4
:1045B0008030086020E004984068B0F5A02F0DD14D
:1045C000FFE743F60001C4F20201086840F48020CE
:1045D0000860086840F4803008600CE043F6000191
:1045E000C4F20201086820F480300860086820F4F2
:1045F00080200860FFE7FFE7FFE704984068E8B124
:10460000FFE7FFF72BFC0390FFE743F60000C4F23F
:104610000200006800F400310020B0EB514F0CD1D3
:10462000FFE7FFF71BFC0399401A652804D3FFE757
:1046300003208DF81700C6E2E7E71CE0FFF70EFC49
:104640000390FFE743F60000C4F20200006800F4A4
:1046500000310020B0EB514F0CD0FFE7FFF7FEFB1D
:104660000399401A652804D3FFE703208DF817004B
:10467000A9E2E7E7FFE7FFE7FFE704980078800794
:10468000002840F19680FFE743F60800C4F20200DC
:10469000006810F00C0F13D0FFE743F60800C4F2D7
:1046A0000200006800F00C0008282CD1FFE743F658
:1046B0000400C4F2020000684002002823D4FFE78F
:1046C00043F60000C4F20200006800F0020100207E
:1046D000B0EB510F09D0FFE70498C068012804D05F
:1046E000FFE701208DF817006DE243F60001C4F2E8
:1046F0000201086820F0F800049A126940EAC2003A
:104700000860FFE754E00498C06870B3FFE7002139
:10471000C4F2472101200860FFF7A0FB0390FFE7E8
:1047200043F60000C4F20200006800F0020100201D
:10473000B0EB510F0CD1FFE7FFF790FB0399401A44
:10474000032804D3FFE703208DF817003BE2E7E7D7
:1047500043F60001C4F20201086820F0F800049A50
:10476000126940EAC200086021E00021C4F247213A
:1047700000200860FFF772FB0390FFE743F600009C
:10478000C4F20200006800F002010020B0EB510FFB
:104790000CD0FFE7FFF762FB0399401A032804D30C
:1047A000FFE703208DF817000DE2E7E7FFE7FFE7DB
:1047B000FFE704980078000700284BD5FFE704982E
:1047C000406918B3FFE740F68061C4F24721012039
:1047D0000860FFF743FB0390FFE743F67400C4F261
:1047E0000200006800F002010020B0EB510F0CD174
:1047F000FFE7FFF733FB0399401A032804D3FFE7D1
:1048000003208DF81700DEE1E7E722E040F6806143
:10481000C4F2472100200860FFF720FB0390FFE768
:1048200043F67400C4F20200006800F002010020A8
:10483000B0EB510F0CD0FFE7FFF710FB0399401AC4
:10484000032804D3FFE703208DF81700BBE1E7E757
:10485000FFE7FFE7049800784007002840F1CE808A
:10486000FFE700208DF8070043F64000C4F2020085
:104870000068C000002815D4FFE7FFE70020009083
:1048800043F64000C4F20200016841F0805101602B
:10489000006800F0805000900098FFE701208DF83C
:1048A0000700FFE747F20000C4F200000068C005FF
:1048B000002822D4FFE747F20001C4F20001086893
:1048C00040F480700860FFF7C9FA0390FFE747F2F1
:1048D0000000C4F200000068C00500280CD4FFE707
:1048E000FFF7BCFA0399401A032804D3FFE703201B
:1048F0008DF8170067E1EAE7FFE7FFE704988068B3
:10490000012809D1FFE743F67001C4F202010868EB
:1049100040F0010008601FE00498806805280DD170
:10492000FFE743F67001C4F20201086840F004009A
:104930000860086840F0010008600CE043F6700170
:10494000C4F20201086820F001000860086820F045
:1049500004000860FFE7FFE7FFE704988068F8B10C
:10496000FFE7FFF77BFA0390FFE743F67000C4F21E
:104970000200006800F002010020B0EB510F0ED1E0
:10498000FFE7FFF76BFA0399401A41F28931884239
:1049900004D3FFE703208DF8170014E1E5E71EE0DC
:1049A000FFF75CFA0390FFE743F67000C4F20200E1
:1049B000006800F002010020B0EB510F0ED0FFE7BD
:1049C000FFF74CFA0399401A41F28931884204D327
:1049D000FFE703208DF81700F5E0E5E7FFE79DF816
:1049E0000700012809D1FFE743F64001C4F20201A4
:1049F000086820F080500860FFE7FFE704988069AE
:104A0000002800F0DC80FFE743F60800C4F2020053
:104A1000006800F00C00082800F08580FFE704988B
:104A2000806902285CD1FFE76021C4F247210020A1
:104A30000860FFF713FA0390FFE743F60000C4F2A3
:104A40000200006800F000710020B0EB516F0CD044
:104A5000FFE7FFF703FA0399401A032804D3FFE79F
:104A600003208DF81700AEE0E7E70499C869D1F894
:104A700020C04B6A8A6A40EA0C0040EA8310D203E5
:104A80004FF6FF739A43A2F580321043C96A40EA99
:104A9000016043F60401C4F2020108606021C4F21F
:104AA000472101200860FFF7D9F90390FFE743F69B
:104AB0000000C4F20200006800F000710020B0EBBA
:104AC000516F0CD1FFE7FFF7C9F90399401A03288A
:104AD00004D3FFE703208DF8170074E0E7E721E037
:104AE0006021C4F2472100200860FFF7B7F9039066
:104AF000FFE743F60000C4F20200006800F0007116
:104B00000020B0EB516F0CD0FFE7FFF7A7F9039936
:104B1000401A032804D3FFE703208DF8170052E062
:104B2000E7E7FFE74AE004988069012804D1FFE73E
:104B300001208DF8170046E043F60400C4F202009D
:104B40000068029004988069012831D0FFE702983C
:104B500000F480000499C969884229D1FFE70298CE
:104B600000F03F000499096A884221D1FFE70298CA
:104B700047F6C07108400499496AB0EB811F17D10C
:104B8000FFE7029800F440300499896AC9034FF6A0
:104B9000FF729143A1F58031884209D1FFE7029865
:104BA00000F070600499C96AB0EB016F04D0FFE7B0
:104BB00001208DF8170006E0FFE7FFE7FFE7002080
:104BC0008DF81700FFE79DF8170006B080BD0000C4
:104BD00081B0009001B0704781B0009001B0704783
:104BE00080B582B00090009820B9FFE701208DF8D1
:104BF00007003FE0009890F83D0040B9FFE70099BA
:104C0000002081F83C00009800F038F8FFE7009998
:104C1000022081F83D00009951F8040B01F0CAFF11
:104C20000099012081F84600FFE70099012081F8F2
:104C30003E00009981F83F00009981F840000099FA
:104C400081F84100FFE7FFE70099012081F8420069
:104C5000009981F84300009981F84400009981F897
:104C60004500FFE70099012081F83D0000208DF804
:104C70000700FFE79DF8070002B080BD81B00090FB
:104C800001B0704783B00190019890F83D00012871
:104C900004D0FFE701208DF80B006AE001990220A3
:104CA00081F83D0001980168C86840F00100C860C3
:104CB000019800680021C4F2010188423CD0FFE75E
:104CC00001980068B0F1804F36D0FFE70198006886
:104CD00040F20041C4F2000188422DD0FFE7019864
:104CE000006840F60001C4F20001884224D0FFE7CA
:104CF0000198006840F60041C4F2000188421BD0D0
:104D0000FFE70198006840F20041C4F201018842C7
:104D100012D0FFE70198006844F20001C4F20101DB
:104D2000884209D0FFE70198006841F60001C4F20B
:104D30000001884212D1FFE701980068806800F006
:104D4000070000900098062807D0FFE70198016847
:104D5000086840F001000860FFE706E0019801687C
:104D6000086840F001000860FFE700208DF80B00A4
:104D7000FFE79DF80B0003B07047000081B0009082
:104D800001B0704780B584B0039003980068C06894
:104D9000029003980068006901909DF80400800764
:104DA000002824D5FFE79DF80800800700281DD5BE
:104DB000FFE7039801686FF0020008610399012082
:104DC0000877039800688069800720B1FFE703989F
:104DD000FFF7D4FF06E0039800F018F9039800F0FD
:104DE00033FAFFE7039900200877FFE7FFE79DF814
:104DF00004004007002825D5FFE79DF8080040077C
:104E000000281ED5FFE7039801686FF004000861D1
:104E100003990220087703980068806910F4407FA6
:104E200004D0FFE70398FFF7A9FF06E0039800F01E
:104E3000EDF8039800F008FAFFE7039900200877DF
:104E4000FFE7FFE79DF804000007002824D5FFE7EF
:104E50009DF80800000700281DD5FFE703980168AA
:104E60006FF0080008610399042008770398006830
:104E7000C069800720B1FFE70398FFF77FFF06E0D6
:104E8000039800F0C3F8039800F0DEF9FFE70399F8
:104E900000200877FFE7FFE79DF80400C006002820
:104EA00025D5FFE79DF80800C00600281ED5FFE7BE
:104EB000039801686FF010000861039908200877D3
:104EC00003980068C06910F4407F04D0FFE703989E
:104ED000FFF754FF06E0039800F098F8039800F0FD
:104EE000B3F9FFE7039900200877FFE7FFE79DF894
:104EF0000400C00778B1FFE79DF80800C00748B17B
:104F0000FFE7039801686FF001000861039800F063
:104F100085FAFFE7FFE79DF804000006002810D59A
:104F2000FFE79DF808000006002809D5FFE7039871
:104F300001686FF0800008610398FFF749FEFFE702
:104F4000FFE79DF804004006002810D5FFE79DF814
:104F500008004006002809D5FFE7039801686FF0B4
:104F600040000861039800F06BFAFFE7FFE79DF847
:104F700004008006002810D5FFE79DF80800800691
:104F8000002809D5FFE7039801686FF02000086149
:104F90000398FFF721FEFFE7FFE704B080BD0000A4
:104FA00080B588B00790002006900590049003908B
:104FB00002900798006841F60001C4F2000188429F
:104FC00022D1FFE7FFE70020019043F63000C4F252
:104FD0000200016841F080010160006800F080007B
:104FE00001900198FFE740200290022003900020EA
:104FF000049005900920069041F60040C4F202009A
:1050000002A9FEF733FDFFE708B080BD81B0009034
:1050100001B0704780B586B00490039102920020E1
:105020008DF80700FFE7049890F83C00012804D1B0
:10503000FFE702208DF8170089E00499012081F82C
:105040003C00FFE7FFE7029800900C2800F2708018
:105050000099DFE801F0076D6D6D206D6D6D3A6DA3
:105060006D6D530004980068039901F091FE049857
:105070000168886940F008008861049801688869BF
:1050800020F0040088610398026904980168886927
:105090001043886150E004980068039901F0EEFE27
:1050A00004980168886940F4006088610498016888
:1050B000886920F480608861039802690498016817
:1050C000886940EA0220886136E004980068039904
:1050D00001F04EFF04980168C86940F00800C861FB
:1050E00004980168C86920F00400C8610398026947
:1050F00004980168C8691043C8611DE004980068FD
:10510000039901F0AFFF04980168C86940F400609A
:10511000C86104980168C86920F48060C861039878
:10512000026904980168C86940EA0220C86103E086
:1051300001208DF80700FFE7FFE70499002081F8C0
:105140003C00FFE79DF807008DF81700FFE79DF88A
:10515000170006B080BD000080B582B000900098B6
:1051600020B9FFE701208DF807003FE0009890F894
:105170003D0040B9FFE70099002081F83C0000980D
:1051800000F038F8FFE70099022081F83D0000990F
:1051900051F8040B01F00EFD0099012081F8460042
:1051A000FFE70099012081F83E00009981F83F0057
:1051B000009981F84000009981F84100FFE7FFE77E
:1051C0000099012081F84200009981F8430000997C
:1051D00081F84400009981F84500FFE7009901201B
:1051E00081F83D0000208DF80700FFE79DF80700DB
:1051F00002B080BD80B584B003900398006841F68A
:105200000001C4F2000188421BD1FFE7FFE7002044
:10521000029043F64000C4F20200016841F04001F0
:105220000160006800F0400002900298FFE72B2028
:10523000019005210022FEF7EFFE0198FEF7E2FE45
:10524000FFE704B080BD000081B0009001B070475E
:1052500080B58CB00A900991099828B9FFE70A989F
:1052600090F83E0007901CE00998042805D1FFE75C
:105270000A9890F83F00069010E00998082805D198
:10528000FFE70A9890F84000059004E00A9890F82B
:1052900041000590FFE705980690FFE70698079004
:1052A000FFE70798012804D0FFE701208DF82F00C1
:1052B000AFE0099828B9FFE70A99022081F83E007B
:1052C0001EE00998042806D1FFE70A99022081F818
:1052D0003F00049012E00998082806D1FFE70A99D8
:1052E000022081F84000039005E00A99022081F82D
:1052F00041000390FFE703980490FFE70498FFE75D
:105300000A98006809990122019201F025FD01988F
:105310000A9909680022C4F20102914202900CD05D
:10532000FFE70A9800684FF60041CBF6FE7108448B
:10533000B0FA80F040090290FFE70298C00738B148
:10534000FFE70A980168486C40F400404864FFE7B2
:105350000A9800680021C4F2010188423CD0FFE7AE
:105360000A980068B0F1804F36D0FFE70A980068CD
:1053700040F20041C4F2000188422DD0FFE70A98B4
:10538000006840F60001C4F20001884224D0FFE723
:105390000A98006840F60041C4F2000188421BD020
:1053A000FFE70A98006840F20041C4F20101884218
:1053B00012D0FFE70A98006844F20001C4F201012C
:1053C000884209D0FFE70A98006841F60001C4F25C
:1053D0000001884212D1FFE70A980068806800F057
:1053E000070008900898062807D0FFE70A98016888
:1053F000086840F001000860FFE706E00A980168CD
:10540000086840F001000860FFE700208DF82F00D9
:10541000FFE79DF82F000CB080BD000080B582B082
:1054200001900198006841F20041C4F200018842F5
:1054300003D1FFE7FEF718FDFFE702B080BD0000D3
:1054400081B0009001B0704780B586B004900391A0
:10545000ADF80A20049890F84200202848D1FFE7D0
:10546000039820B1FFE7BDF80A0020B9FFE701204B
:105470008DF8170040E0049901200863049900208A
:10548000486304980399BDF80A2002F043F98DF8A7
:1054900009000498006B012821D1FFE7FFE70020F5
:1054A00001900498006800680190049800684068C2
:1054B00001900198FFE7FFE7FFE70498006850E8D4
:1054C000030F40F010000090FFE700990498026875
:1054D00042E803100028F0D1FFE7FFE703E00120D6
:1054E0008DF80900FFE79DF809008DF8170003E02B
:1054F00002208DF81700FFE79DF8170006B080BD69
:1055000080B592B01190ADF842101198006841F248
:105510000001C4F2010188422CD1FFE741F6EC21E1
:10552000C0F60101086849680F910E9005F0BCFAB9
:1055300001688A68002190470D90119806900D9897
:105540000168896B884701460698884211D1FFE7B8
:105550000D9801688A6A0EA90591904705990D98E2
:105560000268126B904705990D980268526B90473C
:10557000FFE7FFE71198006841F20041C4F2010122
:1055800088422CD1FFE741F6F421C0F601010868FA
:1055900049680C910B9005F087FA01688A68002130
:1055A00090470A90119804900A980168896B88477F
:1055B00001460498884211D1FFE70A9801688A6A77
:1055C0000BA90391904703990A980268126B9047C0
:1055D00003990A980268526B9047FFE7FFE711981A
:1055E000006847F60001C4F2000188422CD1FFE7B1
:1055F00041F6FC21C0F6010108684968099108904C
:1056000005F052FA01688A680221904707901198C4
:10561000029007980168896B884701460298884282
:1056200011D1FFE7079801688A6A08A9019190479C
:10563000019907980268126B9047019907980268D0
:10564000526B9047FFE7FFE712B080BD81B000903A
:1056500001B0704780B592B0119011980068006851
:10566000109011980068C0680F9011980068406908
:105670000E9000200D900C90109800F00F000D90EF
:105680000D9888B9FFE79DF84000800600280AD5EC
:10569000FFE79DF83C008006002804D5FFE711983D
:1056A00001F0E6FE02E2FFE70D98002800F0C2805C
:1056B000FFE79DF83800C00738B9FFE7BDF83C00A8
:1056C00010F4907F00F0B680FFE79DF84000C0071F
:1056D00058B1FFE79DF83D00C00730B1FFE71199D1
:1056E000486C40F001004864FFE79DF84000400727
:1056F00000280BD5FFE79DF83800C00730B1FFE761
:105700001199486C40F002004864FFE79DF84000A2
:10571000800700280BD5FFE79DF83800C00730B19F
:10572000FFE71199486C40F004004864FFE79DF8DA
:1057300040000007002811D5FFE79DF83C008006D7
:10574000002805D4FFE79DF83800C00730B1FFE717
:105750001199486C40F008004864FFE71198406CCC
:10576000002866D0FFE79DF84000800600280AD593
:10577000FFE79DF83C008006002804D5FFE711985C
:1057800001F076FEFFE7119800684069C0F38010D1
:105790000C901198406C0007002804D4FFE70C9887
:1057A00000283ED0FFE7119801F0E8FD119800684D
:1057B0004069400600282FD5FFE7FFE7FFE7119873
:1057C000006850E8050F20F040000B90FFE70B99B0
:1057D0001198026842E805100028F0D1FFE7FFE7C2
:1057E0001198C06B98B1FFE71198C16B47F229106F
:1057F000C0F6000008651198C06BFDF76BFE28B17C
:10580000FFE71198C06B016D8847FFE703E011982F
:10581000FFF71CFFFFE703E01198FFF717FFFFE713
:1058200006E01198FFF712FF119900204864FFE786
:10583000FFE73BE11198006B012840F01781FFE77B
:105840009DF84000C006002840F11081FFE79DF858
:105850003C00C006002840F10981FFE7FFE7002077
:105860000A901198006800680A90119800684068D2
:105870000A900A98FFE711980068406940060028DE
:1058800040F19A80FFE71198C06B00684068ADF85E
:105890002600BDF82600002875D0FFE7BDF82600D9
:1058A0001199898D88426EDAFFE7BDF826001199BB
:1058B000C8851198C06BC069B0F5807F58D0FFE7EC
:1058C000FFE7FFE71198006850E8030F20F48070AD
:1058D0000890FFE708991198026842E80310002831
:1058E000F0D1FFE7FFE7FFE7FFE71198006850E816
:1058F000050F20F001000790FFE707991198026853
:1059000042E805100028F0D1FFE7FFE7FFE7FFE7D7
:105910001198006850E8050F20F040000690FFE75E
:1059200006991198026842E805100028F0D1FFE7B7
:10593000FFE71199202081F84200119900200863A7
:10594000FFE7FFE71198006850E8030F20F0100010
:105950000590FFE705991198026842E803100028B6
:10596000F0D1FFE7FFE71198C06BFDF73DFDFFE7C2
:105970001199022048631198818DC28D891A89B2CC
:10598000FFF7BEFD17E0BDF826001199898D88420A
:1059900010D1FFE71198C06BC069B0F5807F08D1C6
:1059A000FFE71199022048631198818DFFF7A8FD48
:1059B000FFE7FFE7FFE779E01199888DC98D401A6D
:1059C000ADF812001198C08D00284ED0FFE7BDF849
:1059D0001200002849D0FFE7FFE7FFE711980068B1
:1059E00050E8030F20F490700390FFE7039911989B
:1059F000026842E803100028F0D1FFE7FFE7FFE765
:105A0000FFE71198006850E8050F20F001000290B0
:105A1000FFE702991198026842E805100028F0D1CA
:105A2000FFE7FFE71199202081F84200119900203B
:105A30000863FFE7FFE71198006850E8030F20F0C4
:105A400010000190FFE701991198026842E80310E5
:105A50000028F0D1FFE7FFE7119902204863119871
:105A6000BDF81210FFF74CFDFFE71FE09DF8400066
:105A7000000600280AD5FFE79DF83C000006002834
:105A800004D5FFE7119801F00FFF0FE09DF84000EB
:105A9000400600280AD5FFE79DF83C004006002894
:105AA00004D5FFE7119801F0B3FCFFE712B080BD09
:105AB00080B582B00090009820B9FFE701208DF8F2
:105AC000070040E00098806908B1FFE700E0FFE7C9
:105AD000009890F8410040B9FFE70099002081F854
:105AE0004000009800F034F8FFE70099242081F886
:105AF000410000980168C86820F40050C860009810
:105B000001F06AFD00980168086920F4904008617E
:105B100000980168486920F02A00486100980168EF
:105B2000C86840F40050C860009900204864009A9A
:105B3000202182F84110009A82F8421000994863AF
:105B40008DF80700FFE79DF8070002B080BD000058
:105B500080B59CB01B9000201A9019901890179057
:105B600016901B98006847F60001C4F200018842B5
:105B700040F09380FFE7FFE70020159043F64000D8
:105B8000C4F20200016841F080410160006800F049
:105B9000804015901598FFE7FFE70020149043F62A
:105BA0003000C4F20200016841F010010160006899
:105BB00000F0100014901498FFE74FF4C070169096
:105BC0000220179000200C901890032019900820B4
:105BD0001A9041F20000C4F2020016A9FDF746FF38
:105BE0000C9940F29C70C2F200000D9046F25802EF
:105BF000C4F2020202604FF0206242608160C16024
:105C00004FF48062026141618161C1610162416260
:105C1000FDF712FE18B1FFE7FCF772FCFFE7FFE7A4
:105C20001B9840F29C71C2F20001C1631B9888630B
:105C3000FFE740F2FC70C2F200000B9046F2280130
:105C4000C4F2020101604FF0206141604021816097
:105C50000021C1604FF48062026141618161C161D4
:105C600001624162FDF7E8FD18B1FFE7FCF748FC6F
:105C7000FFE7FFE71B9840F2FC71C2F2000181636D
:105C80001B988863FFE752200A9005210022FEF747
:105C9000C3F90A98FEF7B6F97FE11B98006847F64A
:105CA0000041C4F2000188423DD1FFE7FFE7002038
:105CB000139043F64000C4F20200016841F0004135
:105CC0000160006800F0004013901398FFE7FFE7C1
:105CD0000020129043F63000C4F20200016841F047
:105CE00010010160006800F0100012901298FFE7A8
:105CF0000320169002211791002108911891199004
:105D000008201A9041F20000C4F2020016A9FDF723
:105D1000ADFE089A532009900521FEF77DF90998F8
:105D2000FEF770F938E11B98006841F20001C4F2F7
:105D30000101884240F09280FFE7FFE700201190C8
:105D400043F64400C4F20200016841F01001016012
:105D5000006800F0100011901198FFE7FFE70020A5
:105D6000109043F63000C4F20200016841F00201D5
:105D70000160006800F0020010901098FFE7C0205A
:105D8000169002201790002006901890032019907A
:105D900007201A9040F20040C4F2020016A9FDF755
:105DA00065FE069940F65C00C2F20000079046F2DC
:105DB0004042C4F2020202604FF000624260816021
:105DC000C1604FF48062026141618161C161016221
:105DD0004162FDF731FD18B1FFE7FCF791FBFFE7EA
:105DE000FFE71B9840F65C01C2F20001C1631B98FB
:105DF0008863FFE740F6BC00C2F20000059046F25F
:105E0000B841C4F2020101604FF0006141604021DD
:105E100081600021C1604FF4806202614161816153
:105E2000C16101624162FDF707FD18B1FFE7FCF7B0
:105E300067FBFFE7FFE71B9840F6BC01C2F20001D9
:105E400081631B988863FFE72520049005210022C9
:105E5000FEF7E2F80498FEF7D5F89CE01B9800687E
:105E600041F20041C4F20101884240F09380FFE713
:105E7000FFE700200F9043F64400C4F202000168DF
:105E800041F020010160006800F020000F900F98A1
:105E9000FFE7FFE700200E9043F63000C4F2020057
:105EA000016841F040010160006800F040000E9080
:105EB0000E98FFE74FF484401690022017900020C0
:105EC000029018900320199008201A9041F60000C3
:105ED000C4F2020016A9FDF7C9FD029940F61C1094
:105EE000C2F20000039046F22842C4F202020260AD
:105EF0004FF0206242608160C1604FF480620261B5
:105F000041618161C16101624162FDF795FC18B197
:105F1000FFE7FCF7F5FAFFE7FFE71B9840F61C11D7
:105F2000C2F20001C1631B988863FFE740F67C1052
:105F3000C2F20000019046F2A041C4F202010160E9
:105F40004FF020614160402181600021C1604FF429
:105F50008062026141618161C16101624162FDF75C
:105F60006BFC18B1FFE7FCF7CBFAFFE7FFE71B98E4
:105F700040F67C11C2F2000181631B988863FFE741
:105F80004720009005210022FEF746F80098FEF712
:105F900039F8FFE7FFE7FFE7FFE71CB080BD00002F
:105FA00080B58AB008900791ADF81A2005930020BB
:105FB0000290089890F84200202840F08880FFE77F
:105FC000079820B1FFE7BDF81A0020B9FFE70120CC
:105FD0008DF827007FE0089900204864089A222164
:105FE00082F8421008990863FDF738FF0290BDF867
:105FF0001A0008998885BDF81A000899C88508987C
:106000008068B0F5805F09D1FFE70898006928B97A
:10601000FFE7002004900798039004E0079804909D
:1060200000200390FFE7FFE70898C08D002846D0C6
:10603000FFE70898029B05996A461160202100221B
:1060400001F07CFC40B1FFE70899202081F8420074
:1060500003208DF827003EE0049858B9FFE7089820
:10606000006840686FF35F2003990880039802304E
:1060700003901FE008988068B0F5805F08D0FFE7C4
:106080000898806850B9FFE70898006930B9FFE7C1
:106090000898006840680499087007E0089800684C
:1060A000406800F07F0004990870FFE70498013011
:1060B0000490FFE70899C88D0138C885B4E70899AE
:1060C000202081F8420000208DF8270003E0022004
:1060D0008DF82700FFE79DF827000AB080BD00007B
:1060E00080B584B002900191ADF80220029890F83A
:1060F0004200202817D1FFE7019820B1FFE7BDF843
:10610000020020B9FFE701208DF80F000FE002998F
:106110000020086302980199BDF8022001F0FAFA04
:106120008DF80F0003E002208DF80F00FFE79DF8C7
:106130000F0004B080BD000080B584B002900191D2
:10614000ADF80220029890F84200202817D1FFE70E
:10615000019820B1FFE7BDF8020020B9FFE7012058
:106160008DF80F000FE00299002008630298019952
:10617000BDF8022001F066FB8DF80F0003E002205D
:106180008DF80F00FFE79DF80F0004B080BD000000
:1061900081B0009001B0704781B0009001B07047AD
:1061A00080B58AB008900791ADF81A2005930020B9
:1061B0000290089890F84100202840F08180FFE785
:1061C000079820B1FFE7BDF81A0020B9FFE70120CA
:1061D0008DF8270078E0089900204864089921206C
:1061E00081F84100FDF73AFE0290BDF81A000899C7
:1061F0008884BDF81A000899C88408988068B0F5AA
:10620000805F09D1FFE70898006928B9FFE70020FF
:1062100004900798039004E00798049000200390EE
:10622000FFE7FFE70898C08C78B3FFE70898029B68
:1062300005996A4611608021002201F07FFB40B180
:10624000FFE70899202081F8410003208DF82700FE
:106250003AE0049858B9FFE7039800886FF35F208D
:1062600008990968486003980230039008E0049890
:106270000078089909684860049801300490FFE7A5
:106280000899C88C0138C884CCE70898029B059906
:106290006A4611604021002201F050FB40B1FFE747
:1062A0000899202081F8410003208DF827000BE099
:1062B0000899202081F8410000208DF8270003E094
:1062C00002208DF82700FFE79DF827000AB080BD67
:1062D00080B586B004900391ADF80A20049890F838
:1062E000410020286AD1FFE7039820B1FFE7BDF8FD
:1062F0000A0020B9FFE701208DF8170062E003983B
:1063000004990862BDF80A0004998884BDF80A005F
:106310000499C884049900204864049A212182F8D1
:10632000411004998A6B47F2E921C0F60001D1635C
:1063300004998A6B47F26531C0F600011164049933
:106340008A6B47F24511C0F60001D1640499896B4C
:10635000086503A8019004980268806B0199096898
:106360000432BDF80A30FDF71FFB58B1FFE704996E
:10637000102048640499202081F8410001208DF804
:1063800017001FE0049801686FF040000860FFE705
:10639000FFE70498006850E8050F40F08000009087
:1063A000FFE700990498026842E805100028F0D140
:1063B000FFE7FFE700208DF8170003E002208DF8CB
:1063C0001700FFE79DF8170006B080BD84B002906B
:1063D0000191ADF80220029890F84100202826D1C2
:1063E000FFE7019820B1FFE7BDF8020020B9FFE701
:1063F00001208DF80F001EE0019802990862BDF897
:10640000020002998884BDF802000299C8840299AA
:1064100000204864029A212182F8411002990A68FA
:10642000D16841F08001D1608DF80F0003E00220B7
:106430008DF80F00FFE79DF80F0004B070470000D3
:1064400081B0009001B0704781B0009001B07047FA
:10645000FFE7FEE780B582B040F24C70C2F2000068
:10646000019046F20041C4F200010160092141603F
:1064700000218160C1604FF4803202614FF48012CC
:1064800042610176417681760122C27601774177B9
:10649000FCF74AFD18B1FFE7FCF732F8FFE702B05E
:1064A00080BD000080B582B040F27470C2F200007E
:1064B000009046F60001C4F200010160092141602C
:1064C000002101918160C1604FF4803202614FF47C
:1064D00080124261017641768176C17601774177FB
:1064E000FCF722FD18B1FFE7FCF70AF8FFE702B05E
:1064F00080BD000080B58AB0FFE70020099043F618
:106500003000C4F20200016841F4800101600068BB
:1065100000F4800009900998FFE7FFE70020089049
:1065200043F63000C4F20200016841F4001101603A
:10653000006800F4001008900898FFE70C20009015
:106540000521059100220692FDF766FD0098FDF7F2
:1065500059FD0599069A0E200190FDF75DFD019801
:10656000FDF750FD0599069A39200290FDF754FD7C
:106570000298FDF747FD0599069A3A200390FDF72A
:106580004BFD0398FDF73EFD0599069A45200490C2
:10659000FDF742FD0498FDF735FD0599069A462062
:1065A0000790FDF739FD0798FDF72CFD0AB080BD77
:1065B00080B582B046F68520C0F6000042F2C002E7
:1065C000C0F601020021019106F0E6FF019940F2B8
:1065D0001472C2F20002106046F6DD00C0F6000040
:1065E00042F2E402C0F6010206F0D6FF019940F63D
:1065F000E032C2F20002106042F2C920C0F6000090
:1066000042F27802C0F6010206F0C6FF019940F29C
:106610000C72C2F20002106046F63D20C0F6000087
:1066200042F22C12C0F6010206F0B6FF019941F6C3
:106630003852C2F20002106046F6E510C0F60000C3
:1066400042F20812C0F6010206F0A6FF019941F6D7
:106650003452C2F20002106042F2F120C0F6000093
:1066600042F29C02C0F6010206F096FF40F2107161
:10667000C2F20001086002B080BD000086B0FFE7F2
:106680000020059043F63000C4F20200016841F09A
:1066900010010160006800F0100005900598FFE708
:1066A000FFE70020049043F63000C4F202000168C6
:1066B00041F040010160006800F04000049004983F
:1066C000FFE7FFE70020039043F63000C4F202002A
:1066D000016841F001010160006800F001000390D1
:1066E0000398FFE7FFE70020029043F63000C4F272
:1066F0000200016841F002010160006800F0020040
:1067000002900298FFE7FFE70020019043F6300077
:10671000C4F20200016841F008010160006800F065
:10672000080001900198FFE7FFE70020009043F682
:106730003000C4F20200016841F08001016000688D
:1067400000F0800000900098FFE706B0704700005E
:1067500080B588B0002100910791069105910491C0
:1067600003910291019140F6DC10C2F2000041F663
:106770000002C4F200020260B3224260816040F273
:106780008F12C26001618161FEF7E6FC18B1FFE77C
:10679000FBF7B6FEFFE76020019000220292039211
:1067A000059240F6DC10C2F2000001A9FEF732FCAF
:1067B00018B1FFE7FBF7A4FEFFE740F6DC10C2F2DA
:1067C0000000FEF7EDFB08B080BD000080B582B090
:1067D00040F6FC20C2F20000019047F60001C4F22E
:1067E000000101604FF4E131416000218160C1602E
:1067F00001610C2242618161C161FFF759F918B151
:10680000FFE7FBF77DFEFFE702B080BD80B582B0F9
:1068100040F64430C2F20000019047F60041C4F255
:10682000000101604FF4E121416000218160C160FD
:1068300001610C2242618161C161FFF739F918B130
:10684000FFE7FBF75DFEFFE702B080BD80B582B0D9
:1068500040F66C20C2F20000019041F20001C4F247
:106860000101016048F2A061C0F2010141604FF4F2
:10687000805181600021C1604FF4806202610C226E
:1068800042618161C161FFF713F918B1FFE7FBF7BE
:1068900037FEFFE702B080BD80B582B040F6B4207D
:1068A000C2F20000019041F20041C4F20101016016
:1068B0004FF4E131416000218160C16001610C222F
:1068C00042618161C161FFF7F3F818B1FFE7FBF79F
:1068D00017FEFFE702B080BDFFE7FEE780B582B09C
:1068E000019040F2FC40C2F2000004F023FAFFE7FE
:1068F00040F2FC40C2F2000004F0EEFA012006F083
:10690000E3FDF5E7FFE7FEE788B007900691059203
:10691000079800F0070004900498C0F107000528CC
:1069200003D3FFE70420019004E00498C0F10700BE
:106930000190FFE70198039004980430062803D8DB
:10694000FFE70020009003E0049803380090FFE781
:106950000098029006980399012202FA01F1013988
:106960000840029B984005999A40013A114008431B
:1069700008B07047000000000000000000000000A8
:10698000EFF30980BFF36F8F154B1A681EF0100FDD
:1069900008BF20ED108A20E9F04F10602DE90900B2
:1069A0004FF0500080F31188BFF34F8FBFF36F8F0C
:1069B00008F090FA4FF0000080F31188BDE809005C
:1069C00019680868B0E8F04F1EF0100F08BFB0EC6F
:1069D000108A80F30988BFF36F8F704700BF00BF34
:1069E000B80E002080B584B0039001F03FF8FFE7B7
:1069F00000208DF80B004FF48070ADF80800FFE721
:106A0000BDF80810481EADF80800002001290190CB
:106A100006DBFFE70DF10B0001F0A2F90190FFE7A3
:106A20000198C00728B1FFE70DF10B0001F0C0FA93
:106A3000E6E7012006F048FDDAE7000080B582B005
:106A4000019001F039F8FFE7022006F03DFDFBE779
:106A5000074B19680868B0E8F04F80F30988BFF366
:106A60006F8F4FF0000080F31188704700BF00BFA8
:106A7000B80E002080B56FF00400002106F0C8FBBE
:106A800080BD000080B582B00190FFE7012006F0D4
:106A90001BFDFBE780B54EF21000CEF2000000684F
:106AA00008F0F4FF012803D0FFE708F023FBFFE71D
:106AB00080BD000080B594B008A83021F9F779FDB9
:106AC000002007900690059004900390FFE70020B7
:106AD000029043F64000C4F20200016841F0805188
:106AE0000160006800F0805002900298FFE7FFE725
:106AF0000020019047F20000C4F20000016841F458
:106B000040410160006800F4404001900198FFE7B7
:106B1000012008904FF48030099002200E904FF42D
:106B200080010F9106211091B4211191129004203F
:106B3000139008A8FDF7ECFC18B1FFE7FBF7E0FCA9
:106B4000FFE7FDF78BFA18B1FFE7FBF7D9FCFFE78A
:106B50000F20039002200490002005904FF4A050D5
:106B600006904FF48050079003A80521FDF7D6FA50
:106B700018B1FFE7FBF7C4FCFFE714B080BD0000CD
:106B80004EF68851CEF20001086840F470000860AB
:106B90007047000080B540F62420C2F20000FEF7E6
:106BA000F1F880BD80B540F6DC10C2F20000FEF7BF
:106BB000E9F880BD83B002900191029800680090CE
:106BC00002980021C4F20101884225D0FFE7029813
:106BD000B0F1804F20D0FFE7029840F20041C4F2AC
:106BE0000001884218D0FFE7029840F60001C4F285
:106BF0000001884210D0FFE7029840F60041C4F23D
:106C00000001884208D0FFE7029840F20041C4F238
:106C1000010188420AD1FFE7009820F0700000903F
:106C200001984168009808430090FFE7029800210E
:106C3000C4F20101884255D0FFE70298B0F1804FBD
:106C400050D0FFE7029840F20041C4F200018842B0
:106C500048D0FFE7029840F60001C4F200018842E4
:106C600040D0FFE7029840F60041C4F2000188429C
:106C700038D0FFE7029840F20041C4F20101884297
:106C800030D0FFE7029844F20001C4F201018842CB
:106C900028D0FFE7029844F20041C4F20101884283
:106CA00020D0FFE7029844F60001C4F201018842B7
:106CB00018D0FFE7029841F60001C4F200018842B3
:106CC00010D0FFE7029841F60041C4F2000188426B
:106CD00008D0FFE7029842F20001C4F200018842A6
:106CE0000AD1FFE7009820F4407000900198C16835
:106CF000009808430090FFE7009820F08000019979
:106D0000496908430090019880680299C862019817
:106D100000680299886202980021C4F20101884249
:106D200008D0FFE7029840F20041C4F20101884216
:106D300005D1FFE70198006902990863FFE702990E
:106D4000086840F00400086002990120486100983A
:106D50000299086003B0704784B0039002910192D9
:106D6000029800F01F01012088400090009A0399CA
:106D7000086A904308620198029901F01F0100FA25
:106D800001F20399086A1043086204B070470000DA
:106D900085B0049003910498006A01900499086AF0
:106DA00020F001000862049840680090049880690F
:106DB0000290029820F070000290029820F00300E8
:106DC000029003980168029808430290019820F00D
:106DD000020001900398816801980843019004988B
:106DE0000021C4F20101884208D0FFE7049840F274
:106DF0000041C4F2010188420ED1FFE7019820F062
:106E0000080001900398C168019808430190019817
:106E100020F004000190FFE704980021C4F2010172
:106E2000884208D0FFE7049840F20041C4F2010113
:106E3000884213D1FFE7009820F4807000900098FA
:106E400020F4007000900398416900980843009076
:106E500003988169009808430090FFE7009804991F
:106E600048600298049988610398406804994863CF
:106E700001980499086205B07047000085B004903D
:106E800003910498006A01900499086A20F01000A8
:106E90000862049840680090049880690290029803
:106EA00020F4E0400290029820F440700290039891
:106EB0000168029840EA01200290019820F0200029
:106EC000019003988168019840EA011001900498AC
:106ED0000021C4F20101884208D0FFE7049840F283
:106EE0000041C4F2010188420FD1FFE7019820F070
:106EF000800001900398C168019840EA0110019058
:106F0000019820F040000190FFE704980021C4F2AE
:106F10000101884208D0FFE7049840F20041C4F222
:106F20000101884215D1FFE7009820F480600090AD
:106F3000009820F40060009003984169009840EAAE
:106F40008100009003988169009840EA81000090D8
:106F5000FFE70098049948600298049988610398B3
:106F600040680499886301980499086205B07047E5
:106F700085B0049003910498006A01900499086A0E
:106F800020F4807008620498406800900498C069FA
:106F90000290029820F070000290029820F0030006
:106FA000029003980168029808430290019820F427
:106FB0000070019003988168019840EA01200190D7
:106FC00004980021C4F20101884208D0FFE7049828
:106FD00040F20041C4F2010188420FD1FFE701985D
:106FE00020F4006001900398C168019840EA0120F4
:106FF0000190019820F480600190FFE7049800213F
:10700000C4F20101884208D0FFE7049840F2004131
:10701000C4F20101884215D1FFE7009820F48050A6
:107020000090009820F40050009003984169009867
:1070300040EA0110009003988169009840EA01102D
:107040000090FFE700980499486002980499C8618D
:10705000039840680499C86301980499086205B0D0
:107060007047000085B0049003910498006A019075
:107070000499086A20F480500862049840680090DF
:107080000498C0690290029820F4E04002900298AF
:1070900020F44070029003980168029840EA0120B1
:1070A0000290019820F400500190039881680198A3
:1070B00040EA0130019004980021C4F201018842A5
:1070C00008D0FFE7049840F20041C4F20101884271
:1070D0000BD1FFE7009820F48040009003984169AD
:1070E000009840EA81100090FFE7009804994860FA
:1070F00002980499C861039840680499086401984B
:107100000499086205B0704780B540F6FC20C2F2D1
:107110000000FEF79FFA80BD80B540F64430C2F211
:107120000000FEF797FA80BD80B582B0019001980B
:10713000806B009000990020C8850098FEF786FAC1
:1071400002B080BD80B584B0039000200290039807
:10715000806B0190019800684069C0B2C00902903C
:10716000019890F8410021280AD1FFE7029838B130
:10717000FFE701990020C884019800F05DF9FFE75E
:10718000019800684069C0F380100290019890F85F
:10719000420022280AD1FFE7029838B1FFE701999F
:1071A0000020C885019800F0E9F8FFE70199486CD4
:1071B00040F0100048640198FEF748FA04B080BD22
:1071C00080B586B005900598806B0490059800689E
:1071D0000068C00500285AD4FFE704990020C8853C
:1071E000FFE7FFE70498006850E8030F20F4807081
:1071F0000390FFE703990498026842E8031000280F
:10720000F0D1FFE7FFE7FFE7FFE70498006850E8E9
:10721000050F20F001000290FFE702990498026830
:1072200042E805100028F0D1FFE7FFE7FFE7FFE79E
:107230000498006850E8050F20F040000190FFE737
:1072400001990498026842E805100028F0D1FFE790
:10725000FFE70499202081F842000498006B012880
:1072600014D1FFE7FFE7FFE70498006850E8030F39
:1072700020F010000090FFE700990498026842E8AF
:1072800003100028F0D1FFE7FFE7FFE7FFE70499CD
:10729000002048630498006B012805D1FFE704989B
:1072A000818DFEF72DF903E00498FEF771FFFFE7EB
:1072B00006B080BD80B582B001900198806B0090CF
:1072C0000099012048630098006B012806D1FFE770
:1072D0000098818D4908FEF713F903E00098FEF746
:1072E0005BFFFFE702B080BD80B584B003900398D8
:1072F000806B0290039800680068C00500282AD4BB
:10730000FFE702990020C884FFE7FFE702980068C2
:1073100050E8050F20F080000190FFE701990298E6
:10732000026842E805100028F0D1FFE7FFE7FFE719
:10733000FFE70298006850E8030F40F0400000901B
:10734000FFE700990298026842E803100028F0D194
:10735000FFE7FFE703E00298FFF772F8FFE704B0EA
:1073600080BD000080B582B001900198806B0090D4
:107370000098FFF769F802B080BD000084B0039068
:10738000FFE7FFE70398006850E8030F20F49070D0
:107390000290FFE702990398026842E80310002870
:1073A000F0D1FFE7FFE7FFE7FFE70398006850E849
:1073B000050F20F001000190FFE701990398026892
:1073C00042E805100028F0D1FFE7FFE70398006BC3
:1073D000012814D1FFE7FFE7FFE70398006850E8B2
:1073E000030F20F010000090FFE700990398026857
:1073F00042E803100028F0D1FFE7FFE7FFE7039919
:10740000202081F8420003990020086304B07047EF
:1074100080B582B0019001980168C86820F04000F2
:10742000C8600199202081F841000198FFF708F811
:10743000002002B080BD000082B00190FFE7FFE7AE
:107440000198006850E8030F20F0C0000090FFE7AB
:1074500000990198026842E803100028F0D1FFE784
:10746000FFE70199202081F8410002B07047000039
:1074700080B586B00490002003900290049890F8A4
:107480004200222840F0A080FFE704988068B0F511
:10749000805F13D1FFE70498006978B9FFE704988B
:1074A000806A02900498006840686FF35F20029938
:1074B00008800499886A0230886223E00498806A10
:1074C000039004988068B0F5805F08D0FFE70498C7
:1074D000806850B9FFE70498006930B9FFE7049865
:1074E000006840680399087007E0049800684068E5
:1074F00000F07F0003990870FFE70499886A013063
:107500008862FFE70499C88D0138C8850004002807
:1075100056D1FFE704980168C86820F02000C860D1
:1075200004980168C86820F48070C86004980168F5
:10753000486920F0010048610499202081F8420048
:107540000499002048630498006B012830D1FFE7BC
:10755000049900200863FFE7FFE70498006850E8FB
:10756000030F20F010000190FFE7019904980268D2
:1075700042E803100028F0D1FFE7FFE70498006815
:107580000068C00600280ED5FFE7FFE70020009046
:1075900004980068006800900498006840680090B3
:1075A0000098FFE7FFE70498818DFDF7A9FF03E04E
:1075B0000498FEF7EDFDFFE700208DF8170007E0C7
:1075C00000208DF8170003E002208DF81700FFE778
:1075D0009DF8170006B080BD80B586B0059005986F
:1075E0000068006920F44050059A1168D268104381
:1075F0000861059988680B694A69C969184310438D
:107600000843049005980068C06849F20C618843FB
:107610000499084305990968C8600598006840699D
:1076200020F44070059A11689269104348610598EA
:10763000006841F20001C4F20101884209D0FFE76D
:107640000598006841F20041C4F20101884204D16A
:10765000FFE7FCF7D7FE039003E0FCF7C1FE0390C1
:10766000FFE70598C069B0F5004F29D1FFE70398FF
:107670001921A0FB0101059A1368029353685A006F
:10768000DB0FF8F77BFE0299864648F21F53C5F2DE
:10769000EB13AEFB0320420910014FF0640C02FB18
:1076A0001CEC322202EBCC02A2FB0332F82303EAE9
:1076B000521300EB4300C2F342121044886026E0EC
:1076C00003981921A0FB0101059A136801935368DF
:1076D0009A009B0FF8F752FE0199844648F21F5218
:1076E000C5F2EB12ACFB02304309642003FB10CC63
:1076F000322000EB0C10A0FB0202F02000EA521036
:1077000000EB0310C2F3431210448860FFE706B099
:1077100080BD000080B58AB008900791ADF81A20AE
:10772000079808998862BDF81A0008998885089911
:1077300000204864089A222182F842100899CA6BF6
:1077400047F2C111C0F60001D1630899CA6B47F234
:10775000B521C0F6000111640899CA6B47F24511C2
:10776000C0F60001D1640899C96B086507A80590A7
:1077700008980168C06B0431059A1268BDF81A3088
:10778000FCF712F958B1FFE70899102048640899EE
:10779000202081F8420001208DF827004EE0FFE70D
:1077A0000020049008980068006804900898006819
:1077B000406804900498FFE708980069A0B1FFE7CB
:1077C000FFE7FFE70898006850E8030F40F4807077
:1077D0000390FFE703990898026842E80310002825
:1077E000F0D1FFE7FFE7FFE7FFE7FFE70898006852
:1077F00050E8050F40F001000290FFE70299089859
:10780000026842E805100028F0D1FFE7FFE7FFE734
:10781000FFE70898006850E8050F40F0400001902D
:10782000FFE701990898026842E805100028F0D1A6
:10783000FFE7FFE700208DF82700FFE79DF827000E
:107840000AB080BD83B002900191ADF8022001988A
:1078500002998862BDF8020002998885BDF802008D
:107860000299C8850299002048640299222081F873
:1078700042000298006938B1FFE702980168C868C1
:1078800040F48070C860FFE702980168486940F0E2
:107890000100486102980168C86840F02000C86093
:1078A000002003B07047000083B00190019890F869
:1078B000410021283AD1FFE701988068B0F5805F48
:1078C00013D1FFE70198006978B9FFE70198006AD2
:1078D0000090009800886FF35F2001990968486064
:1078E0000199086A0230086208E0019A106A411C96
:1078F00011620078019909684860FFE70199C88C16
:107900000138C884000468B9FFE701980168C868B5
:1079100020F08000C86001980168C86840F040000D
:10792000C860FFE700208DF80B0003E002208DF80F
:107930000B00FFE79DF80B0003B0704780B586B0E1
:10794000DDF820C0049003918DF80B200193FFE730
:1079500004980068006803990840401AB0FA80F063
:1079600040099DF80B1088424DD1FFE7089801307F
:10797000002847D0FFE7FCF771FA0199401A0899EF
:10798000884203D8FFE7089820B9FFE703208DF865
:1079900017003CE004980068C0684007002830D514
:1079A000FFE7039880282CD0FFE70398402828D0D1
:1079B000FFE704980068006800F008010120B0EBC0
:1079C000D10F1DD1FFE7FFE7002000900498006869
:1079D0000068009004980068406800900098FFE7F5
:1079E0000498FFF7CBFC049908204864FFE704994A
:1079F000002081F84000FFE701208DF8170006E025
:107A0000FFE7FFE7A4E700208DF81700FFE79DF8E8
:107A1000170006B080BD000080B540F66C20C2F2B1
:107A20000000FDF717FE80BD80B540F6B420C2F21D
:107A30000000FDF70FFE80BDFFE7FEE780B505F013
:107A400045FC05F06FFC05F075FC05F091FC05F0B8
:107A5000EDFC80BD80B505F041FC80BD80B505F032
:107A60002BFC80BD80B505F053FC80BD80B58AB08D
:107A700003F01AF801688A6802219047099041F6DC
:107A80000431C0F601010868496808910790099817
:107A900001688A6A07A990470998009003A8019095
:107AA00005F0C2F9009801990268D26A90470198DE
:107AB00005F0DEF90AB080BD80B58AB040F2E4403E
:107AC000C2F200000078BFF35F8FC007D0B9FFE7B4
:107AD00040F2E440C2F2000006F083FE90B1FFE7FE
:107AE00002F0E2FF01688A680021904740F21C51D1
:107AF000C2F20001086040F2E440C2F2000006F069
:107B000086FEFFE741F60C31C0F6010108684968BE
:107B10000991089040F21C50C2F2000000900068E9
:107B200001688A6A08A9904700980068019004A833
:107B3000029005F085F9019802990268D26A90478F
:107B4000029805F095F90AB080BD00000000000021
:107B500080B58CB040F2B010C2F20000049003F087
:107B6000B1FA04988DED060A03F0A4FA04988DED9D
:107B7000050A03F007FBDDED050AB0EE401A9DEDA6
:107B8000060A40F68C30C2F200000790DFED701A52
:107B90009FED702A01F0D4F907989FED6F0A01F06C
:107BA00063FA00200B90FFE70B98032835DCFFE712
:107BB0000B9946F23400C2F20000039000EB8110F2
:107BC000019040F68C30C2F2000003F021FA8DEDF6
:107BD000020A0B980130C1B240F23820C2F2000014
:107BE00002F042FA0198F0EE400A9DED020A00F020
:107BF000A5FF03980B9900EB811001F07BF80B991E
:107C000040F2FC60C2F2000000EB810080ED000A4F
:107C1000FFE70B9801300B90C6E700200A90FFE7C2
:107C20000A9803284BDCFFE70A9946F23400C2F2B7
:107C3000000000EB811001F05DF8B3EE041A20EEB5
:107C4000010A9FED461A80EE010A0A9940F21420BB
:107C5000C2F2000000EB810080ED000A0A980130BA
:107C6000C1B240F23820C2F2000002F013FA10EE66
:107C7000100A09F0F5FD41EC100B51EC100B9FEDD3
:107C8000320B53EC102B09F0FFFB41EC100B51ECC5
:107C9000100B09F0D9F80A9A40F2D441C2F200015F
:107CA00041F822000A9A40F22421C2F20001002089
:107CB00041F82200FFE70A9801300A90B0E740F24D
:107CC0000C00C2F2000000680990DDED090A40F6E0
:107CD000BC40C2F2000040F21421C2F2000140F2A6
:107CE000D442C2F2000240F21803C2F200039FED38
:107CF000180A00F045FC00200890FFE708980328C8
:107D00001EDCFFE79DF8201040F6BC40C2F20000E8
:107D100000F03EFE9FED111A20EE010AB3EE041AA8
:107D200080EE010A089940F2FC60C2F2000000EB0C
:107D3000810080ED000AFFE7089801300890DDE738
:107D40000CB080BD00BF00BF0000000000002C4050
:107D500000000000F6284742000001C300008046F2
:107D600082B0009041F63250C2F20000008841F229
:107D70003051C2F200010988884204D1FFE7002097
:107D80008DF8070014E041F63251C2F200010A8872
:107D900041F23250C2F20000805C009A10700888F4
:107DA00001306FF3DF20088001208DF80700FFE726
:107DB0009DF8070002B0704781B08DF8030041F2D2
:107DC0003050C2F20000008801306FF3DF20ADF8C0
:107DD0000000BDF8000041F63251C2F200010988EE
:107DE00088420AD1FFE741F63251C2F20001088809
:107DF00001306FF3DF200880FFE79DF8030041F2B8
:107E00003051C2F200010B8841F23252C2F200023C
:107E1000D054BDF80000088001B0704780B584B030
:107E200040F29C10C2F2000040F2FC11C2F20001CC
:107E30001222F8F73FFB02F037FE01688A68012141
:107E40009047039041F61431C0F601010868496873
:107E500002910190039801680A6A01A9904704B051
:107E600080BD000081B08DED000A9DED000AB0EEEE
:107E7000C00A01B07047000080B584B002F014FE63
:107E800001688A6801219047039041F61C31C0F6D1
:107E90000101086849680291019004B080BD0000AA
:107EA00080B590B08DED0F0ACDED0E0A8DED0D1A57
:107EB000CDED0C1A8DED0B2ACDED0A2A8DED093A88
:107EC000CDED083A8DED074ACDED064A8DED055A08
:107ED00004208DF813000F9841F63C51C2F20001C6
:107EE00008600E9848600D9888600C98C8600B98E0
:107EF00008610A984861099888610898C8610798DC
:107F0000086206984862059888624FF0FF40C86290
:107F100002F0CAFD01688A6801219047039041F68A
:107F20002431C0F601010868496802910190039864
:107F300001680A6A01A9904710B080BD10B50446D7
:107F4000012898BF012400BF2046F8F773FB0028E2
:107F500018BF10BD05F07AF808B18047F4E700209B
:107F600010BD0000F0B581B00C460546012898BF51
:107F70000125042998BF04240027684621462A4683
:107F80000097F8F7ADFB009878B96E4605F05EF8FB
:107F900050B18047304621462A460097F8F7A0FBAB
:107FA00000980028F2D000E0002001B0F0BD0000F1
:107FB00080B582B0019040F21870C2F2000001F06A
:107FC000F5F80198007800F003F802B080BD0000D9
:107FD00080B582B08DF8070040F22050C2F2000058
:107FE000007801460091092800F23B810099DFE802
:107FF00011F00A0023003F005E0073009500AA0004
:10800000CD00FD0012019DF80700A52813D1FFE760
:108010009DF8070040F22651C2F20001087040F2BC
:108020002451C2F200010120088040F22051C2F226
:1080300000010870FFE71BE19DF8070040F22453A0
:10804000C2F200031A88511C198040F22651C2F274
:10805000000188549DF8070040F22251C2F200014D
:10806000088040F22051C2F2000102200870FFE0B7
:108070009DF8070040F22453C2F200031A88511CF5
:10808000198040F22651C2F2000188549DF8072061
:1080900040F22251C2F20001088840EA0220088022
:1080A00040F22051C2F2000103200870E0E09DF888
:1080B000070040F22453C2F200031A88511C1980B1
:1080C00040F22651C2F20001885440F22051C2F21F
:1080D000000104200870CBE09DF8071040F2245303
:1080E000C2F200031A88501C188040F22650C2F2D7
:1080F00000008154052100F0D3F938B1FFE740F2C8
:108100002051C2F200010520087006E040F2205123
:10811000C2F2000100200870FFE7A9E09DF8070007
:1081200040F22453C2F200031A88511C198040F215
:108130002651C2F20001885440F22051C2F20001DF
:108140000620087094E09DF8070040F22453C2F224
:1081500000031A88511C198040F22651C2F2000116
:10816000885440F22051C2F200010720087040F20A
:108170002250C2F20000008838B9FFE740F22051D7
:10818000C2F2000108200870FFE771E040F22450BD
:10819000C2F200000088FD2820D8FFE79DF80710F4
:1081A00040F22450C2F2000003885A1C028040F2C0
:1081B0002652C2F20002D154008840F22251C2F28B
:1081C000000109880731884207DBFFE740F22051B0
:1081D000C2F2000108200870FFE706E040F22051DB
:1081E000C2F2000100200870FFE741E09DF807009F
:1081F00040F22453C2F200031A88511C198040F245
:108200002651C2F20001885440F22051C2F200010E
:10821000092008702CE09DF8072040F22451C2F29A
:1082200000010B88581C088040F22650C2F2000062
:10823000C254098800F05EF960B1FFE740F22450B3
:10824000C2F20000018840F22650C2F2000000F0A5
:1082500011F8FFE740F22051C2F20001002008703F
:1082600006E040F22051C2F2000100200870FFE752
:1082700002B080BD80B584B003900291039801786C
:1082800040F25C40C2F200000170039A517892788B
:1082900041EA0221A0F801100399C978C17003993D
:1082A00009790171039A5179927941EA0221A0F882
:1082B0000510B0F80100332801DBFFE798E000204B
:1082C000ADF80600FFE7BDF8060040F25C41C2F2DF
:1082D0000001B1F80110884212DAFFE70398BDF8F7
:1082E00006201044C07940F25C41C2F20001114402
:1082F000C871FFE7BDF806000130ADF80600E2E7FF
:10830000039A40F25C41C2F20001B1F8010010444E
:10831000C079A1F876000398052100F0C1F860B19A
:10832000FFE7039840F25C41C2F20001B1F801108E
:10833000093100F0DFF808B9FFE759E040F25C408E
:10834000C2F20000B0F805000146009140F20121A0
:1083500088420CD0FFE7009840F2022188421AD0F0
:10836000FFE7009840F2033188422AD03FE040F214
:108370005C43C2F20003D87C40F22C71C2F20001CF
:108380000873D3F80700D3F80B20D3F80F308B60B5
:108390004A6008602CE040F25C41C2F20001D1F872
:1083A0000700D1F80B20D1F80F30D1F813C040F2FC
:1083B0003C71C2F20001C1F80CC08B604A600860D9
:1083C00016E040F25C41C2F20001D1F80700D1F89A
:1083D0000B20D1F80F30D1F812C040F6D031C2F2E4
:1083E0000001C1F80BC08B604A60086000E0FFE745
:1083F00004B080BD83B0029001918DF80320FFE7A7
:108400000198411E019198B1FFE79DF80300029980
:108410004A1C0292097848408DF802009DF802102B
:1084200041F65450C0F60100405C8DF80300E7E7C8
:108430009DF8030003B0704784B002900191ADF83D
:108440000220029828B9FFE74FF6FF70ADF80E0042
:1084500021E0FFE70198411E0191B8B1FFE70298C2
:10846000411C029100788DF80100BDF802109DF8C2
:1084700001004840C2B241F65430C0F6010030F865
:10848000120080EA1120ADF80200E3E7BDF8020017
:10849000ADF80E00FFE7BDF80E0004B07047000015
:1084A00080B584B00290019100208DF803000298FD
:1084B00020B1FFE70198022803D8FFE700200390CE
:1084C00014E0029801990139FF22FFF793FF8DF81C
:1084D00003009DF80300029A0199114411F8011C50
:1084E000401AB0FA80F040090390FFE7039804B007
:1084F00080BD000080B586B0049003910020ADF8E7
:108500000A00049820B1FFE70398022803D8FFE788
:108510000020059029E004980399023940F21402E2
:10852000C2F200021288FFF787FFADF80A009DF83B
:108530000A10049A0398104410F8022C002091426B
:1085400001900DD1FFE79DF80B00049A03991144A7
:1085500011F8011C401AB0FA80F040090190FFE7C1
:10856000019800F001000590FFE7059806B080BD76
:1085700081B00090009890ED260A01B0704700008D
:1085800080B596B015901491139212938DED110A47
:10859000CDED100A159909910020C1F89000C1F89D
:1085A0009400C1F898008DF83F00FFE79DF83F0068
:1085B00003284EDCFFE709989DF83F10149A02EB60
:1085C000810292ED000A139A02EB8102D2ED000AB9
:1085D000129A00F03FFA09989DF83F1000F02AFA2D
:1085E000B5EE400AF1EE10FA0FDAFFE709989DF8B0
:1085F0003F1000F01FFA0998B0EE401A90ED240ADF
:1086000030EE010A80ED240A0EE009989DF83F1033
:1086100000F010FA0998B0EE401A90ED250A30EEFD
:10862000010A80ED250AFFE709989DF83F1000F048
:1086300001FA0998B0EE401A90ED260A30EE010AD0
:1086400080ED260AFFE79DF83F0001308DF83F00DE
:10865000ACE7099890ED260A9DED111A30EE010A5B
:1086600080ED260A90ED260A9DED101AB4EE410A1F
:10867000F1EE10FA1BDAFFE700208DF83E00FFE76D
:108680009DF83E00032811DCFFE7099914989DF836
:108690003E2050F8220001EB8201C1F8A800FFE75C
:1086A0009DF83E0001308DF83E00E9E76CE1099845
:1086B00090ED250A9FEDB51AB4EE410AF1EE10FADD
:1086C00012DDFFE709989DED100A9DED111A30EEBD
:1086D000410A90ED242A90ED251A30EE420A80EEF0
:1086E000010A80ED280A05E009994FF07E50C1F893
:1086F000A000FFE7099890ED280AB5EE400AF1EED8
:1087000010FA06DAFFE709994FF07E50C1F8A00091
:10871000FFE7099890ED280AB7EE001AB4EE410A77
:10872000F1EE10FA06DDFFE709994FF07E50C1F82F
:10873000A000FFE700200E90FFE70E98032800F34B
:108740002281FFE709981299096900F1B80207929E
:108750000E9B42F82310129991ED011A91ED030A34
:1087600013990E9A01EB820191ED002A20EE020A84
:1087700030EE010A00F1C801069101EB820181EDA2
:10878000000A90ED280A8DED080A9DF8381000F0D7
:1087900051F9DDF818C0079B0998B0EE401A9DED1D
:1087A000080A129920EE013A91ED002A91ED021A81
:1087B00091ED050A32EE433A139A0E9902EB8102CB
:1087C00092ED002A21EE021A31EE031A20EE020A7F
:1087D00020EE020A30EE010A00F1D80202EB81011C
:1087E00081ED000A0E990CEB810C9CED000A03EB65
:1087F000810393ED001AB9EE002A21EE021A02EB72
:10880000810292ED002A21EE021A20EE000A30EEDB
:10881000010AE83000EB810181ED000A0E9900EBBE
:10882000810090ED000AB5EE400AF1EE10FA08DA88
:10883000FFE709980E9900EB81010020C1F8A8001C
:108840009CE009980E9900EB810090ED3A0AB5EE94
:10885000400AF1EE10FA11D1FFE709980E9900EBEA
:10886000810090ED2E1A90ED320AB1EE400A31EE01
:10887000011A80EE010A80ED2A0A7EE0099800F1D3
:10888000C80202920E9902EB810292ED000A8DED70
:10889000010AE830039000EB810090ED000A08F037
:1088A000B7F99DED011A0999029A039830EE410A31
:1088B000B83104910E9B01EB830191ED001A31EE6A
:1088C000011A80EE010A8DED0D0A0E9902EB81026C
:1088D00092ED000AB1EE400A8DED050A00EB810031
:1088E00090ED000A08F094F90498B0EE401A9DED5E
:1088F000050A30EE410A0E9900EB810090ED001A56
:1089000031EE011A80EE010A8DED0C0A14980E99D1
:1089100000EB810090ED000A9DED0D1A30EE410A4A
:10892000B0EEC00A8DED0B0A14980E9900EB810091
:1089300090ED000A9DED0C1A30EE410AB0EEC00A2F
:108940008DED0A0A9DED0B0A9DED0A1AB4EE410A5F
:10895000F1EE10FA08DAFFE709990D980E9A01EB8B
:108960008201C1F8A80007E009990C980E9A01EB62
:108970008201C1F8A800FFE7FFE7FFE7FFE70E98D5
:1089800001300E90D9E6FFE716B080BD17B7D13899
:1089900082B001908DF8031001989DF8031000EB50
:1089A000810090ED2A0A02B07047000085B0039064
:1089B00003990091049100200190C1F89000C1F842
:1089C0009400C1F89800C1F89C00C1F8A000C1F85B
:1089D000A400C1F8F800C1F8FC00C1F80001C1F81A
:1089E00004010290FFE70298032820DCFFE70099CA
:1089F000029801EB80020020C2F8A800029A01EB65
:108A00008202C2F8B800029A01EB8202C2F8C800E2
:108A1000029A01EB8202C2F8D800029A01EB8201AD
:108A2000C1F8E800FFE7029801300290DBE7049804
:108A300005B0704782B001908DF8031001989DF841
:108A4000031001EBC10100EB810090ED020A02B0BE
:108A50007047000087B006908DF817108DED040A5E
:108A6000CDED030A02920698009004999DF8172014
:108A700002EBC20240F8221003999DF8172002EB86
:108A8000C20200EB8202516002999DED041A91ED41
:108A9000003A91ED010A91ED022A91ED034A21EE8F
:108AA000000A30EE033A9DED030A20EE022A32EE70
:108AB000033A21EE002A22EE042A32EE032A21EEA6
:108AC000011A91ED043A21EE031A31EE021A20EE5A
:108AD000000A91ED052A20EE020A30EE010A9DF807
:108AE000171001EBC10100EB810080ED020A0020AC
:108AF0000190FFE70198052813DCFFE70099029831
:108B0000019A50F822009DF8173003EBC30301EBE4
:108B1000830101EB8201C860FFE7019801300190F9
:108B2000E8E707B07047000082B001908DED000AC1
:108B300001990098086302B07047000080B586B0C4
:108B400005908DED040ACDED030A059800909DED8A
:108B5000040A00F0D7F800989DED030AFFF7E4FF40
:108B6000009890ED0B0A90ED0C1A30EE410A80ED62
:108B70000D0A90ED000A90ED0D1A20EE010A80ED2D
:108B8000030A90ED0F0AB5EE400AF1EE10FA0ED08E
:108B9000FFE7009890ED0D0AFFF764F9009890ED5B
:108BA0000F1AB4EE410AF1EE10FA24DAFFE700984A
:108BB00090ED060A90ED0D1A30EE010A80ED060ADE
:108BC00090ED0E0AB5EE400AF1EE10FA12DDFFE765
:108BD000009901F1180001F1380291ED0E0AB1EE91
:108BE000400A8DED020A02A903F044FD00990068D5
:108BF0008861FFE7FFE7009A92ED010A92ED061AFD
:108C000020EE010A82ED040A92ED020A92ED072A93
:108C100092ED0D1A31EE421A20EE010A82ED050A9C
:108C200092ED030A92ED042A92ED051A30EE020A43
:108C300030EE010A02F1200082ED080A02F128015B
:108C4000243203F017FD014600980968016290ED97
:108C5000080A90ED091AB4EE410AF1EE10FA09DBA8
:108C6000FFE7009890ED0D0AB5EE400AF1EE10FA1C
:108C700014DCFFE7009890ED080A90ED0A1AB4EEB4
:108C8000410AF1EE10FA2DDCFFE7009890ED0D0A95
:108C9000B5EE400AF1EE10FA24DAFFE7009890ED05
:108CA000060A90ED0D1A30EE410A80ED060A90EDAD
:108CB0000E0AB5EE400AF1EE10FA12DDFFE7009958
:108CC00001F1180001F1380291ED0E0AB1EE400AEF
:108CD0008DED010A01A903F0CDFC009900688861BF
:108CE000FFE7FFE70098416BC16190ED080A06B00D
:108CF00080BD000081B00090009890ED080A01B09E
:108D00007047000082B001908DED000A0199009833
:108D1000C86202B07047000087B006908DED050A6A
:108D2000CDED040A8DED031ACDED021A8DED012A69
:108D3000CDED002A0698029941629DED020AB1EE3E
:108D4000400A80ED0A0A019981630099C16305997F
:108D50000160049941600399816007B07047000089
:108D600081B00090009890ED103A90ED074A90ED98
:108D7000081A90ED090A90ED0A2A23EE011A23EE53
:108D8000043A31EE431A20EE020A30EE010A90ED69
:108D90000B1A80EE010A80ED0C0A90ED101A90ED8E
:108DA000074A90ED083A90ED090A90ED0A2A21EE63
:108DB000033A21EE041A31EE031A20EE020A30EED5
:108DC000010A90ED0B1A80EE010A80ED0D0A90ED7C
:108DD000101A90ED074A90ED083A90ED090A90EDCF
:108DE0000A2A21EE033A21EE041A31EE431A20EE4C
:108DF000020A30EE010A90ED0B1A80EE010A80EDB6
:108E00000E0A90ED103A90ED074A90ED081A90ED99
:108E1000090A90ED0A2A23EE411A23EE043A31EEB4
:108E2000431A20EE020A30EE010A90ED0B1A80EE92
:108E3000010A80ED0F0A01B07047000080B58CB0C8
:108E40000B900B9809900168896A884709988DED05
:108E5000040A01688969884709988DED030A016849
:108E6000496A884707F064FD09988DED020A016898
:108E7000C969884709988DED010A0168496A8847E0
:108E800007F0FEFD9DED012A9DED023A9DED031ACE
:108E90000998B0EE404A9DED040A22EE042A21EE24
:108EA000031A31EE021A20EE010A80ED070A01686A
:108EB000896A884709988DED080A01688969884799
:108EC00009988DED070A0168496A884707F0D8FDBF
:108ED00009988DED060A0168C969884709988DEDE2
:108EE000050A0168496A884707F022FD9DED051AC9
:108EF0009DED063A9DED072A0998B0EE404A9DED9A
:108F0000080A21EE041A22EE032A31EE421A20EE5C
:108F1000010A80ED080A0168C96A884709988DED41
:108F20000A0A0168096A88470998B0EE401A9DED5F
:108F30000A0A20EE010A80ED090A0CB080BD00008B
:108F400080B588B007908DED060ACDED050A8DED50
:108F5000041ACDED031A8DED022A079801909DEDBC
:108F6000030A0168C968884701989DED020A0168F3
:108F70000969884701989DED060ADDED050A9DED1A
:108F8000041A0168896888470198FFF757FF01981C
:108F9000FFF7E6FE08B080BD80B586B004908DED89
:108FA000030ACDED020A04980090059000F070F8D5
:108FB000009A41F65460C0F60100083010600020AD
:108FC000D06110625062039991620299D1624FF6AA
:108FD000F451C3F6347111640190FFE7019803283E
:108FE0000BDCFFE70098019900EB8101002008638A
:108FF000FFE7019801300190F0E7059806B080BDC9
:1090000080B582B001900198009000F007F80098B8
:10901000442104F0B5F802B080BD000080B582B0F4
:1090200001900198009000F055F8009802B080BDC2
:1090300082B001908DED000A01990098486102B05C
:109040007047000084B003908DED020ACDED010A57
:109050008DED001A03990298486001988860009885
:10906000C86004B07047000082B001908DED000A26
:1090700001990098886102B07047000082B00190A9
:109080008DED000A01990098086102B07047000058
:1090900081B00090009841F68C61C0F60101083162
:1090A0000160002141608160C16001614FF07E512B
:1090B0004161816101B0704780B582B00190019833
:1090C000009000F007F800981C2104F059F802B055
:1090D00080BD000081B00090009801B07047000092
:1090E00081B00090009800210160416081600162C0
:1090F00040F6DB72C4F2490282674FF07E52C267CB
:10910000C0F88010C0F88410C0F8882080F88C1057
:1091100080F88D10C0F8901080F894108161416241
:109120008162C161016041608160016301B070478B
:1091300080B582B0019001980090FAF78FFE0099F7
:10914000886002B080BD000082B00190019900915A
:109150008868C968884207D2FFE700998A68C868AA
:10916000C0431044086005E000998868CA68801A06
:109170000860FFE7009908684968884209D3FFE75B
:109180000098006920B9FFE7009901200861FFE716
:1091900009E000980069012804D1FFE70099002048
:1091A0000861FFE7FFE702B07047000080B582B0BA
:1091B000019001980090FAF751FE0099C86002B042
:1091C00080BD000082B0019000910198009941603B
:1091D00000218160C1600121016102B0704700007F
:1091E00081B0009000986421416000218160C160DD
:1091F0000121016101B0704780B540F2E840C2F240
:1092000000000078BFF35F8FC007A8B9FFE740F206
:10921000E840C2F2000005F0E4FA68B1FFE740F26E
:109220002860C2F2000000F051F940F2E840C2F2BA
:10923000000005F0ECFAFFE740F22860C2F20000FF
:1092400080BD000080B586B005908DF8131005989C
:1092500003909DF81300FF2811D1FFE70398012127
:1092600000F082F84FF4FA70029004F02DF90398A0
:10927000002100F079F8029804F026F972E09DF8D8
:109280001300FE2829D1FFE700208DF81200FFE728
:109290009DF8120001281CDCFFE70398012100F073
:1092A00063F84FF4FA7004F00FF90398002100F00E
:1092B0005BF89DF81200002804DCFFE7642004F04E
:1092C00003F9FFE7FFE79DF8120001308DF8120067
:1092D000DEE7C82004F0F8F843E09DF81300FD280D
:1092E00011D1FFE70398012100F03EF84FF47A70A6
:1092F000019004F0E9F80398002100F035F8019896
:1093000004F0E2F82CE000208DF81100FFE79DF852
:1093100011009DF8131088421EDAFFE7039801211F
:1093200000F022F8642004F0CFF80398002100F048
:109330001BF89DF811009DF813100139884204DADA
:10934000FFE7642004F0C0F8FFE7FFE79DF8110095
:1093500001308DF81100DAE7C82004F0B5F8FFE716
:10936000FFE7FFE706B080BD82B001908DF80310E3
:109370009DF80300C00740B1FFE740F6DC10C2F2E1
:1093800000000168EE20486307E040F6DC10C2F2FE
:109390000000016800204863FFE702B0704700004A
:1093A00083B002908DF80710029800909DF8070096
:1093B000012805DBFFE79DF80700092801DBFFE72F
:1093C00029E00098007B0C2801DBFFE723E0002068
:1093D0008DF80600FFE700999DF80600097B88429A
:1093E00011DAFFE700989DF80610405C9DF8071021
:1093F000884201D1FFE70EE0FFE79DF8060001304B
:109400008DF80600E7E700999DF807000A7B531CDA
:109410000B738854FFE703B07047000081B00090E1
:109420000099002008730861087501B070470000BA
:1094300080B584B0039003980090FAF70FFD0146C1
:1094400000980291007DC00708B1FFE73BE000995A
:1094500002980969401A80087C2801D8FFE732E0A9
:109460000098007B01282EDBFFE7009800788DF83C
:10947000070001208DF80600FFE700999DF806001F
:10948000097B88420EDAFFE700989DF806208118D4
:10949000805C01F8010CFFE79DF8060001308DF8B3
:1094A0000600EAE70098017B01390173012101758B
:1094B0009DF80710FFF7C6FEFAF7D0FC0099086187
:1094C00000200875FFE704B080BD000081B0009067
:1094D0000098002101730161017501B0704700001F
:1094E00080B582B0019001983430FFF75FFE02B082
:1094F00080BD000080B584B003908DED020A039812
:1095000001909DED020AFEF7ADFC019890ED121A54
:10951000B4EE410AF1EE10FA03DAFFE70020029000
:10952000FFE79DED020A04B080BD000080B586B063
:109530000590049105980390049808B9FFE7F4E0BA
:109540000398FFF7CDFF03980499002202920B23A2
:10955000009301F0BFFD0146039801F02BFE009B34
:1095600001460398018004991A4601F0B3FD0146B3
:10957000039801F01FFE009B014603984180049967
:10958000162201F0A7FD0146039801F013FE009B8F
:109590000146039881800499212201F09BFD014638
:1095A000039801F007FE01460398C180049A117CDC
:1095B000527C01F0EFFD01460398018104992C22B1
:1095C0000223019301F086FD019B014603988172FD
:1095D00004992E2201F07EFD01460398C172B0F974
:1095E0000410A1F5806100EE101AB8EEC00AFFF772
:1095F00081FF0398BDEEC00A10EE101A8181B0F908
:109600000610A1F5806100EE101AB8EEC00AFFF74F
:1096100071FF0398BDEEC00A10EE101AC181B0F9B7
:109620000010A1F5806100EE101AB8EEC00AFFF735
:1096300061FF0398BDEEC00A10EE101A0182B0F966
:109640000210A1F5806100EE101AB8EEC00AFFF713
:1096500051FF0398BDEEC00A10EE101A4182B0F916
:109660000810A1F5806100EE101AB8EEC00AFFF7ED
:1096700041FF02990398BDEEC00A10EE102A8282C3
:10968000B0F90C0000F072F80299039880ED080A16
:10969000B0F90E0000F06AF80299039880ED090A0B
:1096A000B0F9100000F062F80299039880ED0A0A00
:1096B000B0F9120000F05AF80299039880ED0B0AF5
:1096C000B0F9140000F052F8039880ED0C0A049AE7
:1096D0009179D27901F05EFD01460398C182049A26
:1096E000117A527A01F056FD014603980183049ADB
:1096F000917AD27A01F04EFD014603984183049994
:10970000097B01F033FD0146039801770499497BF9
:1097100001F02CFD014603984177049A917BD27B9E
:1097200001F038FD0399C883FFE706B080BD000053
:1097300080B584B0039002910398009000210191BC
:10974000018041808180C18001818172C172C182AA
:109750000183418301774177C18334300299FFF758
:1097600031FD00980199816404B080BD84B0ADF8EA
:109770000A00ADF80810BDF80A00BDF80810401A3C
:10978000ADF80600BDF9060000EE100AB8EEC00AFA
:109790009FED141A80EE010A8DED000A9DED000A7E
:1097A000B7EE001AB4EE410AF1EE10FA04DDFFE75D
:1097B0004FF07E50039011E09DED000ABFEE001ABD
:1097C000B4EE410AF1EE10FA05DAFFE70020CBF61D
:1097D0008070039002E000980390FFE79DED030A7C
:1097E00004B070470000254480B596B015908DED0B
:1097F000120B8DED101B8DED0E2B8DED0C3B8DEDB9
:109800000A4B159808909DED120B80ED000B9DED15
:10981000100B80ED020B9DED0E0B80ED040B9DED0A
:109820000C0B80ED060B9DED0A0B80ED080B90ED07
:10983000080B9FED4B1B51EC110B53EC102B07F059
:10984000E9FB0246089800920A46009942EC101B78
:1098500080ED0A0B90ED000B53EC102B9FED420BAB
:1098600051EC100B0791069007F0D4FB41EC100B64
:1098700051EC100B9FED3E0B53EC102B07F0CAFB85
:1098800041EC100B53EC102B1046194607F00EFB61
:1098900041EC100B51EC100B9FED370B53EC102BE0
:1098A00007F0F2FD089A034606988C4607994CEC9F
:1098B000103B82ED0E0B92ED000B53EC102B07F0DA
:1098C000A9FB0246089801920A46019942EC101B36
:1098D00080ED0C0B90ED021B90ED040B90ED062B30
:1098E0008DED022B51EC110B53EC102B07F092FB7A
:1098F0009DED020B41EC110B51EC110B53EC102BB5
:1099000007F0C2FD0246089805920A46059942EC06
:10991000101B80ED100B90ED040B90ED061B51EC2D
:10992000110B53EC102B07F075FB089A03460698B1
:109930008C4607994CEC103B82ED120B92ED000B1C
:1099400053EC102B07F066FB0246089809920A4672
:10995000099942EC101B80ED140B16B080BD00BFBE
:109960000000000000807640000000000000F03F92
:109970000000000000004E40182D4454FB21094017
:1099800080B584B00390029103980090029880689B
:10999000ADF8060000208DF80500FFE79DF80500F2
:1099A000032847DCFFE7009ABDF80600B2F97A11F8
:1099B0009DF805301A4492F8A0211144884232D112
:1099C000FFE7009800F5C0719DF805E001EBCE03BC
:1099D000029AD2F800C0526841F83EC05A609DF821
:1099E000053031F8332012BA120C21F833209DF8DB
:1099F000052001EBC2035A8812BA120C5A809DF856
:109A0000052001EBC202918809BA090C91809DF8EA
:109A1000051000F049F800989DF805100131C9B211
:109A200000F04EFBFFE7FFE79DF8050001308DF8E1
:109A30000500B3E704B080BD83B00290ADF8061016
:109A4000009202999DF8070001F5D471009A01EB8C
:109A5000420202F8020CBDF80600009A01EB420136
:109A600001F8010C03B0704780B588B007900799E2
:109A7000D1F8A401039008208DF81000D1F8A801B6
:109A8000D1F8AC110291019000208DF818008DF8EA
:109A9000190000F099FB00F0BBFC01680A6901A9FC
:109AA000904708B080BD000080B5A4B023902291FB
:109AB0002398129000F5E071219100F5C070199083
:109AC0002299139130F9310007F03CFC41EC110B65
:109AD000219890ED0A0B51EC110B53EC102B07F071
:109AE000D3FC024612980B46139943EC102B083016
:109AF0001A9001EBC10100EBC10181ED000B22992D
:109B000001EBC10100EBC100149090ED000B51EC92
:109B1000100B9FEDD30B53EC102B07F0B5FC024656
:109B200019980B46149943EC102B81ED020B2299E6
:109B3000159100EBC100B0F9020007F003FC41EC05
:109B4000110B219890ED0E0B51EC110B53EC102BD7
:109B500007F09AFC159A034619988C461A994CEC12
:109B6000103B02EBC20201EBC20181ED040B229912
:109B7000169100EBC100B0F9020007F0E3FB41ECE5
:109B8000110B219890ED0C0B51EC110B53EC102B99
:109B900007F07AFC169A034619988C461A994CECF1
:109BA000103B02EBC20201EBC20181ED060B2299D0
:109BB000179100EBC100B0F9040007F0C3FB41ECC2
:109BC000110B219890ED120B51EC110B53EC102B53
:109BD00007F05AFC179A034619988C461A994CECD0
:109BE000103B02EBC20201EBC20181ED080B22998E
:109BF000189100EBC100B0F9040007F0A3FB41ECA1
:109C0000110B219890ED100B51EC110B53EC102B14
:109C100007F03AFC189A034619988C461A994CECAE
:109C2000103B02EBC20201EBC20181ED0A0B22994B
:109C30001B9100EBC100807907F09BFB02461A984C
:109C40000B461B9943EC102B01EBC10100EBC1014A
:109C500081ED0C0B229901EBC10100EBC10191EDEB
:109C60000E0B8DED1E0B229901EBC10100EBC10023
:109C700090ED000B8DED1C0B1C981D991E9A1F9BDF
:109C800007F000FD41EC100B51EC100B9FED760B33
:109C900053EC102B07F024FE002842D1FFE79DED86
:109CA0001E0B9FED771B51EC110B53EC102B07F0A3
:109CB000E9FC41EC110B9DED1C0B51EC110B53EC2D
:109CC000102B07F0F3F8024612980D920A460D99F0
:109CD00042EC111B219991ED140B229901EBC1016A
:109CE00000EBC100109090ED122B8DED0E2B51EC7E
:109CF000110B53EC102B07F0C7FB9DED0E0B53EC33
:109D0000102B41EC100B51EC100B07F0CFF8024672
:109D1000109811920A46119942EC101B80ED120B1B
:109D20008FE01C981D991E9A1F9B07F0ABFC41EC1D
:109D3000100B51EC100B9FED4E0B53EC102B07F05A
:109D4000D6FD002844D1FFE79DED1C0B51EC100B14
:109D50009FED490B53EC102B07F0A8F841EC110BC9
:109D60009DED1E0B51EC110B53EC102B07F08AFCF0
:109D70000246129807920A46079942EC111B219954
:109D800091ED140B229901EBC10100EBC1000B9086
:109D900090ED122B8DED082B51EC110B53EC102B89
:109DA00007F072FB9DED080B02460B4651EC100BC1
:109DB00043EC102B53EC102B07F078F802460B986D
:109DC0000C920A460C9942EC101B80ED120B37E006
:109DD0009DED1C1B9DED1E0B51EC110B53EC102B3C
:109DE00007F050FC0246129801920A46019942EC93
:109DF000111B219991ED140B229901EBC10100EB8C
:109E0000C100059090ED122B8DED022B51EC110B42
:109E100053EC102B07F038FB9DED020B53EC102B8D
:109E200041EC100B51EC100B07F040F8024605987E
:109E300006920A46069942EC101B80ED120BFFE7D2
:109E4000FFE712989DED1C0B229901EBC10100EB7D
:109E5000C10080ED100B24B080BD00BF00BF00BF6B
:109E6000172751A246DF913F00000000008066C026
:109E7000000000000080664000000000008076C006
:109E8000000000000080764080B588B00DF1280CFD
:109E9000CDF804C00690ADF816100492039306980E
:109EA00000900790642100F02BF90098019941F689
:109EB000C462C0F6010208320260BDF81620A0F8A4
:109EC0007A2100F5E0705822F6F739FB00208DF872
:109ED0000B00FFE79DF80B0003280FDCFFE700995C
:109EE00004989DF80B20805C114481F8A001FFE7E5
:109EF0009DF80B0001308DF80B00EBE700990398FB
:109F0000C1F8A401079808B080BD0000000000005F
:109F100080B5B8B03790ADF8DA10359234933798F1
:109F20001690BDF8DA00179035981890349819906B
:109F30001EA81A909FED160B9FED171B9FED182B77
:109F40009FED193B9FED1A4BFFF74EFC1A9968469F
:109F500058221B921C911D901D981C991B9A51F818
:109F6000043B40F8043B043A1B921C911D90F3D132
:109F70001698199B189A1799FFF786FF169841F6BD
:109F8000D061C0F601010831016038B080BD00BF6A
:109F90000000000000002C40333333333333D33F11
:109FA000000000000000D04000000000000034402D
:109FB000000000000000C04080B586B004908DF81D
:109FC0000F108DF80E20049802909DF80F000128C4
:109FD00041DBFFE79DF80F0004283CDCFFE7029817
:109FE00000F5947001909DF80F1001EB810100EBDA
:109FF00081001438FFF79CF801989DF80F1001EBD1
:10A00000810100EB81001438FFF79EF801989DF85C
:10A010000F1001EB810100EB8100143801F044F8CE
:10A02000012807D1FFE7FFF7E7F89DF80E10FFF7CB
:10A03000B7F9FFE702989DF80F1001EB810100EBE3
:10A04000810000F58A7001F02FF8B0FA80F0400925
:10A050008DF8170003E000208DF81700FFE79DF84A
:10A06000170006B080BD000080B582B001908DF869
:10A07000031001989DF8031001EBC10100EBC10032
:10A0800010ED0A0B51EC100B06F0DEFE00EE100A8C
:10A0900002B080BD80B582B001908DF803100198A8
:10A0A0009DF8031001EBC10100EBC10010ED0C0B9A
:10A0B00051EC100B06F0C8FE00EE100A02B080BD95
:10A0C00080B584B003908DF80B10039801909DF833
:10A0D0000B00012811DBFFE79DF80B0004280CDCC6
:10A0E000FFE701989DF80B1001EB810100EB810067
:10A0F00000F58A70FFF75AF8FFE704B080BD000052
:10A1000080B58EB00C900B910C9902910D9141F697
:10A11000DC60C0F601000830086001F5947001F5BC
:10A12000BC7103910490FFE704980190FFF758F881
:10A130000198039A00F11401084691420490F3D16A
:10A14000FFE70299002081F878010A90FFE70A985A
:10A15000032820DCFFE70B9905A8FFF733F80298E6
:10A160000A9901EB810100EB81010598069A079B92
:10A17000DDF820C0DDF824E0C1F838E1C1F834C1D1
:10A18000C1F83031C1F82C21C1F82801FFE70A9845
:10A1900001300A90DBE70D980EB080BD81B00090D1
:10A1A000009841F6E861C0F601010831016001B094
:10A1B0007047000081B00090FEDE000081B000908A
:10A1C000009801B07047000080B500F069F880BDCC
:10A1D00084B002908DF80710029800909DF8070057
:10A1E000022810D8FFE700989DF8071000EB8100C7
:10A1F000806840B1FFE700989DF8071000EB8100F0
:10A200008068039003E0009814300390FFE7039800
:10A2100004B0704784B003908DF80B10019203983E
:10A2200000909DF80B0002280BD8FFE7019840B181
:10A23000FFE7009901989DF80B2001EB82018860EF
:10A24000FFE704B07047000080B584B00390039826
:10A25000019000200290FFE7029802281DD8FFE736
:10A260000198029900EB8100806888B1FFE70198AE
:10A2700008300090029950F82100016889688847E9
:10A280000098029950F821000168C9688847FFE7E3
:10A29000FFE7029801300290DEE704B080BD0000C5
:10A2A00080B582B040F2EC40C2F200000078BFF30B
:10A2B0005F8FC00708BBFFE740F2EC40C2F200002E
:10A2C00004F08FFAC8B1FFE740F24060C2F200002C
:10A2D000019000F02BF801994AF2D930C0F6000045
:10A2E00040F20002C0F60002F6F7C0F840F2EC407F
:10A2F000C2F2000004F08BFAFFE740F24060C2F2C5
:10A3000000000079C00758B9FFE740F24060C2F290
:10A3100000000090FFF798FF009901200871FFE707
:10A3200040F24060C2F2000002B080BD80B58AB049
:10A33000089008980590099000F074F8059941F686
:10A340001470C0F6010008300860002008718860B1
:10A3500001F10C00143106910790FFE70799069A66
:10A36000002041F8040B084691420790F6D1FFE720
:10A3700005981430029040F24C71C2F200010023A3
:10A3800001931A4600F07EF905983430049040F2AB
:10A390007471C2F200010E220123039300F072F9DE
:10A3A00005980199029AFFF735FF05980399049AD9
:10A3B000FFF730FF09980AB080BD000080B582B079
:10A3C00001900198009000F007F80098542102F0E5
:10A3D000D7FE02B080BD000080B584B00390039822
:10A3E000029041F61471C0F6010101F10802014624
:10A3F00041F8142B0191343000F072F9019800F00B
:10A400006FF9029800F01EF8029804B080BD0000B9
:10A4100080B582B00190019801688A680021904758
:10A4200002B080BD81B00090009841F62C71C0F65A
:10A4300001010831016001B07047000081B0009057
:10A44000FEDE000081B00090009801B0704700006F
:10A4500080B58CB00B900B9801210991826806920F
:10A46000C26805920022019202920392049207921E
:10A4700008910E210A91406801A9F8F71BF90CB068
:10A4800080BD000080B584B0009101460098039122
:10A4900002900399019101F0E9F830B1FFE70099CA
:10A4A0000198143002F06CFAFFE704B080BD0000A0
:10A4B00080B586B0059004910598143003900398F8
:10A4C00002F034FA0290039802F024FA0190FFE7B8
:10A4D00002A801A902F0A2FD98B1FFE702A800F0CE
:10A4E00003FF0090009801F0C1F828B1FFE7009841
:10A4F000049901F0B1F8FFE7FFE702A801F056FB6D
:10A50000E6E706B080BD000080B582B001900198FA
:10A51000FFF79EFF02B080BD80B58CB00A90099114
:10A520000A9801904068F8F7CDFA20B9FFE70020BB
:10A530008DF82F003AE00998007B07900998007D7C
:10A5400000F00100002818BF042005900998407D04
:10A5500000F00100002818BF022006900998006949
:10A5600002900998007DC00730B1FFE70998806824
:10A5700004900020039005E0099880680390002073
:10A580000490FFE7019800218DF820104068099A97
:10A5900003A902ABF7F7E2FF20B1FFE700208DF837
:10A5A0002F0003E001208DF82F00FFE79DF82F001A
:10A5B0000CB080BD80B582B00190019800904068D9
:10A5C000F8F7B0FE0098C06830B9FFE7009840681F
:10A5D0000221F7F799FF0BE00098C068012806D127
:10A5E000FFE7009840681021F7F78EFFFFE7FFE7CD
:10A5F00002B080BD80B58CB00A9009910A99019192
:10A600004868C968F8F72AF920B9FFE700208DF8F3
:10A610002F0032E001994868C968099B02AAF8F73F
:10A6200047F920B1FFE700208DF82F0025E00498BE
:10A6300018B9FFE70298009002E003980090FFE746
:10A6400001980099099A91600699099A11730499E1
:10A650000439B1FA81F14909099A1175059902394C
:10A66000B1FA81F14909099A517509990268126A8A
:10A67000904701208DF82F00FFE79DF82F000CB0C8
:10A6800080BD000080B586B00590049103920293CE
:10A6900005980190FFF782FD019841F64471C0F6DC
:10A6A00001010831016004994160039981600299B8
:10A6B000C16000210161143002F088F9019806B0F0
:10A6C00080BD000080B582B001900198009000F03C
:10A6D00007F80098202102F053FD02B080BD000071
:10A6E00080B582B001900198009041F64471C0F6A7
:10A6F0000101083140F8141B02F07AF90098FFF7C5
:10A700005DFD009802B080BD80B586B004900391D5
:10A71000049801900398006820B1FFE703988088AF
:10A7200020B9FFE700208DF8170014E00198406879
:10A73000039A11689288FBF7D3FC8DF80B009DF803
:10A740000B0020B9FFE701208DF8170003E000207F
:10A750008DF81700FFE79DF8170006B080BD0000D8
:10A7600080B584B003900291039840680299012259
:10A770006423FBF715FC8DF807009DF80700B0FA7D
:10A7800080F0400904B080BD80B586B0049003918C
:10A79000049801900398006820B1FFE7039880882F
:10A7A00020B9FFE700208DF8170014E001984068F9
:10A7B000039A11689288FBF78BFD8DF80B009DF8CA
:10A7C0000B0020B9FFE701208DF8170003E00020FF
:10A7D0008DF81700FFE79DF8170006B080BD000058
:10A7E00080B582B001908DF80310019840680DF19A
:10A7F000030101226423FBF7D3FC8DF802009DF8CE
:10A800000200B0FA80F0400902B080BD80B584B08B
:10A81000039002910398009040680068006800F07F
:10A8200008010020B0EBD10F16D0FFE7FFE700983A
:10A830000021019141680968096801914068006838
:10A84000406801900198FFE700984068029A1168FB
:10A850009288FAF7F9FDFFE704B080BD80B586B0B5
:10A8600004900391049801900398006820B1FFE7D9
:10A870000398808820B9FFE700208DF8170014E0C6
:10A8800001984068039A11689288FAF7DDFD8DF807
:10A890000B009DF80B0020B9FFE701208DF8170091
:10A8A00003E000208DF81700FFE79DF8170006B0C1
:10A8B00080BD000080B584B00091014600980391EE
:10A8C00002900399019100F0E3FE30B1FFE7009997
:10A8D00001980C3002F0F2F9FFE704B080BD0000EF
:10A8E00080B586B00590049105980C3003900398CC
:10A8F00002F0BAF90290039802F0AAF90190FFE77A
:10A9000002A801A902F096FB98B1FFE702A800F0A7
:10A91000F7FC0090009800F0BBFE28B1FFE700981C
:10A92000049900F0ABFEFFE7FFE702A801F04EF943
:10A93000E6E706B080BD000081B0009001B070472E
:10A9400081B00090009840680168C86840F020001D
:10A95000C86001B07047000080B586B004900391D4
:10A96000049801900398006820B1FFE7039880885D
:10A9700020B9FFE700208DF8170014E00198406827
:10A98000039A11689288FBF7D7FB8DF80B009DF8AE
:10A990000B0020B9FFE701208DF8170003E000202D
:10A9A0008DF81700FFE79DF8170006B080BD000086
:10A9B00080B586B0049003910498019003980068D4
:10A9C00020B1FFE70398808820B9FFE700208DF8C9
:10A9D000170010E001984068039A11689288FBF70D
:10A9E000F5FC8DF80B009DF80B00B0FA80F04009E3
:10A9F0008DF81700FFE79DF8170006B080BD000036
:10AA000080B584B0039002910398019000F036F86D
:10AA1000019841F67071C0F6010108310160029998
:10AA200041600021017241728172C1720C3002F0EA
:10AA30006BF9019804B080BD80B582B00190019897
:10AA4000009000F007F80098182102F099FB02B07E
:10AA500080BD000080B582B001900198009041F661
:10AA60007071C0F60101083140F80C1B02F05EF96C
:10AA7000009800F013F8009802B080BD81B00090FB
:10AA8000009841F6B471C0F601010831016001B0CF
:10AA90007047000081B00090FEDE000081B00090A1
:10AAA000009801B07047000080B500F069F880BDE3
:10AAB00084B002908DF80710029800909DF807006E
:10AAC000022810D8FFE700989DF8071000EB8100DE
:10AAD000806840B1FFE700989DF8071000EB810007
:10AAE0008068039003E0009814300390FFE7039818
:10AAF00004B0704784B003908DF80B100192039856
:10AB000000909DF80B0002280BD8FFE7019840B198
:10AB1000FFE7009901989DF80B2001EB8201886006
:10AB2000FFE704B07047000080B584B0039003983D
:10AB3000019000200290FFE7029802281DD8FFE74D
:10AB40000198029900EB8100806888B1FFE70198C5
:10AB500008300090029950F8210001688968884700
:10AB60000098029950F821000168C9688847FFE7FA
:10AB7000FFE7029801300290DEE704B080BD0000DC
:10AB800080B582B040F2F040C2F200000078BFF31E
:10AB90005F8FC00708BBFFE740F2F040C2F2000041
:10ABA00003F01FFEC8B1FFE740F29460C2F200005C
:10ABB000019000F02BF801994AF6C940C0F6000058
:10ABC00040F20002C0F60002F5F750FC40F2F040FF
:10ABD000C2F2000003F01BFEFFE740F29460C2F2F5
:10ABE00000000079C00758B9FFE740F29460C2F254
:10ABF00000000090FFF798FF009901200871FFE71F
:10AC000040F29460C2F2000002B080BD80B588B00E
:10AC1000069006980390079000F076F8039941F6A5
:10AC2000F870C0F6010008300860002008718860E4
:10AC300001F10C00143104910590FFE70599049A85
:10AC4000002041F8040B084691420590F6D1FFE739
:10AC500003981430009040F66C21C2F20001FFF717
:10AC6000CFFE03982C30019040F6B421C2F20001CF
:10AC7000FFF7C6FE03984430029040F6FC21C2F272
:10AC80000001FFF7BDFE0398009A0021FFF732FF95
:10AC9000019A03980121FFF72DFF0398029A0221E0
:10ACA000FFF728FF079808B080BD000080B582B08C
:10ACB00001900198009000F007F800985C2102F0E4
:10ACC0005FFA02B080BD000080B584B003900398A5
:10ACD000029041F6F871C0F6010101F10802014647
:10ACE00041F8142B01914430FFF7B4FE02982C3048
:10ACF000FFF7B0FE0198FFF7ADFE029800F014F8E0
:10AD0000029804B080BD000081B00090009842F22B
:10AD10001001C0F601010831016001B07047000068
:10AD200081B00090FEDE000081B00090009801B07C
:10AD30007047000080B592B0119040F2F440C2F22A
:10AD400000000078BFF35F8FC007D0B9FFE740F283
:10AD5000F440C2F2000003F044FD90B1FFE7FFF7BA
:10AD600033FA01688A680021904740F2F061C2F22C
:10AD70000001086040F2F440C2F2000003F047FD19
:10AD8000FFE740F2F060C2F20000006803900DA8F7
:10AD9000049002F01BF8039804990268D269904766
:10ADA000049802F01FF840F2F840C2F20000007868
:10ADB000BFF35F8FC007D0B9FFE740F2F840C2F29F
:10ADC000000003F00EFD90B1FFE7FFF76DFE016894
:10ADD0008A680221904740F2F461C2F200010860E3
:10ADE00040F2F840C2F2000003F011FDFFE741F627
:10ADF0002C31C0F60101086849680B910A9040F2B5
:10AE0000F460C2F200000090006801688A6A0AA932
:10AE1000904700980068019006A8029002F01CF884
:10AE2000019802990268D26A9047029802F020F8CD
:10AE300012B080BD80B584B0039002910398019058
:10AE40000298806840F21221884228D1FFE70198D9
:10AE5000029A1178527841EA022109B200EE101AE2
:10AE6000B8EEC00A9FED131A80EE010A80ED000AC9
:10AE7000029A9178D27841EA022109B200EE101AC2
:10AE8000B8EEC00A80EE010A80ED010A90ED000ADA
:10AE900090ED011A20EE010A80ED020AFFE740F66C
:10AEA000BC40C2F20000FDF763FB019880ED030A8D
:10AEB00004B080BD0000C84282B0019000910199A9
:10AEC0000098006848610098406888610098806830
:10AED000C86102B07047000080B586B0059040F2AE
:10AEE000B010C2F2000000F083F902281FD1FFE782
:10AEF00000200490FFE70498032817DCFFE704987C
:10AF0000421C40F23820C2F2000000210291FEF7FC
:10AF100093FD0298049A40F2FC61C2F2000141F8EC
:10AF20002200FFE7049801300490E4E7FFE70020E7
:10AF30000390FFE70398032830DCFFE70398013014
:10AF4000C2B240F23820C2F200000121FFF734F80B
:10AF5000A8B1FFE7039840F2FC61C2F2000101EBE7
:10AF6000800191ED000ABDEEC00A10EE101A421CDD
:10AF700040F23820C2F20000FEF75EFD09E00398BF
:10AF8000421C40F23820C2F200000021FEF754FDBE
:10AF9000FFE7FFE7039801300390CBE740F6BC40A2
:10AFA000C2F20000FDF7E4FA8DED010A40F2FC4028
:10AFB000C2F2000000F024F8F0EE400A9DED010A14
:10AFC0009FED0D1A9FED0D5AF0EE451AB0EE452A91
:10AFD000F0EE452AB0EE453AF0EE453AB0EE454A7D
:10AFE000F0EE454AFCF75CFF40F23820C2F2000068
:10AFF000FEF73AFD06B080BD00008C420000000064
:10B0000081B00090009890ED070A01B070470000F1
:10B0100084B00290019102980090019800280BD40E
:10B02000FFE70198032807DCFFE70098019900EB90
:10B030008100006B039002E000200390FFE79DED8C
:10B04000030A04B07047000081B00090009890EDB2
:10B05000030A01B07047000081B00090009890EDA5
:10B06000010A01B07047000081B00090009890ED97
:10B07000020A01B07047000081B00090009890ED86
:10B08000050A01B07047000081B00090009890ED73
:10B09000060A01B07047000081B00090009890ED62
:10B0A000040A01B07047000081B000900098006968
:10B0B00001B0704781B00090009890ED080A01B08F
:10B0C0007047000081B00090009890ED090A01B02F
:10B0D0007047000086B00590049103928DF80B3004
:10B0E0000020ADF808000399C9080191039901F007
:10B0F00007018DF803108DF80200FFE79DF80200AC
:10B100009DF80B1088422DDAFFE704980199405C06
:10B110009DF80310C84000F001008DF801009DF873
:10B1200001009DF8021000FA01F1BDF80800084383
:10B13000ADF808009DF8030001308DF803009DF87C
:10B140000300082807D1FFE700208DF803000198CD
:10B1500001300190FFE7FFE79DF8020001308DF814
:10B160000200CBE7BDF8080006B0704782B001903E
:10B170008DF803109DF80300002818BF012002B0CD
:10B180007047000081B00090009890ED0C0A01B06B
:10B190007047000082B001908DF803108DF80220F6
:10B1A0009DF803009DF8021040EA012000B202B0B1
:10B1B0007047000080B584B00390ADF80A10BDF868
:10B1C0000A00ADF808004FF4B670ADF8060002A80A
:10B1D0000DF1060101F0CEF940F29461ADF80410D2
:10B1E00001A901F007FAB0F9000004B080BD000029
:10B1F00081B000900098C07A01B0704784B003908D
:10B200008DF80B10039800909DF80B100020022978
:10B2100001900BD8FFE700989DF80B1000EB810020
:10B220008068002818BF01200190FFE7019800F016
:10B23000010004B07047000081B0009000984068A1
:10B2400001B0704781B000900098406801B070472D
:10B2500084B003908DF80B10039800909DF80B10AC
:10B260000020022901900BD8FFE700989DF80B10F1
:10B2700000EB81008068002818BF01200190FFE7E3
:10B28000019800F0010004B07047000080B582B062
:10B2900001900091019882680099904702B080BDAA
:10B2A00081B000900098C068017A0120884301B005
:10B2B0007047000080B582B00190009101988268CB
:10B2C0000099904702B080BD81B000900098C0689E
:10B2D000017A0120884301B07047000081B00090DE
:10B2E0000098006801B0704781B000900098006835
:10B2F00001B0704781B000900098006801B07047BD
:10B3000081B000900098006801B0704780B582B0AD
:10B3100001900198009000F007F800990068096812
:10B32000401A001102B080BD80B582B00190019832
:10B330000C3000F02BF802B080BD000080B582B068
:10B3400001900198009000F007F8009900680968E2
:10B35000401A001102B080BD80B582B00190019802
:10B360000C3000F02BF802B080BD000080B582B038
:10B370000190019800F036F802B080BD80B582B02F
:10B380000190019800F022F802B080BD80B582B033
:10B390000190019800F026F802B080BD80B582B01F
:10B3A0000190019800F024F802B080BD80B582B011
:10B3B0000190019800F010F802B080BD80B582B015
:10B3C0000190019800F014F802B080BD81B00090A7
:10B3D000009801B07047000081B00090009801B063
:10B3E0007047000081B00090009801B070470000E5
:10B3F00081B00090009801B07047000083B00290C7
:10B4000001910092019890ED000A009890ED001AC9
:10B410000020B4EE410AF1EE10FAB8BF012003B0EB
:10B420007047000083B0029001910092019801687A
:10B43000009802680020914238BF012003B0704795
:10B4400083B00290019100920198B0F90010009829
:10B45000B0F9002000209142B8BF012003B070472E
:10B4600080B588B0069005910698019000F058F8D4
:10B47000049005980499884203D9FFE7019800F0E9
:10B4800025F8019800F03EF8039003980499B0EB7A
:10B49000510F03D3FFE70498079009E00398400099
:10B4A000029002A805A901F045F800680790FFE79F
:10B4B000079808B080BD000082B00190009102B0F2
:10B4C0007047000081B0009001B0704782B00190D9
:10B4D00042F25820C0F6010000F05CFE81B00090FE
:10B4E000009801684068401A001101B070470000E0
:10B4F00080B582B0019001980830FFF73FFF02B09D
:10B5000080BD000080B582B001900198009000F0ED
:10B510001BF8009900680968401A001102B080BD4C
:10B5200080B584B003900398FFF7E2FF00F0C8FCF9
:10B53000029000F09FFC019002A801A901F03AF8E6
:10B54000006804B080BD000080B582B00190019811
:10B550000830FFF70BFF02B080BD000080B588B057
:10B56000069005910698019000F058F8049005980F
:10B570000499884203D9FFE7019800F025F8019863
:10B5800000F03EF8039003980499B0EB510F03D3F9
:10B59000FFE70498079009E003984000029002A892
:10B5A00005A900F0C7FF00680790FFE7079808B0FB
:10B5B00080BD000082B00190009102B07047000091
:10B5C00081B0009001B0704782B0019042F25820E3
:10B5D000C0F6010000F0DEFD81B000900098016827
:10B5E0004068401A001101B07047000080B582B079
:10B5F000019001980830FFF7D9FE02B080BD00002D
:10B6000080B582B001900198009000F01BF800997D
:10B6100000680968401A001102B080BD80B584B08E
:10B6200003900398FFF7E2FF00F080FC029000F027
:10B6300021FC019002A801A900F0BCFF006804B041
:10B6400080BD000080B582B0019001980830FFF7FE
:10B65000A5FE02B080BD000080B582B001900091CF
:10B6600001980099FFF712FE02B080BD80B582B04C
:10B6700001900198FFF714FE02B080BD80B582B042
:10B680000190009101980099FFF714FE02B080BD6F
:10B6900080B582B001900198FFF716FE02B080BD20
:10B6A00081B000906FF0704001B0704781B00090A1
:10B6B0006FF0704001B0704781B00090012001B080
:10B6C0007047000081B00090012001B07047000079
:10B6D00081B00090012001B07047000081B000905F
:10B6E000012001B07047000080B584B00290019144
:10B6F00002980390019A11685268426001600199B2
:10B70000896881600199C968C160C068406858B1A2
:10B71000FFE700F005FA0199C860684600F056F9A5
:10B72000019900988860FFE7039804B080BD00008D
:10B7300080B584B002900191029800900390019A24
:10B7400011685268426001600199896881600199BD
:10B75000C968C160C068006848B1FFE70098C06868
:10B76000016801980068884700990860FFE703981E
:10B7700004B080BD80B586B0049003910498019018
:10B780000590083000F022F900F0CAF90199C8606C
:10B790000398FFF79DFF78B1FFE700F003F90199E7
:10B7A00002900298886000F0EDF901460198C160AE
:10B7B000039900F095F9FFE7059806B080BD0000F9
:10B7C00080B584B00290029801900390C0684068F0
:10B7D00030B1FFE701990868C96849688847FFE701
:10B7E000039804B080BD000080B584B00290019140
:10B7F00002980390019A11685268426001600199B1
:10B80000896881600199C968C160C068406858B1A1
:10B81000FFE700F085F90199C860684600F036F945
:10B82000019900988860FFE7039804B080BD00008C
:10B8300080B584B002900191029800900390019A23
:10B8400011685268426001600199896881600199BC
:10B85000C968C160C068006848B1FFE70098C06867
:10B86000016801980068884700990860FFE703981D
:10B8700004B080BD80B586B0049003910498019017
:10B880000590083000F002F900F04AF90199C8600B
:10B890000398FFF711FF78B1FFE700F0CBF80199AB
:10B8A00002900298886000F061F901460198C16039
:10B8B000039900F0F5F8FFE7059806B080BD000099
:10B8C00080B586B0049003910498019005900830EB
:10B8D00000F0DCF800F024F90199C8600398FFF744
:10B8E000F1FE78B1FFE700F0B1F8019902900298FB
:10B8F000886000F041F901460198C160039900F0A9
:10B90000DFF8FFE7059806B080BD000080B586B07F
:10B9100004900391049801900590083000F0B6F867
:10B9200000F0FEF80199C8600398FFF7D7FE78B1E0
:10B93000FFE700F097F8019902900298886000F004
:10B9400027F901460198C160039900F0D9F8FFE793
:10B95000059806B080BD000080B584B002900298C2
:10B9600001900390C068406830B1FFE70199086812
:10B97000C96849688847FFE7039804B080BD0000A4
:10B9800080B584B0039002910398019001980299C8
:10B9900000F0ACF804B080BD82B00190009100F0DE
:10B9A000C9FC000080B582B04BF68111C0F60001E1
:10B9B00001A800F003F8019802B080BD82B00190A8
:10B9C000009101980099016002B0704781B0009029
:10B9D00000984BF69911C0F60001016001B0704764
:10B9E00080B584B003900291039801900198029968
:10B9F00000F05CF804B080BD80B584B00390029183
:10BA0000039801900198029900F060F804B080BD9D
:10BA100080B584B003900291039801900198029937
:10BA200000F074F804B080BD82B00190009100F085
:10BA300081FC000080B582B04BF6E111C0F6000138
:10BA400001A800F01BF8019802B080BD80B582B05B
:10BA50004BF6F911C0F6000101A800F00FF80198AB
:10BA600002B080BD80B582B04BF61121C0F6000156
:10BA700001A800F003F8019802B080BD82B00190E7
:10BA8000009101980099016002B0704781B0009068
:10BA900000984BF62921C0F60001016001B0704703
:10BAA00082B001900091019802B0704780B582B0D9
:10BAB000019000910198009900F058FC02B080BDFF
:10BAC00082B001900091019802B0704780B582B0B9
:10BAD000019000910198009900F052FC02B080BDE5
:10BAE00082B001900091019802B0704780B582B099
:10BAF000019000910198009900F04CFC02B080BDCB
:10BB000082B001900091019802B0704780B582B078
:10BB1000019000910198009900F046FC02B080BDB0
:10BB200042F22800C0F601007047000081B042F2E6
:10BB30003800C0F6010001B07047000081B042F249
:10BB40004800C0F6010001B07047000081B042F229
:10BB50005800C0F6010001B07047000081B042F209
:10BB60006800C0F6010001B07047000080B582B0E7
:10BB7000FFF7DCFF02B080BD80B582B0FFF7DEFFCB
:10BB800002B080BD80B582B0FFF7E0FF02B080BD9B
:10BB900080B582B0FFF7E2FF02B080BD82B00190B5
:10BBA000009101980099016002B0704781B0009047
:10BBB000009801681031016001B0704782B00190B7
:10BBC000009101980099016002B0704781B0009027
:10BBD000009801681031016001B0704781B0009099
:10BBE000009801B07047000081B00090009801B04B
:10BBF0007047000080B584B00390029103980299C9
:10BC000000F002F804B080BD80B586B004900391C6
:10BC100004980290FFE702990398896888420FD040
:10BC2000FFE7029800F018F8029901908868103830
:10BC30008860FFF7D3FF0146019800F037F9EAE783
:10BC400006B080BD80B582B0019001984168FFF7D1
:10BC5000D1FF02B080BD000080B582B00190019894
:10BC60000C3000F0ABF902B080BD000080B582B0AE
:10BC7000019001980C3000F099F902B080BD0000ED
:10BC800080B58AB0089007910692059308980190B4
:10BC900009900C3000210491059A04A900F098F94C
:10BCA000079820B9FFE70199002008600DE001988E
:10BCB000FFF7D2FF0146079A02A800F0F9F90199AF
:10BCC0000298086003980790FFE701980168069AB8
:10BCD00001EB0211816041600168079A01EB0211DA
:10BCE0000091FFF7C3FF01460098086009980AB069
:10BCF00080BD000080B586B0049004980390059044
:10BD0000FFF7A0FF0398006880B1FFE70398FFF7F3
:10BD1000A3FF01460398029101680191FFF7F6FA2B
:10BD200001990246029800F0B5F8FFE7059806B0C1
:10BD300080BD000080B584B0039002910398029901
:10BD400000F002F804B080BD80B586B00490039185
:10BD500004980290FFE702990398896888420FD0FF
:10BD6000FFE7029800F018F80299019088681038EF
:10BD70008860FFF739FF0146019800F0CDF8EAE747
:10BD800006B080BD80B582B0019001984168FFF790
:10BD9000D1FF02B080BD000080B582B00190019853
:10BDA0000C3000F04FF902B080BD000080B582B0C9
:10BDB000019001980C3000F03DF902B080BD000008
:10BDC00080B58AB008900791069205930898019073
:10BDD00009900C3000210491059A04A900F03CF967
:10BDE000079820B9FFE70199002008600DE001984D
:10BDF000FFF7D2FF0146079A02A800F069F90199FE
:10BE00000298086003980790FFE701980168069A76
:10BE100001EB0211816041600168079A01EB021198
:10BE20000091FFF7C3FF01460098086009980AB027
:10BE300080BD000080B586B0049004980390059002
:10BE4000FFF7A0FF0398006880B1FFE70398FFF7B2
:10BE5000A3FF01460398029101680191FFF76EFA72
:10BE600001990246029800F04BF8FFE7059806B0EA
:10BE700080BD000080B500F039FA80BD81B000902F
:10BE8000009801B07047000081B00090009801B0A8
:10BE90007047000080B584B003900291019203982E
:10BEA0000299019A00F0EEFF04B080BD80B582B027
:10BEB000019000910198009900F0F2FF02B080BD5E
:10BEC00080B582B001900198FFF7EAFB02B080BD17
:10BED00080B584B003900291019203980299019A6F
:10BEE00001F000F804B080BD80B584B003900291E9
:10BEF000019203980299019A01F000F804B080BD04
:10BF000080B584B003900291019203980299019A3E
:10BF100001F00AF804B080BD80B582B001900091B4
:10BF20000198009901F00EF802B080BD80B582B092
:10BF300001900198FFF7BAFB02B080BD80B584B0D4
:10BF400003900291019203980299019A01F01CF862
:10BF500004B080BD80B584B0039002910192039833
:10BF60000299019A01F01CF804B080BD80B582B03E
:10BF70000190019800F04AF902B080BD80B582B00E
:10BF80000190019800F022F902B080BD80B586B022
:10BF900005900491039205980190049900F03CF9F2
:10BFA000019800F019F9019806B080BD80B582B003
:10BFB0000190019800F02AF902B080BD80B582B0EE
:10BFC00001900198043000F03DF902B080BD0000FE
:10BFD00080B584B003900291019203980090029979
:10BFE00000F01AF900980430019900F031F9009836
:10BFF00004B080BD80B582B00190019800F014F9C2
:10C0000002B080BD80B582B00190019800F0EEF8DA
:10C0100002B080BD80B586B005900491039205986A
:10C020000190049900F006F9019800F0E5F80198F4
:10C0300006B080BD80B582B00190019800F0F4F8A0
:10C0400002B080BD80B582B001900198043000F04C
:10C0500007F902B080BD000080B584B00390029162
:10C06000019203980090029900F0E4F800980430DF
:10C07000019900F0FBF8009804B080BD80B584B051
:10C0800002900191019800F035F940B1FFE7019865
:10C0900000900298009900F08FF8039004E0029855
:10C0A00000F082F80390FFE7039804B080BD000021
:10C0B00080B584B00190039102920398029900F038
:10C0C000F9FE019908600298486004B080BD000044
:10C0D00080B584B00190039102920398029900F018
:10C0E0003BFF019908600298486004B080BD0000E1
:10C0F00080B584B0039002910192FFE70298019904
:10C1000088420ED0FFE7039800900298FFF766FD83
:10C1100001460098FFF7CAFEFFE702981030029030
:10C12000ECE704B080BD000080B584B003900291BC
:10C130000192FFE70298019988420ED0FFE7039829
:10C1400000900298FFF750FD01460098FFF7E4FECB
:10C15000FFE7029810300290ECE704B080BD0000C9
:10C1600080B584B0039002910192019800F0C2F86A
:10C1700040B1FFE70198009003980299009A00F0FF
:10C18000E9F804E00398029900F0DAF8FFE704B058
:10C1900080BD000082B00190019942F2A910C0F662
:10C1A000010000F06BF8000080B582B001900198AA
:10C1B00004F080FB02B080BD80B582B00190009198
:10C1C0000198009904F07FFB02B080BD81B000901F
:10C1D000009801B07047000080B584B002900298CA
:10C1E000019000F097FE019804B080BD81B00090EE
:10C1F000009801B07047000080B584B002900298AA
:10C20000019000F0D9FE019804B080BD81B000908B
:10C21000009801B07047000082B001900091019831
:10C220000021016002B0704781B00090009801B019
:10C230007047000082B001900091019800210160D8
:10C2400002B0704781B000900098006801B070475C
:10C2500082B00190009101980099016002B070478E
:10C2600081B000900098006801B0704782B00190E2
:10C27000009101980099016002B0704784B0844633
:10C2800001A80EC040F2E80001AAC2F20000614617
:10C290000092F4F787FAF4F78AFA000080B588B0C4
:10C2A00007900693059204910499059A069B0393BF
:10C2B000029201910199029A039B00F0A3F808B041
:10C2C00080BD000080B588B0079006930592049168
:10C2D0000499059A069B0393029201910199029A8F
:10C2E000039B00F0A7F808B080BD00006FF000408D
:10C2F0007047000081B0009000990020082988BF95
:10C30000012001B07047000080B582B0019000911B
:10C310000198009900F034FF02B080BD80B584B070
:10C3200003900291019203980299019A00F02AFF6A
:10C3300004B080BD42F22320C0F60100FFF79EFF4B
:10C3400080B582B00190009101980099FFF7DCFF61
:10C3500002B080BD80B584B0039002910192039831
:10C360000299019AFFF7DAFF04B080BD80B582B070
:10C37000019000910198009900F0E8FC02B080BDA6
:10C3800080B582B0019000910198009900F0E8FC1E
:10C3900002B080BD80B582B00190009101980099F3
:10C3A00000F0E8FC02B080BD80B582B00190009141
:10C3B0000198009900F0E8FC02B080BD84B00390C1
:10C3C00002910192009303980299016001994160E2
:10C3D0000099816004B0704784B00390029101928B
:10C3E000009303980299016001994160009981606E
:10C3F00004B0704781B0009000990120087001B02E
:10C400007047000084B0039302920191009000985D
:10C410000021017004B0704781B00090009801B015
:10C420007047000081B0009000990120087001B0B1
:10C430007047000084B0039302920191009000982D
:10C440000021017004B0704781B00090009801B0E5
:10C450007047000080B58CB00B900A910992089348
:10C46000089807900B9903A807AA08ABFFF7A6FF47
:10C470000399049A059B0DF11B00FFF70FFF0A9823
:10C480000290FFE70298099988420CD0FFE70B98C9
:10C490000899029AFFF728FD029810300290089838
:10C4A00010300890EEE70DF11B000190FFF7A2FF9E
:10C4B0000B980A99099AFFF71BFE0198FFF7ACFF4A
:10C4C0000CB080BD80B58CB00B900A910992089396
:10C4D000089807900B9903A807AA08ABFFF77CFF01
:10C4E0000399049A059B0DF11B00FFF7EBFE0A98D8
:10C4F0000290FFE70298099988420CD0FFE70B9859
:10C500000899029AFFF726FD0298103002900898C9
:10C5100010300890EEE70DF11B000190FFF782FF4D
:10C520000B980A99099AFFF7FFFD0198FFF78CFF16
:10C530000CB080BD80B584B003900291039802993D
:10C5400000F002F804B080BD80B584B00290019183
:10C550000299019A0DF10F00FEF764FF18B1FFE791
:10C560000198009002E002980090FFE7009804B064
:10C5700080BD000080B584B00390029103980299B9
:10C5800000F002F804B080BD80B584B00290019143
:10C590000299019A0DF10F00FEF752FF18B1FFE763
:10C5A0000198009002E002980090FFE7009804B024
:10C5B00080BD000080B584B0039002910398029979
:10C5C00000F002F804B080BD80B584B00290019103
:10C5D0000199029A0DF10F00FEF724FF18B1FFE751
:10C5E0000198009002E002980090FFE7009804B0E4
:10C5F00080BD000080B584B0039002910398029939
:10C6000000F002F804B080BD80B584B002900191C2
:10C610000199029A0DF10F00FEF712FF18B1FFE722
:10C620000198009002E002980090FFE7009804B0A3
:10C6300080BD000083B002900191029800680090D4
:10C64000019800680299086000980199086003B099
:10C650007047000083B0029001910298006800903A
:10C66000019800680299086000980199086003B079
:10C670007047000080B584B0039002910192039846
:10C680000299019A00F002F804B080BD80B586B02E
:10C690000490039102920499039A0DF11700FEF79A
:10C6A000ADFE18B1FFE70398019010E00299049ADB
:10C6B0000DF11700FEF7A2FE18B1FFE702980090F7
:10C6C00002E004980090FFE700980190FFE70198CE
:10C6D00006B080BD80B584B002900191019903A895
:10C6E000FFF75CFA039804B080BD000082B00190AF
:10C6F000009101980099016002B0704780B584B044
:10C7000003900398029000680068D0B1FFE7029898
:10C71000006800F021F902980068FEF7D3FE029845
:10C72000006800F00FF90146029801910068016865
:10C730000091FEF7E7FE009902460198FFF7AAFB79
:10C74000FFE704B080BD000083B002900191009229
:10C75000029801990160019949684160019949680D
:10C76000009A01EB0211816003B0704781B0009024
:10C77000009802684168516001B0704780B58EB082
:10C780000D900C910D98039000F0DCF80146039891
:10C790000B91FEF7A3FE014603980131FEF760FE00
:10C7A000014603980191FEF799FE019902460B9B01
:10C7B00006A80490FFF764FA0B9802900898FFF718
:10C7C0000DFA014602980C9AFFF782FB0398049930
:10C7D000089A1032089200F04BF8039904984968BF
:10C7E0000591FFF787FA05980EB080BD80B586B039
:10C7F000059004910598029040680390FFE7049823
:10C80000039988420ED0FFE7029800F09BF8019050
:10C81000039810380390FFF7E1F901460198FFF7FC
:10C8200045FBECE702990498486006B080BD000023
:10C8300080B588B0079006910799009103A80290EF
:10C840000122FFF781FF009800F07CF80190049826
:10C85000FFF7C4F901460198069AFFF739FB0298E1
:10C86000049910310491FFF781FF08B080BD0000EA
:10C8700080B58AB00990089109980690FEF722FECB
:10C88000069808994968024652F8043F04920268E3
:10C89000D21A1144079100F055F801460698039109
:10C8A0000068FFF79BF90146049801910068FFF7C3
:10C8B00095F902900798FFF791F90199029A0346BA
:10C8C0000398FFF7C7FD049A06980799089B5960DB
:10C8D0000168116008990431FFF7ACFE04980899CB
:10C8E0000831FFF7A7FE069800F040F80590089879
:10C8F000FFF7BCF901460598FFF79CFE0698089AD9
:10C9000051681160FEF7EAFD01460698FEF7D4FD76
:10C910000AB080BD80B582B0009000984168FFF7F2
:10C92000D9FE0190019802B080BD000080B582B0B0
:10C93000009000980168FFF7CDFE0190019802B0C9
:10C9400080BD000080B582B0019001980830FFF7EB
:10C9500015FB02B080BD000080B582B00190019847
:10C960000168FFF743FF02B080BD000080B582B0D0
:10C97000019001980830FFF7F9FA02B080BD00007D
:10C9800080B586B0059004910598019041680391A7
:10C9900003990291FFF7EAFF01460298096888426D
:10C9A00008D2FFE701980499FFF742FF039810307F
:10C9B000039005E001980499FFF7E0FE0390FFE77C
:10C9C00001990398486006B080BD000080B584B02E
:10C9D00003900398009000210160416008300291AB
:10C9E00002A90DF10702FFF7D1FA009804B080BD4B
:10C9F00080B584B003900399019102A80090FFF7DD
:10CA000075FE0098FFF77AFE019804B080BD000023
:10CA100080B584B002900191019903A8FFF7CEF888
:10CA2000039804B080BD000082B00190009101988D
:10CA30000099016002B0704780B584B003900398FC
:10CA4000029000680068D0B1FFE70298006800F02B
:10CA500021F902980068FEF7B3FD0298006800F023
:10CA60000FF9014602980191006801680091FEF7F4
:10CA7000C7FD009902460198FFF742FAFFE704B0AC
:10CA800080BD000083B0029001910092029801994C
:10CA9000016001994968416001994968009A01EB78
:10CAA0000211816003B0704781B000900098026865
:10CAB0004168516001B0704780B58EB00D900C9107
:10CAC0000D98039000F0DCF8014603980B91FEF7F7
:10CAD00083FD014603980131FEF740FD01460398AE
:10CAE0000191FEF779FD019902460B9B06A804907F
:10CAF000FFF766F90B9802900898FFF775F8014662
:10CB000002980C9AFFF71AFA03980499089A1032BF
:10CB1000089200F04BF80399049849680591FFF7D3
:10CB200089F905980EB080BD80B586B00590049156
:10CB30000598029040680390FFE7049803998842A3
:10CB40000ED0FFE7029800F09BF801900398103890
:10CB50000390FFF749F801460198FFF7DDF9ECE78C
:10CB600002990498486006B080BD000080B588B086
:10CB7000079006910799009103A802900122FFF700
:10CB800081FF009800F07CF801900498FFF72CF8E2
:10CB900001460198069AFFF7D1F9029804991031DD
:10CBA0000491FFF781FF08B080BD000080B58AB016
:10CBB0000990089109980690FEF702FD06980899D9
:10CBC0004968024652F8043F04920268D21A11449E
:10CBD000079100F055F80146069803910068FFF7A9
:10CBE00003F80146049801910068FEF7FDFF0290EA
:10CBF0000798FEF7F9FF0199029A03460398FFF799
:10CC000061FC049A06980799089B596001681160B5
:10CC100008990431FFF71EFD049808990831FFF7C1
:10CC200019FD069800F040F805900898FFF7BEF847
:10CC300001460598FFF70EFD0698089A51681160A5
:10CC4000FEF7CAFC01460698FEF7B4FC0AB080BDA8
:10CC500080B582B0009000984168FFF7D9FE01903E
:10CC6000019802B080BD000080B582B000900098AD
:10CC70000168FFF7CDFE0190019802B080BD000071
:10CC800080B582B0019001980830FFF7BBF902B07F
:10CC900080BD000080B582B0019001980168FFF767
:10CCA00043FF02B080BD000080B582B001900198C2
:10CCB0000830FFF79FF902B080BD000080B586B054
:10CCC00005900491059801904168039103990291A0
:10CCD000FFF7EAFF014602980968884208D2FFE799
:10CCE00001980499FFF742FF03981030039005E084
:10CCF00001980499FFF7E0FE0390FFE7019903987C
:10CD0000486006B080BD000080B584B003900398F1
:10CD100000900021016041600830029102A90DF1EC
:10CD20000702FFF777F9009804B080BD80B584B0A2
:10CD300003900399019102A80090FFF775FE0098F7
:10CD4000FFF77AFE019804B080BD000080B582B084
:10CD5000019000910198009900F0A0F902B080BD07
:10CD600080B582B0019000910198009900F0C0F95F
:10CD700002B080BD80B582B0019000910198009909
:10CD800000F0CEF902B080BD80B582B00190009174
:10CD90000198009900F0D8F902B080BD80B584B048
:10CDA00003900291039801900299FEF79DFC01986F
:10CDB00004B080BD80B584B00390029103980190C7
:10CDC0000299FEF7B5FC019804B080BD80B584B02F
:10CDD0000290029801900DF10F01FEF7CBFC019833
:10CDE00004B080BD80B582B0019001980090FEF73C
:10CDF000E7FC009802B080BD80B584B0039002913A
:10CE0000039801900299FEF7EFFC019804B080BDF1
:10CE100080B584B003900291039801900299FEF7C7
:10CE200007FD019804B080BD80B584B002900298DF
:10CE300001900DF10F01FEF71DFD019804B080BDBA
:10CE400080B584B00290029801900DF10F01FEF7B9
:10CE500037FD019804B080BD80B584B0029002987F
:10CE600001900DF10F01FEF751FD019804B080BD56
:10CE700080B582B0019001980090FEF76DFD00989A
:10CE800002B080BD80B584B00390029101920298F7
:10CE9000019909010422FFF763F904B080BD000085
:10CEA00080B582B0019000910098FFF79BFF02B01F
:10CEB00080BD000080B584B0039002910398029970
:10CEC0000191FEF7FDFF01460198884202D9FFE774
:10CED00000F0DEF8029800010421FFF7CFF804B05B
:10CEE00080BD000080B584B0039002910192029849
:10CEF0000199FFF75FFF04B080BD000080B584B0EA
:10CF000003900291019202980199FFF747FF04B044
:10CF100080BD000080B582B0019001980090FEF7BE
:10CF2000ADFF009802B080BD80B584B0039002913F
:10CF300001920298019909010422FFF711F904B046
:10CF400080BD000080B582B0019000910098FFF78D
:10CF50008FFF02B080BD000080B584B003900291C5
:10CF6000039802990191FEF7E1FF0146019888427A
:10CF700002D9FFE700F08CF8029800010421FFF7C6
:10CF80007DF804B080BD000080B584B003900291AC
:10CF9000019202980199FFF73BFF04B080BD0000A9
:10CFA00080B584B003900291019202980199FFF735
:10CFB00023FF04B080BD000080B582B001900198CD
:10CFC0000090FEF761FF009802B080BD80B584B08C
:10CFD000039002910398FEF781F901900298FEF701
:10CFE0007DF901460198401AB0FA80F0400904B07A
:10CFF00080BD000080B584B0039002910398FEF7D5
:10D0000079F901900298FEF775F901460198401AE6
:10D01000B0FA80F0400904B080BD000080B582B055
:10D020000190009101980099FFF7D0FF80F0010076
:10D0300002B080BD80B582B0019000910198009946
:10D04000FFF7D8FF80F0010002B080BD40F2F86029
:10D05000C2F200000068704701A0FFF70FF900BF9F
:10D060006261645F616C6C6F6320776173207468C8
:10D07000726F776E20696E202D666E6F2D657863F6
:10D08000657074696F6E73206D6F646500000000D9
:10D0900042F2EB10C0F60100FFF7F0F880B584B063
:10D0A000039002910298808801281EDBFFE7029816
:10D0B0000068D0B1FFE70020ADF80600FFE7BDF83B
:10D0C00006000299898888420EDAFFE70298006814
:10D0D000BDF80610405CFAF76FFEFFE7BDF80600EA
:10D0E0000130ADF80600EAE7FFE704B080BD0000BC
:10D0F00080B582B0019000910098808812280DD1EF
:10D10000FFE70098006848B1FFE70098016840F227
:10D11000B010C2F20000FCF709FAFFE702B080BDD0
:10D1200080B582B001900091009940F23820C2F29F
:10D130000000FCF725FC009940F2FC40C2F2000020
:10D14000FDF778FE02B080BD80B582B001900091FD
:10D15000009880880C280DD1FFE70098006848B13E
:10D16000FFE70098016840F2FC40C2F20000FDF7C2
:10D17000A3FEFFE702B080BDF3F78BBAF3F789BADD
:10D18000FFF7FABF1146FFF7F9BF000081B08DF835
:10D1900003009DF9030000280ED4FFE79DF903105A
:10D1A00001F01F02012090404A094EF20011CEF218
:10D1B000000141F82200FFE701B070474EF60C5025
:10D1C000CEF200000068C0F30220704782B08DF8F4
:10D1D000070000919DF9070000280AD4FFE7009896
:10D1E00000019DF907104EF20042CEF20002885471
:10D1F0000BE0009800019DF8071001F00F014EF6BA
:10D200001452CEF200028854FFE702B070470000CB
:10D2100082B08DF8070000919DF9070000280AD41C
:10D22000FFE7009800019DF907104EF20042CEF290
:10D23000000288540BE0009800019DF8071001F0EF
:10D240000F014EF61452CEF200028854FFE702B0EE
:10D250007047000083B00290029800F00700009031
:10D260004EF60C51CEF200010868019001984FF67D
:10D27000FF02104001900198009A40EA022000222B
:10D28000C0F2FA52104301900198086003B0704751
:10D2900001A000F0E9F800BF507572652076697250
:10D2A0007475616C2066756E6374696F6E2063615E
:10D2B0006C6C65642100000080B540F21870C2F209
:10D2C00000004FF47A71FBF77DFF80BD80B540F61A
:10D2D000BC40C2F20000FBF769FB80BD80B582B0A4
:10D2E00001208DF8040002208DF8050003208DF840
:10D2F000060004208DF8070040F23820C2F200003A
:10D3000001AA4FF400731946FCF702FE02B080BD7B
:10D3100080B540F2B010C2F200006421FCF708FAB8
:10D3200080BD000080B540F6E430C2F20000FBF79B
:10D33000D7FE80BD80B582B040F68C30C2F20000CE
:10D3400001909FED090ADFED090AFBF725FE01991F
:10D3500049F21D00C0F6000040F20002C0F60002D3
:10D36000F3F784F802B080BDBA498C3E9A99993D92
:10D3700080B588B046F23400C2F200000190B2EEEF
:10D380000E0A8DED020ADFED240ACDED030A9FEDB2
:10D39000231A8DED041ADFED221ACDED051A9FED4B
:10D3A000212A8DED062ADFED202ACDED072AFBF795
:10D3B000B3FC01989DED020ADDED030A9DED041A10
:10D3C000DDED051A9DED062ADDED072A4030FBF75D
:10D3D000A3FC01989DED020ADDED030A9DED041A00
:10D3E000DDED051A9DED062ADDED072A8030FBF7FD
:10D3F00093FC01989DED020ADDED030A9DED041AF0
:10D40000DDED051A9DED062ADDED072AC030FBF79C
:10D4100083FC08B080BD00BF295C8F3D0000000088
:10D420000002804600401C450000484380B540F69D
:10D430007C40C2F200009FED070A9FED071ADFED66
:10D44000071A9FED072ADFED072AF0EE410AFBF7E6
:10D4500063FC80BD00002042000000000002804606
:10D4600000401C4500004843F3F7A1F980B584B0A3
:10D47000002001900390F6F705FDF9F71BFBF9F783
:10D48000FDF8F9F737F8F8F7E5FFF9F70BF8F9F7D2
:10D49000DDF9F9F75DF9F9F7FFF9F9F797F9F9F718
:10D4A000B5F940F6DC10C2F200000290F7F7EAFB93
:10D4B00001990298F7F7CCFE00F020F8F9F778F818
:10D4C00000F040F8FFE7FEE780B584B00290EFF38C
:10D4D00005800390039820B1FFE76FF005000190ED
:10D4E00009E000200190029820B1FFE7029801F0C6
:10D4F000DBFBFFE7FFE7019804B080BD82B0EFF3EC
:10D5000005800190019820B1FFE76FF005000090C1
:10D5100014E040F23420C2F20000006848B9FFE78E
:10D5200040F23421C2F20001012008600020009086
:10D5300003E04FF0FF300090FFE7FFE7009802B0F4
:10D540007047000080B582B0EFF30580019001982C
:10D5500020B1FFE76FF00500009019E040F23420A1
:10D56000C2F20000006801280DD1FFE7F9F782FA46
:10D5700040F23421C2F200010220086001F032FCC6
:10D580000020009003E04FF0FF300090FFE7FFE73E
:10D59000009802B080BD0000B0B58EB00B900A912B
:10D5A000099200200690EFF305800D900D98002859
:10D5B00040F09980FFE70B98002800F09480FFE787
:10D5C0008020079018200590002008904FF0FF3031
:10D5D0000490099800284DD0FFE70998006820B111
:10D5E000FFE7099800680890FFE70998806920B173
:10D5F000FFE7099880690590FFE7059848B1FFE7C4
:10D600000598382805D8FFE709980079C00718B1B0
:10D61000FFE700200C9069E00998406928B1FFE716
:10D620000998406980080790FFE70998806880B1F1
:10D63000FFE70998C0685C280BD3FFE709980069E9
:10D6400038B1FFE70998406918B1FFE7012004905D
:10D650000FE00998806858B9FFE70998C06838B9A1
:10D66000FFE70998006918B9FFE700200490FFE779
:10D67000FFE702E000200490FFE70498012817D19B
:10D68000FFE70B980899079A0A9BDDF814C0DDF8AC
:10D6900024E0DEF80850DEF81040EE46CEF80850E0
:10D6A000CEF80440CEF800C002F088F9069019E0E8
:10D6B0000498B0B9FFE70B980899BDF81C200A9BA5
:10D6C000DDF814C0EE4606ACCEF80440CEF800C03B
:10D6D00002F024F9012803D0FFE700200690FFE7BD
:10D6E000FFE7FFE7FFE706980C90FFE70C980EB006
:10D6F000B0BD000080B584B00390029146F23020A6
:10D70000C2F200000068009040F6B860C2F200006B
:10D710000068043001F080F808B9FFE700E0FFE797
:10D720000398013080B9FFE7029868B1FFE740F63F
:10D73000B860C2F200000068011D46F20820C2F283
:10D74000000001F00FF93DE00098039908440190B2
:10D75000019840F6B861C2F200010968486001987A
:10D76000009988420ED2FFE740F6C860C2F200007E
:10D77000006840F6B861C2F200010968043101F0A6
:10D78000BBF81EE040F6C060C2F20000006840F640
:10D79000B861C2F200010968043101F0ADF80198E6
:10D7A00046F29411C2F200010968884207D2FFE7ED
:10D7B000019846F29411C2F20001086000E0FFE710
:10D7C000FFE7FFE704B080BD80B582B0019001F0B3
:10D7D000F1F845F66811C2F20001086801300860EE
:10D7E00040F6B860C2F20000006898B9FFE70198FF
:10D7F00040F6B861C2F20001086045F66810C2F256
:10D8000000000068012803D1FFE700F0F7FA00E00C
:10D81000FFE71CE046F2FC10C2F200000068A0B96D
:10D82000FFE740F6B860C2F200000068C06A0199E4
:10D83000C96A884207D8FFE7019840F6B861C2F28A
:10D840000001086000E0FFE700E0FFE7FFE745F6C2
:10D850007410C2F200000168013101600068019992
:10D8600048640198C06A45F67811C2F2000109685F
:10D87000884208D9FFE70198C06A45F67811C2F2DC
:10D8800000010860FFE70199C86A00EB800240F6DA
:10D89000D060C2F2000000EB8200043101F062F8B7
:10D8A00001F0B4F846F2FC10C2F200000068C8B102
:10D8B000FFE740F6B860C2F200000068C06A019954
:10D8C000C96A88420CD2FFE74EF60451CEF200013D
:10D8D0004FF080500860BFF34F8FBFF36F8F00E0B1
:10D8E000FFE700E0FFE702B080BD000080B584B034
:10D8F00001F060F846F23420C2F20000006800280F
:10D9000040D1FFE746F23410C2F20000029000F06E
:10D91000D3FF46F24810C2F20000039000F0CCFFA3
:10D920000299039840F6BC62C2F20002116040F610
:10D93000CC61C2F20001086069460020086040F630
:10D94000C452C2F2000240F66463C2F200030A202D
:10D95000102101F0EDFB014646F23420C2F2000036
:10D960000160006860B1FFE746F23420C2F20000B7
:10D97000006842F29C11C0F6010101F039F900E0A3
:10D98000FFE700E0FFE701F041F804B080BD0000D0
:10D9900080B582B0FFE745F66C10C2F20000006867
:10D9A00008B3FFE701F006F846F21C20C2F20000BF
:10D9B000C068C06801900198043000F02DFF45F662
:10D9C0006811C2F2000108680138086045F66C1160
:10D9D000C2F2000108680138086001F017F80198E8
:10D9E00000F08CF8D7E702B080BD000080B582B0AF
:10D9F000019000910198006CB8B1FFE70199C868E7
:10DA00000A6C1044C86001988168C068884204D3D9
:10DA1000FFE701990868C86000E0FFE70098019AF5
:10DA2000D168126CF2F746FDFFE702B080BD00003E
:10DA300080B586B00590049103920020029005986D
:10DA4000806B01900598006C78B9FFE70598006835
:10DA500048B9FFE70598806802F020F9029005991F
:10DA60000020886000E0FFE741E00398B8B9FFE7D5
:10DA7000059A04995068126CF2F71CFD05994868E4
:10DA80000A6C10444860059948688968884204D344
:10DA9000FFE705990868486000E0FFE726E0059A7F
:10DAA0000499D068126CF2F705FD0599C8680A6CF4
:10DAB000801AC86005980168C068884206D2FFE7EE
:10DAC000059988680A6C801AC86000E0FFE703982F
:10DAD000022809D1FFE7019820B1FFE7019801383A
:10DAE000019000E0FFE700E0FFE7FFE7FFE70198B4
:10DAF000013005998863029806B080BD80B582B078
:10DB00000090009890F8590040B9FFE70098006B2A
:10DB100000F0A2FF009800F09FFF1CE0009890F832
:10DB20005900012804D1FFE7009800F095FF11E0AB
:10DB3000009890F8590002280BD0FFE74FF05000F2
:10DB400080F31188BFF36F8FBFF34F8F0190FFE712
:10DB5000FEE7FFE7FFE702B080BD000082B0019062
:10DB600040F6BC60C2F2000000680068B0FA80F0C5
:10DB70004009019908600198006848B9FFE740F63C
:10DB8000BC60C2F200000068C0680068009002E05B
:10DB900000200090FFE7009802B0704784B04FF477
:10DBA0007050009041F65C50C2F2000001909DF868
:10DBB0000400400788B1FFE7019807300190019801
:10DBC00020F007000190019A41F65C51C2F2000179
:10DBD0000098891A08440090FFE701980290029982
:10DBE00046F20020C2F2000001600021416002986C
:10DBF000009A10440190019808380190019820F093
:10DC000007000190019A40F6C460C2F20000026071
:10DC10000268516002681160029903910199039AA8
:10DC2000891A51600068039908600398406846F2B9
:10DC30009011C2F2000108600398406846F2881112
:10DC4000C2F20001086046F25C11C2F200014FF01E
:10DC50000040086004B0704780B582B00190FFE7D3
:10DC6000FFF796FE40F6D060C2F20000006802287E
:10DC70000CD3FFE74EF60451CEF200014FF0805076
:10DC80000860BFF34F8FBFF36F8F00E0FFE7E7E758
:10DC900080B584B0DDF818C00390029101928DF830
:10DCA0000330029818B9FFE70698006003E0019876
:10DCB00006990860FFE703980699C86302980699D9
:10DCC00008640698012101F0BBFA9DF8030006994B
:10DCD00081F84C0004B080BD80B588B0DDF834C058
:10DCE000DDF830C0DDF82CC0DDF828C006900591C5
:10DCF000049203930C98006B04998900A522F2F713
:10DD000050FC0C98006B049900EB810004380290E1
:10DD1000029820F0070002909DF80800400758B1D3
:10DD2000FFE74FF0500080F31188BFF36F8FBFF310
:10DD30004F8F0790FFE7FEE70598F8B1FFE7002057
:10DD40000190FFE701980F2813D8FFE70598019A83
:10DD5000805C0C99114481F8340005980199405C6D
:10DD600008B9FFE705E0FFE7FFE701980130019000
:10DD7000E8E70C99002081F8430004E00C990020AA
:10DD800081F83400FFE70A98382803D3FFE73720EB
:10DD90000A9000E0FFE70A980C99C8620A980C996B
:10DDA000C8640C990020009008650C98043000F0BD
:10DDB0009BFD0C98183000F097FD00980C990961B4
:10DDC0000A99C1F138010C9A91610C9949620C9938
:10DDD00048650C9981F8580002980699039A00F05A
:10DDE000D1FC0C9908600B9820B1FFE70C980B99B7
:10DDF000086000E0FFE708B080BD000080B584B097
:10DE000000200390FFE70398372810D8FFE7039816
:10DE100000EB800140F6D060C2F2000000EB810010
:10DE200000F04AFDFFE7039801300390EBE746F26C
:10DE30006010C2F20000019000F03EFD46F2741046
:10DE4000C2F20000029000F037FD46F2A810C2F2C4
:10DE5000000000F031FD46F21C20C2F2000000F08C
:10DE60002BFD46F20820C2F2000000F025FD0199CA
:10DE7000029840F6C062C2F20002116040F6C8612A
:10DE8000C2F20001086004B080BD000083B00290BF
:10DE900046F20020C2F200000190FFE701980068FE
:10DEA0000299884205D2FFE7FFE7019800680190D8
:10DEB000F4E7019800900098019949680844029994
:10DEC000884209D1FFE702984268019948681044E6
:10DED00048600198029000E0FFE7029800900098E7
:10DEE00002994968084401990968884220D1FFE7EE
:10DEF0000198006840F6C461C2F2000109688842D6
:10DF00000DD0FFE701980068426802994868104404
:10DF100048600198006800680299086007E040F6D0
:10DF2000C460C2F20000006802990860FFE704E0E4
:10DF30000198006802990860FFE7019802998842F9
:10DF400004D0FFE702980199086000E0FFE703B002
:10DF50007047000080B586B005900491039202934B
:10DF60000020019004980599486005980061049884
:10DF70000399884216D8FFE703980299401A059939
:10DF80008969884203D3FFE70120019009E040F648
:10DF9000CC60C2F2000000680599043100F0ACFCCE
:10DFA000FFE717E003980299884208D2FFE7049838
:10DFB0000299884203D3FFE70120019009E040F66F
:10DFC000BC60C2F2000000680599043100F094FCC6
:10DFD000FFE7FFE7019806B080BD000080B582B082
:10DFE000019000F0E7FC0198806B18B9FFE7012071
:10DFF000009002E000200090FFE700F007FD00988D
:10E0000002B080BD80B582B0019000F0D3FC0198D1
:10E01000806B0199C96B884203D1FFE70120009012
:10E0200002E000200090FFE700F0F0FC009802B052
:10E0300080BD000008480068006880F308884FF041
:10E04000000080F3148862B661B6BFF34F8FBFF350
:10E050006F8F00DF00BF000008ED00E080B586B0E4
:10E060000490039140F6BC60C2F200000068C068F2
:10E07000C06801900198043000F0CEFB019890F840
:10E0800028004007002823D5FFE70198049B8169F9
:10E090001944039AFFF75EFFC0B1FFE70198049AA5
:10E0A000694600230B60194601F0E4FF02900298D4
:10E0B00058B9FFE74FF0500080F31188BFF36F8F1E
:10E0C000BFF34F8F0590FFE7FEE700E0FFE707E0B3
:10E0D000019991F8280000F0FE0081F82800FFE780
:10E0E0000198016A884706B080BD000080B58EB0F7
:10E0F000FFE746F23420C2F20000006807A90022C0
:10E1000001F0B8FA002800F0B880FFE70798B0F1F6
:10E11000FF3F17DCFFE707A804300290029858B9C8
:10E12000FFE74FF0500080F31188BFF36F8FBFF30C
:10E130004F8F0D90FFE7FEE702990A6848688968EB
:10E14000904700E0FFE70798002800F19580FFE77F
:10E15000099806900698406928B1FFE706980430B0
:10E1600000F05AFB00E0FFE705A800F0FBF8039081
:10E1700007980190092800F27D800199DFE801F0FD
:10E180000505053D456605053D45069991F82800BC
:10E1900040F0010081F828000698089B8169194425
:10E1A000039AFFF7D7FE30B3FFE70698016A884766
:10E1B000069890F82800400700281AD5FFE706982F
:10E1C000089982690A44694600230B60194601F0E8
:10E1D00051FF0490049858B9FFE74FF0500080F3C6
:10E1E0001188BFF36F8FBFF34F8F0C90FFE7FEE7EF
:10E1F00000E0FFE700E0FFE73DE0069991F8280026
:10E2000000F0FE0081F8280035E0069991F828001A
:10E2100040F0010081F82800089806998861069866
:10E22000806958B9FFE74FF0500080F31188BFF3C1
:10E230006F8FBFF34F8F0B90FFE7FEE70698039BAE
:10E24000816919441A46FFF785FE14E0069890F894
:10E2500028008007002804D4FFE7069800F0FCFBA4
:10E2600007E0069991F8280000F0FE0081F82800E8
:10E27000FFE700E0FFE7FFE73BE70EB080BD0000EF
:10E2800080B584B00390029100F01CFE684600F057
:10E2900069F801900098D8BBFFE7029860B9FFE7E2
:10E2A00003980199884207D8FFE701F0D5FD03984C
:10E2B0000199FFF7D3FE2AE0029858B1FFE740F634
:10E2C000CC60C2F2000000680068B0FA80F040093B
:10E2D0000290FFE746F23420C2F200000068039982
:10E2E000019A891A029A00F0ADFC01F0B5FD60B9FF
:10E2F000FFE74EF60451CEF200014FF08050086067
:10E30000BFF34F8FBFF36F8F00E0FFE7FFE702E03F
:10E3100001F0A2FDFFE704B080BD000081B040F62F
:10E32000C060C2F200000068006840B9FFE746F232
:10E330009411C2F200014FF0FF3008600FE040F688
:10E34000C060C2F200000068C068C0680090009819
:10E35000406846F29411C2F200010860FFE701B084
:10E360007047000080B582B0019001F0ABFB0090D7
:10E37000009840F6B461C2F200010968884206D2F2
:10E38000FFE700F011F801990120086003E001990E
:10E3900000200860FFE7009840F6B461C2F2000177
:10E3A0000860009802B080BD80B588B0FFE740F6F5
:10E3B000BC60C2F200000068006800284ED0FFE791
:10E3C00040F6BC60C2F200000168C96809680691A5
:10E3D0000068C068C06803900398043000F01CFA1D
:10E3E0000398016A8847039890F82800400700289E
:10E3F00032D5FFE706980399896908440590059886
:10E40000069988420FD9FFE7059803994860039859
:10E41000006140F6BC60C2F200000068039904315C
:10E4200000F06AFA17E00398069A694600230B6029
:10E43000194601F01FFE0290029858B9FFE74FF00D
:10E44000500080F31188BFF36F8FBFF34F8F079099
:10E45000FFE7FEE7FFE700E0FFE7A8E740F6BC6262
:10E46000C2F200021068049040F6CC61C2F20001D2
:10E47000086810600498086008B080BD83B0002070
:10E48000009040F23800C2F200000068013058B13C
:10E49000FFE74FF0500080F31188BFF36F8FBFF399
:10E4A0004F8F0290FFE7FEE74FF0500080F3118896
:10E4B000BFF36F8FBFF34F8F0190FFE7009808B94C
:10E4C000FFE7FBE703B0704780B584B00390FFE738
:10E4D00001A8FFF743FB029002980199FFF7D0FED5
:10E4E000FFF704FEF4E7000080B582B0019000F071
:10E4F00061FA019890F845008DF80300FFE79DF957
:10E500000300012816DBFFE70198406A58B1FFE7D6
:10E510000198243001F038FC18B1FFE700F00EFC40
:10E5200000E0FFE700E005E09DF8030001388DF80A
:10E530000300E4E70199FF2081F8450000F066FA46
:10E5400000F038FA019890F844008DF80200FFE7D7
:10E550009DF90200012816DBFFE70198006980B1F0
:10E56000FFE70198103001F00FFC18B1FFE700F051
:10E57000E5FB00E0FFE79DF8020001388DF802009E
:10E5800000E000E0E4E70199FF2081F8440000F09A
:10E590003DFA02B080BD000080B58AB00690002030
:10E5A000029000F08FFC40F6C460C2F200000068E8
:10E5B00018B9FFE7FFF7F2FA00E0FFE7069846F226
:10E5C0005C11C2F200010968084240F0C580FFE713
:10E5D000069800B3FFE70698083006909DF81800EB
:10E5E0004007B0B1FFE7069820F00700083006901A
:10E5F0009DF81800400758B1FFE74FF0500080F336
:10E600001188BFF36F8FBFF34F8F0990FFE7FEE7CD
:10E6100000E0FFE700E0FFE70698002800F09A809E
:10E62000FFE7069846F28811C2F2000109688842A5
:10E6300000F29080FFE746F20020C2F20000049052
:10E6400000680590FFE705984168069A002091420E
:10E65000019007D2FFE705980068002818BF012045
:10E660000190FFE70198C00730B1FFE705980490DB
:10E67000059800680590E6E7059840F6C461C2F287
:10E6800000010968884263D0FFE7049800680830F9
:10E6900002900598006804990860059840680699FA
:10E6A000401A112821D3FFE70598069908440390E2
:10E6B0009DF80C00400758B1FFE74FF0500080F381
:10E6C0001188BFF36F8FBFF34F8F0890FFE7FEE70E
:10E6D000059840680699401A03994860069805997C
:10E6E00048600398FFF7D2FB00E0FFE70598426817
:10E6F00046F28810C2F200000168891A01600068C1
:10E7000046F29011C2F20001096888420BD2FFE77D
:10E7100046F28810C2F20000006846F29011C2F280
:10E720000001086000E0FFE746F25C10C2F2000062
:10E730000268059948681043486005990020086000
:10E7400046F29C11C2F2000108680130086000E046
:10E75000FFE700E0FFE700E0FFE701F07DFB9DF849
:10E760000800400758B1FFE74FF0500080F31188D0
:10E77000BFF36F8FBFF34F8F0790FFE7FEE702985D
:10E780000AB080BD83B002900191009202980438D3
:10E79000029002994FF0807008600298043802904D
:10E7A000019820F001000299086002980438029054
:10E7B00002994EF27D40C0F60000086002981438BD
:10E7C0000290009802990860029804380290029919
:10E7D0006FF002000860029820380290029803B09F
:10E7E0007047017809B1002070474178012903D0B2
:10E7F0008A0705D402224270481E18BF01207047C4
:10E8000080B542F25F20C0F60100FEF72DFE012127
:10E81000017041707047000082B00190019800695A
:10E82000009001984168806888600199486889680B
:10E830004860009840680199884205D1FFE7019837
:10E8400080680099486000E0FFE7019900200861B6
:10E8500000990868013808600098006802B07047A5
:10E8600083B0029001910092029945F67C30C2F289
:10E8700000000860019945F67C10C2F200000860B3
:10E8800000998020086003B07047000083B00290B8
:10E8900001910092029945F6D870C2F2000008601A
:10E8A000019945F6D830C2F20000086000994FF493
:10E8B0008070086003B0704781B00090009901F14A
:10E8C0000800486000994FF0FF308860009901F11E
:10E8D0000800C860009901F1080008610099002053
:10E8E000086001B07047000081B0009000990020DE
:10E8F000086101B07047000084B003900291029853
:10E90000006800900098013020B9FFE70398006983
:10E91000019010E0039808300190FFE701984068EB
:10E9200000680099884205D8FFE7FFE70198406832
:10E930000190F3E7FFE70198406802994860029868
:10E94000416888600198029988600298019948603E
:10E95000039802990861039908680130086004B0BF
:10E960007047000083B002900191029840680090C7
:10E970000098019948600098806801998860019822
:10E980000099896848600198009988600298019907
:10E990000861029908680130086003B07047000000
:10E9A000DFF80C00016841F470010160704700005D
:10E9B00088ED00E082B04FF0500080F31188BFF383
:10E9C0006F8FBFF34F8F019040F23800C2F200000A
:10E9D0000168013101600068012814D1FFE74EF69B
:10E9E0000450CEF200000068000658B1FFE74FF077
:10E9F000500080F31188BFF36F8FBFF34F8F0090EB
:10EA0000FFE7FEE7FFE702B07047000082B040F288
:10EA10003800C2F20000006858B9FFE74FF050001C
:10EA200080F31188BFF36F8FBFF34F8F0090FFE724
:10EA3000FEE740F23800C2F20000016801390160CF
:10EA4000006830B9FFE700200190019880F3118839
:10EA5000FFE702B07047000080B586B003900398CE
:10EA60000290039800285CD0FFE7029808380290D3
:10EA7000029801900198406846F25C11C2F20001D0
:10EA8000096808420BD1FFE74FF0500080F311886E
:10EA9000BFF36F8FBFF34F8F0590FFE7FEE701983D
:10EAA000006858B1FFE74FF0500080F31188BFF3C2
:10EAB0006F8FBFF34F8F0490FFE7FEE70198406828
:10EAC00046F25C11C2F200010968084227D0FFE754
:10EAD0000198006808BBFFE746F25C10C2F2000034
:10EAE0000268019948689043486000F0EBF901988A
:10EAF000426846F28811C2F20001086810440860BA
:10EB00000198FFF7C3F946F2A011C2F200010868AC
:10EB10000130086001F0A0F900E0FFE700E0FFE746
:10EB2000FFE706B080BD00004EF21001CEF20001FA
:10EB3000002008604EF21802CEF20002106040F28F
:10EB40001000C2F20000006844F6D352C1F2620223
:10EB5000A0FB02024FF0FF3000EB92104EF21402C5
:10EB6000CEF20002106007200860704784B0EFF317
:10EB700005800190019810281ED3FFE701984EF2FE
:10EB8000F031CEF20001405C8DF803009DF80300E7
:10EB900045F65C11C2F20001097888420BDAFFE702
:10EBA0004FF0500080F31188BFF36F8FBFF34F8F8A
:10EBB0000390FFE7FEE7FFE74EF60C50CEF20000B1
:10EBC000006800F4E06045F66011C2F200010968D7
:10EBD00088420BD9FFE74FF0500080F31188BFF354
:10EBE0006F8FBFF34F8F0290FFE7FEE704B07047CF
:10EBF00083B00290019100200090FFE70098072861
:10EC00001DD8FFE7009946F2BC10C2F2000050F890
:10EC1000310070B9FFE70198009A46F2BC11C2F2C8
:10EC2000000141F832000298009A01EBC2014860ED
:10EC300005E0FFE7FFE7009801300090DEE703B052
:10EC40007047000080B584B0039002910192039850
:10EC50000090FFF7AFFE009890F94400013028B90A
:10EC6000FFE70099002081F84400FFE7009890F941
:10EC70004500013028B9FFE70099002081F84500E0
:10EC8000FFE7FFF7C3FE0098806B38B9FFE70098F5
:10EC900024300299019A00F07BF800E0FFE7009829
:10ECA000FFF722FC04B080BD80B584B00290002044
:10ECB00001900298E0B1FFE745F67010C2F2000043
:10ECC000006858B1FFE74FF0500080F31188BFF3A0
:10ECD0006F8FBFF34F8F0390FFE7FEE700F0F2F86E
:10ECE00002980021FEF706FD01F0B6F8019000E061
:10ECF000FFE7019860B9FFE74EF60451CEF200013C
:10ED00004FF080500860BFF34F8FBFF36F8F00E06C
:10ED1000FFE704B080BD000081B0009046F298107B
:10ED2000C2F2000000680099086046F23020C2F28A
:10ED3000000000680099486001B0704746F23C212D
:10ED4000C2F20001012008607047000080B584B065
:10ED500002900191029858B9FFE74FF0500080F3FC
:10ED60001188BFF36F8FBFF34F8F0390FFE7FEE76C
:10ED7000029840F6B861C2F2000109681831FFF745
:10ED8000BBFD01980121FEF7B5FC04B080BD000079
:10ED900080B584B0029001910092029858B9FFE7C3
:10EDA0004FF0500080F31188BFF36F8FBFF34F8F88
:10EDB0000390FFE7FEE7029840F6B861C2F2000157
:10EDC00009681831FFF7CEFD009820B1FFE74FF03A
:10EDD000FF300190FFE701980099FEF78BFC04B02B
:10EDE00080BD000080B58AB0002003900690059099
:10EDF00006A805A904AAFFF733FD039B049A059909
:10EE0000DDF818C06846C0F808C0416003604DF6E0
:10EE10005940C0F6000042F29711C0F6010100F01F
:10EE2000CDFD014646F28C10C2F200000160006880
:10EE300018B1FFE70120079002E000200790FFE7EC
:10EE40000798012804D1FFE701F0CAF8079000E015
:10EE5000FFE70798012823D1FFE74FF0500080F328
:10EE60001188BFF36F8FBFF34F8F099046F2941153
:10EE7000C2F200014FF0FF30086046F2FC11C2F20E
:10EE800000010120086046F23021C2F2000100209A
:10EE9000086000F083F808B1FFE700E0FFE70FE04B
:10EEA0000798013058B9FFE74FF0500080F3118800
:10EEB000BFF36F8FBFF34F8F0890FFE7FEE7FFE7C9
:10EEC0000AB080BD45F67011C2F200010868013039
:10EED0000860704783B045F67010C2F20000006809
:10EEE00038B1FFE746F23C21C2F200010120086080
:10EEF00051E046F23C21C2F200010020086045F6D4
:10EF00007810C2F2000000680190FFE7019800EB62
:10EF1000800140F6D060C2F2000050F8210090B9A4
:10EF2000FFE7019858B9FFE74FF0500080F31188D0
:10EF3000BFF36F8FBFF34F8F0290FFE7FEE701989B
:10EF400001380190E2E7019800EB800140F6D060C3
:10EF5000C2F2000000EB8100009000994868406810
:10EF60004860009948680831884205D1FFE7009958
:10EF7000486840684860FFE700984068C06840F60D
:10EF8000B861C2F200010860019845F67811C2F23A
:10EF900000010860FFE703B07047000080B588B04B
:10EFA0004EF60050CEF2000000684CF27121C4F21F
:10EFB0000F1188420BD1FFE74FF0500080F311880A
:10EFC000BFF36F8FBFF34F8F0790FFE7FEE74EF65B
:10EFD0000050CEF2000000684CF27021C4F20F1114
:10EFE00088420BD1FFE74FF0500080F31188BFF348
:10EFF0006F8FBFF34F8F0690FFE7FEE74EF20040A2
:10F00000CEF20000039001780491FF210170007896
:10F010008DF80B009DF80B0000F0500045F65C11D8
:10F02000C2F20001087045F66011C2F2000107202B
:10F030000860FFE79DF80B00000600280DD5FFE7EC
:10F0400045F66011C2F200010868013808609DF8B9
:10F050000B0040008DF80B00ECE745F66010C2F2A3
:10F060000000006803280BD0FFE74FF0500080F34A
:10F070001188BFF36F8FBFF34F8F0590FFE7FEE757
:10F0800045F66011C2F200010868000208600868D5
:10F0900000F4E060086004984EF20041CEF20001F6
:10F0A00008704EF62051CEF20001086840F470005E
:10F0B0000860086840F070400860FFF735FD40F2D6
:10F0C0003801C2F20001002001900860FFF768FCDF
:10F0D0004EF63471CEF20001086840F040400860FE
:10F0E000FEF7A8FFFFF7F6FEFFF7C8F9019808B092
:10F0F00080BD000080B582B04FF0500080F31188D1
:10F10000BFF36F8FBFF34F8F009000F0E5FC40B16D
:10F11000FFE74EF60451CEF200014FF08050086038
:10F12000FFE700200190019880F3118802B080BDB4
:10F1300080B590B084461298CDF828C00991089205
:10F1400007938DF81B000A9858B9FFE74FF050005D
:10F1500080F31188BFF36F8FBFF34F8F0F90FFE7DE
:10F16000FEE7079858B9FFE74FF0500080F3118889
:10F17000BFF36F8FBFF34F8F0E90FFE7FEE7089945
:10F180000020039031B1FFE70998B0FA80F0400900
:10F190000390FFE70398C00758B1FFE74FF0500016
:10F1A00080F31188BFF36F8FBFF34F8F0D90FFE790
:10F1B000FEE708990020029031B9FFE7099800287E
:10F1C00018BF01200290FFE70298C00758B1FFE77F
:10F1D0004FF0500080F31188BFF36F8FBFF34F8F54
:10F1E0000C90FFE7FEE750200490049850280BD0C5
:10F1F000FFE74FF0500080F31188BFF36F8FBFF32C
:10F200004F8F0B90FFE7FEE704980798059005984D
:10F2100088B1FFE70599012081F846000A9809990D
:10F22000089A9DF81B30DDF814C0EE46CEF800C0F9
:10F23000FEF72EFD00E0FFE7059810B080BD00004E
:10F2400080B584B00290019102980090009858B95E
:10F25000FFE74FF0500080F31188BFF36F8FBFF3CB
:10F260004F8F0390FFE7FEE7FFF7A4FB00990B68C1
:10F27000C86B0A6C00FB023088600099002088632C
:10F2800000990868486000990B68C86B0A6C0138DF
:10F2900000FB0230C8600099FF2081F8440000990B
:10F2A00081F845000198D0B9FFE700980069A0B146
:10F2B000FFE70098103000F067FD60B1FFE74EF601
:10F2C0000451CEF200014FF080500860BFF34F8F21
:10F2D000BFF36F8F00E0FFE700E0FFE708E0009872
:10F2E0001030FFF7E9FA00982430FFF7E5FAFFE75E
:10F2F000FFF78CFB012004B080BD000080B592B008
:10F300000C900B910A920993002008900C9804909D
:10F31000049858B9FFE74FF0500080F31188BFF30D
:10F320006F8FBFF34F8F1190FFE7FEE70B9900201F
:10F33000039039B9FFE70498006C002818BF01203A
:10F340000390FFE70398C00758B1FFE74FF0500064
:10F3500080F31188BFF36F8FBFF34F8F1090FFE7DB
:10F36000FEE7099900200229029007D1FFE70498DF
:10F37000C06B013818BF01200290FFE70298C00758
:10F3800058B1FFE74FF0500080F31188BFF36F8F43
:10F39000BFF34F8F0F90FFE7FEE700F077FB0146CA
:10F3A0000020019031B9FFE70A98002818BF01201A
:10F3B0000190FFE70198C00758B1FFE74FF05000F8
:10F3C00080F31188BFF36F8FBFF34F8F0E90FFE76D
:10F3D000FEE7FFE7FFF7EEFA0498806B0499C96B2C
:10F3E000884204D3FFE70998022834D1FFE7049844
:10F3F0000B99099AFEF71CFB07900498406AA0B18C
:10F40000FFE70498243000F0BFFC60B1FFE74EF640
:10F410000451CEF200014FF080500860BFF34F8FCF
:10F42000BFF36F8F00E0FFE710E0079860B1FFE7E0
:10F430004EF60451CEF200014FF080500860BFF349
:10F440004F8FBFF36F8F00E0FFE7FFE7FFF7DEFAB4
:10F4500001200D9065E00A9828B9FFE7FFF7D6FA7A
:10F4600000200D905DE0089830B9FFE705A8FFF790
:10F4700053FC0120089000E0FFE7FFE7FFE7FFF7FC
:10F48000C5FAFFF71FFDFFF795FA049890F94400BD
:10F49000013028B9FFE70499002081F84400FFE714
:10F4A000049890F94500013028B9FFE7049900203D
:10F4B00081F84500FFE7FFF7A9FA05A80AA900F0BF
:10F4C000C7F928BBFFE70498FEF79CFDC8B1FFE72A
:10F4D000049810300A99FFF739FC0498FFF704F8F4
:10F4E00000F0BAFC60B9FFE74EF60451CEF200011D
:10F4F0004FF080500860BFF34F8FBFF36F8FFFE76F
:10F5000005E00498FEF7F0FF00F0A6FCFFE707E037
:10F510000498FEF7E9FF00F09FFC00200D9000E04A
:10F5200058E70D9812B080BD80B592B00B900A914B
:10F53000099208930B980590059858B9FFE74FF08A
:10F54000500080F31188BFF36F8FBFF34F8F0E9081
:10F55000FFE7FEE70A990020029039B9FFE7059816
:10F56000006C002818BF01200290FFE70298C00736
:10F5700058B1FFE74FF0500080F31188BFF36F8F51
:10F58000BFF34F8F0D90FFE7FEE708990020022997
:10F59000019007D1FFE70598C06B013818BF012023
:10F5A0000190FFE70198C00758B1FFE74FF0500006
:10F5B00080F31188BFF36F8FBFF34F8F0C90FFE77D
:10F5C000FEE7FFF7D3FAEFF311814FF0500080F31D
:10F5D0001188BFF36F8FBFF34F8F10910F9010986A
:10F5E00006900598806B0599C96B884204D3FFE7A4
:10F5F0000898022833D1FFE7059890F845008DF868
:10F6000013000598806B039005980A99089AFEF7F5
:10F610000FFA9DF913000130B8B9FFE70598406A69
:10F6200088B1FFE70598243000F0AEFB48B1FFE752
:10F63000099820B1FFE709990120086000E0FFE781
:10F6400000E0FFE700E0FFE706E09DF8130001306F
:10F65000059981F84500FFE70120079002E00020AE
:10F660000790FFE706981190119880F3118807988A
:10F6700012B080BD80B58EB009900891079200202D
:10F68000069009980390039858B9FFE74FF050008F
:10F6900080F31188BFF36F8FBFF34F8F0D90FFE79B
:10F6A000FEE708990020019039B9FFE70398006C44
:10F6B000002818BF01200190FFE70198C00758B14A
:10F6C000FFE74FF0500080F31188BFF36F8FBFF357
:10F6D0004F8F0C90FFE7FEE700F0D8F901460020BD
:10F6E000009031B9FFE70798002818BF012000906B
:10F6F000FFE70098C00758B1FFE74FF0500080F3D4
:10F700001188BFF36F8FBFF34F8F0B90FFE7FEE7BA
:10F71000FFE7FFF74FF90398806B0290029830B330
:10F72000FFE703980899FEF761F9029801380399F9
:10F73000886303980069A0B1FFE70398103000F0D8
:10F7400023FB60B1FFE74EF60451CEF200014FF00B
:10F7500080500860BFF34F8FBFF36F8F00E0FFE76B
:10F7600000E0FFE7FFF752F901200A906DE00798EB
:10F7700028B9FFE7FFF74AF900200A9065E00698EC
:10F7800030B9FFE704A8FFF7C7FA0120069000E0B0
:10F79000FFE7FFE7FFE7FFF739F9FFF793FBFFF715
:10F7A00009F9039890F94400013028B9FFE703995B
:10F7B000002081F84400FFE7039890F945000130EC
:10F7C00028B9FFE70399002081F84500FFE7FFF71C
:10F7D0001DF904A807A900F03BF830BBFFE7039828
:10F7E000FEF7FCFBD0B1FFE7039824300799FFF741
:10F7F000ADFA0398FEF778FE00F02EFB60B9FFE744
:10F800004EF60451CEF200014FF080500860BFF375
:10F810004F8FBFF36F8F00E0FFE705E00398FEF71F
:10F8200063FE00F019FBFFE70EE00398FEF75CFEB5
:10F8300000F012FB0398FEF7D1FB18B1FFE70020A0
:10F840000A9002E0FFE7FFE763E70A980EB080BD89
:10F8500080B588B005900491059858B9FFE74FF03E
:10F86000500080F31188BFF36F8FBFF34F8F079065
:10F87000FFE7FEE7049858B9FFE74FF0500080F328
:10F880001188BFF36F8FBFF34F8F0690FFE7FEE73E
:10F89000FFF790F846F23020C2F2000000680290B4
:10F8A000029805994968401A01900498006801304F
:10F8B00018B9FFE7002003902BE046F29810C2F23F
:10F8C0000000006805990968884209D0FFE702989E
:10F8D00005994968884203D3FFE70120039017E0A8
:10F8E00001980499096888420BD2FFE7019A0499AC
:10F8F0000868801A08600598FFF70EFA0020039048
:10F9000005E004990020086001200390FFE7FFE76D
:10F91000FFE7FFF77BF8039808B080BD70B58CB0A7
:10F92000DDF844C0DDF840C00B900A91ADF8262008
:10F930000893BDF826008000FEF72EFE059005987E
:10F9400080B1FFE75C20FEF727FE0790079820B103
:10F95000FFE705980799086303E00598FFF77CF82F
:10F96000FFE702E000200790FFE70798F0B1FFE70C
:10F970000798002680F859600B980A99BDF8262050
:10F98000089BDDF840C0119C079DEE46CEF80C6048
:10F99000CEF80850CEF80440CEF800C0FEF79CF92F
:10F9A0000798FDF711FF0120069003E04FF0FF30AC
:10F9B0000690FFE706980CB070BD0000B0B58EB0A1
:10F9C000DDF850C0DDF84CC0DDF848C00A90099160
:10F9D00008920793139858B9FFE74FF0500080F34F
:10F9E0001188BFF36F8FBFF34F8F0D90FFE7FEE7D6
:10F9F000149858B9FFE74FF0500080F31188BFF317
:10FA00006F8FBFF34F8F0C90FFE7FEE75C200490F1
:10FA100004985C280BD0FFE74FF0500080F311886A
:10FA2000BFF36F8FBFF34F8F0B90FFE7FEE7049894
:10FA3000149820B3FFE7139808B3FFE714980690D3
:10FA40001398069908630699022081F859000A98CC
:10FA50000999089A079BDDF848C0069CEE460025E8
:10FA6000CEF80C50CEF8084005ACCEF80440CEF8E5
:10FA700000C0FEF731F90698FDF7A6FE02E000206F
:10FA80000590FFE705980EB0B0BD000081B046F2CA
:10FA9000FC10C2F20000006818B9FFE701200090D6
:10FAA0000DE045F67010C2F20000006818B9FFE7DB
:10FAB0000220009002E000200090FFE7FFE700989E
:10FAC00001B0704781B046F23020C2F200000068F9
:10FAD0000090009801B0704780B586B00020029079
:10FAE00045F67010C2F200000068002840F0CB809C
:10FAF000FFE746F23021C2F20001086801300190B0
:10FB000001980860019858BBFFE740F6C060C2F258
:10FB100000000068006858B1FFE74FF0500080F324
:10FB20001188BFF36F8FBFF34F8F0590FFE7FEE79C
:10FB300040F6C062C2F200021068009040F6C86150
:10FB4000C2F20001086810600098086046F298113F
:10FB5000C2F20001086801300860FEF7DFFB00E038
:10FB6000FFE7019846F29411C2F200010968884249
:10FB700068D3FFE7FFE740F6C060C2F2000000680C
:10FB8000006840B9FFE746F29411C2F200014FF05D
:10FB9000FF30086055E040F6C060C2F20000006827
:10FBA000C068C06804900498406803900198039965
:10FBB000884207D2FFE7039846F29411C2F200018F
:10FBC00008603EE0FFE704980430FEF725FE049845
:10FBD000806A28B1FFE704981830FEF71DFE00E0A8
:10FBE000FFE70498C06A45F67811C2F2000109687F
:10FBF000884208D9FFE70498C06A45F67811C2F236
:10FC000000010860FFE70499C86A00EB800240F633
:10FC1000D060C2F2000000EB82000431FEF7A2FEC9
:10FC20000498C06A40F6B861C2F200010968C96A66
:10FC3000884203D3FFE70120029000E0FFE7FFE7DF
:10FC400099E7FFE740F6B860C2F200000068C06ABA
:10FC500000EB800140F6D060C2F2000050F82100B5
:10FC6000022803D3FFE70120029000E0FFE746F2FD
:10FC70003C20C2F20000006818B1FFE701200290AA
:10FC800000E0FFE707E046F2A411C2F200010868B5
:10FC900001300860FFE7029806B080BD80B586B0ED
:10FCA000039003980290002001900398002867D0E9
:10FCB000FFE7029840F6B861C2F200010968884285
:10FCC0000BD0FFE74FF0500080F31188BFF36F8F28
:10FCD000BFF34F8F0590FFE7FEE70298006D58B91C
:10FCE000FFE74FF0500080F31188BFF36F8FBFF331
:10FCF0004F8F0490FFE7FEE70299086D0138086511
:10FD00000299C86AC96C884238D0FFE70298006D32
:10FD100090BBFFE702980430FEF77EFD08B9FFE7CD
:10FD200000E0FFE70299C86CC8620299C86AC0F196
:10FD3000380088610298C06A45F67811C2F2000165
:10FD40000968884208D9FFE70298C06A45F6781129
:10FD5000C2F200010860FFE70299C86A00EB800266
:10FD600040F6D060C2F2000000EB82000431FEF7E2
:10FD7000F9FD0120019000E0FFE700E0FFE700E06F
:10FD8000FFE7019806B080BD80B584B0029002986C
:10FD9000C068C0680190019858B9FFE74FF0500063
:10FDA00080F31188BFF36F8FBFF34F8F0390FFE78E
:10FDB000FEE701981830FEF72FFD45F67010C2F2ED
:10FDC0000000006820BBFFE701980430FEF724FD27
:10FDD0000198C06A45F67811C2F2000109688842AC
:10FDE00008D9FFE70198C06A45F67811C2F2000110
:10FDF0000860FFE70199C86A00EB800240F6D06016
:10FE0000C2F2000000EB82000431FEF7ABFD09E016
:10FE1000019800F1180146F2A810C2F20000FEF7A6
:10FE2000A1FDFFE70198C06A40F6B861C2F2000187
:10FE30000968C96A884208D9FFE70120009046F2A4
:10FE40003C21C2F20001086002E000200090FFE7C0
:10FE5000009804B080BD000080B584B000200290FE
:10FE6000019045F67010C2F20000006858B9FFE733
:10FE70004FF0500080F31188BFF36F8FBFF34F8FA7
:10FE80000390FFE7FEE7FEF795FD45F67010C2F21E
:10FE900000000168013901600068002840F0998085
:10FEA000FFE745F66810C2F200000068002800F085
:10FEB0008F80FFE7FFE746F2A810C2F2000000685B
:10FEC000002842D0FFE746F2A810C2F20000C06846
:10FED000C068029002981830FEF79EFC0298043029
:10FEE000FEF79AFC0298C06A45F67811C2F200014A
:10FEF0000968884208D9FFE70298C06A45F6781178
:10FF0000C2F200010860FFE70299C86A00EB8002B4
:10FF100040F6D060C2F2000000EB82000431FEF730
:10FF200021FD0298C06A40F6B861C2F2000109687A
:10FF3000C96A884207D3FFE746F23C21C2F20001BA
:10FF40000120086000E0FFE7B5E7029818B1FFE77D
:10FF5000FEF7E4F9FFE746F2A410C2F200000068E1
:10FF600000900098E0B1FFE7FFE7FFF7B5FD38B17B
:10FF7000FFE746F23C21C2F200010120086000E0E8
:10FF8000FFE7009801380090FFE700980028ECD1C7
:10FF9000FFE746F2A411C2F200010020086000E071
:10FFA000FFE746F23C20C2F20000006870B1FFE7B4
:10FFB000012001904EF60451CEF200014FF0805026
:10FFC0000860BFF34F8FBFF36F8F00E0FFE7FFE7DD
:10FFD00000E0FFE7FEF71AFD019804B080BD0000C5
:10FFE00080B58AB000200890FDF780FC46F23420EE
:10FFF000C2F20000006858B3FFE7002004900790A9
:020000040801F1
:10000000069007A806A905AAFEF740FC049B059ADE
:100010000698DDF81CC06946C1F808C04860022097
:1000200008604EF2C940C0F6000042F2A111C0F6CD
:100030000101FFF7C3FC014646F23820C2F200007E
:100040000160006818B1FFE701200890FFE700E0B9
:10005000FFE7089858B9FFE74FF0500080F3118888
:10006000BFF36F8FBFF34F8F0990FFE7FEE708984C
:100070000AB080BD80B58AB0DDF830C00890079125
:100080000692059300200490089858B9FFE74FF0B6
:10009000500080F31188BFF36F8FBFF34F8F09902B
:1000A000FFE7FEE746F23420C2F200000068A8B382
:1000B000FFE707980090069801900898029007982B
:1000C00005281EDCFFE7FFF7E1FC02280CD1FFE763
:1000D00046F23420C2F2000000680C9A6946002300
:1000E000FFF70CF904900BE046F23420C2F2000056
:1000F0000068694600231A46FFF700F90490FFE7FD
:100100000BE046F23420C2F200000068059A69460E
:100110000023FFF709FA0490FFE700E0FFE70498E7
:100120000AB080BD5FEA400C08BF91F0000F4FEAB3
:100130008C234FEAC12243EA51514FEA1C5018BFA9
:1001400000F5F0404FEA300018BF41F000415FEA8F
:100150006C5C00F02980BCF1FF3F08BF40F080409C
:100160007047130C06BF12044FF0100C4FF0000C38
:10017000130E04BF12020CF1080C130F04BF12017E
:100180000CF1040C930F04BF92000CF1020CD30F7E
:1001900004BF52000CF1010C11464FF00002A0F117
:1001A0001F00A0EB0C00704711F0004F08BF704714
:1001B00031F000413FF4D5AF0B0C06BF09044FF0FE
:1001C000100C4FF0000C0B0E04BF09020CF1080CD0
:1001D0000B0F04BF09010CF1040C8B0F04BF890045
:1001E0000CF1020CCB0F04BF49000CF1010CCCF157
:1001F000200322FA03F341EA030102FA0CF2A0EB16
:100200000C0000F10100704723F07F4720F07F4C85
:1002100080EA030000F00040ACEB070303F57C53D9
:1002200003F1FF032DE9804909B44FEA144324EA9E
:1002300003484FEA154B25EA0B4E0FF2042606EB56
:1002400013273E7803FB0667C7F5000707FB06F692
:100250004FEAD64606F102064FEA543707FB066C12
:10026000CCF1005C4FEA1C472CEA074C0CFB06F56E
:1002700007FB06F404EB15464FEA961649085FEAB9
:10028000320234BF00204FF000404FEAD13706FB66
:1002900007FC4FEA1C4C0CFB0BF7D21B03FB0CF7C3
:1002A00061EB07010CFB0EF7B0EB074072EB174256
:1002B0000CFB08F734BFA2EB0742B2EB074261EB3D
:1002C00017414FEA0C444FEA910706FB07FC4FEA3F
:1002D0001C4C0CFB0BF7B0EBC74072EB573203FB27
:1002E0000CF734BFA2EBC742B2EBC74261EB573108
:1002F0000CFB0EF7B0EBC70072EB57720CFB08F764
:1003000034BFA2EBC702B2EBC70261EB57714FEAF1
:10031000816141EA92114FEA826242EA90124FEA09
:10032000806004EBCC04039F4FEAD13706FB07FC47
:100330004FEA1C4C0CFB0BF7D21B03FB0CF761EBD9
:1003400007010CFB0EF7B0EB074072EB17420CFBFA
:1003500008F734BFA2EB0742B2EB074261EB17414B
:100360004FEA8C5504EB9C244FEA910706FB07FCEF
:100370004FEA1C4C0CFB0BF7B0EBC74072EB57324B
:1003800003FB0CF734BFA2EBC742B2EBC74261EBF1
:1003900057310CFB0EF7B0EBC70072EB57720CFB3A
:1003A00008F734BFA2EBC702B2EBC70261EB57718B
:1003B0004FEA816141EA92114FEA826242EA901269
:1003C0004FEA806015EB4C2544F100044FEAD13729
:1003D00006FB07FC4FEA1C4C0CFB0BF7D21B03FB84
:1003E0000CF761EB07010CFB0EF7B0EB074072EB6B
:1003F00017420CFB08F734BFA2EB0742B2EB0742EF
:1004000061EB17414FEA813141EA92414FEA823272
:1004100042EA90424FEA80304FEA0C7615EB1C1509
:1004200044F1000448EA03434EEA0B484FF0000E43
:10043000B2EB080C71EB030724BF624639464EEB62
:100440000E0E4FF0000B0018524149414BEB0B0BC5
:10045000B2EB080C71EB03077BF1000B24BF624683
:1004600039464EEB0E0E4FF0000B00185241494139
:100470004BEB0B0BB2EB080C71EB03077BF1000BA2
:1004800024BF624639464EEB0E0E51EA020718BFF2
:1004900046F0010616EB0E7655F1000254F100010C
:1004A00003D5BDE88901BDE80088BDE88901BDE844
:1004B0000048B619524141EB0101A3F10103704715
:1004C00080807F7E7D7C7B7A797877767675747391
:1004D000727171706F6E6E6D6C6C6B6A6A69686850
:1004E000676666656464636362616160605F5F5EE6
:1004F0005E5D5D5C5C5B5B5A5A595958585757565C
:1005000056555555545453535252525151505050C0
:100510004F4F4F4E4E4D4D4D4C4C4C4B4B4B4A4A12
:100520004A49494948484847474747464646454556
:10053000454444444443434343424242424141418F
:100540009C46002B30D477002BD04FEA37071CB5E0
:1005500003B44FF010004FF01001BAF1000F06D0B5
:10056000BCF1000FDCBF40F0080040F008014FF084
:1005700000000FBCBDE810400BF1010BBBF1010FF7
:1005800008BF5FEA170722BF12F1010211F1010152
:100590004FF0004143F1000300F0004043EA000047
:1005A0007047F9D35708D0E746EA06464FEA1646A1
:1005B00013F1400F1FDD13F1200FDFBF16430A4672
:1005C000002120335B42BED0C3F1200746EA064635
:1005D0004FEA164602FA07F746EA070622FA03F23E
:1005E000C3F1200701FA07F742EA070221FA03F1F3
:1005F0004FF00003A7E746EA020646EA06464FEA3E
:10060000164646EA0106BCBF46EA0646360C4FF0DF
:1006100000034FF000024FF0000194E72DE9804CF9
:1006200070B49A46934691E8380007C831EA400C06
:1006300048BF34EA430C03D5FFF7E6FDFFF780FF20
:10064000F0BCBDE8008C2DE9804C70B49A4693460E
:1006500091E8380007C810F0804F08BF13F0804FB2
:1006600003D100F005F8FFF76BFFF0BCBDE8008C8C
:1006700020F07F4723F07F4C80EA030000F0004029
:1006800007EB0C03A3F57C53A3F1FE0392F0000FDC
:1006900000F0B38095F0000F00F077802DE901495C
:1006A0004FEA114021EA00484FEA144624EA06477F
:1006B00000FB06FC08FB06F607FB08F818EB0648EB
:1006C0004CEB164C00FB07F718EB07484CEB1740B8
:1006D0004FEA124B22EA0B4E4FEA154625EA06472F
:1006E0000BFB06FC0EFB06F607FB0EFE1EEB064E92
:1006F0004CEB164C0BFB07F71EEB074E4CEB174B66
:1007000018EB0B0840F1000018EB0E0B58EB00083B
:1007100040F100008F1A4FF000014FF000063CBF7F
:10072000C943661B14BFB5EB040C00213CBFC94391
:10073000F61B4FEA174427EA04454FEA1C472CEA08
:10074000074C04FB076205FB07F70CFB05F616EBED
:10075000074642EB174204FB0CFC16EB0C4642EB3F
:100760001C421BEB060658EB020241414EEA8E0E7C
:1007700046EA9E0601D5BDE80189B619524141EB12
:100780000101A3F10103BDE801894FEA144524EA00
:1007900005464FEA114721EA074C05FB07F406FB23
:1007A00007F70CFB06F111EB074144EB174405FB7F
:1007B0000CFC11EB0C4144EB1C444FEA124722EABB
:1007C000074C05FB07F206FB07F70CFB06F616EBDA
:1007D000074642EB174205FB0CFC16EB0C4642EBBE
:1007E0001C456A1854F1000148BF7047B6195241C0
:1007F00041EB0101A3F10103704795F0000F37D0E1
:100800004FEA114221EA02464FEA144724EA074C14
:1008100002FB07F106FB07F70CFB06F414EB074499
:1008200041EB174102FB0CFC14EB0C4441EB1C4167
:100830004FEA154725EA074C02FB07F506FB07F7C9
:100840000CFB06F616EB074645EB174502FB0CFCC6
:1008500016EB0C4645EB1C42121951F1000148BF42
:100860007047B619524141EB0101A3F101037047F2
:100870004FEA144524EA05464FEA114721EA074C9E
:1008800005FB07F106FB07F70CFB06F212EB07422C
:1008900041EB174105FB0CFC12EB0C4251EB1C41E8
:1008A0004FF0000648BF7047921841EB0101A3F1D9
:1008B0000103704780B5F7F741FB00B180BDFCF73D
:1008C000CBFBFFF7F7BF80B5F7F74CFB00B180BD5E
:1008D000FCF7C2FBFFF7F7BF03B401984100009893
:1008E00050EAC12018BF04204A0D18BF40F0010093
:1008F00040F2FF72B2EB515F08BF40F002000128E6
:1009000008BF052002B070474100080218BF04204C
:100910000A0E18BF40F001004FF07F4232EA010199
:1009200008BF40F00200012808BF05207047000002
:1009300010EE101A08B5444A6846B2EB410F28D9A8
:100940004FF0E640B0EB410F94BF00204FF0FF3076
:1009500000900098002861DB60EE000A10F0010FA3
:1009600045D010F0020FDFED391A9FED391A00EE75
:10097000A11ADFED381A40EE811A21EEA01AF0EE2E
:10098000400A40EE010A08BFF1EE600AB0EE600ACC
:1009900008BD314B21F0004293423CD911F0004F89
:1009A000DFED2E0A20EE201ADFED2D0A19BF31EE01
:1009B000601A71EE200A31EE201A71EE600ABDEE67
:1009C000E01A11EE100A9FED271A00F0030000EE66
:1009D000C10A9FED251A009000EEC10A9FED231A6F
:1009E00000EEC10A9FED221A00EEC10AB1E79FEDA9
:1009F000211A9FED210A10F0020F00EE810A9FEDEF
:100A00001F1A00EE801AB7EE000A00EE810A18BF26
:100A1000B1EE400A08BD00F02BF99AE710EE100A7B
:100A20004000B0F17F4F3CBFB7EE000A08BD07D1D0
:100A30004FF00100EFF7B0FEBDE8084000F008B944
:100A4000BDE8084000F001B9B61F927E336D4CB985
:100A5000DA82083CA0AA2ABE490E494683F9223F01
:100A60000000004B0000C93F00A0FD390020A23368
:100A70001A61342CB93AB2BACA9F2A3DDDFFFFBED3
:100A800000B510EE101A2DED028B81B0524A684667
:100A9000B2EB410F2ED94FF0E640B0EB410F94BFBF
:100AA00000204FF0FF3000900098B0EE408A002800
:100AB0006ADB10F0010F4BD068EE080A9FED471A71
:100AC0009FED470A00EE810A9FED461A10F0020FD3
:100AD00000EE801AB7EE000A00EE810A02BF01B0F4
:100AE000BDEC028B00BD00BF01B0B1EE400ABDEC11
:100AF000028B00BD3C4B21F00042934241D911F0E2
:100B0000004FDFED3A0A20EE201ADFED390A19BF57
:100B100031EE601A71EE200A31EE201A71EE600A91
:100B2000BDEEE01A11EE100A9FED321A00F003003C
:100B300000EEC10A9FED301A009000EEC10A9FED51
:100B40002F1A00EEC10A9FED2E1A00EEC10AABE784
:100B500028EE080A9FED2B1ADFED2B0A10F0020F8A
:100B600040EE010A9FED291A00EE201A61EE000AFC
:100B7000B0EE480A08EE200AB6D101B0BDEC028BF7
:100B800000BD00F075F88FE718EE100A4000B0F1D4
:100B90007F4F0DD218EE100AFFF7B6FE042808BFEB
:100BA00000F05EF8B0EE480A01B0BDEC028B00BD6B
:100BB00009D10120EFF7F0FD01B0BDEC028B5DF82B
:100BC00004EB00F045B801B0B0EE480ABDEC028B72
:100BD0005DF804EB00F039B8B61F927EB93AB2BAAC
:100BE000CA9F2A3DDDFFFFBE490E494683F9223FD9
:100BF0000000004B0000C93F00A0FD390020A233D7
:100C00001A61342C336D4CB9DA82083CA0AA2ABE92
:100C100010B52DED028BB1EEC08A18EE100A20F04F
:100C20000040C0F1FF40C00F0AD010EE100A20F0C3
:100C30000040C0F1FF40C00F04BF0120EFF7ACFD42
:100C4000B0EE480ABDEC028B10BD30EE000A7047D2
:100C5000DFED020A80EEA00A7047000000000000ED
:100C60009FED020A20EE000A70470000000000100D
:100C70002DE9F0014FF07F42B2EB410F9FBF4FF0E3
:100C8000FF310160BDE8F00170474FF0004242EAD9
:100C90000123C1F3C752783A551112F01F0C434C8F
:100CA000CCF120067C44C1F3C752A2F178024FEA8E
:100CB000621204EB820254F8254008BFD2E90156C3
:100CC00012D0556804FA0CF425FA06F73C439768ED
:100CD00005FA0CF527FA06F8D26807FA0CFCF24080
:100CE00045EA08054CEA0206A4FB034CA5FB0352A7
:100CF000A6FB03631D449D4234BF01260026131941
:100D0000334416B1934202D903E0934201D2012247
:100D100000E00022624402F1200C9206DC0C42EA60
:100D2000443200EE102A5B03DFED210AF8EEC01A10
:100D300000EE103A4FEA9C1C11F0004FB8EE400A4A
:100D4000C0F800C020EE201A00EE105ADFED190A9C
:100D5000B8EE400A20EE200A71EE810A70EE800A99
:100D600010EE902A02F500626FF30B0200EE902A5B
:100D700070EEE11A31EEC11ADFED101A30EE411AB1
:100D80009FED0D0A20EE800A01EE210A9FED0C1A5C
:100D900000EE810A04BFBDE8F0017047CCF180513C
:100DA0000160BDE8F001B1EE400A70471C0D000083
:100DB000000000360000802C22AAFD29DB0FC92F7D
:100DC0000000C92F30380A2801D2012070470020C6
:100DD00070478A68002A02DC0022F0F797BF521E93
:100DE0008A604A68C0B2531C4B60107070470000A4
:100DF00010B500290AD00878002807D005487844A3
:100E0000F1F7FAF9002801D0002010BD024878441B
:100E100010BD0000161500000E15000010B50029C9
:100E20000AD00878002807D005487844F1F7E4F99B
:100E3000002801D0002010BD0248784410BD0000F9
:100E400006150000FE14000021F0004201F00043EE
:100E5000A2F16052B2F5801F28BFD2F17F6C0BD98E
:100E60005FEA001C43EAC20242EB507018BF7047B1
:100E700028BF20F001007047B2F5801FBCBF1846A4
:100E800070474FEA410C1CF5001F02D2084600F0E3
:100E90008FBD70B500F0A2FB00000089FFF7F6BF20
:100EA0004FF00040A0F580007047000010B591EAB7
:100EB000030F48BF83F0004300F1EC83841A71EB09
:100EC000030C05D2121943EB0C03001B61EB0C0160
:100ED0004FEA1154A4EB135CDFF81CE11EEA430F48
:100EE00018BF9EEA445F00F0748021EA045123EAAF
:100EF0000E0343F48013DCF1200E32D322FA0CFEF1
:100F000010EB0E0023FA0CFE41EB0E01CCF1200E8B
:100F100003FA0EFE10EB0E00CCF1200E51F1000191
:100F2000B1F5801F32D201EB045112FA0EF2BDE886
:100F3000104058BF7047401C38BF5FEA420218BFDC
:100F40007047002814BF20F0010041F100014FEA72
:100F5000410313F5001F38BF7047A1F1C04100F0F5
:100F60008BBB012A43EB0302ACF1200CDCF11F0E1A
:100F700032BF4FF0000E23FA0CF310EB030041EBED
:100F80000451B4EB115FD0D0A1EB045101F58011F5
:100F9000490801EB04515FEA30000ED350F1000024
:100FA00038BF12FA0EFE08D1BDE81040C9E7401C58
:100FB00038BF5FEA4202CAD1C3E7BDE810404FEA3A
:100FC000410313F5001F38BF7047A1F1C04100F085
:100FD00053BB9EEA445F08D011EA5E0FBDE81040A3
:100FE00004BF01F0004100207047BDE8104070B51B
:100FF00000F0F4FA64FBBE3E0000E0FF491058BF69
:10100000C1F140415B1058BFC3F140438B42EFF345
:10101000008070472DE9C04130B4DFF8A8C23CEA37
:10102000111418BF3CEA131400F0F0801CEA1114EC
:1010300081EA030544EAD57418BF1CEA131500F0D1
:10104000CB80A4EB050404F17F7404F500344FF069
:10105000004545EAC12145EAC32341EA505143EA2C
:1010600052534FEAC0204FEAC222994208BF904231
:1010700000F0A0804FEA13650FF24816765D4FEA44
:10108000134506FB05F7C7F1807706FB07F74FEA24
:10109000D737A7FB03687642A7FB06CEC8F5803892
:1010A00038BFA8F1010807FB08E6A6FB028C4FF049
:1010B000000EE6FB03CED8F100086FEA0C0C5CF1E1
:1010C000000C6FEA0E0E4EF1004EA6FB0C584FF0CE
:1010D0000007E6FB0E87A1FB08C6A0FB07CE16EBB8
:1010E0000E064FF0000545F10005E1FB076515F11F
:1010F000E04E7EBFA4F580345FEA46066D4116F1EE
:10110000800745F100054FEA172747EA05674FEAD0
:1011100015254FEA0666A6F1DE46B6F1805F20D9B6
:10112000384605EBC47124F0010C01EB0C11BCF145
:10113000FE6F02D8F0BCBDE8008124425CBF01F51F
:10114000801E9EEAC47F02D4F0BCBDE80081244228
:1011500000F13980A1F1C041F0BCBDE8004100F0D0
:101160008BBA4FEAD02040EA41504FEAD1214FEAF2
:10117000D22242EA43524FEAD323A7FB028607FB5F
:10118000036605FB02661EEA0E0F58BFA6EB00566B
:10119000B6EB00564FEA520E4EEAC37E18EB0E0E27
:1011A00056EB530EBCD518EB02085E417F1C55F17F
:1011B0000005B5E74FF480154FF000074FF000062B
:1011C0004FF00008ACE701F1C04101F000414FF0E1
:1011D0000000F0BCBDE800810CEA131511EA0C1FF9
:1011E00000D00CE013EA0C1F00F025804FF0000047
:1011F00081EA030101F00041F0BCBDE80081F0BCD0
:10120000BDE8004181EA030100F036BAF0BCBDE858
:10121000004170B500F0E2F9097EFC3E00F007B82D
:101220004FF0000081EA030101F00041704781EABC
:10123000030100F021BAF0BCBDE8004122494FF0A3
:1012400000007047FFFDFBF9F7F5F4F2F0EEEDEB6F
:10125000E9E8E6E4E3E1E0DEDDDBDAD8D7D5D4D3B4
:10126000D1D0CFCDCCCBCAC8C7C6C5C4C2C1C0BF00
:10127000BEBDBCBBBAB9B8B7B6B5B4B3B2B1B0AF06
:10128000AEADACABAAA9A8A8A7A6A5A4A3A3A2A1EA
:10129000A09F9F9E9D9C9C9B9A99999897979695A5
:1012A00095949393929191908F8F8E8E8D8C8C8B41
:1012B0008B8A8989888887878685858484838382C9
:1012C000828181800000FF070000F87F51EA030C53
:1012D00017D41CF5801F58BFBCF5801F00F1068095
:1012E000994218BF704708BF9042704707D711F561
:1012F000801F58BF13F5801F19D499427047894247
:1013000070471CF5801F08D5BCF5801FF7D58B42B0
:1013100018BF704708BF824270474FF4001C1CEB97
:10132000410F38BF1CEB430F01D28B42704770B5A1
:1013300000F054F9922449004FF000514FF08053CF
:10134000FFF75CBE10F0004248BF4042B0FA80F3A5
:1013500010FA03F10AD0C3F11D0303F5806302EB19
:1013600003524FEA415002EBD12170474FF0000089
:101370007047B0FA80F310FA03F10AD0C3F11D03ED
:1013800003F580634FEA03524FEA415002EBD1214B
:1013900070474FF00000704751EA030C17D41CF55A
:1013A000801F58BFBCF5801F00F10680994218BF0E
:1013B000704708BF9042704707D711F5801F58BF8C
:1013C00013F5801F19D499427047894270471CF564
:1013D000801F08D5BCF5801FF7D58B4218BF70471A
:1013E00008BF824270474FF4001C1CEB410F38BF0E
:1013F0001CEB430F01D28B42704770B500F0EEF842
:10140000922449004FF080514FF00053FFF7F6BD92
:1014100051EA030C17D41CF5801F58BFBCF5801F80
:1014200000F10680994218BF704708BF904270478C
:1014300007D711F5801F58BF13F5801F19D49942A3
:101440007047894270471CF5801F08D5BCF5801F86
:10145000F7D58B4218BF704708BF824270474FF4E0
:10146000001C1CEB410F38BF1CEB430F01D28B4219
:10147000704770B500F0B2F8922449004FF0005167
:101480004FF08053FFF7BABD70B5DFF848C11CEAD2
:10149000111E1EBF1CEA13159EEA0C0F95EA0C0FD5
:1014A00000F06F8081EA03044EEAD47EAE4421EA64
:1014B0004C1123EA4C1341F4801143F48013AEF134
:1014C0007F7EA1FB024CA0FB0365361955EB0C0592
:1014D000A1FB034C4CF10003A0FB021C16EB0C0615
:1014E000654153F10003094218BF46F0010613F4A9
:1014F000007F0BD14FEA03314FEA053041EA155125
:1015000040EA165034036FF003020AE04FEAC321A9
:101510004FEAC52041EA555140EA5650F4026FF0B7
:10152000020202EB2E4201EB025585EACE710AD08F
:101530005FEA440C18BF24F0004450F1000041F170
:10154000000120EAD47040F2FE7C624500D270BDFA
:10155000A84214BF4FF080444FF04044002E08BF13
:101560000024BEF1806FA8BFA1F1C041BDE870406A
:1015700080F2828001F1C04101F000414FF0000093
:1015800070470CEA13159EEA0C0F18BF95EA0C0F72
:1015900006D081EA030E4FF000000EF0004170BD4E
:1015A00000F01CF88900013E00F007B800F009B80F
:1015B0004FEA430C5FEA5C5C08D081EA030100F06B
:1015C0005BB84FEA410C5FEA5C5CF6D102494FF030
:1015D000000070470000FF070000F87F0EF1020EC8
:1015E0002EF0030E5EF8046B364205D4012A43EB5D
:1015F000030515F5001F12D8012841EB010C1CF55D
:10160000001F0CD80ED14FEAD17C0CEB4C0C0CF126
:10161000020C15F5001F08BF4CEBD37C04E04FF023
:10162000080C01E04FEAD37C0CEB4C0526FA05F6DA
:1016300006F00706B6F1040C06D20EEB860CBDE8E8
:1016400070404CF0010C6047DFE80CF0090B02021F
:101650004FF00041A1F500214FF0000070BD194688
:101660001046012851EB010418BFD4F5001484BFC3
:10167000002001F0004170BD0808A0F500114FEAFC
:101680003101704710B591EA030F48BF83F0004362
:101690003FF514AC841A71EB030C07D28CF0004CAC
:1016A000121943EB0C03001B61EB0C014FEA1154C0
:1016B000A4EB135CDFF8A4E11EEA430F18BF9EEA17
:1016C000445F00F0B48021EA045123EA6E035242E1
:1016D000C3EB6E0338BF5B1EDCF1200E25D322FA6C
:1016E0000CFE10EB0E0043FA0CFE41EB0E01CCF1A8
:1016F000200E03FA0EFE10EB0E00CCF1200E51F17D
:10170000000129D401EB045112FA0EF2BDE8104099
:1017100058BF7047401C1CBFB2F1004F70470028F3
:101720000CBF491C20F00100704712EB020E43EB86
:10173000030218BF4FF0010E4EEA4202ACF1200C3A
:10174000DCF11E0E56D943FA0CFE10EB0E00CCF164
:101750001E0E51F1FF31D5D50EF1010E12FA0EFE1B
:10176000404141EB010101EB445C5FEA5C5C10D954
:1017700001EB045110EBDE7038BFBEF1004FBDE845
:10178000104018BF704700280CBF491C20F0010012
:10179000704734D24FEAD42C24F4006411F50011C0
:1017A0001BD0B1FA81F20B3AA41AA41ED2F1200385
:1017B000914030FA03F31943904001EBCC7101EBF7
:1017C0000451002CBDE81040A8BF704701F1C04192
:1017D00001F000414FF000007047B0FA80F310FABA
:1017E00003F102D1BDE810407047E41A173C4805E8
:1017F000C90AE2E701EB0451BDE810407047491007
:101800004FEA300001EB0451BDE8104002E04FF018
:10181000000170474A0008BF0042F8D0B2F5001F2F
:1018200028BF704701F000414FF0000070479EEA6A
:10183000445F07D011EA5E0FBDE8104004BF0021ED
:1018400000207047BDE8104070B5FFF7C7FE00BF2D
:1018500040DFF63E104683F0004170470000E0FF95
:1018600043004FEAD30C4FEA3C0C43401FBF4007F4
:101870000CF1605113F0FE4F70471CF0006F03D164
:101880000CF00041002070470CF0004343EA507018
:1018900040EACC0010B500F038F800BF000000921C
:1018A0004FEA0001FFF7E8BE4FF00041A1F500212B
:1018B0004FF00000704710B5FFF708FD0CBF012086
:1018C000002010BD10B5FFF701FD14BF012000205E
:1018D00010BD10B5FFF760FD8CBF0120002010BDCA
:1018E00010B5FFF759FD2CBF0120002010BD10B529
:1018F000FFF78EFD94BF0120002010BD10B5FFF74B
:1019000087FD34BF0120002010BD0EF1020E2EF025
:10191000030E5EF8044B244204D44FEA4102B2F1B4
:101920007F4F11D84FEA4003B3F17F4F0CD80ED14F
:101930004FEAD07C0CEB4C0C0CF1020CB2F17F4F57
:1019400008BF4CEBD17C04E04FF0080C01E04FEAFB
:10195000D17C0CEB4C0324FA03F404F00704B4F13B
:10196000040C06D20EEB840CBDE810404CF0010CC8
:101970006047DFE80CF0070802024FF00040A0F5D6
:10198000800010BD0846420018BFD2F1807288BFA7
:1019900000F0004010BDF1EE100A4FF6FF71C0F2EA
:1019A000C03120EA010040F04070E1EE100A7047BB
:1019B000FF2141EAD050C0057047EFF79FBCEFF719
:1019C000D3BD0000000000006E83F9A22915444E2B
:1019D000D15727FCC0DD34F5999562DB4190433C3B
:1019E000AB6351FE000000000000000030313233D4
:1019F0003435363738394142434445464030580043
:101A00003031323334353637383961626364656674
:101A100040307800040000080000000000000002D0
:101A200000010000103A7474003A7474003A74743F
:101A300000303132333435363738396162636465AA
:101A400066787000303132333435363738394142B8
:101A5000434445465850000002400000000000A0EA
:101A60000000000005400000000000C80000000069
:101A70000C4000000000409C0000000019400000E5
:101A80000020BCBE0000000034400000BFC91B8E17
:101A900000000004B5400000504BCFD06607E2CFF5
:101AA000010000006C4100003E8251AADFEEA73425
:101AB00001000000D9420000DCB5A0E23A301F97D7
:101AC000FFFFFFFFB4450000FD25A0C8E9A3C14FFB
:101AD000FFFFFFFFFF3F000000000080000000004C
:101AE000FF3F00000000008000000000FC0100201B
:101AF00012000000500400201200000050040020DA
:101B00000C0000003013002000020000FC01002047
:101B1000120000009C010020120000003C1D00206B
:101B2000200000003C1D0020340000005004002074
:101B30001200000000000000000000000102030489
:101B40000607080900000000010203040006101641
:101B5000000610160000891112239B322446AD574F
:101B60003665BF74488CC19D5AAFD3BE6CCAE5DBE5
:101B70007EE9F7F88110080193331A22A5562C4705
:101B8000B7753E64C99C408DDBBF52AEEDDA64CBC5
:101B9000FFF976E802218B30100299132667AF76A1
:101BA0003444BD554AADC3BC588ED19F6EEBE7FAA5
:101BB0007CC8F5D983310A2091121803A7772E66C5
:101BC000B5543C45CBBD42ACD99E508FEFFB66EA85
:101BD000FDD874C904428D5316619F702004A91565
:101BE0003227BB364CCEC5DF5EEDD7FC6888E19965
:101BF0007AABF3BA85520C4397711E60A114280585
:101C0000B3373A26CDDE44CFDFFD56ECE998608944
:101C1000FBBB72AA06638F7214409D512225AB3420
:101C20003006B9174EEFC7FE5CCCD5DD6AA9E3B824
:101C3000788AF19B87730E6295501C41A3352A2444
:101C4000B1163807CFFF46EEDDDC54CDEBB962A804
:101C5000F99A708B088481951AA793B62CC2A5D3E4
:101C60003EE1B7F04008C919522BDB3A644EED5FF4
:101C7000766DFF7C899400859BB712A6ADD224C3F4
:101C8000BFF136E0C1184809D33B5A2AE55E6C4FD4
:101C9000F77D7E6C0AA583B4188691972EE3A7F290
:101CA0003CC0B5D14229CB38500AD91B666FEF7EB4
:101CB000744CFD5D8BB502A499961087AFF326E2B4
:101CC000BDD034C1C3394A28D11A580BE77F6E6E94
:101CD000F55C7C4D0CC685D71EE597F42880A19154
:101CE0003AA3B3B2444ACD5B5669DF78600CE91D74
:101CF000722FFB3E8DD604C79FF516E4A990208174
:101D0000BBB332A2C55A4C4BD7795E68E11C680D53
:101D1000F33F7A2E0EE787F61CC495D52AA1A3B00F
:101D20003882B193466BCF7A5448DD59622DEB3C33
:101D3000700EF91F8FF706E69DD414C5ABB122A033
:101D4000B9923083C77B4E6AD5585C49E33D6A2C13
:101D5000F11E780F005EBCE2613FDD83C29C7E20F5
:101D6000A3FD1F419DC3217FFCA2401E5F01E3BD77
:101D70003E6082DC237D9FC1421CFEA0E1BF5D036B
:101D800080DE3C62BEE0025CDF81633D7C22C09E5F
:101D90001D43A1FF4618FAA427799BC584DA38664B
:101DA000E5BB5907DB856739BAE406581947A5FB37
:101DB0007826C49A653BD987045AB8E6A7F91B452B
:101DC000C6987A24F8A6441A99C7257B3A6486D81F
:101DD0005B05E7B98CD2306EEDB3510F4E10F2AC0B
:101DE0002F7193CD114FADF3702ECC92D38D6F31F7
:101DF000B2EC0E50AFF1134DCE90722C6D33D18FEB
:101E00000C52B0EE326C8ED0530DEFB1F0AE4C12DE
:101E100091CF2D73CA947628ABF517490856B4EACA
:101E20006937D58B5709EBB536688AD495CB2977B6
:101E3000F4AA4816E9B7550B88D6346A2B7597C9AA
:101E40004A14F6A8742AC896154BA9F7B6E80A549E
:101E5000D7896B3500000000000000001D900008CD
:101E600001900008459000087D900008319000081E
:101E70006990000859B0000869B0000849B000082E
:101E800099B0000879B0000889B00008000000008F
:101E900000000000D5900008B990000845900008A7
:101EA0007D900008319000086990000859B0000842
:101EB00069B0000849B0000899B0000879B000087E
:101EC00089B00008000000000000000081990008AF
:101ED00000000000000000008199000800000000E0
:101EE0000000000091D20008000000000000000087
:101EF000BDA10008B5A1000891D2000891D2000848
:101F000091D2000891D2000891D2000891D2000825
:101F100091D200080000000000000000D9A30008D2
:101F2000BDA30008D1A10008FDB100080000000019
:101F30000000000045A400083DA4000891D200085C
:101F400091D200080000000000000000E1A6000897
:101F5000C5A6000809A50008B5A5000819A5000830
:101F6000F5A5000839B2000885A40008B1A400084E
:101F7000000000000000000055AA000839AA00086F
:101F800039A9000841A90008B1A9000859A9000809
:101F9000E1A7000861A7000889A7000809A70008B1
:101FA0005DA80008B5A80008E1A800080DA8000871
:101FB00045B2000800000000000000009DAA0008D3
:101FC00095AA000891D2000891D2000891D2000889
:101FD00091D2000891D2000891D2000891D2000855
:101FE00091D2000891D2000891D2000891D2000845
:101FF00091D2000891D2000800000000000000000B
:10200000C9AC0008ADAC0008B1AA000851B2000884
:10201000000000000000000029AD000821AD00080C
:1020200091D2000891D200080000000000000000DA
:10203000010000000000000000000000000000009F
:102040000000000000000000000000000000000090
:102050000000000000000000000000000000000080
:102060000000000000000000000000000000000070
:1020700000000000000000007D21010800000000B9
:102080000000000000000000000000000008000048
:10209000310000000000000000000000892101085C
:1020A0000000000000000000000000000000000030
:1020B000000800002D0000000000000000000000EB
:1020C0005021010800000000000000000000000096
:1020D00000000000000200001800000000000000E6
:1020E0000000000073210108000000000000000053
:1020F00000000000000000000008000030000000A8
:1021000000000000000000005C2101080000000049
:1021100000000000000000000000000000080000B7
:102120002F000000000000000000000068210108EE
:10213000000000000000000000000000000000009F
:10214000000800002E000000000000000000000059
:1021500064656661756C745461736B007265666565
:102160007265657461736B0072656D6F746574611F
:10217000736B006D6F746F727461736B0063686171
:10218000737369737461736B00636F6D6D756E69E2
:10219000636174696F6E0049444C4500546D72511F
:1021A00000546D7220537663006C656E6774685FCF
:1021B0006572726F7220776173207468726F776EC8
:1021C00020696E202D666E6F2D6578636570746969
:1021D0006F6E73206D6F64652077697468206D651C
:1021E00073736167652022257322006261645F61F9
:1021F000727261795F6E65775F6C656E6774682077
:10220000776173207468726F776E20696E202D6617
:102210006E6F2D657863657074696F6E73206D6F76
:102220006465006261645F66756E6374696F6E5F9A
:1022300063616C6C20776173207468726F776E20B5
:10224000696E202D666E6F2D657863657074696F99
:102250006E73206D6F646500766563746F72005FE6
:102260005F6378615F67756172645F6163717569EF
:102270007265206465746563746564207265637556
:10228000727369766520696E697469616C697A61D7
:1022900074696F6E3A20646F20796F75206861767B
:1022A0006520612066756E6374696F6E2D6C6F6357
:1022B000616C207374617469632076617269616214
:1022C0006C652077686F736520696E697469616CED
:1022D000697A6174696F6E20646570656E647320DD
:1022E0006F6E20746861742066756E6374696F6EBA
:1022F0003F000000502401080000002040000000C2
:10230000100200089024010840000020006800002E
:10231000300200081C00000043000000F8FFFFFF2F
:102320000C0000000E0000000F0000002E00000056
:102330001001000043000000F8FFFFFF0040404094
:102340004040404040404141414141404040404088
:102350004040404040404040404040404005020234
:1023600002020202020202020202020202202020F3
:10237000202020202020200202020202020290904F
:10238000909090901010101010101010101010104D
:1023900010101010101010100202020202028888A1
:1023A00088888888080808080808080808080808AD
:1023B0000808080808080808020202024000000095
:1023C000000000000000000000000000000000000D
:1023D00000000000000000000000000000000000FD
:1023E00000000000000000000000000000000000ED
:1023F00000000000000000000000000000000000DD
:1024000000000000000000000000000000000000CC
:1024100000000000000000000000000000000000BC
:1024200000000000000000000000000000000000AC
:10243000000000000000000000000000000000009C
:102440001D56FFFFF955FFFF0D56FFFF1956FFFF01
:102450000000000000000000000000000000E64254
:102460000024F400FFFF00005CC4D03F7939223E15
:10247000398B0D3CA05BE23CB3652C3E1D4C123603
:102480000100000010000000AAAAAAAA0000000093
:04000005080001AD41
:00000001FF
