:020000040800F2
:1000000040590020410300081D630008515F0008AB
:10001000FD620008DD2200082970000800000000D1
:100020000000000000000000000000001164000853
:100030004125000800000000916300085564000895
:100040005B0300085B0300085B0300085B03000818
:100050005B0300085B0300085B0300085B03000808
:100060005B0300085B0300085B03000849230008EA
:100070005B0300085B0300085B0300085B030008E8
:100080005B030008592300085B030008F122000805
:10009000E12200085B0300085B0300085B03000823
:1000A0005B0300085B0300085B0300085B030008B8
:1000B0005B0300085B030008556500085B0300084C
:1000C0005B0300085B0300085B0300085B03000898
:1000D0005B030008097000085B0300085B0300086D
:1000E0005B0300085B0300085B0300085B03000878
:1000F0005B0300085B0300085B0300085B03000868
:100100005B0300085B0300085B0300085B03000857
:100110005B0300085B0300085B0300085B03000847
:100120005B03000869230008792300085B030008CB
:100130005B0300085B0300085B0300081123000851
:10014000012300085B0300085B0300085B03000851
:100150005B03000889230008992300081970000830
:100160005B0300085B0300085B0300085B030008F7
:100170005B0300085B0300085B030008000000004D
:100180005B0300085B0300085B03000809670008C5
:100190005B0300085B0300085B0300085B030008C7
:1001A00000000000000000005B03000800F002F8FF
:1001B00000F0B7F814A696E8000CB244B344DA4550
:1001C00001D100F0AEF8BAE80F000FA696E83000B3
:1001D000A5EB040504EB0607AAEB0704A7F101074A
:1001E0004FEA15154FEA3414A4F10104AC4201D3CF
:1001F00000F097F813F0010F18BFFB1A43F001034A
:1002000000F001F8DBE71847E4FF000004000100FC
:10021000103A24BF78C878C1FAD8520724BF30C832
:1002200030C144BF04680C60704700007047000094
:100230000023002400250026103A28BF78C1FBD8EF
:10024000520728BF30C148BF0B6070476E2900F0CD
:10025000B583702900F0EB8466290FF00E856529BF
:100260000FF00B8567290FF0088561290FF00785CE
:1002700003681B0A28BF41F08001692900F06283EE
:10028000642900F05F83752900F05C836F2900F01A
:100290007984782900F0B784E92900F01384E429EF
:1002A00000F01084F52900F00D84EF2900F0768429
:1002B000F82900F0B6840368DB0928BF41F080010B
:1002C000632901F0EF82732901F0F482E32901F040
:1002D000FF82F32901F00483002070471FB50FF05F
:1002E000BAFC9DE8030000F095FA01F057FC040009
:1002F000002000210EF0F2FE401C60600020002172
:100300000EF0D6FEE06000F02FFE00F05FFD00F082
:100310005DF91FBD10B5002000F0F4FD00F0BFFD39
:1003200010BD00F034FE1146FFF7D8FF0BF06AFC59
:1003300001F0C4FB03B4FFF7EDFF03BC00F03EFA8D
:100340000948804709480047FEE7FEE7FEE7FEE769
:10035000FEE7FEE7FEE7FEE7FEE7FEE704480549A5
:10036000054A064B7047000041650008AD010008D2
:1003700040530020405900204055002040550020A7
:1003800053EA020C00F069802DE9F04B4FF00006B3
:10039000002B1FBFB3FA83F503FA05F424FA05F620
:1003A0005E4012BF1643B2FA82F502FA05F4C5F1B7
:1003B00020051EBF22FA05FC44EA0C04203556EA4B
:1003C000044C4FEA144418BF641C4FF000084FF06F
:1003D0000009904271EB030C39D3002919BFB1FA1F
:1003E00081F701FA07F6B0FA80F700FA07F6C7F1CD
:1003F00020071EBF20FA07FC46EA0C062037B6FB92
:10040000F4FCA7EB0507103F07F01F0BCBF120060C
:100410002CFA06F60CFA0BFB44BFB3460026202F3D
:10042000A4BF5E464FF0000B5BEA060C08BF4FF01E
:10043000010B19EB0B0948EB0608ABFB027C06FB32
:1004400002CC0BFB03CCC01B71EB0C01C1E70B46CC
:10045000024641464846BDE8F08B13B5084318BF35
:100460004FF0FF300146AFF30080BDE81C407047FD
:100470000B460146184600F07DB9032A40F2308051
:1004800010F0030C00F0158011F8013BBCF1020FD5
:10049000624498BF11F801CB00F8013B38BF11F856
:1004A000013BA2F1040298BF00F801CB38BF00F86D
:1004B000013B11F0030300F02580083AC0F00880EA
:1004C00051F8043B083A51F804CBA0E80810F5E7CE
:1004D000121D5CBF51F8043B40F8043BAFF30080B1
:1004E000D20724BF11F8013B11F801CB48BF11F826
:1004F000012B24BF00F8013B00F801CB48BF00F8F6
:10050000012B704710B5203AC0F00B80B1E81850AD
:10051000A0E81850B1E81850A0E81850203ABFF4ED
:10052000F5AF5FEA027C24BFB1E81850A0E818508C
:1005300044BF18C918C0BDE810405FEA827C24BFE0
:1005400051F8043B40F8043B08BF7047D20728BF6E
:1005500031F8023B48BF11F8012B28BF20F8023BBD
:1005600048BF00F8012B704702F0FF0343EA032263
:1005700042EA024200F002B84FF0000200B5134612
:1005800094469646203922BFA0E80C50A0E80C50B3
:10059000B1F12001BFF4F7AF090728BFA0E80C5064
:1005A00048BF0CC05DF804EB890028BF40F8042B5D
:1005B00008BF704748BF20F8022B11F0804F18BFCA
:1005C00000F8012B704770477047704708487CB5AA
:1005D0007844009007487844009C0546019004E068
:1005E0002046016808448047241DAC42F8D17CBDF8
:1005F00064FD000076FD000070B5064600F0E6F8E8
:10060000056806F10B0020F00704B4429CBF0020EF
:1006100070BD2B466A68BAB11068A04210D304F1CD
:10062000080188423CBF5068586007D351681019D0
:1006300041601168091B016058601460101D70BD95
:1006400013465268002AE7D12146284600F0CEF82A
:100650000028DED170BD70B50446051F00F0B6F865
:100660000068002C14BF446870BD002C18BFAC4259
:100670003CBF20466468F8D301680A18AA4218BF34
:10068000456003D12A680546114401602868411974
:10069000A1421CBF6C6070BD61686960216808443C
:1006A000286070BD2DE9F04791460C46804600F069
:1006B0008DF80768604234EA000001D1042C02D2B0
:1006C0000520BDE8F087601E40F0070609F10B0029
:1006D00020F007054D4539D93B467A6882B3146846
:1006E000101D404206EA000C644525D9A4EB0C001D
:1006F000854221D8BCF1000F0BD01046016862443E
:10070000A1EB0C01116041685160C0F800C0586055
:100710000346116805F10800814205D35019491BB1
:10072000016015605860034652F8040F58600020BD
:10073000C8F80020BDE8F08713465268002ACED1E1
:100740002946384600F052F80028C5D10620BDE8F9
:10075000F0870B460146184600F044B910B500205A
:1007600000F008FCFFF7D6FDBDE81040012000F0C6
:1007700025B800002DE9F041074615460E46102029
:10078000FFF73AFF040013D06760C4E90265094827
:10079000AFF3008000F01EF8016821600649046094
:1007A000002008600348AFF300800020BDE8F0811E
:1007B0000120FBE7100000200C0000200149182058
:1007C000ABBEFEE7260002000020704700487047DD
:1007D0002C010020004870475C0100200048704751
:1007E00024010020704770477047704738B50446B1
:1007F0000A4600206946AFF30080002808BF38BDD4
:1008000002460099204600F0E7FB012038BD012098
:1008100001F081B9F8B5AFF30080054600200C4621
:100820000C2000BF0646A819A0420DD932466946E1
:100830000020AFF30080070008BF01F06CF90098BA
:10084000A04218BF0546C419FFF7C0FF0560074660
:10085000F01D20F007004619284600F00AF8B442BF
:1008600008BFF8BDA21B31463868BDE8F84000F06B
:10087000B3BB00210160416070470C20704770B528
:10088000044685690068C10601D5302600E02026AF
:10089000C00707D070BDD4E9012130469047206AD7
:1008A000401C20626D1EF6D570BD70B5044685698A
:1008B0000078C00707D170BDD4E9012120209047FE
:1008C000206A401C20626D1EF6D570BD09684A057D
:1008D00001D540B27047C905FCD500B27047096820
:1008E0004A0501D5C0B27047C905FCD580B2704732
:1008F00070B50C460546012A05D02878800600D53B
:10090000EA69002302E0012305E05B1C934202D266
:10091000E05C0028F9D1A869E618C01AA861286A25
:10092000184428622846FFF7AAFF04E0D5E9012110
:1009300014F8010B9047B442F8D32846FFF7B5FFEF
:1009400070BD00002DE9F0410646002410687529AD
:10095000314616A510D0FFF7B9FF002802DA404251
:1009600013A507E031688A0701D512A502E04907FF
:1009700004D511A5012401E0FFF7B1FF00210A22EF
:1009800006F1240709E0B0FBF2FCB0FBF2F302FB36
:100990001C00303078541846491C0028F3D12346F7
:1009A0002A463046BDE8F04100F075BB000000006B
:1009B0002D0000002B0000002000000011680268DC
:1009C000006A530501D508700AE0D30501D50880F7
:1009D00006E0130603D5C217C1E9000200E0086073
:1009E00001207047074B70B50D467B4400F03DFF7A
:1009F0000446284600F078FF10B14FF0FF3070BD7C
:100A0000204670BDA5E600002DE9FF5F15468A4629
:100A10000446DFF8AC80F8440027D8E900103E46D1
:100A2000CDE9001010E03AF816106A4602A801F06D
:100A300021F8411C07D02178890603D5E2693918CD
:100A400091420DD80744761C2078800602D5E069D3
:100A5000B84205DDAE42E6DB3AF816000028E2D1E6
:100A6000A069C01BA0612046FFF709FFD8E900106C
:100A7000CDE90010002017E03AF818106A4602A8E5
:100A800000F0F8FFB0F1FF3F81460BD000250DF1DB
:100A9000080B05E0D4E901211BF8050090476D1C07
:100AA0004D45F7D308F10100B0428046E4DB206AEF
:100AB000384420622046FFF7F8FEBDE8FF9F0000A3
:100AC0006AF200002DE9F0418046D21D22F00702B3
:100AD0000025D2E90002F52915A614D0011E72F1F5
:100AE000000106DA0023D0EB030063EB020211A63B
:100AF00008E0D8F800108B0701D50FA602E04907DF
:100B000001D50EA601251146002408F1240704E0B2
:100B100000F07CFA30323A55641C50EA0102F7D1F9
:100B20002B46324621464046BDE8F04100F0B3BABC
:100B3000000000002D0000002B000000200000003D
:100B400030B4002100F1240408E002F00705D208C7
:100B5000303542EA4372DB086554491C52EA03050A
:100B6000F3D10468002310A2250708D504F020045F
:100B70000C4304D0C46901230CA2641EC46130BCC0
:100B800000F089BA10B5044621461068FFF7A7FEA9
:100B900002462046BDE810400023D1E7D21D22F0D6
:100BA0000701D1E90023CBE700000000300000007E
:100BB000F0B40D460188090502D5214C7C4402E0C1
:100BC0001F4C7C440E34002100F1240608E002F0A2
:100BD0000F071209E75D42EA03721B097754491CAB
:100BE00052EA0307F3D102780023120704D5702DCF
:100BF00006D009B1022311342246F0BC00F04BBAF2
:100C000001231034F8E770B504460D4621461068FC
:100C1000FFF765FE024629462046BDE870400023E6
:100C2000C6E7D21D22F00703D3E90023C0E703681B
:100C3000126843F0200303600823C3610023B7E771
:100C4000CCF000002DE9F05F894604464FF0000A21
:100C5000DFF874B1FB44C0F820A02046E168884763
:100C6000002874D0252806D0D4E901219047206AB5
:100C7000401C2062F1E700265F462046E168884775
:100C80002028054607DB312D05D2781910F8200CF5
:100C900008B10643F1E7B00701D526F00406C4F811
:100CA0001CA00027C4F818A02A2D09D028460EF051
:100CB000E9F938B304EB8708303DC8F8185019E05B
:100CC00059F8041B204604EB87029161E1688847CC
:100CD000012F054618D1E069002820DA26F0200609
:100CE0001DE0D8F8180000EB800005EB400030381C
:100CF000C8F818002046E168884705460EF0C2F99A
:100D00000028EED1012F0AD02E2D08D12046E1680F
:100D100088477F1C0546022F46F02006C4DBA069E9
:100D2000002803DA404246F00106A061F00701D036
:100D300026F010066C2D0BD0682D09D04C2D39D023
:100D40006A2D35D0742D35D07A2D33D016E038E0A9
:100D5000E1682F4620468847B842054609D16C2FE6
:100D600026D04FF48060E168064320468847054658
:100D700004E06C2F1AD04FF4807006430DB3A5F138
:100D80004100192802D8203546F400664A46294613
:100D9000204626604E46FFF759FA80B101280BD055
:100DA000F61D26F0070000F1080956E74020E4E7A9
:100DB0008020D8E70020D6E706F104094DE7284651
:100DC00052E7206ABDE8F09F5CF0000010B5424891
:100DD0005421FFF7D1FB41485421FFF7CDFB404898
:100DE0005421FFF7C9FB3F493B483C4A3F4B086051
:100DF0003D490A603A491960531C0365481C106557
:100E0000012008653B48344A39A1784400F094FD3C
:100E100020B9384878440A3800F076FE37482F4A1F
:100E200035A1784400F088FD20B9344878440A3868
:100E300000F06AFE32482A4A2FA1784400F07CFD77
:100E400020B92F4878440A3800F05EFE402322483B
:100E5000DC000021224600F04BFD20B125487844FB
:100E6000543800F051FE1D4822464023002100F076
:100E70003FFD20B121487844543800F045FE184821
:100E800022461023002100F033FD002806D01C4824
:100E90007844BDE81040563800F036BE10BD10480A
:100EA00070B5006D20F001040B4800F0BDFD0B484B
:100EB00000F0BAFD0A4800F0B7FD09E0206D20F00F
:100EC0000105204600F0B0FD2046FFF7C4FB2C468C
:100ED000002CF3D170BD0000280000207C00002011
:100EE000D0000020000000200400002008000020A6
:100EF00072000000B7EE000077000000A3EE0000D3
:100F00008FEE00002DE9F84306461548AFF3008048
:100F1000FFF760FC134F8146E8464D4616E026B1C8
:100F2000E068B04201D0254610E0206828600C48F7
:100F3000C7F80080AFF30080D4E901018847084872
:100F4000AFF300803968414500D04D462C68002C35
:100F5000E5D1002038600248AFF30080BDE8F88397
:100F6000100000200C0000200148FFF72DBC0000FD
:100F70001000002010B500F0AFFDBDE8104000F0FB
:100F8000A6BD000000487047240100207047754648
:100F9000FFF7F8FFAE4605006946534620F007000C
:100FA000854618B020B5FFF7D9F9BDE820404FF0CD
:100FB00000064FF000074FF000084FF0000BAC4662
:100FC000ACE8C009ACE8C009ACE8C009ACE8C009AD
:100FD00021F007018D467047034640688C46002883
:100FE00018BF88423CBF03464068F8D318681844CD
:100FF000884207D00CF1030020F00700001D411AC1
:10100000521A0146081D0A60FFF725BB30B5B0F142
:101010000A0271F100034FEA900E4EEA817EB0EBB6
:101020000E0061EB91014FEA101E4EEA017E10EBBB
:101030000E0041EB11114FEA102E4EEA016E10EB3B
:101040000E0041EB11214FEA104E4EEA014E10EB1B
:101050000E0041EB1141401841F100014FEAD00070
:1010600040EA41704FEAD1014FEA810444EA9074AA
:1010700010EB800544EB01046D1944EB0404521B92
:10108000A3414FF0000348BF0A3200D530BD401CD9
:1010900041F1000130BD2DE9F0470D4699469246D9
:1010A000044600F124080168880604D5E06921F0AF
:1010B0001001216000E00120A84201DD471B00E093
:1010C0000027A1697A1902EB0900081AA0612078AB
:1010D000C00602D42046FFF7D2FB002608E0D4E980
:1010E00001211AF806009047206A401C761C2062F5
:1010F0004E45F4DB2078C0060AD52046FFF7BFFB3B
:1011000006E0D4E9012130209047206A401C20628B
:10111000381EA7F10107F4DC07E0D4E9012118F833
:1011200005009047206A401C2062281EA5F1010599
:10113000F3DC2046FFF7B9FB2078000602D5022039
:10114000BDE8F0870120FBE72DE9FF4F0C461E4666
:101150004FF0FF378BB0D2E90001DDF860800A90D4
:101160008A46C1F30A5505B93D46002108464FF0AD
:101170000000BAF1000F00F4400005DA00EB800037
:101180004FF4400101EA50004FEA9059B9F1010FC4
:1011900000DDB9460A9850EA4A000ED044F61050D5
:1011A000A5F2FF3545432F14B8F1000F1ED075424C
:1011B000291E1EDDC9F100021CE0B8F1010F4FF03D
:1011C000000001D0302103E0F24305E02154401C2F
:1011D000B042FBDB30460022002121540B99C1F8BC
:1011E0000880C1E900200FB0BDE8F08FBD1B6D1C69
:1011F000DEE74A4600DA694206A800F013FD06ABB6
:1012000093E8070003AB83E8070050460A990DF006
:1012100047FB8DE80700A0F500501F3800900398A9
:10122000002D0ADD42F21F014A460844002303A9AB
:10123000039068460DF0B0FD09E0A0F500504A4665
:101240001F38002303A9039068460DF0BAFD8DE80E
:1012500007000004000C03D04FF0FF30410800E00D
:101260001046B8F1000F03D00022009215461EE090
:10127000751E05D4FFF7CAFE303262556D1EF9D5D2
:10128000B3460122084302D000227F1C04E02078EC
:10129000302801D100227F1E002A099784D01DE04A
:1012A000112D07DAFFF7B2FE303262556D1C50EA9D
:1012B0000102F5D1084302D00098C8B10EE0002128
:1012C000681E05E0235C625C63542254401E491C86
:1012D0008142F7DBAB46A81B401E0990002004F8B2
:1012E0000B000B98099AC0F80880C0E9002B7AE738
:1012F00011264FF0000857E72DE9F04F88460446C5
:10130000D21D22F0070191B0D1E90001CDE90A0117
:101310000DF0A0FE02460B98C00F01D02D2007E073
:101320002068810701D52B2002E0202101EAC000BE
:10133000032A099001D0072A05DB034641462046CF
:1013400000F030FC0BE12078800601D5E06900E078
:101350000620B8F1650F814606D0B8F1660F18D0A7
:10136000B8F1670F70D131E00020B9F1110F009092
:1013700001DB112301E009F101030AAA01A90CA86C
:10138000FFF7E2FEDDE90C70002609F10105834656
:1013900047E001204B4600904FF000470AAA01A900
:1013A0000CA8FFF7D1FEDDE90DB00C995D460026D3
:1013B00010B909F101000D18B9EB050003D4C0F113
:1013C000FF3609F10105A5EB09002BE0B9F1010F8A
:1013D00001DA4FF001090020B9F1110F00904846E1
:1013E00001DD112300E003460AAA01A90CA8FFF7BA
:1013F000ABFEDDE90C704D460026834620780007E1
:101400000AD4AB4500DA5D4601A8012D04DD41197F
:1014100011F8011C302907D04F4502DA17F1040FEB
:1014200004DA012082460FE06D1EEEE7002F02DC99
:10143000ED1B3E4403E0781CA84200DD7D1CB81B78
:1014400000F1010A4FF000472078000703D4AA45B5
:1014500001DB4FF0FF3A0021B7F1004F0DF14308D7
:101460008DF8431024D002202B23002F01DA7F4275
:101470002D230A21021EA0F1010000DC5FB197FBC1
:10148000F1FC97FBF1F201FB1C7C17460CF1300CD0
:1014900008F801CDEEE7A8F10100037021880905E5
:1014A00001D5452100E06521A0F1010800F8011CEB
:1014B00009980FA9A1EB0807FF1D00B101204119F0
:1014C00001EBEA70A1693844081A401EA061207837
:1014D000C00602D42046FFF7D2F9099828B1D4E912
:1014E00001219047206A401C20622078C00622D546
:1014F0002046FFF7C4F91EE0002E04DBB34502DDF1
:1015000001A8805D00E03020D4E901219047206AE5
:10151000401C2062761CAAF101005FEA000A0AD191
:1015200000F03CFBC0680168405CD4E901219047B1
:10153000206A401C2062281EA5F10105DCDC07E0C2
:10154000D4E9012118F8010B9047206A401C206261
:10155000381EA7F10107F3DC2046FFF7A6F90320A8
:1015600011B041E62DE9F04F04460D46D21D22F0A0
:10157000070089B0D0E90097484639460DF06AFD6A
:101580000246F80F01D02D2307E02068810701D51E
:101590002B2302E0202101EAC0038DF820300BB19B
:1015A000012000E00020032A824601D0072A04DB44
:1015B0002946204600F0F6FA3FE12078800601D463
:1015C0000D2500E0E569C7F30A560D2D49DA002123
:1015D0004FEA175B08464FF00000002F00F4400070
:1015E00007DA00EB80004FF4400100EBD07001EA15
:1015F00060008115012901DD4FF0FF3100224FEA23
:10160000850CBCF1180F06D31346ACF118004FF04F
:101610008052C24003E04FF4801323FA0CF30CF124
:101620000C0CBCF1200F04D3ACF1200C09FA0CF027
:1016300001E007FA0CF000294FF0004801DD18B96D
:101640000FE00ED140450CD319EB02095F4121B9DF
:10165000404502D19F4329EA0209BBEB175F00D046
:10166000761C2088000502D57B48784402E07A4841
:101670007844193808AA302302F80A30037C0AF1AA
:101680000101002E0AF1020A53546A4602DC4FF0AF
:10169000300101E04FF031014FF001088DF80010EA
:1016A00002D0A6F2FF3603E059EA470100D06B4EA4
:1016B000002D02DC2178090704D54FF002082E2105
:1016C0008DF80110C44600210BE0C7F303433F012E
:1016D000C35C491C6D1E02F80830052908F1010899
:1016E00001DA002DF1DC00210CE000EB1973491C3C
:1016F0001B786D1E082902F808304FEA091908F115
:10170000010801DA002DF0DC21688B0602D516E015
:10171000A8F10108E04505DD02EB080313F8013CE0
:10172000302BF5D0B8F1000F09DD02EB080313F8F8
:10173000013C2E2B03D1090701D4A8F10108002D8B
:1017400005DD3E2102F808106D1E08F10108407CFD
:10175000002E02F8080008F1010804DA2D20764274
:1017600002F8080002E02B2002F808000A214FF4DA
:101770007A70864208F101080BDB96FBF0F33033F8
:1017800002F8083096FBF0F308F1010800FB13663D
:1017900001E0642E0CDB642096FBF0F3303302F89A
:1017A000083096FBF0F308F1010800FB136601E036
:1017B0000A2E06DB96FBF1F0303002F8080008F143
:1017C000010896FBF1F001FB1060303002F80800D0
:1017D000A16908F1010808EB050202EB0A00081AEA
:1017E000A0612078C00602D42046FFF748F8216A9D
:1017F00008AE01EB0A00206204E0D4E9012116F8EA
:10180000010B9047BAF1010AF7D22078C00602D541
:101810002046FFF734F86E4609E016F8010B3E2823
:101820000FD0D4E901219047206A401C2062B8F112
:101830000108F2D22046FFF738F809B00320BDE8CE
:10184000F08F206A2844206203E0D4E9012130208F
:1018500090476D1EEBD3F8E776E6000002FCFFFF31
:1018600001694A1C02610878704700B58FB0CDE964
:1018700001310021059105497944CDE90310114654
:101880006846FFF7DFF90FB000BD0000E5FFFFFF7E
:1018900010B5436913B1AFF3008001E0FFF728F8FA
:1018A000012010BD127800F124010A7000224A7054
:1018B0000122EDE711684FF0FF32E9E710B5436907
:1018C00013B1AFF3008001E0FFF79EF8012010BDD7
:1018D000128800F1240182840022C2840122EDE7F3
:1018E00011684FF0FF32E9E7007B00F0800070479D
:1018F00070B5C468A50713D0650211D4B2F5807F16
:1019000009D0B2F5007F06D0B2F5806F08D101236F
:1019100000F1240106E05D1E6FF07F46B54201D361
:10192000012070BD0161C361416024F47061114305
:10193000C160002070BD00002DE9F0410C46164644
:10194000070047D0104600F06FF82078611C61282E
:101950000AD0722802D077283CD102E00125002469
:1019600005E00225042402E0082448F2020511F8EB
:10197000010B2B2806D0622809D011F8010C74281D
:101980000AD00BE045F0030544F00204EFE745F010
:10199000040544F00104EAE744F010043846214607
:1019A00000F0C0F8411C15D00021316171604FF486
:1019B0000071F560F1617061200704D530460222A4
:1019C000002100F093FA306D40F0010030653046A0
:1019D000BDE8F0810020FBE72DE9F0410D46064609
:1019E000104C206DC10704D0410804D020F0010440
:1019F000F7E722460EE05420FEF7FEFD07000ED06A
:101A0000206D47F001010843542120653846FEF758
:101A1000B3FD3A4629463046BDE8F0418CE7002048
:101A2000D6E70000280000202DE9F04704464FF0DB
:101A3000FF380026C568D4E90497A80718D02046C7
:101A400000F010FB384600F077F8002800DA464630
:101A5000280502D54846FEF7FEFD4C212046FEF73C
:101A60008BFD206D20F0010020653046BDE8F08739
:101A70004046FBE72DE9F04116460C46054600F0CE
:101A800085F8036893F80101012807D0FF2C12D8CC
:101A9000185D80B101202C70BDE8F081D3F80701FA
:101AA0003246214603F20713C7182846BC46BDE854
:101AB000F041002360474FF0FF30EDE710B50446DA
:101AC000AFF300802046BDE81040FEF733BC00288D
:101AD00001D0FEF773BE704710B5002102A000F0E0
:101AE00005FB012010BD0000534947414252543AC2
:101AF0002041626E6F726D616C207465726D696EEB
:101B00006174696F6E00000010B500F009FBBDE85C
:101B10001040FFF7DCBF10B500F01CFBBDE8104023
:101B2000FFF7D5BF0EB5CDE9000100F063FB0290D1
:101B300069460120ABBE0EBD08B569460090022083
:101B4000ABBE08BD1FB58DE8070069460520ABBEDA
:101B500004B010BD1FB58DE80F0069460620ABBE6E
:101B6000F6E708B5694600900920ABBE08BD1CB574
:101B7000CDE9000169460A20ABBE1CBD704708B51F
:101B8000694600900C20ABBE08BD000010B500F007
:101B900005F8001D10BD00BF45D500000048704786
:101BA000440100202DE9F0411F4604460326016848
:101BB000072A01F4006004DB08B116A505E016A5AC
:101BC00003E008B115A500E015A521F01000206084
:101BD000A069C01EA0610FB1401EA0612046FEF7A3
:101BE0004EFE4FB1D4E9012138469047206A401C8F
:101BF0002062C01C206206E0206AFAE7D4E90121D5
:101C000015F8010B9047761EF8D22046FEF74DFEE0
:101C1000BDE8F0814E414E006E616E00494E4600B7
:101C2000696E66002DE9F047814616468AB0354850
:101C300078440DC88DE80D0032487844801C03AC10
:101C40000DC884E80D0041F69B300844372190FB15
:101C5000F1F290FBF1F5A5F1800501FB12041B3CAC
:101C600002D56442012000E00020DFF898A0804601
:101C70000027FA44AAF1BE0A0EE0E0070AD0324675
:101C8000684607EB470101230AEB81010DF099F843
:101C90008DE8070064107F1C002CEED1194F7F44A3
:101CA000AE3F19E0E80715D007EB04100DF1180A54
:101CB00090E80E008AE80E00C068F04201D1981941
:101CC00008903246012306A903A80DF07AF803AB69
:101CD00083E807006D10641C002DE3D14FF0010371
:101CE00032466946B8F1000F03A802D00DF054F84F
:101CF00001E00DF066F8C9E90001C9F808200AB052
:101D0000BDE8F08740E100002DE9F05F0546174689
:101D10000C46C86820F4201040F48000C86080069B
:101D200002D5084600F0C1F9E06841F282014FF0A7
:101D3000FF3A0140022903D0204600F053F9B9E0F0
:101D400000F42041B1F5004F0FD1C00306D5616802
:101D5000E06A884200D80846606006E02069E062D8
:101D600060606069FFF70BFFA061A0680022EEB21F
:101D700000280DDAE1688B050AD4C043A06041F465
:101D800090302260E0606068411C61600670AAE0EB
:101D9000E0689146226040F40050E060206978BB22
:101DA0006069FFF7DEFE04F124054FF00108A8B1D9
:101DB000A08910F4407F08D0E069FEF71DFC206187
:101DC00018B1E06840F4006017E0C4F81C80256199
:101DD000E06820F4407040F480600EE0E069FEF7B7
:101DE0000BFC00282061F0D0E06840F4006010F4A3
:101DF000407FE06002D140F48070E0602069606064
:101E0000E06825696FF0010BC1051ED56168E06AC5
:101E1000884200D80846411B04D02246284600F0DC
:101E2000EBF8E8BB1FB1E562C4E9015959E0681C51
:101E3000E0626060E069401EA060E06840F48030CD
:101E4000E06030462E70BDE8F09F17B100F480329C
:101E50000AE06068411C61600670E0680A2E40F488
:101E60008030E06006D00022E16A6068814203D9D8
:101E70000B4602E00122F7E70346B4F80CC05B1BF7
:101E80005FEA4C5C04D4D4F81CC09C4500DD02B36E
:101E9000814200D80146002BA1EB0008E56200E07A
:101EA00008E0C4E9015907DD22461946284600F03A
:101EB000A3F808B15046C6E7B8F1000F09D0A169F0
:101EC000E5626560A1EB0800A061E06840F01000E9
:101ED000E06047B16168A069E562491B084465603C
:101EE000A0615846AFE73046ADE700002DE9F0416C
:101EF000044616460D464769007B80072ED03846BB
:101F0000FFF72FFE50BB3EB3012E02D0022E25D18B
:101F100004E0204600F04DF905441DE03846FFF787
:101F20002EFEE168002841F01001E16005DA20464C
:101F300000F058F80120BDE8F081C9030BD56268B4
:101F4000E16A914200D81146A26911442269891AB6
:101F5000814200DD08460544002D01DA0220EAE74F
:101F6000E16A6068E268814206D29103E06203D5CB
:101F700022F4003141F01002A6690027AE4213DCC2
:101F8000E16A814201D90B4600E0034603EB060CEF
:101F90002369ACEB030CAC4506DD814201D98C46CC
:101FA00000E084469C4505D1A760276042F02000F0
:101FB000A5620DE0AD1BE669AE1B8142A66000D9AB
:101FC0000846C01A281A20605819606022F02000C4
:101FD00003490840E060002084F84870ABE7000047
:101FE000BFCFD7FFC16821F4001141F08001C1606B
:101FF00000218160016070472DE9F74F15460C46BE
:102000004FF0FF3B3848D768D2F814A0074209D0F8
:102010005046A969FFF7ABFD002819DB3248C043E1
:102020000740EF604FF000496FF000484C4501D386
:10203000464600E0264600993B4650463246FFF7AA
:1020400081FDA96920F00042B21A1144A96128B1AA
:102050002846FFF7C7FF5846BDE8FE8FA41BE5D111
:102060000020F9E770B504460569C06A61688842D6
:1020700000D80846E16821F42011E160C90312D5B7
:10208000A84208D02246411B2846FFF7B5FF10B1F1
:102090004FF0FF3070BD0020E562C4E90150E068F8
:1020A00020F48030E060002070BD10B50446C068A8
:1020B00020F02000E060A16AA06988420DD020468F
:1020C000FFF7D0FFE06820F4405040F01000E060DF
:1020D000A06AA0612069E062606044F24001E068AB
:1020E0008843E06010BD00001000020070B5054696
:1020F0000C460A2000E06D1C00F054F835B1287839
:102100000028F8D102E0641C00F04CF814B12078EB
:102110000028F8D1BDE870400A2000F043B8000064
:1021200010B5014602A0FFF7E1FF012010BD00003D
:1021300053494752545245443A2052656469726586
:1021400063743A2063616E2774206F70656E3A2065
:102150000000000010B5012805D0002103A0FFF702
:10216000C5FF012010BD09A1F8E7000053494752FF
:10217000544D454D3A204F7574206F662068656157
:1021800070206D656D6F7279000000003A2048651F
:102190006170206D656D6F727920636F72727570FA
:1021A0007465640008B569468DF800000320ABBE75
:1021B00008BD10B50146C268900703D0900607D548
:1021C000886A0AE0FEF70AFB01210160881E10BD43
:1021D0008B69486818440B69C01A91F848301BB1E4
:1021E00091F84910401A10BD1103FCD50028FADD02
:1021F000401E10BD10B5431C02E010F8011B71B168
:102200008107FAD14FF0013202C88C1A8C4314EACC
:10221000C211F9D0C01A0A0603D0C01E10BDC01AE0
:1022200010BD0A0401D0801E10BD0902FCD0401E62
:1022300010BD00000000000030B44FF0013C50F829
:10224000042B51F8043BCCFA52F4D51A20D1FCB936
:1022500050F8042B51F8043BCCFA52F4D51A17D19C
:10226000B4B950F8042B51F8043BCCFA52F4D51A07
:102270000ED16CB950F8042B51F8043BCCFA52F44F
:10228000D51A05D1002CDAD030BC4FF000007047D1
:1022900029BAB1FA81F111F01801D1F1200084407E
:1022A000F2D1CA40CB4012F0FF0213F0FF0330BC62
:1022B000D01A704780B582B0019040F28840C2F2D7
:1022C000000007F0CBF9FFE740F28840C2F20000BF
:1022D00007F0A6FA012009F0B3FCF5E7FFE7FEE7F7
:1022E00080B540F29450C2F2000000F045FC80BD81
:1022F00080B540F29450C2F2000000F03DFC80BD79
:1023000080B540F2BC50C2F2000000F035FC80BD48
:1023100080B540F2BC50C2F2000000F02DFC80BD40
:1023200080B582B0019040F25040C2F2000007F048
:1023300051F8FFE740F25040C2F2000007F072F897
:10234000012009F07DFCF5E780B540F24460C2F25F
:10235000000001F015F980BD80B540F2E450C2F2F2
:10236000000001F00DF980BD80B540F26470C2F24A
:10237000000001F005F980BD80B540F2A460C2F212
:10238000000001F0FDF880BD80B540F2C470C2F2DB
:10239000000001F0F5F880BD80B540F20470C2F293
:1023A000000001F0EDF880BD82B001900198007846
:1023B00010384AF6AB21CAF6AA21A0FB0110000989
:1023C000009000994FF6CC50C0F60000405C019997
:1023D000C8650098042807D3FFE70199086804221C
:1023E00062F30900886506E00199086840F2FF324F
:1023F00090438865FFE70198806D02B07047000048
:1024000086B0059000208DF813000598806A03902F
:102410000598806910BBFFE70398029003281BD83A
:102420000299DFE801F0020D0218059890F82F00DC
:10243000C00720B1FFE701208DF81300FFE70CE093
:102440000598C06AB0F1C07F04D1FFE701208DF884
:102450001300FFE701E000E0FFE745E00598806931
:10246000B0F5005F25D1FFE70398019003281ED83F
:102470000199DFE801F00206021101208DF8130036
:1024800016E0059890F82F00C00720B1FFE7012063
:102490008DF81300FFE70BE00598C06AB0F1C07F2C
:1024A00004D1FFE701208DF81300FFE700E0FFE70C
:1024B00019E003980090032804D3FFE7009803284D
:1024C00004D00EE001208DF813000BE0059890F881
:1024D0002F00C00720B1FFE701208DF81300FFE7B0
:1024E00000E0FFE7FFE7FFE79DF8130006B0704745
:1024F00084B00390029101920093039801680868E8
:1025000020F48020086000980399096848600398C7
:102510008068402809D1FFE701980399096888601D
:10252000029803990968C86008E00298039909684D
:102530008860019803990968C860FFE704B0704794
:102540007047000072B6FFE7FEE7000084B002901B
:102550000191029890F820008DF803009DF8030087
:10256000012805D0FFE79DF8030002280AD1FFE704
:10257000019A0298016848691043486100208DF86B
:102580000F0008E00299486A40F480204862012068
:102590008DF80F00FFE79DF80F0004B070470000B2
:1025A00088B00690059104920393069890F8200055
:1025B0008DF807000698006880680090059880688C
:1025C00008B9FFE700E0FFE79DF80700012806D003
:1025D000FFE79DF80700022840F08080FFE79DF8A4
:1025E0000300400700280CD4FFE79DF80300000714
:1025F000002806D4FFE79DF80300C006002864D534
:10260000FFE70098C0F30160029002990120884022
:10261000039908600598806868B9FFE70598016824
:10262000C06840EA415006990968029A01EB02111C
:10263000C1F880010EE005994A688868C96840EAD7
:10264000C200084306990968029A01EB0211C1F819
:102650008001FFE70598006906990968029A01EB75
:102660000211C1F884010598007D01280CD1FFE713
:1026700006980068029900EB0111D1F8840140F43A
:102680008070C1F88401FFE70498406806990968E2
:10269000029A01EB0211C1F88C01049800680699B6
:1026A0000968029A01EB0211C1F8880106980068D6
:1026B000029900EB0111D1F8800140F00100C1F84E
:1026C000800100208DF81F0011E00699486A40F44F
:1026D0000010486201208DF81F0008E00699486A42
:1026E00040F48020486201208DF81F00FFE79DF82C
:1026F0001F0008B07047000086B004900391049852
:1027000090F820008DF803009DF80300012806D002
:10271000FFE79DF80300022840F0B080FFE746F293
:102720000040C4F2000001900199D1F8000240F08D
:102730000100C1F800020199D1F8000220F47C5098
:10274000C1F800020398426A0199D1F8000240EAF8
:102750000220C1F800020398406900F01F01012027
:1027600088400290029A0199D1F81C029043C1F866
:102770001C020398C069F0B9FFE7029A0199D1F8E9
:102780000C029043C1F80C02039A9088D1685269F8
:1027900040EA0140019901EBC201C1F84002039AED
:1027A00010889168526940EA0140019901EBC20129
:1027B000C1F84402FFE70398C06901281ED1FFE772
:1027C000029A0199D1F80C021043C1F80C02039A45
:1027D00090881168526940EA0140019901EBC201F9
:1027E000C1F84002039A90899168526940EA014019
:1027F000019901EBC201C1F84402FFE70398806927
:1028000040B9FFE7029A0199D1F804029043C1F858
:10281000040207E0029A0199D1F804021043C1F8BA
:102820000402FFE70398006940B9FFE7029A0199A3
:10283000D1F814029043C1F8140207E0029A0199FA
:10284000D1F814021043C1F81402FFE70398006A9C
:10285000012808D1FFE7029A0199D1F81C02104320
:10286000C1F81C02FFE70199D1F8000220F0010035
:10287000C1F8000200208DF8170008E00499486AAA
:1028800040F48020486201208DF81700FFE79DF892
:10289000170006B07047000081B0009001B070478B
:1028A00084B00390029100200190039890F82000DA
:1028B0008DF803009DF80300012805D0FFE79DF87F
:1028C0000300022812D1FFE7029838B9FFE7039806
:1028D0000068C06800F00300019006E003980068FB
:1028E000006900F003000190FFE7FFE7019804B0E2
:1028F0007047000086B004900391029201930498FF
:1029000090F820008DF803009DF80300012806D000
:10291000FFE79DF80300022840F0E880FFE70398F6
:1029200080B9FFE704980068C068800748B9FFE7EE
:102930000499486A40F40010486201208DF817009D
:10294000DDE00FE0049800680069800748B9FFE700
:102950000499486A40F40010486201208DF817007D
:10296000CDE0FFE704980068039900EB0110D0F870
:10297000B00100F00400029988600298806858B99C
:10298000FFE704980068039900EB0110D0F8B0014C
:10299000400D029908600AE004980068039900EB72
:1029A0000110D0F8B001C00802994860FFE7049810
:1029B0000068039900EB0110D0F8B00100F00200AC
:1029C0000299C86004980068039900EB0110D0F8E0
:1029D000B40100F00F00082804D3FFE70299082093
:1029E00008610BE004980068039900EB0110D0F82F
:1029F000B40100F00F0002990861FFE70498006835
:102A0000039900EB0110D0F8B40180B2000A0299DA
:102A1000886104980068039900EB0110D0F8B401B4
:102A2000000C0299486104980068039900EB0110BA
:102A3000D0F8B8010199087004980068039900EB78
:102A40000110D0F8B801000A019948700498006894
:102A5000039900EB0110D0F8B801000C01998870BF
:102A600004980068039900EB0110D0F8B801000E3B
:102A70000199C87004980068039900EB0110D0F820
:102A8000BC010199087104980068039900EB0110DA
:102A9000D0F8BC01000A01994871049800680399B4
:102AA00000EB0110D0F8BC01000C0199887104986A
:102AB0000068039900EB0110D0F8BC01000E0199E9
:102AC000C871039838B9FFE704980168C86840F0F6
:102AD0002000C86006E004980168086940F0200002
:102AE0000861FFE700208DF8170008E00499486AA4
:102AF00040F48020486201208DF81700FFE79DF820
:102B0000170006B07047000083B0029000200190CB
:102B1000029890F820008DF803009DF8030001282A
:102B200005D0FFE79DF80300022822D1FFE70298B5
:102B3000006880684001002804D5FFE70198013053
:102B40000190FFE70298006880680001002804D522
:102B5000FFE7019801300190FFE702980068806864
:102B6000C000002804D5FFE7019801300190FFE77D
:102B7000FFE7019803B0704780B58AB00990002044
:102B800008900998006840690790099800684068B3
:102B90000690099800688068059009980068C068E8
:102BA000049009980068006903900998006880699A
:102BB00002909DF81C00C007002800F09480FFE7F9
:102BC0009DF81400C00758B3FFE709980168012079
:102BD00088609DF814008007002804D5FFE7099855
:102BE00000F01EFC1BE09DF814004007002805D5EE
:102BF000FFE7089840F4006008900FE09DF814008B
:102C00000007002805D5FFE7089840F48050089099
:102C100003E0099800F000FCFFE7FFE7FFE7FFE7AC
:102C20009DF81500C00760B3FFE7099801684FF4ED
:102C3000807088609DF815008007002804D5FFE7A4
:102C4000099800F0F5FB1BE09DF8150040070028EF
:102C500005D5FFE7089840F4005008900FE09DF874
:102C600015000007002805D5FFE7089840F48040CC
:102C7000089003E0099800F0D7FBFFE7FFE7FFE7C4
:102C8000FFE79DF81600C00760B3FFE709980168E9
:102C90004FF4803088609DF816008007002804D526
:102CA000FFE7099800F0CCFB1BE09DF816004007F9
:102CB000002805D5FFE7089840F4004008900FE091
:102CC0009DF816000007002805D5FFE7089840F496
:102CD0008030089003E0099800F0AEFBFFE7FFE7C3
:102CE000FFE7FFE7FFE79DF81C000007002810D56D
:102CF000FFE79DF81000C006002809D5FFE70898F7
:102D000040F400700890099801681020C860FFE73F
:102D1000FFE79DF81C00400700280FD5FFE79DF84E
:102D200010000007002808D5FFE70998016808206F
:102D3000C860099800F0E2FAFFE7FFE79DF81C0081
:102D4000800700280BD5FFE709980068C068800756
:102D500020B1FFE7099800F0D5FAFFE7FFE79DF8FB
:102D60001C004006002810D5FFE79DF80C00C006A7
:102D7000002809D5FFE7089840F48060089009987A
:102D8000016810200861FFE7FFE79DF81C0080063E
:102D900000280FD5FFE79DF80C000007002808D594
:102DA000FFE70998016808200861099800F0C8FA4F
:102DB000FFE7FFE79DF81C00C00600280BD5FFE7E2
:102DC000099800680069800720B1FFE7099800F0C2
:102DD000BBFAFFE7FFE79DF81E00800700280FD52C
:102DE000FFE79DF81800C006002808D5FFE70998FE
:102DF000016810204860099800F0C4FAFFE7FFE777
:102E00009DF81E00C00778B1FFE79DF81800000785
:102E1000002808D5FFE7099801680820486009984C
:102E200000F012FBFFE7FFE79DF81D0000060028F9
:102E300040F18D80FFE79DF818004007002840F121
:102E40008180FFE79DF81D00C00750B1FFE79DF8A6
:102E50000800C00728B1FFE7089840F0010008907B
:102E6000FFE79DF81D00800700280BD5FFE79DF8C0
:102E700008008007002805D5FFE7089840F0020009
:102E80000890FFE79DF81D00400700280BD5FFE7DD
:102E90009DF808004007002805D5FFE7089840F096
:102EA00004000890FFE79DF81D000007002848D5A2
:102EB000FFE79DF8080010F0700F42D0FFE702987E
:102EC00000F0700001460191102814D0FFE701982E
:102ED000202815D0FFE70198302816D0FFE7019889
:102EE000402817D0FFE70198502818D0FFE7019835
:102EF000602819D01DE0089840F00800089019E0FB
:102F0000089840F01000089014E0089840F0200065
:102F100008900FE0089840F0400008900AE00898F8
:102F200040F08000089005E0089840F48070089018
:102F300000E0FFE709980168886920F07000886167
:102F4000FFE7FFE70998016804204860FFE7089859
:102F500048B1FFE7089A0999486A104348620998FE
:102F6000FFF79AFCFFE70AB080BD000080B584B08F
:102F70000290029820B9FFE701208DF80F00E0E0F1
:102F8000029890F8200020B9FFE7029800F0DEF8E0
:102F9000FFE702980168086840F00100086000F04F
:102FA00091FF0190FFE7029800684068C007A8B948
:102FB000FFE700F087FF0199401A0B280DD3FFE7C8
:102FC0000299486A40F4003048620299052081F86D
:102FD000200001208DF80F00B3E0E4E702980168BB
:102FE000086820F00200086000F06CFF0190FFE725
:102FF0000298006840688007002815D5FFE700F0B8
:1030000061FF0199401A0B280DD3FFE70299486A26
:1030100040F4003048620299052081F82000012028
:103020008DF80F008DE0E3E70298007E012807D1BC
:10303000FFE702980168086840F08000086006E039
:1030400002980168086820F080000860FFE7029895
:10305000407E012807D1FFE702980168086840F028
:103060004000086006E002980168086820F040000F
:103070000860FFE70298807E012807D1FFE70298E9
:103080000168086840F02000086006E002980168C6
:10309000086820F020000860FFE70298C07E012841
:1030A00007D1FFE702980168086820F01000086067
:1030B00006E002980168086840F010000860FFE729
:1030C0000298007F012807D1FFE70298016808688D
:1030D00040F00800086006E002980168086820F0E7
:1030E00008000860FFE70298407F012807D1FFE74A
:1030F00002980168086840F00400086006E0029841
:103100000168086820F004000860FFE7029B196866
:103110005A689868D3F80CC040EA0C00D3F810C085
:1031200040EA0C005B691843013A1043C8610299F8
:1031300000204862029A012182F820108DF80F00C9
:10314000FFE79DF80F0004B080BD000080B594B08B
:10315000139000201290119010900F900E901398E1
:10316000006846F20041C4F20001884253D1FFE7F3
:1031700040F2E010C2F20000016801310160006815
:10318000012812D1FFE7FFE700200D9043F6400031
:10319000C4F20200016841F000710160006800F0B3
:1031A00000700D900D98FFE7FFE7FFE700200C90FF
:1031B00043F63000C4F20200016841F008010160EA
:1031C000006800F008000C900C98FFE703200E90B8
:1031D00002210F9100210791109111900920129066
:1031E00040F60040C4F202000EA900F073FC079AFA
:1031F000132005900521069100F042FF059800F08C
:1032000035FF0699079A1420089000F039FF0898B6
:1032100000F02CFF6FE01398006846F60001C4F23E
:103220000001884266D1FFE7FFE700200B9043F6DC
:103230004000C4F20200016841F080610160006852
:1032400000F080600B900B98FFE740F2E010C2F2B4
:1032500000000168013101600068012812D1FFE718
:10326000FFE700200A9043F64000C4F20200016824
:1032700041F000710160006800F000700A900A9847
:10328000FFE7FFE7FFE70020099043F63000C4F2B4
:103290000200016841F002010160006800F00200D4
:1032A00009900998FFE74FF440500E9002200F90CC
:1032B000002003901090032011900920129040F2FA
:1032C0000040C4F202000EA900F004FC039A3F2063
:1032D00001900521029100F0D3FE019800F0C6FE96
:1032E0000299039A4020049000F0CAFE049800F06E
:1032F000BDFEFFE7FFE714B080BD000081B0009085
:1033000001B0704780B58AB0099005F0ADFA016848
:103310008A680021904702900998019002980168FC
:103320008969884701460198884206D1FFE70298DB
:1033300001684A6903A99047FFE70AB080BD000011
:1033400081B0009001B0704780B58AB0099005F057
:103350008BFA01688A6801219047029009980190D0
:10336000029801688969884701460198884206D118
:10337000FFE7029801684A6903A99047FFE70AB08E
:1033800080BD000081B0009001B0704780B584B06E
:103390000290029890F8200001282FD1FFE70299AF
:1033A000022081F8200002980168086820F00100DE
:1033B000086000F087FD0190FFE702980068406810
:1033C000C007A8B1FFE700F07DFD0199401A0B2866
:1033D0000DD3FFE70299486A40F400304862029931
:1033E000052081F8200001208DF80F000FE0E4E7B0
:1033F0000299002048628DF80F0008E00299486A9F
:1034000040F40020486201208DF80F00FFE79DF88E
:103410000F0004B080BD000081B0009001B0704783
:1034200081B0009001B0704781B0009001B070474A
:1034300081B0009001B0704781B0009001B070473A
:1034400081B0009001B0704781B0009001B070472A
:1034500080B584B002900298806D019000F032FD3A
:103460000090029890F8350002280DD0FFE70299ED
:1034700080204865FFE70299002081F83400FFE7CB
:1034800001208DF80F0055E002980168086820F0CF
:103490001600086002980168486920F080004861C1
:1034A0000298006C20B9FFE70298806C38B1FFE702
:1034B00002980168086820F008000860FFE7029899
:1034C0000168086820F001000860FFE702980068C2
:1034D0000068C007C8B1FFE700F0F4FC0099401A8B
:1034E000062811D3FFE7029920204865029903209E
:1034F00081F83500FFE70299002081F83400FFE7EA
:1035000003208DF80F0015E0E0E70298C16D3F2021
:103510008840019988600299012081F83500FFE711
:103520000299002081F83400FFE7FFE700208DF8C2
:103530000F00FFE79DF80F0004B080BD82B000903F
:10354000009890F83500022807D0FFE70099802006
:10355000486501208DF807000EE00099052081F8EC
:10356000350000980168086820F001000860FFE756
:1035700000208DF80700FFE79DF8070002B07047B4
:1035800080B586B005900020039040F21400C2F28E
:103590000000006848F2B511C1F64E31A0FB0110E1
:1035A000800A02900598806D01900198006804904F
:1035B00004980599C96DC840000700281AD5FFE78F
:1035C0000598006800684007002812D5FFE70598B5
:1035D0000168086820F0040008600598C16D0820A3
:1035E0008840019988600599486D40F00100486560
:1035F000FFE7FFE704980599C96DC840C007A0B16F
:10360000FFE7059800684069000600280CD5FFE731
:103610000598C16D01208840019988600599486D21
:1036200040F002004865FFE7FFE704980599C96D7F
:10363000C8404007002814D5FFE7059800680068D7
:10364000800700280CD5FFE70598C16D042088404D
:10365000019988600599486D40F004004865FFE7CE
:10366000FFE704980599C96DC840C006002847D5F2
:10367000FFE7059800680068000700283FD5FFE7CE
:103680000598C16D102088400199886005980068F0
:103690000068400300281AD5FFE705980068006815
:1036A0000003002809D4FFE70598006C20B1FFE76C
:1036B0000598016C8847FFE708E00598806C20B109
:1036C000FFE70598816C8847FFE7FFE716E005985C
:1036D00000680068C005002807D4FFE70598016866
:1036E000086820F008000860FFE70598006C20B12A
:1036F000FFE70598016C8847FFE7FFE7FFE7FFE773
:1037000004980599C96DC8408006002840F18D8055
:10371000FFE7059800680068C006002840F1848033
:10372000FFE70598C16D20208840019988600598C1
:1037300090F83500052834D1FFE70598016808683E
:1037400020F01600086005980168486920F08000A4
:1037500048610598006C20B9FFE70598806C38B186
:10376000FFE705980168086820F008000860FFE797
:103770000598C16D3F208840019988600599012016
:1037800081F83500FFE70599002081F83400FFE754
:103790000598006D20B1FFE70598016D8847FFE7A8
:1037A0007BE0059800680068400300281AD5FFE711
:1037B0000598006800680003002809D4FFE7059811
:1037C000406C20B1FFE70598416C8847FFE708E0AF
:1037D0000598C06B20B1FFE70598C16B8847FFE7EC
:1037E000FFE720E0059800680068C005002811D4B4
:1037F000FFE705980168086820F010000860059947
:10380000012081F83500FFE70599002081F8340098
:10381000FFE7FFE70598C06B20B1FFE70598C16B94
:103820008847FFE7FFE7FFE7FFE70598406DA0B394
:10383000FFE70598406DC00730B3FFE70599052005
:1038400081F8350005980168086820F001000860DB
:10385000FFE70398013003900299884201D9FFE7FE
:1038600007E0FFE7059800680068C0070028F0D16E
:10387000FFE70599012081F83500FFE70599002051
:1038800081F83400FFE7FFE70598C06C20B1FFE73F
:103890000598C16C8847FFE7FFE706B080BD0000D0
:1038A00080B586B004900020039000F00BFB0290DE
:1038B000049820B9FFE701208DF81700A3E00498D1
:1038C000406A08B1FFE7FFE70499022081F835005C
:1038D000FFE70499002081F83400FFE704980168AD
:1038E000086820F001000860FFE70498006800689D
:1038F000C00790B1FFE700F0E5FA0299401A0628E8
:103900000AD3FFE70499202048650499032081F831
:1039100035008DF8170076E0E7E704980068006846
:103920000390039848F23F01CFF210010840039042
:10393000049900914868D1F808C0CB680A6940EA48
:103940000C00184310434A6910438A691043CA693E
:103950001043096A01430398084303900498406A9E
:10396000042808D1FFE70499C86A096B014303984A
:1039700008430390FFE703980499096808600498D6
:10398000006840690390039820F0070003900498B2
:10399000416A0398084303900498406A04281AD1A6
:1039A000FFE70498816A0398084303900498C06A6B
:1039B00080B1FFE70498FEF723FD50B1FFE70499BB
:1039C000402048650499012081F835008DF81700E2
:1039D00019E0FFE7FFE70398049909684861049834
:1039E000FEF7E2FC01900498C16D3F2088400199E8
:1039F0008860049900204865049A012182F83510F6
:103A00008DF81700FFE79DF8170006B080BD000095
:103A100080B588B0069005910492039300208DF83C
:103A20000B000698806D0190FFE7069890F834002F
:103A3000012804D1FFE702208DF81F0045E0069918
:103A4000012081F83400FFE7FFE7069890F8350081
:103A500001282BD1FFE70699022081F8350006994D
:103A60000020486506980599049A039BFEF740FDDF
:103A70000698C16D3F2088400199886006980168CA
:103A8000086840F0160008600698006C38B1FFE73F
:103A900006980168086840F008000860FFE706988B
:103AA0000168086840F00100086009E0FFE7069936
:103AB000002081F83400FFE702208DF80B00FFE7BB
:103AC0009DF80B008DF81F00FFE79DF81F0008B060
:103AD00080BD000090B00F900E9100200C900B90D4
:103AE0000A900D90FFE70D980F2800F2E881FFE79C
:103AF0000D99012088400C900E9800680C990840A0
:103B00000B900B980C99884240F0D481FFE70E98F7
:103B1000406800F00300012807D0FFE70E984068D6
:103B200000F0030002282FD1FFE70F9880680A9069
:103B30000D984100032000FA01F10A9888430A9089
:103B40000E98C0680D99490000FA01F10A980843DF
:103B50000A900A980F9988600F9840680A900D990A
:103B6000012000FA01F10A9888430A900E984068F3
:103B7000C0F300100D9900FA01F10A9808430A9069
:103B80000A980F994860FFE70E98406800F003001C
:103B9000032818D0FFE70F98C0680A900D984100DD
:103BA000032000FA01F10A9888430A900E98806871
:103BB0000D99490000FA01F10A9808430A900A9801
:103BC0000F99C860FFE70E98406800F003000228D4
:103BD00026D1FFE70F980D996FF0030202EA510119
:103BE0000844006A0A900D9800F0070081000F2039
:103BF00000FA01F10A9888430A900E9800690D991D
:103C000001F00701890000FA01F10A9808430A90BF
:103C10000A980F990D9B02EA530211440862FFE7CC
:103C20000F9800680A900D984100032000FA01F1F6
:103C30000A9888430A900E98406800F003000D9996
:103C4000490000FA01F10A9808430A900A980F996E
:103C500008600E9880798007002800F02A81FFE72D
:103C6000FFE70020099043F64400C4F20200016817
:103C700041F480410160006800F480400990099897
:103C8000FFE70D9820F0030043F60801C4F201019C
:103C900040580A900D9800F0030081000F2000FAB0
:103CA00001F10A9888430A900F980021C4F202019A
:103CB000884203D1FFE7002008907AE00F9840F295
:103CC0000041C4F20201884203D1FFE701200790BE
:103CD0006CE00F9840F60001C4F20201884203D163
:103CE000FFE7022006905EE00F9840F60041C4F224
:103CF0000201884203D1FFE70320059050E00F98AE
:103D000041F20001C4F20201884203D1FFE704201E
:103D1000049042E00F9841F20041C4F2020188424F
:103D200003D1FFE70520039034E00F9841F600012E
:103D3000C4F20201884203D1FFE70620029026E088
:103D40000F9841F60041C4F20201884203D1FFE717
:103D50000720019018E00F9842F20001C4F202011E
:103D6000884203D1FFE7082000900AE00F9942F251
:103D70000042C4F202020A20914208BF09200090CA
:103D8000FFE700980190FFE701980290FFE7029893
:103D90000390FFE703980490FFE704980590FFE77E
:103DA00005980690FFE706980790FFE707980890A8
:103DB000FFE70898C0B20D9901F00301890000FAED
:103DC00001F10A9808430A900A980D9921F003011D
:103DD00043F60802C4F20102885043F60840C4F2D8
:103DE000010000680A900B990A9888430A900E987F
:103DF0008079C006002805D5FFE70B990A9808438B
:103E00000A90FFE70A9843F60841C4F201010860EE
:103E100043F60C40C4F2010000680A900B990A981E
:103E200088430A900E9880798006002805D5FFE720
:103E30000B990A9808430A90FFE70A9843F60C4149
:103E4000C4F20101086043F60440C4F201000068B6
:103E50000A900B990A9888430A900E9880798007F7
:103E6000002805D5FFE70B990A9808430A90FFE759
:103E70000A9843F60441C4F20101086043F6004089
:103E8000C4F2010000680A900B990A9888430A90CE
:103E90000E988079C00728B1FFE70B990A9808436C
:103EA0000A90FFE70A9843F60041C4F20101086056
:103EB000FFE7FFE7FFE70D9801300D9013E610B024
:103EC0007047000044F66030C2F20000006870479E
:103ED00040F21800C2F20000027844F66031C2F2EB
:103EE00000010868104408607047000080B543F680
:103EF0000041C4F20201086840F4007008600868DC
:103F000040F480600860086840F480700860032016
:103F100000F0D0F80F2000F005F800F07BF800204A
:103F200080BD000080B58CB00B9000200490039001
:103F3000FFE70020009043F64000C4F20200016851
:103F400041F004010160006800F004000090009856
:103F5000FFE706A802A900F047FA09980490049820
:103F600020B9FFE700F070FA059004E000F06CFA69
:103F700040000590FFE705984DF68361C4F21B31C0
:103F8000A0FB01014FF0FF3000EB9140039040F6A1
:103F90002400C2F2000040F60001C4F200010160FA
:103FA00040F2E731C1600399416000210161816005
:103FB000816100F049FE8DF807009DF8070028BBDD
:103FC000FFE740F62400C2F2000000F08FFE8DF8FB
:103FD00007009DF80700C0B9FFE71E2000F046F873
:103FE0000B980F280CD8FFE70B991E20002200F039
:103FF00047F80B9840F21C01C2F20001086003E090
:1040000001208DF80700FFE7FFE7FFE79DF80700B5
:104010000CB080BD80B582B0FFE70020019043F670
:104020004400C4F20200016841F48041016000686C
:1040300000F4804001900198FFE7FFE70020009026
:1040400043F64000C4F20200016841F08051016073
:10405000006800F0805000900098FFE76FF00100CA
:104060000F21002200F00CF802B080BD80B582B0B4
:104070008DF807009DF9070007F060FC02B080BDD5
:1040800080B586B08DF8170004910392002002904D
:1040900007F06CFC02909DF91700019002980499BA
:1040A000039A02F03DF90146019807F067FC06B05B
:1040B00080BD000080B582B00190019807F0A2FC9D
:1040C00002B080BD80B584B000200290FFE70020E0
:1040D000019043F64000C4F20200016841F08051B3
:1040E0000160006800F0805001900198FFE74021D6
:1040F000C4F20E2101200860FFF7E4FE0290FFE702
:1041000047F20400C4F20000006800F48030B0F50B
:10411000803F0DD0FFE7FFF7D5FE0299401AB0F5BA
:104120007A7F04D9FFE703208DF80F0025E0E7E749
:104130004421C4F20E2101200860FFF7C3FE029063
:10414000FFE747F20400C4F20000006800F400300A
:10415000B0F5003F0DD0FFE7FFF7B4FE0299401A1B
:10416000B0F57A7F04D9FFE703208DF80F0004E053
:10417000E7E700208DF80F00FFE79DF80F0004B07F
:1041800080BD000080B584B002900191029820B9F2
:10419000FFE701208DF80F0021E1019843F600416F
:1041A000C4F20201096801F00F01884212D9FFE749
:1041B000019943F60040C4F202000170006800F06B
:1041C0000F000199884204D0FFE701208DF80F000D
:1041D00005E1FFE702980078800700282AD5FFE76D
:1041E000029800784007002809D5FFE743F6080148
:1041F000C4F20201086840F4E0500860FFE702984A
:1042000000780007002809D5FFE743F60801C4F24B
:104210000201086840F460400860FFE743F60801C7
:10422000C4F20201086820F0F000029A926810437C
:104230000860FFE702980078C00700286ED0FFE70B
:1042400002984068012811D1FFE743F60000C4F24C
:104250000200006800F400310020B0EB514F04D19F
:10426000FFE701208DF80F00B9E02CE002984068CC
:10427000022805D0FFE702984068032811D1FFE724
:1042800043F60000C4F20200006800F00071002054
:10429000B0EB516F04D1FFE701208DF80F009EE0D5
:1042A00010E043F60000C4F20200006800F00201D2
:1042B0000020B0EB510F04D1FFE701208DF80F0073
:1042C0008DE0FFE7FFE743F60801C4F2020108684A
:1042D00020F00300029A526810430860FFF7F2FDD5
:1042E0000090FFE743F60800C4F20200006800F007
:1042F0000C0002994968B0EB810F0ED0FFE7FFF781
:10430000E1FD0099401A41F28931884204D3FFE768
:1043100003208DF80F0062E0E4E7FFE7019843F621
:104320000041C4F20201096801F00F01884212D273
:10433000FFE7019943F60040C4F2020001700068F3
:1043400000F00F000199884204D0FFE701208DF8AA
:104350000F0044E0FFE702980078400700280CD5E2
:10436000FFE743F60801C4F20201086820F4E050B8
:10437000029AD26810430860FFE7029800780007AD
:1043800000280DD5FFE743F60801C4F202010868D2
:1043900020F46040029A126940EAC2000860FFE718
:1043A00000F076F843F60801C4F202010968C9B2C8
:1043B0000A094FF6B451C0F60001895CC84040F2CA
:1043C0001401C2F20001086040F21C00C2F20000B9
:1043D0000068FFF7A7FD00208DF80F00FFE79DF8AC
:1043E0000F0004B080BD000082B0019000910199DF
:1043F0000F20086043F60800C4F20200016801F0D3
:104400000301019A5160016801F0F001019A916085
:10441000016801F4E051019AD160006800F4604045
:10442000C0080199086143F60040C4F20200006828
:1044300000F00F000099086002B0704740F21400CD
:10444000C2F200000068704780B5FFF7F7FF43F63F
:104450000801C4F202010968C1F382224FF6C45177
:10446000C0F60001895CC84080BD000080B5FFF740
:10447000E5FF43F60801C4F20201096889B24A0B5C
:104480004FF6C451C0F60001895CC84080BD0000F1
:1044900080B586B00020059004900390029043F60A
:1044A0000800C4F20200006800F00C00014601910F
:1044B00040B1FFE7019804280AD0FFE701980828D7
:1044C0000CD04FE042F20040C0F2F40002904FE006
:1044D00041F60030C0F2B700029049E043F6040014
:1044E000C4F20200016801F03F010591006840023A
:1044F000002813D5FFE743F60400C4F20200006869
:10450000C0F3881041F60031C0F2B701A0FB0101F1
:10451000059A0023FBF734FF049012E043F60400F1
:10452000C4F202000068C0F3881042F20041C0F2F9
:10453000F401A0FB0101059A0023FBF721FF049081
:10454000FFE743F60400C4F20200006800F44031C3
:10455000022000EBD130039004980399B0FBF1F0F6
:10456000029005E042F20040C0F2F4000290FFE742
:10457000029806B080BD000080B586B00490049813
:1045800020B9FFE701208DF8170050E30498007868
:10459000C007002800F0A580FFE743F60800C4F23A
:1045A0000200006800F00C00042813D0FFE743F677
:1045B0000800C4F20200006800F00C0008281ED1B8
:1045C000FFE743F60400C4F202000068400200283E
:1045D00015D5FFE743F60000C4F20200006800F4BE
:1045E00000310020B0EB514F08D0FFE7049840683D
:1045F00020B9FFE701208DF8170018E370E0FFE70E
:1046000004984068B0F5803F09D1FFE743F6000108
:10461000C4F20201086840F48030086020E0049889
:104620004068B0F5A02F0DD1FFE743F60001C4F2BA
:104630000201086840F480200860086840F4803077
:1046400008600CE043F60001C4F20201086820F49F
:1046500080300860086820F480200860FFE7FFE7EA
:10466000FFE704984068E8B1FFE7FFF72BFC0390F1
:10467000FFE743F60000C4F20200006800F40031D6
:104680000020B0EB514F0CD1FFE7FFF71BFC039963
:10469000401A652804D3FFE703208DF81700C6E20F
:1046A000E7E71CE0FFF70EFC0390FFE743F600008E
:1046B000C4F20200006800F400310020B0EB514F5A
:1046C0000CD0FFE7FFF7FEFB0399401A652804D3DF
:1046D000FFE703208DF81700A9E2E7E7FFE7FFE710
:1046E000FFE7049800788007002840F19680FFE7F4
:1046F00043F60800C4F20200006810F00C0F13D05B
:10470000FFE743F60800C4F20200006800F00C0066
:1047100008282CD1FFE743F60400C4F20200006829
:104720004002002823D4FFE743F60000C4F2020051
:10473000006800F002010020B0EB510F09D0FFE744
:104740000498C068012804D0FFE701208DF8170005
:104750006DE243F60001C4F20201086820F0F8009F
:10476000049A126940EAC2000860FFE754E0049826
:10477000C06870B3FFE70021C4F247210120086040
:10478000FFF7A0FB0390FFE743F60000C4F202002E
:10479000006800F002010020B0EB510F0CD1FFE7E0
:1047A000FFF790FB0399401A032804D3FFE7032087
:1047B0008DF817003BE2E7E743F60001C4F202017F
:1047C000086820F0F800049A126940EAC200086004
:1047D00021E00021C4F2472100200860FFF772FBAE
:1047E0000390FFE743F60000C4F20200006800F007
:1047F00002010020B0EB510F0CD0FFE7FFF762FB86
:104800000399401A032804D3FFE703208DF817000B
:104810000DE2E7E7FFE7FFE7FFE70498007800070E
:1048200000284BD5FFE70498406918B3FFE740F62E
:104830008061C4F2472101200860FFF743FB039029
:10484000FFE743F67400C4F20200006800F00201C2
:104850000020B0EB510F0CD1FFE7FFF733FB0399BA
:10486000401A032804D3FFE703208DF81700DEE188
:10487000E7E722E040F68061C4F2472100200860AB
:10488000FFF720FB0390FFE743F67400C4F2020039
:10489000006800F002010020B0EB510F0CD0FFE7E0
:1048A000FFF710FB0399401A032804D3FFE7032006
:1048B0008DF81700BBE1E7E7FFE7FFE70498007812
:1048C0004007002840F1CE80FFE700208DF8070068
:1048D00043F64000C4F202000068C000002815D46E
:1048E000FFE7FFE70020009043F64000C4F202001B
:1048F000016841F080510160006800F08050009034
:104900000098FFE701208DF80700FFE747F200005D
:10491000C4F200000068C005002822D4FFE747F277
:104920000001C4F20001086840F480700860FFF7DD
:10493000C9FA0390FFE747F20000C4F200000068E4
:10494000C00500280CD4FFE7FFF7BCFA0399401A12
:10495000032804D3FFE703208DF8170067E1EAE797
:10496000FFE7FFE704988068012809D1FFE743F6D5
:104970007001C4F20201086840F0010008601FE005
:104980000498806805280DD1FFE743F67001C4F252
:104990000201086840F004000860086840F0010067
:1049A00008600CE043F67001C4F20201086820F0D0
:1049B00001000860086820F004000860FFE7FFE7D6
:1049C000FFE704988068F8B1FFE7FFF77BFA0390F0
:1049D000FFE743F67000C4F20200006800F0020135
:1049E0000020B0EB510F0ED1FFE7FFF76BFA0399F0
:1049F000401A41F28931884204D3FFE703208DF841
:104A0000170014E1E5E71EE0FFF75CFA0390FFE70B
:104A100043F67000C4F20200006800F002010020BA
:104A2000B0EB510F0ED0FFE7FFF74CFA0399401A95
:104A300041F28931884204D3FFE703208DF8170043
:104A4000F5E0E5E7FFE79DF80700012809D1FFE75A
:104A500043F64001C4F20201086820F0805008606B
:104A6000FFE7FFE704988069002800F0DC80FFE79B
:104A700043F60800C4F20200006800F00C000828A9
:104A800000F08580FFE70498806902285CD1FFE789
:104A90006021C4F2472100200860FFF713FA039059
:104AA000FFE743F60000C4F20200006800F0007166
:104AB0000020B0EB516F0CD0FFE7FFF703FA03992A
:104AC000401A032804D3FFE703208DF81700AEE057
:104AD000E7E70499C869D1F820C04B6A8A6A40EABE
:104AE0000C0040EA8310D2034FF6FF739A43A2F5FD
:104AF00080321043C96A40EA016043F60401C4F2FF
:104B0000020108606021C4F2472101200860FFF71C
:104B1000D9F90390FFE743F60000C4F202000068F1
:104B200000F000710020B0EB516F0CD1FFE7FFF7F0
:104B3000C9F90399401A032804D3FFE703208DF82D
:104B4000170074E0E7E721E06021C4F2472100206C
:104B50000860FFF7B7F90390FFE743F60000C4F2DF
:104B60000200006800F000710020B0EB516F0CD023
:104B7000FFE7FFF7A7F90399401A032804D3FFE7DB
:104B800003208DF8170052E0E7E7FFE74AE00498BA
:104B90008069012804D1FFE701208DF8170046E065
:104BA00043F60400C4F20200006802900498806991
:104BB000012831D0FFE7029800F480000499C96908
:104BC000884229D1FFE7029800F03F000499096A62
:104BD000884221D1FFE7029847F6C0710840049946
:104BE000496AB0EB811F17D1FFE7029800F440300B
:104BF0000499896AC9034FF6FF729143A1F5803188
:104C0000884209D1FFE7029800F070600499C96AF0
:104C1000B0EB016F04D0FFE701208DF8170006E02C
:104C2000FFE7FFE7FFE700208DF81700FFE79DF89B
:104C3000170006B080BD000081B0009001B0704741
:104C400081B0009001B0704780B582B000900098AC
:104C500020B9FFE701208DF807003FE0009890F8A9
:104C60003D0040B9FFE70099002081F83C00009822
:104C700000F038F8FFE70099022081F83D00009924
:104C800051F8040B01F06EFC0099012081F84600F8
:104C9000FFE70099012081F83E00009981F83F006C
:104CA000009981F84000009981F84100FFE7FFE793
:104CB0000099012081F84200009981F84300009991
:104CC00081F84400009981F84500FFE70099012030
:104CD00081F83D0000208DF80700FFE79DF80700F0
:104CE00002B080BD81B0009001B0704783B00190E8
:104CF000019890F83D00012804D0FFE701208DF8CD
:104D00000B006AE00199022081F83D0001980168DA
:104D1000C86840F00100C860019800680021C4F232
:104D2000010188423CD0FFE701980068B0F1804F54
:104D300036D0FFE70198006840F20041C4F200015C
:104D400088422DD0FFE70198006840F60001C4F2C8
:104D50000001884224D0FFE70198006840F6004136
:104D6000C4F2000188421BD0FFE70198006840F2BE
:104D70000041C4F20101884212D0FFE701980068A7
:104D800044F20001C4F20101884209D0FFE7019812
:104D9000006841F60001C4F20001884212D1FFE729
:104DA00001980068806800F00700009000980628CD
:104DB00007D0FFE701980168086840F0010008602B
:104DC000FFE706E001980168086840F0010008600C
:104DD000FFE700208DF80B00FFE79DF80B0003B004
:104DE0007047000081B0009001B0704780B584B07A
:104DF000039003980068C0680290039800680069F7
:104E000001909DF804008007002824D5FFE79DF855
:104E10000800800700281DD5FFE7039801686FF0A0
:104E200002000861039901200877039800688069EF
:104E3000800720B1FFE70398FFF7D4FF06E003984F
:104E400000F0E2F8039800F0E3F8FFE70399002090
:104E50000877FFE7FFE79DF804004007002825D505
:104E6000FFE79DF80800400700281ED5FFE70398DC
:104E700001686FF004000861039902200877039825
:104E80000068806910F4407F04D0FFE70398FFF7C3
:104E9000A9FF06E0039800F0B7F8039800F0B8F80F
:104EA000FFE7039900200877FFE7FFE79DF804007C
:104EB0000007002824D5FFE79DF808000007002818
:104EC0001DD5FFE7039801686FF00800086103999A
:104ED0000420087703980068C069800720B1FFE7C5
:104EE0000398FFF77FFF06E0039800F08DF8039822
:104EF00000F08EF8FFE7039900200877FFE7FFE74F
:104F00009DF80400C006002825D5FFE79DF808009D
:104F1000C00600281ED5FFE7039801686FF0100057
:104F2000086103990820087703980068C06910F4A5
:104F3000407F04D0FFE70398FFF754FF06E0039893
:104F400000F062F8039800F063F8FFE7039900208F
:104F50000877FFE7FFE79DF80400C00778B1FFE797
:104F60009DF80800C00748B1FFE7039801686FF09B
:104F700001000861039800F04FF8FFE7FFE79DF894
:104F800004000006002810D5FFE79DF80800000681
:104F9000002809D5FFE7039801686FF080000861D9
:104FA0000398FFF749FEFFE7FFE79DF8040040067E
:104FB000002810D5FFE79DF808004006002809D515
:104FC000FFE7039801686FF040000861039800F064
:104FD00035F8FFE7FFE79DF804008006002810D5AC
:104FE000FFE79DF808008006002809D5FFE7039831
:104FF00001686FF0200008610398FFF721FEFFE7CA
:10500000FFE704B080BD000081B0009001B07047A0
:1050100081B0009001B0704780B582B001900198D6
:10502000006840F60001C4F20001884203D1FFE7A6
:10503000FEF74EFFFFE702B080BD000081B0009098
:1050400001B0704780B586B004900391ADF80A2096
:10505000049890F84200202848D1FFE7039820B137
:10506000FFE7BDF80A0020B9FFE701208DF817001F
:1050700040E00499012008630499002048630498E3
:105080000399BDF80A2001F03DFE8DF8090004984F
:10509000006B012821D1FFE7FFE700200190049871
:1050A00000680068019004980068406801900198C9
:1050B000FFE7FFE7FFE70498006850E8030F40F0C0
:1050C00010000090FFE700990498026842E803107E
:1050D0000028F0D1FFE7FFE703E001208DF8090089
:1050E000FFE79DF809008DF8170003E002208DF816
:1050F0001700FFE79DF8170006B080BD80B58CB0A3
:105100000B90ADF82A100B98006841F20001C4F230
:10511000010188422CD1FFE74FF68C51C0F6000107
:10512000086849680991089004F00EF801688A68D7
:105130000021904707900B98039007980168896BAE
:10514000884701460398884211D1FFE70798016814
:105150008A6A08A902919047029907980268126B1F
:105160009047029907980268526B9047FFE7FFE764
:105170000B98006841F20041C4F2010188422CD131
:10518000FFE74FF69451C0F60001086849680691A0
:10519000059003F0D9FF01688A68012190470490C7
:1051A0000B98019004980168896B88470146019823
:1051B000884211D1FFE7049801688A6A05A9009125
:1051C0009047009904980268126B904700990498E0
:1051D0000268526B9047FFE7FFE70CB080BD00000C
:1051E00081B0009001B0704780B592B011901198D5
:1051F00000680068109011980068C0680F901198BE
:10520000006840690E9000200D900C90109800F0FE
:105210000F000D900D9888B9FFE79DF840008006BB
:1052200000280AD5FFE79DF83C008006002804D539
:10523000FFE7119801F014FC02E2FFE70D98002847
:1052400000F0C280FFE79DF83800C00738B9FFE7DB
:10525000BDF83C0010F4907F00F0B680FFE79DF8A9
:105260004000C00758B1FFE79DF83D00C00730B1CE
:10527000FFE71199486C40F001004864FFE79DF892
:105280004000400700280BD5FFE79DF83800C00715
:1052900030B1FFE71199486C40F002004864FFE725
:1052A0009DF84000800700280BD5FFE79DF83800E7
:1052B000C00730B1FFE71199486C40F00400486422
:1052C000FFE79DF840000007002811D5FFE79DF893
:1052D0003C008006002805D4FFE79DF83800C00791
:1052E00030B1FFE71199486C40F008004864FFE7CF
:1052F0001198406C002866D0FFE79DF840008006BA
:1053000000280AD5FFE79DF83C008006002804D558
:10531000FFE7119801F0A4FBFFE7119800684069CE
:10532000C0F380100C901198406C0007002804D442
:10533000FFE70C9800283ED0FFE7119801F016FB1C
:10534000119800684069400600282FD5FFE7FFE765
:10535000FFE71198006850E8050F20F040000B901F
:10536000FFE70B991198026842E805100028F0D178
:10537000FFE7FFE71198C06B98B1FFE71198C16B89
:1053800046F21970C0F6000008651198C06BFEF770
:10539000D5F828B1FFE71198C06B016D8847FFE78A
:1053A00003E01198FFF71CFFFFE703E01198FFF7F8
:1053B00017FFFFE706E01198FFF712FF1199002091
:1053C0004864FFE7FFE73BE11198006B012840F0DC
:1053D0001781FFE79DF84000C006002840F11081CA
:1053E000FFE79DF83C00C006002840F10981FFE777
:1053F000FFE700200A901198006800680A90119851
:10540000006840680A900A98FFE7119800684069B0
:105410004006002840F19A80FFE71198C06B0068B1
:105420004068ADF82600BDF82600002875D0FFE7DB
:10543000BDF826001199898D88426EDAFFE7BDF824
:1054400026001199C8851198C06BC069B0F5807F9E
:1054500058D0FFE7FFE7FFE71198006850E8030F17
:1054600020F480700890FFE708991198026842E8DC
:1054700003100028F0D1FFE7FFE7FFE7FFE71198EF
:10548000006850E8050F20F001000790FFE707993A
:105490001198026842E805100028F0D1FFE7FFE705
:1054A000FFE7FFE71198006850E8050F20F0400083
:1054B0000690FFE706991198026842E80510002857
:1054C000F0D1FFE7FFE71199202081F84200119900
:1054D00000200863FFE7FFE71198006850E8030F1A
:1054E00020F010000590FFE705991198026842E846
:1054F00003100028F0D1FFE7FFE71198C06BFDF71C
:10550000A7FFFFE71199022048631198818DC28D92
:10551000891A89B2FFF7F2FD17E0BDF8260011994C
:10552000898D884210D1FFE71198C06BC069B0F532
:10553000807F08D1FFE71199022048631198818D7F
:10554000FFF7DCFDFFE7FFE7FFE779E01199888DC2
:10555000C98D401AADF812001198C08D00284ED0A8
:10556000FFE7BDF81200002849D0FFE7FFE7FFE79B
:105570001198006850E8030F20F490700390FFE743
:1055800003991198026842E803100028F0D1FFE760
:10559000FFE7FFE7FFE71198006850E8050F20F0EC
:1055A00001000290FFE702991198026842E8051095
:1055B0000028F0D1FFE7FFE71199202081F8420091
:1055C000119900200863FFE7FFE71198006850E891
:1055D000030F20F010000190FFE701991198026875
:1055E00042E803100028F0D1FFE7FFE711990220FD
:1055F00048631198BDF81210FFF780FDFFE71FE028
:105600009DF84000000600280AD5FFE79DF83C0001
:105610000006002804D5FFE7119801F03DFC0FE0DB
:105620009DF84000400600280AD5FFE79DF83C00A1
:105630004006002804D5FFE7119801F0E1F9FFE7E3
:1056400012B080BD80B582B00090009820B9FFE70D
:1056500001208DF8070040E00098806908B1FFE75D
:1056600000E0FFE7009890F8410040B9FFE700999B
:10567000002081F84000009800F034F8FFE700991E
:10568000242081F8410000980168C86820F4005087
:10569000C860009801F098FA00980168086920F441
:1056A0009040086100980168486920F02A0048612C
:1056B00000980168C86840F40050C8600099002054
:1056C0004864009A202182F84110009A82F8421022
:1056D000009948638DF80700FFE79DF8070002B0C6
:1056E00080BD000080B598B01790002016901590EE
:1056F0001490139012901798006847F60041C4F276
:105700000001884240F09180FFE7FFE70020119000
:1057100043F64000C4F20200016841F0004101601C
:10572000006800F0004011901198FFE7FFE70020AB
:10573000109043F63000C4F20200016841F01001FD
:105740000160006800F0100010901098FFE703203F
:1057500012900221139100210A91149115900820B2
:10576000169041F20000C4F2020012A9FEF7B2F94D
:105770000A9940F24460C2F200000B9046F2100217
:10578000C4F2020202604FF0206242604022826056
:10579000C1604FF48062026141618161C161016257
:1057A0004162FEF77DF818B1FFE7FCF7CBFEFFE79B
:1057B000FFE7179840F24461C2F200018163179835
:1057C0008863FFE740F2E450C2F20000099046F21D
:1057D000A001C4F2020101604FF02061416000218C
:1057E0008160C1604FF48062026141618161C16189
:1057F00001624162FEF754F818B1FFE7FCF7A2FE20
:10580000FFE7FFE7179840F2E451C2F20001C163DD
:1058100017988863FFE75320089005210022FEF7C0
:105820002FFC0898FEF722FC38E11798006841F237
:105830000001C4F20101884240F09280FFE7FFE7D7
:1058400000200F9043F64400C4F20200016841F0CA
:1058500010010160006800F010000F900F98FFE742
:10586000FFE700200E9043F63000C4F2020001680A
:1058700041F002010160006800F002000E900E98F5
:10588000FFE7C02012900220139000200690149091
:10589000032015900720169040F20040C4F2020049
:1058A00012A9FEF717F9069940F2A460C2F20000AF
:1058B000079046F24042C4F2020202604FF00062DA
:1058C00042608160C1604FF4806202614161816128
:1058D000C16101624162FDF7E3FF18B1FFE7FCF728
:1058E00031FEFFE7FFE7179840F2A461C2F2000122
:1058F000C16317988863FFE740F20470C2F20000AA
:10590000059046F2B841C4F2020101604FF0006117
:105910004160402181600021C1604FF480620261DA
:1059200041618161C16101624162FDF7B9FF18B156
:10593000FFE7FCF707FEFFE7FFE7179840F2047167
:10594000C2F20001816317988863FFE72520049065
:1059500005210022FEF794FB0498FEF787FB9CE0EC
:105960001798006841F20041C4F20101884240F0FA
:105970009380FFE7FFE700200D9043F64400C4F258
:105980000200016841F020010160006800F0200081
:105990000D900D98FFE7FFE700200C9043F63000D4
:1059A000C4F20200016841F040010160006800F0AB
:1059B00040000C900C98FFE74FF4844012900220B6
:1059C0001390002002901490032015900820169048
:1059D00041F60000C4F2020012A9FEF77BF802991A
:1059E00040F26470C2F20000039046F22842C4F212
:1059F000020202604FF0206242608160C1604FF499
:105A00008062026141618161C16101624162FDF7B1
:105A100047FF18B1FFE7FCF795FDFFE7FFE7179891
:105A200040F26471C2F20001C16317988863FFE716
:105A300040F2C470C2F20000019046F2A041C4F2EC
:105A4000020101604FF0206141604021816000212E
:105A5000C1604FF48062026141618161C161016294
:105A60004162FDF71DFF18B1FFE7FCF76BFDFFE793
:105A7000FFE7179840F2C471C2F2000181631798E2
:105A80008863FFE74720009005210022FEF7F8FA1F
:105A90000098FEF7EBFAFFE7FFE7FFE718B080BDDD
:105AA00080B58AB008900791ADF81A2005930020C0
:105AB0000290089890F84200202840F08880FFE784
:105AC000079820B1FFE7BDF81A0020B9FFE70120D1
:105AD0008DF827007FE0089900204864089A222169
:105AE00082F8421008990863FEF7ECF90290BDF8BD
:105AF0001A0008998885BDF81A000899C885089881
:105B00008068B0F5805F09D1FFE70898006928B97F
:105B1000FFE7002004900798039004E007980490A2
:105B200000200390FFE7FFE70898C08D002846D0CB
:105B3000FFE70898029B05996A4611602021002220
:105B400001F0F4F940B1FFE70899202081F8420004
:105B500003208DF827003EE0049858B9FFE7089825
:105B6000006840686FF35F20039908800398023053
:105B700003901FE008988068B0F5805F08D0FFE7C9
:105B80000898806850B9FFE70898006930B9FFE7C6
:105B90000898006840680499087007E00898006851
:105BA000406800F07F0004990870FFE70498013016
:105BB0000490FFE70899C88D0138C885B4E70899B3
:105BC000202081F8420000208DF8270003E0022009
:105BD0008DF82700FFE79DF827000AB080BD000080
:105BE00080B584B002900191ADF80220029890F83F
:105BF0004200202817D1FFE7019820B1FFE7BDF848
:105C0000020020B9FFE701208DF80F000FE0029994
:105C10000020086302980199BDF8022001F072F893
:105C20008DF80F0003E002208DF80F00FFE79DF8CC
:105C30000F0004B080BD000080B584B002900191D7
:105C4000ADF80220029890F84200202817D1FFE713
:105C5000019820B1FFE7BDF8020020B9FFE701205D
:105C60008DF80F000FE00299002008630298019957
:105C7000BDF8022001F0DEF88DF80F0003E00220ED
:105C80008DF80F00FFE79DF80F0004B080BD000005
:105C900081B0009001B0704781B0009001B07047B2
:105CA00080B58AB008900791ADF81A2005930020BE
:105CB0000290089890F84100202840F08180FFE78A
:105CC000079820B1FFE7BDF81A0020B9FFE70120CF
:105CD0008DF8270078E00899002048640899212071
:105CE00081F84100FEF7EEF80290BDF81A0008991D
:105CF0008884BDF81A000899C88408988068B0F5AF
:105D0000805F09D1FFE70898006928B9FFE7002004
:105D100004900798039004E00798049000200390F3
:105D2000FFE7FFE70898C08C78B3FFE70898029B6D
:105D300005996A4611608021002201F0F7F840B110
:105D4000FFE70899202081F8410003208DF8270003
:105D50003AE0049858B9FFE7039800886FF35F2092
:105D600008990968486003980230039008E0049895
:105D70000078089909684860049801300490FFE7AA
:105D80000899C88C0138C884CCE70898029B05990B
:105D90006A4611604021002201F0C8F840B1FFE7D7
:105DA0000899202081F8410003208DF827000BE09E
:105DB0000899202081F8410000208DF8270003E099
:105DC00002208DF82700FFE79DF827000AB080BD6C
:105DD00080B586B004900391ADF80A20049890F83D
:105DE000410020286AD1FFE7039820B1FFE7BDF802
:105DF0000A0020B9FFE701208DF8170062E0039840
:105E000004990862BDF80A0004998884BDF80A0064
:105E10000499C884049900204864049A212182F8D6
:105E2000411004998A6B46F6D901C0F60001D1638E
:105E300004998A6B46F65511C0F600011164049965
:105E40008A6B46F23571C0F60001D1640499896B02
:105E5000086503A8019004980268806B019909689D
:105E60000432BDF80A30FDF7D3FD58B1FFE70499BD
:105E7000102048640499202081F8410001208DF809
:105E800017001FE0049801686FF040000860FFE70A
:105E9000FFE70498006850E8050F40F0800000908C
:105EA000FFE700990498026842E805100028F0D145
:105EB000FFE7FFE700208DF8170003E002208DF8D0
:105EC0001700FFE79DF8170006B080BD84B0029070
:105ED0000191ADF80220029890F84100202826D1C7
:105EE000FFE7019820B1FFE7BDF8020020B9FFE706
:105EF00001208DF80F001EE0019802990862BDF89C
:105F0000020002998884BDF802000299C8840299AF
:105F100000204864029A212182F8411002990A68FF
:105F2000D16841F08001D1608DF80F0003E00220BC
:105F30008DF80F00FFE79DF80F0004B070470000D8
:105F400081B0009001B0704781B0009001B07047FF
:105F5000FFE7FEE780B582B040F29450C2F2000045
:105F6000009046F20041C4F2000101600921416045
:105F7000002101918160C1604FF4803202614FF4D1
:105F800080124261017641768176C1760177417750
:105F9000FCF7ECFF18B1FFE7FCF7D4FAFFE702B01B
:105FA00080BD000080B582B040F2BC50C2F200005B
:105FB000009046F60001C4F2000101600921416031
:105FC000002101918160C1604FF4803202614FF481
:105FD00080124261017641768176C1760177417700
:105FE000FCF7C4FF18B1FFE7FCF7ACFAFFE702B01B
:105FF00080BD000080B58AB0FFE70020099043F61D
:106000003000C4F20200016841F4800101600068C0
:1060100000F4800009900998FFE7FFE7002008904E
:1060200043F63000C4F20200016841F4001101603F
:10603000006800F4001008900898FFE70B2000901B
:106040000521059100220692FEF71AF80098FEF746
:106050000DF80599069A11200190FEF711F80198A4
:10606000FEF704F80599069A39200290FEF708F821
:106070000298FDF7FBFF0599069A3A200390FDF779
:10608000FFFF0398FDF7F2FF0599069A452004905B
:10609000FDF7F6FF0498FDF7E9FF0599069A4620FB
:1060A0000790FDF7EDFF0798FDF7E0FF0AB080BD10
:1060B00080B582B046F24540C0F600004FF6E87267
:1060C000C0F600020021019105F022FE019940F284
:1060D0009052C2F20002106046F2F530C0F60000A5
:1060E00040F23002C0F6010205F012FE019940F6BE
:1060F0003472C2F20002106046F20130C0F60000B5
:1061000040F20C02C0F6010205F002FE019940F6D1
:106110004412C2F20002106042F2B520C0F6000044
:106120004FF6A072C0F6000205F0F2FD019940F2B0
:106130007452C2F20002106042F22130C0F6000038
:106140004FF6C472C0F6000205F0E2FD40F28C5139
:10615000C2F20001086002B080BD000086B0FFE717
:106160000020059043F63000C4F20200016841F0BF
:1061700010010160006800F0100005900598FFE72D
:10618000FFE70020049043F63000C4F202000168EB
:1061900041F040010160006800F040000490049864
:1061A000FFE7FFE70020039043F63000C4F202004F
:1061B000016841F001010160006800F001000390F6
:1061C0000398FFE7FFE70020029043F63000C4F297
:1061D0000200016841F002010160006800F0020065
:1061E00002900298FFE7FFE70020019043F630009D
:1061F000C4F20200016841F008010160006800F08B
:10620000080001900198FFE7FFE70020009043F6A7
:106210003000C4F20200016841F0800101600068B2
:1062200000F0800000900098FFE706B07047000083
:1062300080B582B040F6FC00C2F20000019047F643
:106240000041C4F2000101604FF4E13141600021DE
:106250008160C16001610C2242618161C161FFF70F
:10626000F1F918B1FFE7FCF76DF9FFE702B080BD67
:1062700080B582B040F66C00C2F20000019041F29D
:106280000001C4F20101016048F2A061C0F2010105
:1062900041604FF4805181600021C1604FF4806201
:1062A00002610C2242618161C161FFF7CBF918B133
:1062B000FFE7FCF747F9FFE702B080BD80B582B089
:1062C00040F6B400C2F20000019041F20041C4F275
:1062D000010101604FF4E121416000218160C16052
:1062E00001610C2242618161C161FFF7ABF918B114
:1062F000FFE7FCF727F9FFE702B080BDFFE7FEE705
:1063000080B582B0019040F28040C2F2000003F0FC
:1063100069F9FFE7032005F093FCFBE7FFE7FEE7E1
:1063200088B0079006910592079800F00700049046
:106330000498C0F10700052803D3FFE7042001906B
:1063400004E00498C0F107000190FFE70198039072
:1063500004980430062803D8FFE70020009003E0EB
:10636000049803380090FFE700980290069803997C
:10637000012202FA01F101390840029B9840059977
:106380009A40013A1140084308B0704700000000ED
:10639000EFF30980BFF36F8F154B1A681EF0100FD3
:1063A00008BF20ED108A20E9F04F10602DE90900A8
:1063B0004FF0500080F31188BFF34F8FBFF36F8F02
:1063C00007F046F94FF0000080F31188BDE809009E
:1063D00019680868B0E8F04F1EF0100F08BFB0EC65
:1063E000108A80F30988BFF36F8F704700BF00BF2A
:1063F000BC0A002080B582B0019000F025FEFFE7C6
:1064000000F048FE052005F01BFCF9E70000000045
:10641000074B19680868B0E8F04F80F30988BFF3AC
:106420006F8F4FF0000080F31188704700BF00BFEE
:10643000BC0A002080B56FF00400002105F0C0FA0E
:1064400080BD000080B582B00190FFE7012005F01B
:10645000F7FBFBE780B54EF21000CEF200000068BB
:1064600007F0D2FE012803D0FFE707F001FAFFE7AB
:1064700080BD000080B594B008A83021FAF77CF800
:10648000002007900690059004900390FFE70020FD
:10649000029043F64000C4F20200016841F08051CE
:1064A0000160006800F0805002900298FFE7FFE76B
:1064B0000020019047F20000C4F20000016841F49E
:1064C00040410160006800F4404001900198FFE7FE
:1064D000012008904FF48030099002200E904FF474
:1064E00080010F9106211091B42111911290042086
:1064F000139008A8FEF740F818B1FFE7FCF722F860
:10650000FFE7FDF7DFFD18B1FFE7FCF71BF8FFE73A
:106510000F20039002200490002005904FF4A0501B
:1065200006904FF48050079003A80521FDF72AFE3E
:1065300018B1FFE7FCF706F8FFE714B080BD0000D4
:106540004EF68851CEF20001086840F470000860F1
:106550007047000080B540F62400C2F20000FEF74C
:1065600045FC80BD83B002900191029800680090C4
:1065700002980021C4F20101884225D0FFE7029869
:10658000B0F1804F20D0FFE7029840F20041C4F202
:106590000001884218D0FFE7029840F60001C4F2DB
:1065A0000001884210D0FFE7029840F60041C4F293
:1065B0000001884208D0FFE7029840F20041C4F28F
:1065C000010188420AD1FFE7009820F07000009096
:1065D00001984168009808430090FFE70298002165
:1065E000C4F20101884255D0FFE70298B0F1804F14
:1065F00050D0FFE7029840F20041C4F20001884207
:1066000048D0FFE7029840F60001C4F2000188423A
:1066100040D0FFE7029840F60041C4F200018842F2
:1066200038D0FFE7029840F20041C4F201018842ED
:1066300030D0FFE7029844F20001C4F20101884221
:1066400028D0FFE7029844F20041C4F201018842D9
:1066500020D0FFE7029844F60001C4F2010188420D
:1066600018D0FFE7029841F60001C4F20001884209
:1066700010D0FFE7029841F60041C4F200018842C1
:1066800008D0FFE7029842F20001C4F200018842FC
:106690000AD1FFE7009820F4407000900198C1688B
:1066A000009808430090FFE7009820F080000199CF
:1066B000496908430090019880680299C86201986E
:1066C00000680299886202980021C4F201018842A0
:1066D00008D0FFE7029840F20041C4F2010188426D
:1066E00005D1FFE70198006902990863FFE7029965
:1066F000086840F004000860029901204861009891
:106700000299086003B0704780B540F6FC00C2F201
:106710000000FEF769FD80BD80B582B00190019850
:10672000806B009000990020C8850098FEF758FD06
:1067300002B080BD80B584B0039000200290039821
:10674000806B0190019800684069C0B2C009029056
:10675000019890F8410021280AD1FFE7029838B14A
:10676000FFE701990020C884019800F05DF9FFE778
:10677000019800684069C0F380100290019890F879
:10678000420022280AD1FFE7029838B1FFE70199B9
:106790000020C885019800F0E9F8FFE70199486CEE
:1067A00040F0100048640198FEF71AFD04B080BD67
:1067B00080B586B005900598806B049005980068B8
:1067C0000068C00500285AD4FFE704990020C88556
:1067D000FFE7FFE70498006850E8030F20F480709B
:1067E0000390FFE703990498026842E80310002829
:1067F000F0D1FFE7FFE7FFE7FFE70498006850E804
:10680000050F20F001000290FFE70299049802684A
:1068100042E805100028F0D1FFE7FFE7FFE7FFE7B8
:106820000498006850E8050F20F040000190FFE751
:1068300001990498026842E805100028F0D1FFE7AA
:10684000FFE70499202081F842000498006B01289A
:1068500014D1FFE7FFE7FFE70498006850E8030F53
:1068600020F010000090FFE700990498026842E8C9
:1068700003100028F0D1FFE7FFE7FFE7FFE70499E7
:10688000002048630498006B012805D1FFE70498B5
:10689000818DFEF733FC03E00498FFF7F9F9FFE779
:1068A00006B080BD80B582B001900198806B0090E9
:1068B0000099012048630098006B012806D1FFE78A
:1068C0000098818D4908FEF719FC03E00098FFF756
:1068D000E3F9FFE702B080BD80B584B00390039870
:1068E000806B0290039800680068C00500282AD4D5
:1068F000FFE702990020C884FFE7FFE702980068DD
:1069000050E8050F20F080000190FFE70199029800
:10691000026842E805100028F0D1FFE7FFE7FFE733
:10692000FFE70298006850E8030F40F04000009035
:10693000FFE700990298026842E803100028F0D1AE
:10694000FFE7FFE703E00298FFF7FAFAFFE704B07A
:1069500080BD000080B582B001900198806B0090EE
:106960000098FFF7F1FA02B080BD000084B00390F8
:10697000FFE7FFE70398006850E8030F20F49070EA
:106980000290FFE702990398026842E8031000288A
:10699000F0D1FFE7FFE7FFE7FFE70398006850E863
:1069A000050F20F001000190FFE7019903980268AC
:1069B00042E805100028F0D1FFE7FFE70398006BDD
:1069C000012814D1FFE7FFE7FFE70398006850E8CC
:1069D000030F20F010000090FFE700990398026871
:1069E00042E803100028F0D1FFE7FFE7FFE7039933
:1069F000202081F8420003990020086304B070470A
:106A000080B582B0019001980168C86820F040000C
:106A1000C8600199202081F841000198FFF790FAA1
:106A2000002002B080BD000082B00190FFE7FFE7C8
:106A30000198006850E8030F20F0C0000090FFE7C5
:106A400000990198026842E803100028F0D1FFE79E
:106A5000FFE70199202081F8410002B07047000053
:106A600080B586B00490002003900290049890F8BE
:106A70004200222840F0A080FFE704988068B0F52B
:106A8000805F13D1FFE70498006978B9FFE70498A5
:106A9000806A02900498006840686FF35F20029952
:106AA00008800499886A0230886223E00498806A2A
:106AB000039004988068B0F5805F08D0FFE70498E1
:106AC000806850B9FFE70498006930B9FFE704987F
:106AD000006840680399087007E0049800684068FF
:106AE00000F07F0003990870FFE70499886A01307D
:106AF0008862FFE70499C88D0138C8850004002822
:106B000056D1FFE704980168C86820F02000C860EB
:106B100004980168C86820F48070C860049801680F
:106B2000486920F0010048610499202081F8420062
:106B30000499002048630498006B012830D1FFE7D6
:106B4000049900200863FFE7FFE70498006850E815
:106B5000030F20F010000190FFE7019904980268EC
:106B600042E803100028F0D1FFE7FFE7049800682F
:106B70000068C00600280ED5FFE7FFE70020009060
:106B800004980068006800900498006840680090CD
:106B90000098FFE7FFE70498818DFEF7AFFA03E066
:106BA0000498FFF775F8FFE700208DF8170007E05D
:106BB00000208DF8170003E002208DF81700FFE792
:106BC0009DF8170006B080BD80B586B00590059889
:106BD0000068006920F44050059A1168D26810439B
:106BE0000861059988680B694A69C96918431043A7
:106BF0000843049005980068C06849F20C61884316
:106C00000499084305990968C860059800684069B7
:106C100020F44070059A1168926910434861059804
:106C2000006841F20001C4F20101884209D0FFE787
:106C30000598006841F20041C4F20101884204D184
:106C4000FFE7FDF713FC039003E0FDF7FDFB039066
:106C5000FFE70598C069B0F5004F29D1FFE7039819
:106C60001921A0FB0101059A1368029353685A0089
:106C7000DB0FF9F785FB0299864648F21F53C5F2F0
:106C8000EB13AEFB0320420910014FF0640C02FB32
:106C90001CEC322202EBCC02A2FB0332F82303EA03
:106CA000521300EB4300C2F342121044886026E006
:106CB00003981921A0FB0101059A136801935368F9
:106CC0009A009B0FF9F75CFB0199844648F21F522A
:106CD000C5F2EB12ACFB02304309642003FB10CC7D
:106CE000322000EB0C10A0FB0202F02000EA521050
:106CF00000EB0310C2F3431210448860FFE706B0B4
:106D000080BD000080B58AB008900791ADF81A20C8
:106D1000079808998862BDF81A000899888508992B
:106D200000204864089A222182F842100899CA6B10
:106D300046F2B171C0F60001D1630899CA6B46F6FC
:106D4000A501C0F6000111640899CA6B46F23571BD
:106D5000C0F60001D1640899C96B086507A80590C1
:106D600008980168C06B0431059A1268BDF81A30A2
:106D7000FCF74EFE58B1FFE70899102048640899C7
:106D8000202081F8420001208DF827004EE0FFE727
:106D90000020049008980068006804900898006833
:106DA000406804900498FFE708980069A0B1FFE7E5
:106DB000FFE7FFE70898006850E8030F40F4807091
:106DC0000390FFE703990898026842E8031000283F
:106DD000F0D1FFE7FFE7FFE7FFE7FFE7089800686C
:106DE00050E8050F40F001000290FFE70299089873
:106DF000026842E805100028F0D1FFE7FFE7FFE74F
:106E0000FFE70898006850E8050F40F04000019047
:106E1000FFE701990898026842E805100028F0D1C0
:106E2000FFE7FFE700208DF82700FFE79DF8270028
:106E30000AB080BD83B002900191ADF802200198A4
:106E400002998862BDF8020002998885BDF80200A7
:106E50000299C8850299002048640299222081F88D
:106E600042000298006938B1FFE702980168C868DB
:106E700040F48070C860FFE702980168486940F0FC
:106E80000100486102980168C86840F02000C860AD
:106E9000002003B07047000083B00190019890F883
:106EA000410021283AD1FFE701988068B0F5805F62
:106EB00013D1FFE70198006978B9FFE70198006AEC
:106EC0000090009800886FF35F200199096848607E
:106ED0000199086A0230086208E0019A106A411CB0
:106EE00011620078019909684860FFE70199C88C30
:106EF0000138C884000468B9FFE701980168C868D0
:106F000020F08000C86001980168C86840F0400027
:106F1000C860FFE700208DF80B0003E002208DF829
:106F20000B00FFE79DF80B0003B0704780B586B0FB
:106F3000DDF820C0049003918DF80B200193FFE74A
:106F400004980068006803990840401AB0FA80F07D
:106F500040099DF80B1088424DD1FFE70898013099
:106F6000002847D0FFE7FCF7ADFF0199401A0899C8
:106F7000884203D8FFE7089820B9FFE703208DF87F
:106F800017003CE004980068C0684007002830D52E
:106F9000FFE7039880282CD0FFE70398402828D0EB
:106FA000FFE704980068006800F008010120B0EBDA
:106FB000D10F1DD1FFE7FFE7002000900498006883
:106FC0000068009004980068406800900098FFE70F
:106FD0000498FFF7CBFC049908204864FFE7049964
:106FE000002081F84000FFE701208DF8170006E03F
:106FF000FFE7FFE7A4E700208DF81700FFE79DF803
:10700000170006B080BD000080B540F66C00C2F2EB
:107010000000FEF7E9F880BD80B540F6B400C2F28A
:107020000000FEF7E1F880BDFFE7FEE780B504F061
:10703000A9FD04F0C1FD80BD80B504F08FFD80BDC9
:1070400080B504F0D5FD80BD80B58AB002F07CF833
:1070500001688A680021904709904FF69C51C0F65C
:1070600000010868496808910790099801688A6AD0
:1070700007A990470998009003A8019004F0D6FA58
:10708000009801990268D26A9047019804F0E6FAE4
:107090000AB080BD80B582B0FCF714FF8DF8060001
:1070A0009DF806009DF80710401AADF8040040F264
:1070B0008410C2F2000002F091FC012817D1FFE712
:1070C00040F28410C2F2000002F082FC01280CD1D0
:1070D000FFE740F2E810C2F2000040F29451C2F221
:1070E0000001012200F0F2FB00E0FFE71AE040F2AD
:1070F0008410C2F2000002F071FC012805D1FFE704
:10710000BDF8040065280CDBFFE740F2E810C2F28E
:10711000000040F29451C2F20001012200F0F8FB9D
:10712000FFE7FFE79DF806008DF8070002B080BD7D
:1071300081B08DED000A9DED000AB0EEC00A01B0ED
:107140007047000010B50446012898BF012400BF15
:107150002046F9F751FA002818BF10BD04F06CFB67
:1071600008B18047F4E7002010BD0000F0B581B001
:107170000C460546012898BF0125042998BF042420
:107180000027684621462A460097F9F78BFA0098AF
:1071900078B96E4604F050FB50B180473046214626
:1071A0002A460097F9F77EFA00980028F2D000E00E
:1071B000002001B0F0BD000082B001908DED000A0A
:1071C00001990098086302B07047000080B586B04E
:1071D00005908DED040ACDED030A059800909DED14
:1071E000040A00F0D7F800989DED030AFFF7E4FFCA
:1071F000009890ED0B0A90ED0C1A30EE410A80EDEC
:107200000D0A90ED000A90ED0D1A20EE010A80EDB6
:10721000030A90ED0F0AB5EE400AF1EE10FA0ED017
:10722000FFE7009890ED0D0AFFF782FF009890EDC0
:107230000F1AB4EE410AF1EE10FA24DAFFE70098D3
:1072400090ED060A90ED0D1A30EE010A80ED060A67
:1072500090ED0E0AB5EE400AF1EE10FA12DDFFE7EE
:10726000009901F1180001F1380291ED0E0AB1EE1A
:10727000400A8DED020A02A903F0F2FD00990068B0
:107280008861FFE7FFE7009A92ED010A92ED061A86
:1072900020EE010A82ED040A92ED020A92ED072A1D
:1072A00092ED0D1A31EE421A20EE010A82ED050A26
:1072B00092ED030A92ED042A92ED051A30EE020ACD
:1072C00030EE010A02F1200082ED080A02F12801E5
:1072D000243203F0C5FD014600980968016290ED73
:1072E000080A90ED091AB4EE410AF1EE10FA09DB32
:1072F000FFE7009890ED0D0AB5EE400AF1EE10FAA6
:1073000014DCFFE7009890ED080A90ED0A1AB4EE3D
:10731000410AF1EE10FA2DDCFFE7009890ED0D0A1E
:10732000B5EE400AF1EE10FA24DAFFE7009890ED8E
:10733000060A90ED0D1A30EE410A80ED060A90ED36
:107340000E0AB5EE400AF1EE10FA12DDFFE70099E1
:1073500001F1180001F1380291ED0E0AB1EE400A78
:107360008DED010A01A903F07BFD00990068886199
:10737000FFE7FFE70098416BC16190ED080A06B096
:1073800080BD000081B00090009890ED080A01B027
:107390007047000082B001908DED000A01990098BD
:1073A000C86202B07047000087B006908DED050AF4
:1073B000CDED040A8DED031ACDED021A8DED012AF3
:1073C000CDED002A0698029941629DED020AB1EEC8
:1073D000400A80ED0A0A019981630099C163059909
:1073E0000160049941600399816007B07047000013
:1073F00080B582B0019001980090FCF763FD009980
:10740000C86002B080BD000082B001900091019878
:107410000099416000218160C1600121016102B0D9
:107420007047000081B00090009864214160002105
:107430008160C1600121016101B0704780B582B0F7
:10744000019001983430FFF7D3FF02B080BD0000F7
:1074500080B586B00590049105980390049808B90A
:10746000FFE7B4E00398FFF7E9FF039804990022CF
:1074700002920B23009302F025FA0146039802F0D2
:1074800089FA009B01460398018004991A4602F08C
:1074900019FA0146039802F07DFA009B0146039811
:1074A00041800499162202F00DFA0146039802F079
:1074B00071FA009B0146039881800499212202F011
:1074C00001FA0146039802F065FA01460398C1806B
:1074D000049A117C527C02F04DFA01460398018116
:1074E00004992C220223019302F0ECF9019B01463E
:1074F0000398817204992E2202F0E4F9029902465F
:107500000398C2728288A2F580628281C288A2F545
:107510008062C2810288A2F5806202824288A2F55E
:1075200080624282B0F90C0000F070F80299039872
:1075300080ED080AB0F90E0000F068F8029903988F
:1075400080ED090AB0F9100000F060F80299039884
:1075500080ED0A0AB0F9120000F058F80299039879
:1075600080ED0B0AB0F9080000F050F8039880EDA8
:107570000C0A049A9179D27902F0FCF90146039839
:107580008182049A117A527A02F0F4F90146039842
:10759000C182049A917AD27A02F0ECF901460398FA
:1075A00001830499097B02F0D9F901460398817699
:1075B0000499497B02F0D2F901460398C176049AF6
:1075C000917BD27B02F0D6F903998883FFE706B05E
:1075D00080BD000080B584B00390029103980190B3
:1075E0000021018041808180C18001818172C1724E
:1075F0008182C18201838176C17681833430029990
:10760000FFF702FF019804B080BD000084B0ADF820
:107610000A00ADF80810BDF80A00BDF80810401ABD
:10762000ADF80600BDF9060000EE100AB8EEC00A7B
:107630009FED141A80EE010A8DED000A9DED000AFF
:10764000B7EE001AB4EE410AF1EE10FA04DDFFE7DE
:107650004FF07E50039011E09DED000ABFEE001A3E
:10766000B4EE410AF1EE10FA05DAFFE70020CBF69E
:107670008070039002E000980390FFE79DED030AFD
:1076800004B07047000025448BB00A908DED090AC4
:10769000CDED080A8DED071ACDED061A8DED052A00
:1076A000CDED042A8DED033ACDED023A8DED014A80
:1076B000CDED004A0A98099901600899416007993F
:1076C00081600699C160059901610499416103993E
:1076D00081610299C16101990162009941620BB017
:1076E0007047000080B590B008AB02930B4602993A
:1076F0000193034601980F930E908DF8372081ED8A
:10770000040AC1ED030A81ED021AC1ED011A81EDEF
:10771000002A0F98049091ED040AD0ED200A90ED14
:10772000211A102100F07AF8029902460498ADF867
:107730001E2091ED030AD0ED220A90ED231A0C21B0
:10774000039100F06BF8029A039903460498ADF890
:107750001C3092ED020AD0ED260A90ED271A00F0B7
:107760005DF8029A039903460498ADF81A3092ED39
:10777000010AD0ED280A90ED291A00F04FF8029A7C
:10778000039903460498ADF8183092ED000AD0ED45
:10779000240A90ED251A00F041F801460498ADF84E
:1077A00016109DF81F10024602F8A81F9DF81E1023
:1077B00080F8A910BDF81C10090980F8AA10BDF8BE
:1077C0001C309DF81B1041EA031180F8AB109DF8A6
:1077D0001A1080F8AC10BDF81810090980F8AD1027
:1077E000BDF818309DF8171041EA031180F8AE106B
:1077F0009DF8161080F8AF10B0F964109DF837307E
:1078000000EB83035B6E1944EC460223CCF8003096
:10781000082300F06DFF10B080BD000087B0069017
:107820008DED050ACDED040A8DED031A02919DED53
:10783000030A9DED041A30EE410A8DED010A049809
:1078400000909DED050A9DED001A30EE410A029967
:1078500001208840013801EE100AB8EEC11A20EE6E
:10786000010A9DED011A80EE010ABDEEC00A10EE7C
:10787000100A07B07047000087B0069005918DEDA3
:10788000040ACDED030A02929DED030A9DED041A50
:1078900030EE410A8DED010A049800909DED050A35
:1078A000B8EEC00A9DED011A20EE010A02990120EE
:1078B0008840013801EE100AB8EEC11A80EE010AC4
:1078C0009DED001A30EE010A07B0704780B584B014
:1078D000039002918DF8072003986FF04071C0F873
:1078E000AC104FF0FF31024642F8A81FB0F9641007
:1078F0009DF8073000EB83035B6E1944EC460223CE
:10790000CCF80030082300F0F3FE04B080BD000086
:1079100080B584B0039002918DF8072003986FF032
:107920000071C0F8AC104FF0FF31024642F8A81FBA
:10793000B0F964109DF8073000EB83035B6E1944C7
:10794000EC460223CCF80030082300F0D1FE04B04E
:1079500080BD000080B586B0059004910598019027
:1079600000208DF80F00FFE79DF80F00002876DC5F
:10797000FFE7019A04988068B2F964109DF80F300F
:107980001A4492F866201144884261D1FFE70198B9
:1079900004990291029991F800C000F170020092DE
:1079A0009DF80F100B01D15C01F0F00141EA1C11B0
:1079B000D154029991F800C09DF80F100B01D15CD1
:1079C00001F00F0141EA0C11D15402994B788978EA
:1079D00041EA03219DF80F3002EB03135980029B0B
:1079E000D9781B79090141EA131C9DF80F1002EBAD
:1079F0000113998801F470416144998002990B79CF
:107A0000497903F00F0341EA032C9DF80F1002EBB4
:107A10000113D98801F470416144D98002998979B0
:107A20009DF80F3002EB031319720299C9799DF882
:107A30000F3002EB031251729DF80F1000F014F892
:107A400001989DF80F100131C9B200F091FEFFE7D7
:107A5000FFE79DF80F0001308DF80F0084E706B0B6
:107A600080BD00000000000080B598B0179016910E
:107A700017980B9000F18001159100F170010C91A5
:107A8000169A01EB02114988159A92ED000AD2ED7F
:107A9000010A1022FFF7F0FE10EE100A08F040F87D
:107AA00002460B980B460C9943EC102B00F1080290
:107AB0000E92169B03EBC30302EBC30282ED020B93
:107AC000169A01EB021189886FF31F31159A92ED16
:107AD000020AD2ED030A0C220A92FFF7CDFE10EE45
:107AE000100A08F01DF80A9A0E9B84460B988E46E1
:107AF0000C994EEC10CBDDF858C00CEBCC0C03EB22
:107B0000CC0383ED040B169B01EB0311C9886FF3C3
:107B10001F31159B93ED040AD3ED050AFFF7ACFE68
:107B200010EE100A07F0FCFF02460C980B460E9967
:107B300043EC102B169A02EBC20201EBC20181ED5D
:107B40000A0B16990D9100EB0110007A07F071FDF8
:107B500002460E980B460D9943EC102B01EBC10128
:107B600000EBC10181ED0C0B169901EBC10100EB9B
:107B7000C1000F9090ED020B51EC100B9FED700BBC
:107B800053EC102B07F0E0FD02460E980B460F99C0
:107B900043EC102B81ED000B169901EBC10100EBBA
:107BA000C10191ED0E0B8DED120B169901EBC10188
:107BB00000EBC10090ED000B8DED100B10981199AA
:107BC000129A139B07F0BEFE41EC100B51EC100B08
:107BD0009FED5D0B53EC102B07F0E2FF98BBFFE726
:107BE0009DED120B9FED5E1B51EC110B53EC102B16
:107BF00007F0A8FE41EC110B9DED100B51EC110BA1
:107C000053EC102B07F0B2FA02460B9807920A4683
:107C1000079942EC101B169901EBC10100EBC10062
:107C2000089090ED121B51EC110B53EC102B07F048
:107C30009DFA0246089809920A46099942EC101BDF
:107C400080ED120B6EE010981199129A139B07F0B9
:107C500079FE41EC100B51EC100B9FED3D0B53ECFA
:107C6000102B07F0A4FF98BBFFE79DED100B51EC24
:107C7000100B9FED390B53EC102B07F077FA41EC0A
:107C8000110B9DED120B51EC110B53EC102B07F067
:107C900059FE02460B9804920A46049942EC101BC6
:107CA000169901EBC10100EBC100059090ED121B8C
:107CB00051EC110B53EC102B07F058FA02460598C3
:107CC00006920A46069942EC101B80ED120B28E042
:107CD0009DED101B9DED120B51EC110B53EC102B75
:107CE00007F030FE02460B9801920A46019942ECD9
:107CF000101B169901EBC10100EBC100029090ED41
:107D0000121B51EC110B53EC102B07F02FFA02460B
:107D1000029803920A46039942EC101B80ED120B65
:107D2000FFE7FFE70B989DED100B169901EBC101E2
:107D300000EBC10080ED100B18B080BD00BF00BF8C
:107D4000AE19661ADCA54C4000000000008066C039
:107D5000000000000080664000000000008076C047
:107D600000000000008076402DE9F04F93B00191B3
:107D7000DDF894B0DDF890A0DDF88C90DDF8888017
:107D8000219F209E1F9D1E9CDDF874E0DDF870C0D1
:107D90000199CDF844B0CDF840A0CDF83C90CDF895
:107DA00038800D970C960B950A94CDF824E0CDF809
:107DB00020C00790ADF81A1005920493079802901E
:107DC0001290642100F0F2FC02994FF6D450C0F6F4
:107DD000000008300860BDF81A00A1F86400089897
:107DE000099A0A9BDDF82CC0DDF830E00D9CC1F843
:107DF0009440C1F890E0C1F88CC0C1F88830C1F857
:107E00008420C1F880000E980F9A109BDDF844C0C2
:107E1000C1F8A4C0C1F8A030C1F89C20C1F89800F6
:107E200000208DF80F00FFE79DF80F00002817DCF9
:107E3000FFE7029905989DF80F20805C0A4482F8BC
:107E4000660004989DF80F2050F8220001EB820193
:107E50008866FFE79DF80F0001308DF80F00E3E71B
:107E6000129813B0BDE8F08F2DE9F04F9DB01C9033
:107E7000ADF86E101A9219931C980E90BDF86E0012
:107E80000B901A980C9019980D900FA89FED240A4A
:107E9000DFED240ABBEE0E1AF3EE0E1ABAEE042A38
:107EA000F2EE042ADFED203A9FED204AF1EE044A7B
:107EB000B0EE443AFFF7E8FB0B990C9A0D9BDDF806
:107EC0003CC0109C119D129E139FDDF85080DDF880
:107ED0005490DDF858A0DDF85CB01898EE46CEF866
:107EE00024000E98CEF820B0CEF81CA0CEF8189042
:107EF000CEF81480CEF81070CEF80C60CEF8085092
:107F0000CEF80440CEF800C0FFF72EFF0E984FF6D3
:107F1000E051C0F60001083101601DB0BDE8F08FEE
:107F2000C3F548C0C3F548400000FA430000000014
:107F300080B598B017908DED140B8DED121B8DED63
:107F4000102B8DED0E3B8DED0C4B17980A909DED8F
:107F5000140B80ED000B9DED120B80ED020B9DEDDF
:107F6000100B80ED040B9DED0E0B80ED060B9DEDCF
:107F70000C0B80ED080B90ED080B9FED531B51ECA3
:107F8000110B53EC102B07F0A5F902460A9800924A
:107F90000A46009942EC101B80ED0A0B90ED000B95
:107FA00053EC102B9FED4A0B51EC100B09910890EC
:107FB00007F090F941EC100B51EC100B9FED460BC4
:107FC00053EC102B07F086F941EC100B53EC102BFF
:107FD0001046194607F0CAF841EC100B51EC100B93
:107FE0009FED3F0B53EC102B07F0AEFB0A9A0346B4
:107FF00008988C4609994CEC103B82ED0E0B92EDE3
:10800000000B53EC102B07F065F902460A98019219
:108010000A46019942EC101B80ED0C0B90ED001B01
:1080200090ED020B90ED042B8DED022B90ED062BC5
:108030008DED042B51EC110B53EC102B07F084FB4E
:108040009DED020B41EC110B51EC110B53EC102B7D
:1080500007F040F99DED040B41EC110B51EC110BB5
:1080600053EC102B07F070FB02460A9807920A4661
:10807000079942EC101B80ED100B90ED040B90ED76
:10808000061B51EC110B53EC102B07F023F90A9A45
:10809000034608988C4609994CEC103B82ED120B74
:1080A00092ED000B53EC102B07F014F902460A98DE
:1080B0000B920A460B9942EC101B80ED140B18B082
:1080C00080BD00BF00BF00BF000000000080764000
:1080D000000000000000F03F0000000000004E40E3
:1080E000182D4454FB21094080B584B003900291BF
:1080F0000398009002988068ADF8060000208DF883
:108100000500FFE79DF80500002840DCFFE7009A26
:10811000BDF80600B2F964109DF805301A4492F8D3
:108120007020114488422BD1FFE7009800F16801CC
:108130009DF805E001EBCE03029AD2F800C0526828
:1081400041F83EC05A609DF8053031F8332012BA2C
:10815000120C21F833209DF8052001EBC2035A8848
:1081600012BA120C5A809DF8052001EBC2029188C8
:1081700009BA090C91809DF8051000F00DF8FFE791
:10818000FFE79DF8050001308DF80500BAE704B05F
:1081900080BD00000000000080B5A4B023902291B3
:1081A0002398129000F19001219168301990229942
:1081B000139130F9310007F025FA41EC110B2198A9
:1081C00090ED0A0B51EC110B53EC102B07F0BCFA9D
:1081D000024612980B46139943EC102B08301A9064
:1081E00001EBC10100EBC10181ED000B229901EB14
:1081F000C10100EBC100149090ED000B51EC100B8D
:108200009FEDD10B53EC102B07F09EFA0246199804
:108210000B46149943EC102B81ED020B229915911A
:1082200000EBC100B0F9020007F0ECF941EC110BD2
:10823000219890ED0E0B51EC110B53EC102B07F025
:1082400083FA159A034619988C461A994CEC103B00
:1082500002EBC20201EBC20181ED040B22991691DF
:1082600000EBC100B0F9020007F0CCF941EC110BB2
:10827000219890ED0C0B51EC110B53EC102B07F0E7
:1082800063FA169A034619988C461A994CEC103BDF
:1082900002EBC20201EBC20181ED060B229917919C
:1082A00000EBC100B0F9040007F0ACF941EC110B90
:1082B000219890ED120B51EC110B53EC102B07F0A1
:1082C00043FA179A034619988C461A994CEC103BBE
:1082D00002EBC20201EBC20181ED080B2299189159
:1082E00000EBC100B0F9040007F08CF941EC110B70
:1082F000219890ED100B51EC110B53EC102B07F063
:1083000023FA189A034619988C461A994CEC103B9C
:1083100002EBC20201EBC20181ED0A0B22991B9113
:1083200000EBC100807907F084F902461A980B46E9
:108330001B9943EC102B01EBC10100EBC10181ED56
:108340000C0B229901EBC10100EBC10191ED0E0B69
:108350008DED1E0B229901EBC10100EBC10090EDE8
:10836000000B8DED1C0B1C981D991E9A1F9B07F08E
:10837000E9FA41EC100B51EC100B9FED750B53EC2F
:10838000102B07F00DFC002842D1FFE79DED1E0BDE
:108390009FED751B51EC110B53EC102B07F0D2FA2B
:1083A00041EC110B9DED1C0B51EC110B53EC102B00
:1083B00006F0DCFE024612980D920A460D9942EC38
:1083C000111B219991ED140B229901EBC10100EBD6
:1083D000C100109090ED122B8DED0E2B51EC110B76
:1083E00053EC102B07F0B0F99DED0E0B53EC102B56
:1083F00041EC100B51EC100B06F0B8FE0246109841
:1084000011920A46119942EC101B80ED120B8FE07D
:108410001C981D991E9A1F9B07F094FA41EC100BB3
:1084200051EC100B9FED4C0B53EC102B07F0BFFBE6
:10843000002844D1FFE79DED1C0B51EC100B9FED84
:10844000480B53EC102B06F091FE41EC110B9DED07
:108450001E0B51EC110B53EC102B07F073FA024674
:10846000129807920A46079942EC111B219991ED47
:10847000140B229901EBC10100EBC1000B9090EDB0
:10848000122B8DED082B51EC110B53EC102B07F038
:108490005BF99DED080B02460B4651EC100B43ECCB
:1084A000102B53EC102B06F061FE02460B980C9239
:1084B0000A460C9942EC101B80ED120B37E09DED43
:1084C0001C1B9DED1E0B51EC110B53EC102B07F0F8
:1084D00039FA0246129801920A46019942EC111BA0
:1084E000219991ED140B229901EBC10100EBC10020
:1084F000059090ED122B8DED022B51EC110B53ECEE
:10850000102B07F021F99DED020B53EC102B41ECE1
:10851000100B51EC100B06F029FE0246059806924E
:108520000A46069942EC101B80ED120BFFE7FFE7AD
:1085300012989DED1C0B229901EBC10100EBC100CB
:1085400080ED100B24B080BD172751A246DF913F6C
:1085500000000000008066C000000000008066404F
:1085600000000000008076C000000000008076401F
:1085700080B588B00DF1280CCDF804C00690ADF898
:10858000161004920393069800900790642100F05F
:108590000DF9009801994FF6EC52C0F6000208322E
:1085A0000260BDF81620A0F8642090305822F7F73A
:1085B000A9FF00208DF80B00FFE79DF80B000028B5
:1085C0000FDCFFE7009904989DF80B20805C1144B4
:1085D00081F87000FFE79DF80B0001308DF80B006B
:1085E000EBE7009903984867079808B080BD000042
:1085F00080B5B8B03790ADF8DA103592349337982B
:108600001690BDF8DA0017903598189034981990A4
:108610001EA81A909FED160B9FED171B9FED182BB0
:108620009FED193B9FED1A4BFFF782FC1A996846A4
:1086300058221B921C911D901D981C991B9A51F851
:10864000043B40F8043B043A1B921C911D90F3D16B
:108650001698199B189A1799FFF78AFF16984FF6E4
:10866000F851C0F600010831016038B080BD00BF8C
:10867000000000000000F03F666666666666E63F42
:10868000000000000000D040000000000000084092
:10869000000000000000C04080B582B001908DF85D
:1086A000031001989DF8031001EBC10100EBC1001C
:1086B00010ED100B51EC100B06F026FD00EE100A29
:1086C00002B080BD80B582B001908DF80310019892
:1086D0009DF8031001EBC10100EBC10090ED000B10
:1086E00051EC100B06F010FD00EE100A02B080BD38
:1086F00080B58CB0DDF838C00B900A9109928DF8E6
:10870000233000F0B1F807900A9803909DF82300F9
:108710008DF8100000208DF818008DF819000E98C3
:10872000059009999DF8232001A80090F7F7A5FE70
:10873000079800F0BDF900990268126990470CB0E3
:1087400080BD000080B582B001908DF803100198C3
:108750009DF8031001EBC10100EBC10010ED0C0B03
:1087600051EC100B06F0D0FC00EE100A02B080BDF8
:1087700080B584B003908DF80B10039801909DF89C
:108780000B00012810DBFFE79DF80B0001280BDC34
:10879000FFE701989DF80B1001EB810100EB8100D0
:1087A0003C30FEF725FEFFE704B080BD80B58EB0FB
:1087B0000C900B910C9802900D904FF60461C0F64E
:1087C000000101F10802014641F8642B5030039189
:1087D0000490FFE704980190FEF724FE0198039AA5
:1087E00000F11401084691420490F3D1FFE7002004
:1087F0000A90FFE70A9800281DDCFFE70B9905A8FF
:10880000FEF702FE02980A9901EB810100EB81015B
:108810000598069A079BDDF820C0DDF824E0C1F832
:1088200060E0C1F85CC08B654A650865FFE70A989F
:1088300001300A90DEE70D980EB080BD81B0009047
:1088400000984FF61061C0F600010831016001B0D8
:108850007047000081B00090FEDE000081B0009003
:10886000009801B07047000080B500F069F880BD45
:1088700084B002908DF80710029800909DF80700D0
:10888000022810D8FFE700989DF8071000EB810040
:10889000806840B1FFE700989DF8071000EB810069
:1088A0008068039003E0009814300390FFE703987A
:1088B00004B0704784B003908DF80B1001920398B8
:1088C00000909DF80B0002280BD8FFE7019840B1FB
:1088D000FFE7009901989DF80B2001EB8201886069
:1088E000FFE704B07047000080B584B003900398A0
:1088F000019000200290FFE7029802281DD8FFE7B0
:108900000198029900EB8100806888B1FFE7019827
:1089100008300090029950F8210001688968884762
:108920000098029950F821000168C9688847FFE75C
:10893000FFE7029801300290DEE704B080BD00003E
:1089400080B582B040F2A420C2F200000078BFF3EC
:108950005F8FC00708BBFFE740F2A420C2F200000F
:1089600004F0FBFAC8B1FFE740F2B840C2F20000E1
:10897000019000F02BF8019948F67920C0F600002C
:1089800040F20002C0F60002F7F772FD40F2A420A8
:10899000C2F2000004F0F7FAFFE740F2B840C2F27A
:1089A00000000079C00758B9FFE740F2B840C2F2B2
:1089B00000000090FFF798FF009901200871FFE781
:1089C00040F2B840C2F2000002B080BD80B58AB06B
:1089D000089008980590099000F074F805994FF6F2
:1089E0003C60C0F600000830086000200871886014
:1089F00001F10C00143106910790FFE70799069AE0
:108A0000002041F8040B084691420790F6D1FFE799
:108A100005981430029040F29451C2F200010023F4
:108A200001931A4600F07EF905983430049040F224
:108A3000BC51C2F200010E220123039300F072F92F
:108A400005980199029AFFF735FF05980399049A52
:108A5000FFF730FF09980AB080BD000080B582B0F2
:108A600001900198009000F007F80098542102F05E
:108A700060FF02B080BD000080B584B00390039811
:108A800002904FF63C61C0F6000101F10802014678
:108A900041F8142B0191343000F072F9019800F084
:108AA0006FF9029800F01EF8029804B080BD000033
:108AB00080B582B00190019801688A6800219047D2
:108AC00002B080BD81B0009000984FF65461C0F6AE
:108AD00000010831016001B07047000081B00090D2
:108AE000FEDE000081B00090009801B070470000E9
:108AF00080B58CB00B900B98012109918268069289
:108B0000C268059200220192029203920492079297
:108B100008910E210A91406801A9F9F7EDFD0CB00A
:108B200080BD000080B584B000910146009803919B
:108B300002900399019101F08FF930B1FFE700999C
:108B40000198143002F012FBFFE704B080BD000072
:108B500080B586B005900491059814300390039871
:108B600002F0DAFA0290039802F0CAFA0190FFE7E5
:108B700002A801A902F048FE98B1FFE702A800F0A0
:108B8000A9FF0090009801F067F928B1FFE700986D
:108B9000049901F057F9FFE7FFE702A801F0FCFB99
:108BA000E6E706B080BD000080B582B00190019874
:108BB000FFF79EFF02B080BD80B58CB00A9009918E
:108BC0000A9801904068F9F79FFF20B9FFE700205D
:108BD0008DF82F003AE00998007B07900998007DF6
:108BE00000F00100002818BF042005900998407D7E
:108BF00000F00100002818BF0220069009980069C3
:108C000002900998007DC00730B1FFE7099880689D
:108C100004900020039005E00998806803900020EC
:108C20000490FFE7019800218DF820104068099A10
:108C300003A902ABF9F7B4FC20B1FFE700208DF8DF
:108C40002F0003E001208DF82F00FFE79DF82F0093
:108C50000CB080BD80B582B0019001980090406852
:108C6000FAF794FB0098C06830B9FFE700984068B5
:108C70000221F9F76BFC0BE00098C068012806D1CF
:108C8000FFE7009840681021F9F760FCFFE7FFE775
:108C900002B080BD80B58CB00A9009910A9901910B
:108CA0004868C968F9F7FCFD20B9FFE700208DF896
:108CB0002F0032E001994868C968099B02AAF9F7B8
:108CC00019FE20B1FFE700208DF82F0025E0049861
:108CD00018B9FFE70298009002E003980090FFE7C0
:108CE00001980099099A91600699099A117304995B
:108CF0000439B1FA81F14909099A117505990239C6
:108D0000B1FA81F14909099A517509990268126A03
:108D1000904701208DF82F00FFE79DF82F000CB041
:108D200080BD000080B586B0059004910392029347
:108D300005980190FFF782FD01984FF66C61C0F62F
:108D40000001083101600499416003998160029932
:108D5000C16000210161143002F02EFA019806B0C2
:108D600080BD000080B582B001900198009000F0B5
:108D700007F80098202102F0DCFD02B080BD000061
:108D800080B582B00190019800904FF66C61C0F6FA
:108D90000001083140F8141B02F020FA0098FFF798
:108DA0005DFD009802B080BD80B586B0049003914F
:108DB000049801900398006820B1FFE70398808829
:108DC00020B9FFE700208DF8170014E001984068F3
:108DD000039A11689288FCF703FF8DF80B009DF849
:108DE0000B0020B9FFE701208DF8170003E00020F9
:108DF0008DF81700FFE79DF8170006B080BD000052
:108E000080B584B0039002910398406802990122D2
:108E10006423FCF745FE8DF807009DF80700B0FAC3
:108E200080F0400904B080BD80B586B00490039105
:108E3000049801900398006820B1FFE703988088A8
:108E400020B9FFE700208DF8170014E00198406872
:108E5000039A11689288FCF7BBFF8DF80B009DF810
:108E60000B0020B9FFE701208DF8170003E0002078
:108E70008DF81700FFE79DF8170006B080BD0000D1
:108E800080B582B001908DF80310019840680DF113
:108E9000030101226423FCF703FF8DF802009DF813
:108EA0000200B0FA80F0400902B080BD80B584B005
:108EB000039002910398009040680068006800F0F9
:108EC00008010020B0EBD10F16D0FFE7FFE70098B4
:108ED00000210191416809680968019140680068B2
:108EE000406801900198FFE700984068029A116875
:108EF0009288FCF7A7F8FFE704B080BD80B586B084
:108F000004900391049801900398006820B1FFE752
:108F10000398808820B9FFE700208DF8170014E03F
:108F200001984068039A11689288FCF78BF88DF8D5
:108F30000B009DF80B0020B9FFE701208DF817000A
:108F400003E000208DF81700FFE79DF8170006B03A
:108F500080BD000080B584B0009101460098039167
:108F600002900399019100F089FF30B1FFE7009969
:108F700001980C3002F098FAFFE704B080BD0000C1
:108F800080B586B00590049105980C300390039845
:108F900002F060FA0290039802F050FA0190FFE7A5
:108FA00002A801A902F03CFC98B1FFE702A800F07A
:108FB0009DFD0090009800F061FF28B1FFE7009848
:108FC000049900F051FFFFE7FFE702A801F0F4F970
:108FD000E6E706B080BD000081B0009001B07047A8
:108FE00081B00090009840680168C86840F0200097
:108FF000C86001B07047000080B586B0049003914E
:10900000049801900398006820B1FFE703988088D6
:1090100020B9FFE700208DF8170014E001984068A0
:10902000039A11689288FCF707FE8DF80B009DF8F3
:109030000B0020B9FFE701208DF8170003E00020A6
:109040008DF81700FFE79DF8170006B080BD0000FF
:1090500080B586B00490039104980190039800684D
:1090600020B1FFE70398808820B9FFE700208DF842
:10907000170010E001984068039A11689288FCF785
:1090800025FF8DF80B009DF80B00B0FA80F0400929
:109090008DF81700FFE79DF8170006B080BD0000AF
:1090A00080B584B0039002910398019000F036F8E7
:1090B00001984FF69861C0F60001083101600299ED
:1090C00041600021017241728172C1720C3002F064
:1090D00011FA019804B080BD80B582B0019001986A
:1090E000009000F007F80098182102F022FC02B06E
:1090F00080BD000080B582B00190019800904FF6CD
:109100009861C0F60001083140F80C1B02F004FA27
:10911000009800F013F8009802B080BD81B0009074
:1091200000984FF6DC61C0F600010831016001B023
:109130007047000081B00090FEDE000081B000901A
:10914000009801B07047000080B500F069F880BD5C
:1091500084B002908DF80710029800909DF80700E7
:10916000022810D8FFE700989DF8071000EB810057
:10917000806840B1FFE700989DF8071000EB810080
:109180008068039003E0009814300390FFE7039891
:1091900004B0704784B003908DF80B1001920398CF
:1091A00000909DF80B0002280BD8FFE7019840B112
:1091B000FFE7009901989DF80B2001EB8201886080
:1091C000FFE704B07047000080B584B003900398B7
:1091D000019000200290FFE7029802281DD8FFE7C7
:1091E0000198029900EB8100806888B1FFE701983F
:1091F00008300090029950F821000168896888477A
:109200000098029950F821000168C9688847FFE773
:10921000FFE7029801300290DEE704B080BD000055
:1092200080B582B040F2A820C2F200000078BFF3FF
:109230005F8FC00708BBFFE740F2A820C2F2000022
:1092400003F08BFEC8B1FFE740F20C50C2F2000001
:10925000019000F02BF8019949F26930C0F6000046
:1092600040F20002C0F60002F7F702F940F2A8202F
:10927000C2F2000003F087FEFFE740F20C50C2F29A
:1092800000000079C00758B9FFE740F20C50C2F265
:1092900000000090FFF798FF009901200871FFE798
:1092A00040F20C50C2F2000002B080BD80B588B020
:1092B000069006980390079000F076F803994FF611
:1092C0002070C0F600000830086000200871886037
:1092D00001F10C00143104910590FFE70599049AFF
:1092E000002041F8040B084691420590F6D1FFE7B3
:1092F00003981430009040F66C01C2F20001FFF7B1
:10930000CFFE03982C30019040F6B401C2F2000168
:10931000FFF7C6FE03984430029040F6FC01C2F20B
:109320000001FFF7BDFE0398009A0021FFF732FF0E
:10933000019A03980121FFF72DFF0398029A022159
:10934000FFF728FF079808B080BD000080B582B005
:1093500001900198009000F007F800985C2102F05D
:10936000E8FA02B080BD000080B584B00390039895
:1093700002904FF62071C0F6000101F1080201468B
:1093800041F8142B01914430FFF7B4FE02982C30C1
:10939000FFF7B0FE0198FFF7ADFE029800F014F859
:1093A000029804B080BD000081B0009000984FF694
:1093B0003871C0F600010831016001B0704700004B
:1093C00081B00090FEDE000081B00090009801B0F6
:1093D0007047000080B58CB00B90FFF7B5FE0168B8
:1093E0008A68012190470A904FF6A451C0F6000107
:1093F00008684968099108900A9801688A6A08A96A
:1094000090470A98019004A8029002F01BF9019875
:1094100002990268D26A9047029802F01FF90CB0D4
:1094200080BD000082B001900198009040F2504051
:10943000C2F200000078392816D1FFE740F2504010
:10944000C2F20000407839280ED1FFE70099D1F828
:109450000200D1F80620CA618861D1F80A00D1F86B
:109460000E204A620862FFE702B070478CB00B9290
:109470000A9109904FF0FF300890BDF82C0007903A
:1094800000200690FFE70698079988421CDAFFE75C
:109490000698421C079992FBF1F000FB1120059001
:1094A0000A980699405C392809D1FFE70A9805997E
:1094B000405C392803D1FFE70698089004E0FFE7F5
:1094C000069801300690DEE708980130002869D040
:1094D000FFE740F25041C2F20001012081F82A006A
:1094E000088D01300885089807990139884225D1EF
:1094F000FFE70A990798084410F8010C40F2504120
:10950000C2F2000108700A980078487002200490A6
:10951000FFE70498079988420FDAFFE70A98049A50
:10952000104410F8010C40F25041C2F2000188547E
:10953000FFE7049801300490EBE732E007980899C0
:10954000401A039000200290FFE702980399884296
:109550000FDAFFE70A980899029A1144405C40F23A
:109560005041C2F200018854FFE702980130029096
:10957000EBE703980190FFE70198079988420FDA1B
:10958000FFE70A98019A0399511A405C40F2504152
:10959000C2F200018854FFE7019801300190EBE727
:1095A000FFE714E000200090FFE700980799884249
:1095B0000CDAFFE7009A40F25041C2F200010020AD
:1095C0008854FFE7009801300090EEE7FFE70CB009
:1095D0007047000081B00090009890ED060B01B03C
:1095E0007047000080B588B0079040F2AC20C2F20E
:1095F00000000078BFF35F8FC007D0B9FFE740F2EB
:10960000AC20C2F2000003F0A8FC90B1FFE7FFF726
:109610002BF901688A680021904740F26851C2F234
:109620000001086040F2AC20C2F2000003F0ABFC85
:10963000FFE740F26850C2F200000068009003A803
:10964000019001F0B9FF009801990268D269904732
:10965000019801F0C9FF08B080BD000080B58AB054
:1096600009900998039040F2B020C2F200000078FF
:10967000BFF35F8FC007D0B9FFE740F2B020C2F25E
:10968000000003F06AFC90B1FFE7FFF7EDF8016816
:109690008A680021904740F26C51C2F200010860D4
:1096A00040F2B020C2F2000003F06DFCFFE740F290
:1096B0006C50C2F200000068009005A8019001F013
:1096C00087FF009801990268D2699047019801F0DC
:1096D0008BFF40F2E810C2F200000121FEF7DCFF30
:1096E00010EE100A06F01CFA0246039802920A468F
:1096F000029942EC101B80ED060B0AB080BD000001
:1097000081B0009001B0704781B0009001B0704707
:1097100080B58CB00B900B98039040F25040C2F291
:109720000000FFF757FF039880ED080B40F6481044
:10973000C2F200000290FDF725FE8DED000A40F216
:10974000E810C2F20000089001210991FEF7FAFF2B
:10975000F0EE400A9DED000A40F68810C2F20000CB
:109760000790FDF733FD039890ED080B51EC100BBB
:1097700005F0CAFC09990246089800EE102A8DED02
:10978000010AFEF79FFF0298F0EE400A9DED010AE4
:10979000FDF71CFD039890ED080B51EC100B05F044
:1097A000B3FC09990246089800EE102A8DED060ACE
:1097B000FEF788FF02988DED040AFDF7E3FD089897
:1097C00009998DED050AFEF7BDFF0398DDED040A4A
:1097D0009DED051AF0EE401A9DED060ADFED0F2A09
:1097E000CDED0A2AB0EE622A00F02AF80798FDF7BC
:1097F000C9FD0898099ADDED0A1AB0EE402A40F238
:109800009451C2F20001B0EE610AF0EE610AB0EECE
:10981000611AFDF767FF0CB080BD00BF00000000BB
:1098200080B582B0019001980090FFF771FF009819
:10983000FFF766FF0098FFF767FF02B080BD0000EA
:1098400080B58CB00B908DED0A0ACDED090A8DED37
:10985000081ACDED071A8DED062ACDED052A042054
:109860008DF813000A9840F63871C2F200010860C2
:1098700009984860089888600798C8600698086149
:10988000059848614FF0FF408861FFF75DFC016873
:109890008A680221904703904FF6AC51C0F6000150
:1098A0000868496802910190039801680A6A01A951
:1098B00090470CB080BD000081B00090009801B0CE
:1098C0007047000086B00590049103928DF80B302C
:1098D0000020ADF808000399C9080191039901F02F
:1098E00007018DF803108DF80200FFE79DF80200D4
:1098F0009DF80B1088422DDAFFE704980199405C2F
:109900009DF80310C84000F001008DF801009DF89B
:1099100001009DF8021000FA01F1BDF808000843AB
:10992000ADF808009DF8030001308DF803009DF8A4
:109930000300082807D1FFE700208DF803000198F5
:1099400001300190FFE7FFE79DF8020001308DF83C
:109950000200CBE7BDF8080006B0704782B0019066
:109960008DF803109DF80300002818BF012002B0F5
:109970007047000082B001908DF803108DF802202E
:109980009DF803009DF8021040EA012000B202B0E9
:109990007047000080B584B00390ADF80A10BDF8A0
:1099A0000A00ADF808004FF4B670ADF8060002A842
:1099B0000DF1060101F0D4F940F29461ADF8041004
:1099C00001A901F00DFAB0F9000004B080BD00005B
:1099D00081B000900098807A01B0704781B000900B
:1099E0000098C07A01B0704784B003908DF80B10D6
:1099F000039800909DF80B100020022901900BD8CD
:109A0000FFE700989DF80B1000EB810080680028AC
:109A100018BF01200190FFE7019800F0010004B099
:109A20007047000081B000900098406801B0704716
:109A300081B000900098406801B0704784B00390F6
:109A40008DF80B10039800909DF80B100020022950
:109A500001900BD8FFE700989DF80B1000EB8100F8
:109A60008068002818BF01200190FFE7019800F0EE
:109A7000010004B07047000080B582B001900091F1
:109A8000019882680099904702B080BD81B0009033
:109A90000098C068017A0120884301B07047000037
:109AA00080B582B00190009101988268009990473A
:109AB00002B080BD81B000900098C068017A01209A
:109AC000884301B07047000081B0009000980068A2
:109AD00001B0704781B000900098006801B07047F5
:109AE00081B000900098006801B0704781B000908C
:109AF0000098006801B0704780B582B0019001986D
:109B0000009000F007F8009900680968401A0011F9
:109B100002B080BD80B582B0019001980C3000F099
:109B20002BF802B080BD000080B582B00190019892
:109B3000009000F007F8009900680968401A0011C9
:109B400002B080BD80B582B0019001980C3000F069
:109B50002BF802B080BD000080B582B00190019862
:109B600000F036F802B080BD80B582B00190019857
:109B700000F022F802B080BD80B582B0019001985B
:109B800000F026F802B080BD80B582B00190019847
:109B900000F024F802B080BD80B582B00190019839
:109BA00000F010F802B080BD80B582B0019001983D
:109BB00000F014F802B080BD81B00090009801B0B0
:109BC0007047000081B00090009801B0704700001D
:109BD00081B00090009801B07047000081B0009003
:109BE000009801B07047000083B00290019100928C
:109BF000019890ED000A009890ED001A0020B4EE54
:109C0000410AF1EE10FAB8BF012003B0704700001E
:109C100083B0029001910092019801680098026857
:109C20000020914238BF012003B0704783B00290FA
:109C3000019100920198B0F900100098B0F900204D
:109C400000209142B8BF012003B0704780B588B0B2
:109C5000069005910698019000F058F80490059838
:109C60000499884203D9FFE7019800F025F801988C
:109C700000F03EF8039003980499B0EB510F03D322
:109C8000FFE70498079009E003984000029002A8BB
:109C900005A901F045F800680790FFE7079808B0AC
:109CA00080BD000082B00190009102B070470000BA
:109CB00081B0009001B0704782B0019040F2511025
:109CC000C0F6010000F05CFE81B0009000980168D1
:109CD0004068401A001101B07047000080B582B0A2
:109CE000019001980830FFF73FFF02B080BD0000EF
:109CF00080B582B001900198009000F01BF80099A7
:109D000000680968401A001102B080BD80B584B0B7
:109D100003900398FFF7E2FF00F0C8FC029000F008
:109D20009FFC019002A801A901F03AF8006804B074
:109D300080BD000080B582B0019001980830FFF727
:109D40000BFF02B080BD000080B588B00690059181
:109D50000698019000F058F80490059804998842FC
:109D600003D9FFE7019800F025F8019800F03EF8CC
:109D7000039003980499B0EB510F03D3FFE70498C5
:109D8000079009E003984000029002A805A900F09E
:109D9000C7FF00680790FFE7079808B080BD000084
:109DA00082B00190009102B07047000081B0009035
:109DB00001B0704782B0019040F25110C0F601002E
:109DC00000F0DEFD81B00090009801684068401A04
:109DD000001101B07047000080B582B00190019879
:109DE0000830FFF7D9FE02B080BD000080B582B018
:109DF00001900198009000F01BF800990068096834
:109E0000401A001102B080BD80B584B00390039861
:109E1000FFF7E2FF00F080FC029000F021FC0190CF
:109E200002A801A900F0BCFF006804B080BD0000DA
:109E300080B582B0019001980830FFF7A5FE02B00E
:109E400080BD000080B582B001900091019800991A
:109E5000FFF712FE02B080BD80B582B0019001987C
:109E6000FFF714FE02B080BD80B582B00190009172
:109E700001980099FFF714FE02B080BD80B582B052
:109E800001900198FFF716FE02B080BD81B00090EE
:109E90006FF0704001B0704781B000906FF070407B
:109EA00001B0704781B00090012001B07047000000
:109EB00081B00090012001B07047000081B0009097
:109EC000012001B07047000081B00090012001B076
:109ED0007047000080B584B0029001910298039011
:109EE000019A116852684260016001998968816035
:109EF0000199C968C160C068406858B1FFE700F0C7
:109F000005FA0199C860684600F06EF90199009859
:109F10008860FFE7039804B080BD000080B584B07E
:109F200002900191029800900390019A1168526882
:109F3000426001600199896881600199C968C160C6
:109F4000C068006848B1FFE70098C06801680198E0
:109F50000068884700990860FFE7039804B080BD57
:109F600080B586B004900391049801900590083064
:109F700000F03AF900F0CAF90199C8600398FFF7B8
:109F80009DFF78B1FFE700F00FF901990290029868
:109F9000886000F0EDF901460198C160039900F076
:109FA00095F9FFE7059806B080BD000080B586B042
:109FB00004900391049801900590083000F014F982
:109FC00000F0A4F90199C8600398FFF77DFF78B10C
:109FD000FFE700F0F5F8019902900298886000F020
:109FE000CDF901460198C160039900F07FF9FFE7C0
:109FF000059806B080BD000080B584B0029002983C
:10A0000001900390C068406830B1FFE7019908688B
:10A01000C96849688847FFE7039804B080BD00001D
:10A0200080B584B00290019102980390019A116862
:10A030005268426001600199896881600199C9682C
:10A04000C160C068406858B1FFE700F05FF901994E
:10A05000C860684600F010F9019900988860FFE731
:10A06000039804B080BD000080B584B002900191D7
:10A07000029800900390019A116852684260016052
:10A080000199896881600199C968C160C0680068E8
:10A0900048B1FFE70098C0680168019800688847E8
:10A0A00000990860FFE7039804B080BD80B586B0D2
:10A0B00004900391049801900590083000F0DCF8BA
:10A0C00000F024F90199C8600398FFF7EBFE78B11E
:10A0D000FFE700F0B1F8019902900298886000F063
:10A0E0003BF901460198C160039900F0CFF8FFE702
:10A0F000059806B080BD000080B586B0049003913D
:10A10000049801900590083000F0B6F800F0FEF8D1
:10A110000199C8600398FFF7CBFE78B1FFE700F024
:10A1200097F8019902900298886000F01BF90146A7
:10A130000198C160039900F0B9F8FFE7059806B0EF
:10A1400080BD000080B584B0029002980190039019
:10A15000C068406830B1FFE701990868C96849687C
:10A160008847FFE7039804B080BD000080B584B045
:10A1700003900291039801900198029900F0ACF8C5
:10A1800004B080BD80B584B0039002910398019023
:10A190000198029900F0B0F804B080BD82B001903F
:10A1A000009100F0BDFC000080B582B04AF26D1154
:10A1B000C0F6000101A800F00FF8019802B080BDC0
:10A1C00080B582B04AF28511C0F6000101A800F006
:10A1D00003F8019802B080BD82B00190009101980F
:10A1E0000099016002B0704781B0009000984AF277
:10A1F0009D11C0F60001016001B0704780B584B0C8
:10A2000003900291039801900198029900F044F89C
:10A2100004B080BD80B584B0039002910398019092
:10A220000198029900F048F804B080BD82B0019016
:10A23000009100F075FC000080B582B04AF2FD117B
:10A24000C0F6000101A800F00FF8019802B080BD2F
:10A2500080B582B04AF21521C0F6000101A800F0D5
:10A2600003F8019802B080BD82B00190009101987E
:10A270000099016002B0704781B0009000984AF2E6
:10A280002D21C0F60001016001B0704782B001903D
:10A290000091019802B0704780B582B001900091A2
:10A2A0000198009900F058FC02B080BD82B0019086
:10A2B0000091019802B0704780B582B00190009182
:10A2C0000198009900F052FC02B080BD82B001906C
:10A2D0000091019802B0704780B582B00190009162
:10A2E0000198009900F04CFC02B080BD82B0019052
:10A2F0000091019802B0704780B582B00190009142
:10A300000198009900F046FC02B080BD4FF65070F5
:10A31000C0F600007047000081B04FF66070C0F6D4
:10A32000000001B07047000081B04FF67070C0F6B9
:10A33000000001B07047000081B04FF68070C0F699
:10A34000000001B07047000081B04FF69070C0F679
:10A35000000001B07047000080B582B0FFF7DCFF5D
:10A3600002B080BD80B582B0FFF7DEFF02B080BDD5
:10A3700080B582B0FFF7E0FF02B080BD80B582B04B
:10A38000FFF7E2FF02B080BD82B00190009101981A
:10A390000099016002B0704781B000900098016898
:10A3A0001031016001B0704782B0019000910198B6
:10A3B0000099016002B0704781B000900098016878
:10A3C0001031016001B0704781B00090009801B079
:10A3D0007047000081B00090009801B07047000005
:10A3E00080B584B0039002910398029900F002F8BE
:10A3F00004B080BD80B586B00490039104980290AB
:10A40000FFE702990398896888420FD0FFE7029816
:10A4100000F018F802990190886810388860FFF7FA
:10A42000D3FF0146019800F037F9EAE706B080BD96
:10A4300080B582B0019001984168FFF7D1FF02B06A
:10A4400080BD000080B582B0019001980C3000F012
:10A45000ABF902B080BD000080B582B001900198D8
:10A460000C3000F099F902B080BD000080B58AB0D0
:10A4700008900791069205930898019009900C3076
:10A4800000210491059A04A900F098F9079820B9D1
:10A49000FFE70199002008600DE00198FFF7D2FF67
:10A4A0000146079A02A800F0F9F90199029808609C
:10A4B00003980790FFE701980168069A01EB0211E3
:10A4C000816041600168079A01EB02110091FFF77A
:10A4D000C3FF01460098086009980AB080BD0000DB
:10A4E00080B586B00490049803900590FFF7A0FF14
:10A4F0000398006880B1FFE70398FFF7A3FF0146C8
:10A500000398029101680191FFF7F6FA019902465A
:10A51000029800F0B5F8FFE7059806B080BD00008E
:10A5200080B584B0039002910398029900F002F87C
:10A5300004B080BD80B586B0049003910498029069
:10A54000FFE702990398896888420FD0FFE70298D5
:10A5500000F018F802990190886810388860FFF7B9
:10A5600039FF0146019800F0CDF8EAE706B080BD5A
:10A5700080B582B0019001984168FFF7D1FF02B029
:10A5800080BD000080B582B0019001980C3000F0D1
:10A590004FF902B080BD000080B582B001900198F3
:10A5A0000C3000F03DF902B080BD000080B58AB0EB
:10A5B00008900791069205930898019009900C3035
:10A5C00000210491059A04A900F03CF9079820B9EC
:10A5D000FFE70199002008600DE00198FFF7D2FF26
:10A5E0000146079A02A800F069F9019902980860EB
:10A5F00003980790FFE701980168069A01EB0211A2
:10A60000816041600168079A01EB02110091FFF738
:10A61000C3FF01460098086009980AB080BD000099
:10A6200080B586B00490049803900590FFF7A0FFD2
:10A630000398006880B1FFE70398FFF7A3FF014686
:10A640000398029101680191FFF76EFA01990246A1
:10A65000029800F04BF8FFE7059806B080BD0000B7
:10A6600080B500F039FA80BD81B00090009801B04B
:10A670007047000081B00090009801B07047000062
:10A6800080B584B003900291019203980299019AD7
:10A6900000F0EEFF04B080BD80B582B00190009163
:10A6A0000198009900F0F2FF02B080BD80B582B041
:10A6B00001900198FFF7EAFB02B080BD80B584B03D
:10A6C00003900291019203980299019A01F000F817
:10A6D00004B080BD80B584B00390029101920398CC
:10A6E0000299019A01F000F804B080BD80B584B0F1
:10A6F00003900291019203980299019A01F00AF8DD
:10A7000004B080BD80B582B001900091019800999D
:10A7100001F00EF802B080BD80B582B001900198C2
:10A72000FFF7BAFB02B080BD80B584B00390029100
:10A73000019203980299019A01F01CF804B080BDBF
:10A7400080B584B003900291019203980299019A16
:10A7500001F01CF804B080BD80B582B00190019872
:10A7600000F04AF902B080BD80B582B00190019836
:10A7700000F022F902B080BD80B586B0059004914A
:10A78000039205980190049900F03CF9019800F0BB
:10A7900019F9019806B080BD80B582B0019001988A
:10A7A00000F02AF902B080BD80B582B00190019816
:10A7B000043000F03DF902B080BD000080B584B0E7
:10A7C00003900291019203980090029900F01AF907
:10A7D00000980430019900F031F9009804B080BD70
:10A7E00080B582B00190019800F014F902B080BDEC
:10A7F00080B582B00190019800F0EEF802B080BD03
:10A8000080B586B005900491039205980190049953
:10A8100000F006F9019800F0E5F8019806B080BD57
:10A8200080B582B00190019800F0F4F802B080BDCC
:10A8300080B582B001900198043000F007F902B0B1
:10A8400080BD000080B584B003900291019203980E
:10A850000090029900F0E4F800980430019900F0AB
:10A86000FBF8009804B080BD80B584B002900191DF
:10A87000019800F035F940B1FFE701980090029887
:10A88000009900F08FF8039004E0029800F082F83D
:10A890000390FFE7039804B080BD000080B584B04A
:10A8A0000190039102920398029900F0F9FE019938
:10A8B00008600298486004B080BD000080B584B094
:10A8C0000190039102920398029900F03BFF0199D5
:10A8D00008600298486004B080BD000080B584B074
:10A8E000039002910192FFE70298019988420ED0ED
:10A8F000FFE7039800900298FFF766FD0146009875
:10A90000FFF7CAFEFFE7029810300290ECE704B0B0
:10A9100080BD000080B584B0039002910192FFE7F2
:10A920000298019988420ED0FFE7039800900298A0
:10A93000FFF750FD01460098FFF7E4FEFFE702989D
:10A9400010300290ECE704B080BD000080B584B008
:10A95000039002910192019800F0C2F840B1FFE724
:10A960000198009003980299009A00F0E9F804E039
:10A970000398029900F0DAF8FFE704B080BD000008
:10A9800082B00190019940F2A200C0F6010000F0EF
:10A990006BF8000080B582B00190019804F048FB8C
:10A9A00002B080BD80B582B00190009101980099FD
:10A9B00004F047FB02B080BD81B00090009801B068
:10A9C0007047000080B584B002900298019000F0BA
:10A9D00097FE019804B080BD81B00090009801B04E
:10A9E0007047000080B584B002900298019000F09A
:10A9F000D9FE019804B080BD81B00090009801B0EC
:10AA00007047000082B00190009101980021016020
:10AA100002B0704781B00090009801B0704700000C
:10AA200082B00190009101980021016002B070474E
:10AA300081B000900098006801B0704782B001902A
:10AA4000009101980099016002B0704781B00090B8
:10AA50000098006801B0704782B0019000910198A1
:10AA60000099016002B0704784B0844601A80EC00E
:10AA700040F2D00001AAC2F2000061460092F5F750
:10AA800068FEF5F76BFE000080B588B0079006936E
:10AA9000059204910499059A069B039302920191F1
:10AAA0000199029A039B00F0A3F808B080BD000052
:10AAB00080B588B007900693059204910499059A91
:10AAC000069B0393029201910199029A039B00F065
:10AAD000A7F808B080BD00006FF00040704700008C
:10AAE00081B0009000990020082988BF012001B0A2
:10AAF0007047000080B582B00190009101980099E4
:10AB000000F017FF02B080BD80B584B003900291C1
:10AB1000019203980299019A00F00DFF04B080BDE4
:10AB200040F21C10C0F60100FFF79EFF80B582B016
:10AB30000190009101980099FFF7DCFF02B080BD01
:10AB400080B584B003900291019203980299019A12
:10AB5000FFF7DAFF04B080BD80B582B001900091AC
:10AB60000198009900F0E8FC02B080BD80B582B089
:10AB7000019000910198009900F0E8FC02B080BDBE
:10AB800080B582B0019000910198009900F0E8FC36
:10AB900002B080BD80B582B001900091019800990B
:10ABA00000F0E8FC02B080BD84B0039002910192F5
:10ABB00000930398029901600199416000998160B6
:10ABC00004B0704784B003900291019200930398FF
:10ABD00002990160019941600099816004B0704759
:10ABE00081B0009000990120087001B0704700000A
:10ABF00084B00393029201910090009800210170AB
:10AC000004B0704781B00090009801B07047000018
:10AC100081B0009000990120087001B070470000D9
:10AC200084B003930292019100900098002101707A
:10AC300004B0704781B00090009801B070470000E8
:10AC400080B58CB00B900A910992089308980790F0
:10AC50000B9903A807AA08ABFFF7A6FF0399049A6C
:10AC6000059B0DF11B00FFF70FFF0A980290FFE70D
:10AC70000298099988420CD0FFE70B980899029A2C
:10AC8000FFF728FD029810300290089810300890C5
:10AC9000EEE70DF11B000190FFF7A2FF0B980A9958
:10ACA000099AFFF71BFE0198FFF7ACFF0CB080BDBF
:10ACB00080B58CB00B900A91099208930898079080
:10ACC0000B9903A807AA08ABFFF77CFF0399049A26
:10ACD000059B0DF11B00FFF7EBFE0A980290FFE7C2
:10ACE0000298099988420CD0FFE70B980899029ABC
:10ACF000FFF726FD02981030029008981030089057
:10AD0000EEE70DF11B000190FFF782FF0B980A9907
:10AD1000099AFFF7FFFD0198FFF78CFF0CB080BD8B
:10AD200080B584B0039002910398029900F002F874
:10AD300004B080BD80B584B0029001910299019A5F
:10AD40000DF10F00FEF764FF18B1FFE701980090C6
:10AD500002E002980090FFE7009804B080BD000078
:10AD600080B584B0039002910398029900F002F834
:10AD700004B080BD80B584B0029001910299019A1F
:10AD80000DF10F00FEF752FF18B1FFE70198009098
:10AD900002E002980090FFE7009804B080BD000038
:10ADA00080B584B0039002910398029900F002F8F4
:10ADB00004B080BD80B584B0029001910199029ADF
:10ADC0000DF10F00FEF724FF18B1FFE70198009086
:10ADD00002E002980090FFE7009804B080BD0000F8
:10ADE00080B584B0039002910398029900F002F8B4
:10ADF00004B080BD80B584B0029001910199029A9F
:10AE00000DF10F00FEF712FF18B1FFE70198009057
:10AE100002E002980090FFE7009804B080BD0000B7
:10AE200083B0029001910298006800900198006838
:10AE30000299086000980199086003B0704700000B
:10AE400083B0029001910298006800900198006818
:10AE50000299086000980199086003B070470000EB
:10AE600080B584B003900291019203980299019AEF
:10AE700000F002F804B080BD80B586B00490039164
:10AE800002920499039A0DF11700FEF7ADFE18B176
:10AE9000FFE70398019010E00299049A0DF1170062
:10AEA000FEF7A2FE18B1FFE70298009002E00498B6
:10AEB0000090FFE700980190FFE7019806B080BD81
:10AEC00080B584B002900191019903A8FFF75CFA64
:10AED000039804B080BD000082B0019000910198F9
:10AEE0000099016002B0704780B584B00390039868
:10AEF000029000680068D0B1FFE70298006800F097
:10AF000021F902980068FEF7D3FE0298006800F06D
:10AF10000FF9014602980191006801680091FEF75F
:10AF2000E7FE009902460198FFF7AAFBFFE704B08D
:10AF300080BD000083B002900191009202980199B7
:10AF4000016001994968416001994968009A01EBE3
:10AF50000211816003B0704781B0009000980268D0
:10AF60004168516001B0704780B58EB00D900C9172
:10AF70000D98039000F0DCF8014603980B91FEF762
:10AF8000A3FE014603980131FEF760FE01460398D7
:10AF90000191FEF799FE019902460B9B06A80490C9
:10AFA000FFF764FA0B9802900898FFF70DFA014634
:10AFB00002980C9AFFF782FB03980499089A1032C2
:10AFC000089200F04BF80399049849680591FFF73F
:10AFD00087FA05980EB080BD80B586B005900491C3
:10AFE0000598029040680390FFE70498039988420F
:10AFF0000ED0FFE7029800F09BF8019003981038FC
:10B000000390FFF7E1F901460198FFF745FBECE7F4
:10B0100002990498486006B080BD000080B588B0F1
:10B02000079006910799009103A802900122FFF76B
:10B0300081FF009800F07CF801900498FFF7C4F9B4
:10B0400001460198069AFFF739FB029804991031DE
:10B050000491FFF781FF08B080BD000080B58AB081
:10B060000990089109980690FEF722FE0698089923
:10B070004968024652F8043F04920268D21A114409
:10B08000079100F055F80146069803910068FFF714
:10B090009BF90146049801910068FFF795F9029029
:10B0A0000798FFF791F90199029A03460398FFF771
:10B0B000C7FD049A06980799089B596001681160BA
:10B0C00008990431FFF7ACFE049808990831FFF79E
:10B0D000A7FE069800F040F805900898FFF7BCF925
:10B0E00001460598FFF79CFE0698089A5168116082
:10B0F000FEF7EAFD01460698FEF7D4FD0AB080BDD2
:10B1000080B582B0009000984168FFF7D9FE0190A9
:10B11000019802B080BD000080B582B00090009818
:10B120000168FFF7CDFE0190019802B080BD0000DC
:10B1300080B582B0019001980830FFF715FB02B08E
:10B1400080BD000080B582B0019001980168FFF7D2
:10B1500043FF02B080BD000080B582B0019001982D
:10B160000830FFF7F9FA02B080BD000080B586B064
:10B17000059004910598019041680391039902910B
:10B18000FFF7EAFF014602980968884208D2FFE704
:10B1900001980499FFF742FF03981030039005E0EF
:10B1A00001980499FFF7E0FE0390FFE701990398E7
:10B1B000486006B080BD000080B584B0039003985D
:10B1C00000900021016041600830029102A90DF158
:10B1D0000702FFF7D1FA009804B080BD80B584B0B3
:10B1E00003900399019102A80090FFF775FE009863
:10B1F000FFF77AFE019804B080BD000080B584B0EE
:10B2000002900191019903A8FFF7CEF8039804B0CA
:10B2100080BD000082B0019000910198009901600A
:10B2200002B0704780B584B0039003980290006824
:10B230000068D0B1FFE70298006800F021F9029899
:10B240000068FEF7B3FD0298006800F00FF90146B0
:10B2500002980191006801680091FEF7C7FD00990E
:10B2600002460198FFF742FAFFE704B080BD0000F4
:10B2700083B00290019100920298019901600199B6
:10B280004968416001994968009A01EB02118160A7
:10B2900003B0704781B00090009802684168516027
:10B2A00001B0704780B58EB00D900C910D98039051
:10B2B00000F0DCF8014603980B91FEF783FD014690
:10B2C00003980131FEF740FD014603980191FEF716
:10B2D00079FD019902460B9B06A80490FFF766F9D9
:10B2E0000B9802900898FFF775F8014602980C9A9F
:10B2F000FFF71AFA03980499089A1032089200F09E
:10B300004BF80399049849680591FFF789F9059866
:10B310000EB080BD80B586B005900491059802906E
:10B3200040680390FFE70498039988420ED0FFE736
:10B33000029800F09BF80190039810380390FFF7F3
:10B3400049F801460198FFF7DDF9ECE70299049806
:10B35000486006B080BD000080B588B007900691B7
:10B360000799009103A802900122FFF781FF00983E
:10B3700000F07CF801900498FFF72CF80146019842
:10B38000069AFFF7D1F90298049910310491FFF75A
:10B3900081FF08B080BD000080B58AB00990089197
:10B3A00009980690FEF702FD06980899496802463A
:10B3B00052F8043F04920268D21A1144079100F037
:10B3C00055F80146069803910068FFF703F8014617
:10B3D000049801910068FEF7FDFF02900798FEF7C0
:10B3E000F9FF0199029A03460398FFF761FC049A5A
:10B3F00006980799089B5960016811600899043103
:10B40000FFF71EFD049808990831FFF719FD06980B
:10B4100000F040F805900898FFF7BEF8014605983F
:10B42000FFF70EFD0698089A51681160FEF7CAFCF6
:10B4300001460698FEF7B4FC0AB080BD80B582B024
:10B44000009000984168FFF7D9FE0190019802B082
:10B4500080BD000080B582B0009000980168FFF7C1
:10B46000CDFE0190019802B080BD000080B582B091
:10B47000019001980830FFF7BBF902B080BD0000D1
:10B4800080B582B0019001980168FFF743FF02B0D8
:10B4900080BD000080B582B0019001980830FFF7B0
:10B4A0009FF902B080BD000080B586B00590049180
:10B4B000059801904168039103990291FFF7EAFF13
:10B4C000014602980968884208D2FFE7019804996A
:10B4D000FFF742FF03981030039005E001980499AC
:10B4E000FFF7E0FE0390FFE701990398486006B07C
:10B4F00080BD000080B584B00390039800900021C7
:10B50000016041600830029102A90DF10702FFF7C6
:10B5100077F9009804B080BD80B584B0039003999A
:10B52000019102A80090FFF775FE0098FFF77AFEE0
:10B53000019804B080BD000080B582B001900091F8
:10B540000198009900F0A0F902B080BD80B582B0EA
:10B55000019000910198009900F0AEF902B080BD11
:10B5600080B582B0019000910198009900F0C2F975
:10B5700002B080BD80B582B0019000910198009921
:10B5800000F0C6F902B080BD80B584B0039002918E
:10B59000039801900299FEF79DFC019804B080BDCC
:10B5A00080B584B003900291039801900299FEF750
:10B5B000B5FC019804B080BD80B584B002900298BB
:10B5C00001900DF10F01FEF7CBFC019804B080BD96
:10B5D00080B584B00290029801900DF10F01FEF742
:10B5E000E5FC019804B080BD80B582B0019001985F
:10B5F0000090FEF701FD009802B080BD80B584B0D8
:10B6000003900291039801900299FEF709FD0198B9
:10B6100004B080BD80B584B003900291039801907E
:10B620000299FEF721FD019804B080BD80B584B079
:10B630000290029801900DF10F01FEF737FD01987D
:10B6400004B080BD80B584B00290029801900DF1E5
:10B650000F01FEF751FD019804B080BD80B582B0A6
:10B66000019001980090FEF76DFD009802B080BD3A
:10B6700080B584B00390029101920298019909016A
:10B680000422FFF763F904B080BD000080B582B0EA
:10B69000019000910098FFF7A7FF02B080BD000065
:10B6A00080B584B003900291039802990191FEF74E
:10B6B000FDFF01460198884202D9FFE700F0DEF85D
:10B6C000029800010421FFF7CFF804B080BD00000C
:10B6D00080B584B003900291019202980199FFF71E
:10B6E0005FFF04B080BD000080B584B0039002917C
:10B6F000019202980199FFF747FF04B080BD000056
:10B7000080B582B0019001980090FEF7ADFF0098DF
:10B7100002B080BD80B584B003900291019202987E
:10B72000019909010422FFF711F904B080BD00005E
:10B7300080B582B0019000910098FFF78FFF02B0B2
:10B7400080BD000080B584B00390029103980299F7
:10B750000191FEF7E1FF01460198884202D9FFE717
:10B7600000F08CF8029800010421FFF77DF804B086
:10B7700080BD000080B584B00390029101920298D0
:10B780000199FFF747FF04B080BD000080B584B089
:10B7900003900291019202980199FFF72FFF04B0E4
:10B7A00080BD000080B582B0019001980090FEF746
:10B7B00061FF009802B080BD80B584B00390029113
:10B7C0000398FEF781F901900298FEF77DF9014692
:10B7D0000198401AB0FA80F0400904B080BD000022
:10B7E00080B584B0039002910398FEF779F9019037
:10B7F0000298FEF775F901460198401AB0FA80F0F8
:10B80000400904B080BD000080B582B00190009175
:10B8100001980099FFF7D0FF80F0010002B080BDD1
:10B8200080B582B00190009101980099FFF7D8FF90
:10B8300080F0010002B080BD40F27050C2F2000002
:10B840000068704701A0FFF70FF900BF6261645FF5
:10B85000616C6C6F6320776173207468726F776EB0
:10B8600020696E202D666E6F2D6578636570746932
:10B870006F6E73206D6F64650000000040F2E4009D
:10B88000C0F60100FFF7F0F880B582B0019000919A
:10B890000098808812280DD1FFE70098006848B111
:10B8A000FFE70098016840F28410C2F20000FBF745
:10B8B000CFFDFFE702B080BD80B584B00390029158
:10B8C00002988088142812D1FFE70298006870B1AE
:10B8D000FFE7029908684968019100900099019A70
:10B8E00040F25040C2F20000FDF7C0FDFFE704B097
:10B8F00080BD000080B582B001900091009940F2B7
:10B90000E810C2F20000FCF725F802B080BD00008C
:10B9100080B582B001900091009940F2E810C2F227
:10B920000000FCF717F802B080BDF4F794BEF4F7FE
:10B9300092BEFFF7FABF1146FFF7F9BF81B08DF84D
:10B9400003009DF9030000280ED4FFE79DF90310C2
:10B9500001F01F02012090404A094EF20011CEF280
:10B96000000141F82200FFE701B070474EF60C508D
:10B97000CEF200000068C0F30220704782B08DF85C
:10B98000070000919DF9070000280AD4FFE70098FE
:10B9900000019DF907104EF20042CEF200028854D9
:10B9A0000BE0009800019DF8071001F00F014EF622
:10B9B0001452CEF200028854FFE702B07047000034
:10B9C00082B08DF8070000919DF9070000280AD485
:10B9D000FFE7009800019DF907104EF20042CEF2F9
:10B9E000000288540BE0009800019DF8071001F058
:10B9F0000F014EF61452CEF200028854FFE702B057
:10BA00007047000083B00290029800F00700009099
:10BA10004EF60C51CEF200010868019001984FF6E5
:10BA2000FF02104001900198009A40EA0220002293
:10BA3000C0F2FA52104301900198086003B07047B9
:10BA400001A001F0A4FA00BF5075726520766972FA
:10BA50007475616C2066756E6374696F6E206361C6
:10BA60006C6C65642100000080B582B040F29820C3
:10BA7000C2F200000078BFF35F8FC007F0B9FFE7A4
:10BA800040F29820C2F2000001F067FAB0B1FFE77F
:10BA900005208DF807000620009040F2B820C2F281
:10BAA000000000210DF107026B46FCF7DDF940F2C2
:10BAB0009820C2F2000001F066FAFFE702B080BDF4
:10BAC00080B540F2A020C2F200000078BFF35F8F83
:10BAD000C007A8B9FFE740F2A020C2F2000001F0C1
:10BAE0003CFA68B1FFE740F28840C2F20000FDF77F
:10BAF000E3FE40F2A020C2F2000001F044FAFFE7AA
:10BB000080BD000080B582B040F29C20C2F20000EF
:10BB10000078BFF35F8FC007F0B9FFE740F29C20C9
:10BB2000C2F2000001F019FAB0B1FFE702208DF86F
:10BB3000070040F26830C2F200004FF401710DF1CD
:10BB4000070240F2FF13FCF753FD40F29C20C2F2C3
:10BB5000000001F018FAFFE702B080BD80B582B0A6
:10BB600005208DF807000620009040F2E810C2F290
:10BB7000000000210DF107026B46FCF775F902B0D9
:10BB800080BD000080B540F68810C2F200009FED35
:10BB9000070AF2EE041A9FED062ADFED062AF0EE00
:10BBA000620AB0EE621AFBF7FFFB80BDCDCCCC3E43
:10BBB000000048430000000080B540F64810C2F283
:10BBC00000009FED070ADFED070AF2EE041A9FED71
:10BBD000062ADFED062AB0EE621AFBF7E5FB80BD10
:10BBE000CDCCCC3E6F12833A0000484300000000E9
:10BBF00080B540F28410C2F200006421FBF7EAFC39
:10BC000080BD000080B582B000200190F8F76EF989
:10BC1000FAF730FCFAF7A2FAFAF7ECF9FAF79AF920
:10BC2000FAF7C0F9FAF724FBFAF702FBFAF746FB3A
:10BC300000F020F8FAF73CFA00F040F8FFE7FEE7E2
:10BC400080B584B00290EFF305800390039820B193
:10BC5000FFE76FF00500019009E0002001900298D5
:10BC600020B1FFE7029801F0DDFBFFE7FFE7019855
:10BC700004B080BD82B0EFF305800190019820B13F
:10BC8000FFE76FF00500009014E040F2E410C2F20C
:10BC90000000006848B9FFE740F2E411C2F2000179
:10BCA000012008600020009003E04FF0FF3000907A
:10BCB000FFE7FFE7009802B07047000080B582B050
:10BCC000EFF305800190019820B1FFE76FF00500C8
:10BCD000009019E040F2E410C2F200000068012870
:10BCE0000DD1FFE7FAF7A6FB40F2E411C2F2000122
:10BCF0000220086001F034FC0020009003E04FF0C7
:10BD0000FF300090FFE7FFE7009802B080BD000021
:10BD1000B0B58EB00B900A91099200200690EFF317
:10BD200005800D900D98002840F09980FFE70B9852
:10BD3000002800F09480FFE78020079018200590ED
:10BD4000002008904FF0FF300490099800284DD053
:10BD5000FFE70998006820B1FFE70998006808909C
:10BD6000FFE70998806920B1FFE70998806905908D
:10BD7000FFE7059848B1FFE70598382805D8FFE7A1
:10BD800009980079C00718B1FFE700200C9069E01E
:10BD90000998406928B1FFE7099840698008079031
:10BDA000FFE70998806880B1FFE70998C0685C28C0
:10BDB0000BD3FFE70998006938B1FFE7099840699C
:10BDC00018B1FFE7012004900FE00998806858B986
:10BDD000FFE70998C06838B9FFE70998006918B902
:10BDE000FFE700200490FFE7FFE702E00020049057
:10BDF000FFE70498012817D1FFE70B980899079AE5
:10BE00000A9BDDF814C0DDF824E0DEF80850DEF807
:10BE10001040EE46CEF80850CEF80440CEF800C0F0
:10BE200002F08AF9069019E00498B0B9FFE70B9880
:10BE30000899BDF81C200A9BDDF814C0EE4606AC3C
:10BE4000CEF80440CEF800C002F026F9012803D055
:10BE5000FFE700200690FFE7FFE7FFE7FFE7069810
:10BE60000C90FFE70C980EB0B0BD000080B584B018
:10BE70000390029145F22C30C2F20000006800905D
:10BE800040F6BC20C2F200000068043001F082F8E5
:10BE900008B9FFE700E0FFE70398013080B9FFE74A
:10BEA000029868B1FFE740F6BC20C2F200000068CB
:10BEB000011D45F20430C2F2000001F011F93DE02D
:10BEC0000098039908440190019840F6BC21C2F201
:10BED0000001096848600198009988420ED2FFE786
:10BEE00040F6CC20C2F20000006840F6BC21C2F24D
:10BEF00000010968043101F0BDF81EE040F6C420DD
:10BF0000C2F20000006840F6BC21C2F200010968DC
:10BF1000043101F0AFF8019845F29021C2F200011E
:10BF20000968884207D2FFE7019845F29021C2F2E2
:10BF30000001086000E0FFE7FFE7FFE704B080BD15
:10BF400080B582B0019001F0F3F844F66431C2F29A
:10BF5000000108680130086040F6BC20C2F2000011
:10BF6000006898B9FFE7019840F6BC21C2F20001D1
:10BF7000086044F66430C2F200000068012803D172
:10BF8000FFE700F0F7FA00E0FFE71CE045F2F820D9
:10BF9000C2F200000068A0B9FFE740F6BC20C2F280
:10BFA00000000068C06A0199C96A884207D8FFE7A3
:10BFB000019840F6BC21C2F20001086000E0FFE7F2
:10BFC00000E0FFE7FFE744F67030C2F200000168CE
:10BFD000013101600068019948640198C06A44F623
:10BFE0007431C2F200010968884208D9FFE701985C
:10BFF000C06A44F67431C2F200010860FFE701999B
:10C00000C86A00EB800240F6D420C2F2000000EBC8
:10C010008200043101F064F801F0B6F845F2F8202E
:10C02000C2F200000068C8B1FFE740F6BC20C2F2CF
:10C0300000000068C06A0199C96A88420CD2FFE713
:10C040004EF60451CEF200014FF080500860BFF36D
:10C050004F8FBFF36F8F00E0FFE700E0FFE702B014
:10C0600080BD000080B584B001F062F845F2303048
:10C07000C2F200000068002840D1FFE745F23020FE
:10C08000C2F20000029000F0D5FF45F24420C2F257
:10C090000000039000F0CEFF0299039840F6C02202
:10C0A000C2F20002116040F6D021C2F20001086025
:10C0B00069460020086040F6C812C2F2000240F64D
:10C0C0006823C2F200030A20102101F0EFFB0146B1
:10C0D00045F23030C2F200000160006860B1FFE755
:10C0E00045F23030C2F20000006840F29501C0F61F
:10C0F000010101F03BF900E0FFE700E0FFE701F09C
:10C1000043F804B080BD000080B582B0FFE744F67C
:10C110006830C2F20000006808B3FFE701F008F8D9
:10C1200045F21830C2F20000C068C0680190019862
:10C13000043000F02FFF44F66431C2F200010868B9
:10C140000138086044F66831C2F20001086801381D
:10C15000086001F019F8019800F08CF8D7E702B0F8
:10C1600080BD000080B582B0019000910198006C04
:10C17000B8B1FFE70199C8680A6C1044C86001981B
:10C180008168C068884204D3FFE701990868C860E5
:10C1900000E0FFE70098019AD168126CF4F76DF99E
:10C1A000FFE702B080BD000080B586B00590049125
:10C1B0000392002002900598806B01900598006C16
:10C1C00078B9FFE70598006848B9FFE705988068E7
:10C1D00002F022F9029005990020886000E0FFE754
:10C1E00041E00398B8B9FFE7059A04995068126CCA
:10C1F000F4F743F9059948680A6C104448600599BA
:10C2000048688968884204D3FFE705990868486050
:10C2100000E0FFE726E0059A0499D068126CF4F775
:10C220002CF90599C8680A6C801AC86005980168DD
:10C23000C068884206D2FFE7059988680A6C801AB0
:10C24000C86000E0FFE70398022809D1FFE70198E2
:10C2500020B1FFE701980138019000E0FFE700E01E
:10C26000FFE7FFE7FFE7019801300599886302982F
:10C2700006B080BD80B582B00090009890F859005B
:10C2800040B9FFE70098006B00F0A4FF009800F0B1
:10C29000A1FF1CE0009890F85900012804D1FFE7A5
:10C2A000009800F097FF11E0009890F859000228DC
:10C2B0000BD0FFE74FF0500080F31188BFF36F8F72
:10C2C000BFF34F8F0190FFE7FEE7FFE7FFE702B004
:10C2D00080BD000082B0019040F6C020C2F2000094
:10C2E00000680068B0FA80F0400901990860019880
:10C2F000006848B9FFE740F6C020C2F200000068BD
:10C30000C0680068009002E000200090FFE70098FD
:10C3100002B0704784B04FF47050009040F65870EF
:10C32000C2F2000001909DF80400400788B1FFE7C9
:10C33000019807300190019820F007000190019AC0
:10C3400040F65871C2F200010098891A0844009022
:10C35000FFE701980290029945F2FC20C2F200002A
:10C360000160002141600298009A104401900198F8
:10C3700008380190019820F007000190019A40F6DA
:10C38000C820C2F2000002600268516002681160B9
:10C39000029903910199039A891A516000680399DF
:10C3A00008600398406845F28C21C2F200010860E1
:10C3B0000398406845F28421C2F20001086045F20A
:10C3C0005821C2F200014FF00040086004B07047ED
:10C3D00080B582B00190FFE7FFF796FE40F6D420CB
:10C3E000C2F20000006802280CD3FFE74EF60451A9
:10C3F000CEF200014FF080500860BFF34F8FBFF3C3
:10C400006F8F00E0FFE7E7E780B584B0DDF818C084
:10C410000390029101928DF80330029818B9FFE75A
:10C420000698006003E0019806990860FFE703980A
:10C430000699C8630298069908640698012101F0DC
:10C44000BDFA9DF80300069981F84C0004B080BD48
:10C4500080B588B0DDF834C0DDF830C0DDF82CC020
:10C46000DDF828C006900591049203930C98006BA8
:10C4700004998900A522F4F777F80C98006B0499C9
:10C4800000EB810004380290029820F0070002902F
:10C490009DF80800400758B1FFE74FF0500080F3C7
:10C4A0001188BFF36F8FBFF34F8F0790FFE7FEE751
:10C4B0000598F8B1FFE700200190FFE701980F28E9
:10C4C00013D8FFE70598019A805C0C99114481F814
:10C4D000340005980199405C08B9FFE705E0FFE7E3
:10C4E000FFE7019801300190E8E70C99002081F8FE
:10C4F000430004E00C99002081F83400FFE70A981B
:10C50000382803D3FFE737200A9000E0FFE70A98B6
:10C510000C99C8620A980C99C8640C990020009084
:10C5200008650C98043000F09DFD0C98183000F060
:10C5300099FD00980C9909610A99C1F138010C9A8A
:10C5400091610C9949620C9948650C9981F85800E1
:10C5500002980699039A00F0D1FC0C9908600B9898
:10C5600020B1FFE70C980B99086000E0FFE708B0E6
:10C5700080BD000080B584B000200390FFE70398E1
:10C58000372810D8FFE7039800EB800140F6D4204D
:10C59000C2F2000000EB810000F04CFDFFE70398C1
:10C5A00001300390EBE745F25C20C2F200000190FD
:10C5B00000F040FD45F27020C2F20000029000F051
:10C5C00039FD45F2A420C2F2000000F033FD45F22F
:10C5D0001830C2F2000000F02DFD45F20430C2F226
:10C5E000000000F027FD0199029840F6C422C2F233
:10C5F0000002116040F6CC21C2F20001086004B0D4
:10C6000080BD000083B0029045F2FC20C2F2000021
:10C610000190FFE7019800680299884205D2FFE780
:10C62000FFE7019800680190F4E7019800900098F6
:10C630000199496808440299884209D1FFE70298A4
:10C64000426801994868104448600198029000E0EF
:10C65000FFE7029800900098029949680844019900
:10C660000968884220D1FFE70198006840F6C82198
:10C67000C2F20001096888420DD0FFE70198006806
:10C680004268029948681044486001980068006850
:10C690000299086007E040F6C820C2F20000006876
:10C6A00002990860FFE704E00198006802990860B9
:10C6B000FFE701980299884204D0FFE702980199A8
:10C6C000086000E0FFE703B07047000080B586B067
:10C6D000059004910392029300200190049805991B
:10C6E00048600598006104980399884216D8FFE7CE
:10C6F00003980299401A05998969884203D3FFE794
:10C700000120019009E040F6D020C2F2000000684C
:10C710000599043100F0AEFCFFE717E00398029999
:10C72000884208D2FFE704980299884203D3FFE7C2
:10C730000120019009E040F6C020C2F2000000682C
:10C740000599043100F096FCFFE7FFE7019806B079
:10C7500080BD000080B582B0019000F0E9FC019836
:10C76000806B18B9FFE70120009002E000200090E4
:10C77000FFE700F009FD009802B080BD80B582B0EF
:10C78000019000F0D5FC0198806B0199C96B88423B
:10C7900003D1FFE70120009002E000200090FFE7B6
:10C7A00000F0F2FC009802B080BD0000084800686C
:10C7B000006880F308884FF0000080F3148862B6A8
:10C7C00061B6BFF34F8FBFF36F8F00DF00BF000074
:10C7D00008ED00E080B586B00490039140F6C020DB
:10C7E000C2F200000068C068C0680190019804307F
:10C7F00000F0D0FB019890F828004007002823D5CE
:10C80000FFE70198049B81691944039AFFF75EFFD3
:10C81000C0B1FFE70198049A694600230B601946EE
:10C8200001F0E6FF0290029858B9FFE74FF0500080
:10C8300080F31188BFF36F8FBFF34F8F0590FFE731
:10C84000FEE700E0FFE707E0019991F8280000F01B
:10C85000FE0081F82800FFE70198016A884706B0CA
:10C8600080BD000080B58EB0FFE745F23030C2F2E7
:10C870000000006807A9002201F0BAFA002800F0C1
:10C88000B880FFE70798B0F1FF3F17DCFFE707A884
:10C8900004300290029858B9FFE74FF0500080F33F
:10C8A0001188BFF36F8FBFF34F8F0D90FFE7FEE747
:10C8B00002990A6848688968904700E0FFE707988E
:10C8C000002800F19580FFE70998069006984069D6
:10C8D00028B1FFE70698043000F05CFB00E0FFE7BA
:10C8E00005A800F0FBF8039007980190092800F2D2
:10C8F0007D800199DFE801F00505053D45660505E8
:10C900003D45069991F8280040F0010081F8280083
:10C910000698089B81691944039AFFF7D7FE30B344
:10C92000FFE70698016A8847069890F828004007B4
:10C9300000281AD5FFE70698089982690A446946D3
:10C9400000230B60194601F053FF0490049858B976
:10C95000FFE74FF0500080F31188BFF36F8FBFF3F4
:10C960004F8F0C90FFE7FEE700E0FFE700E0FFE7F6
:10C970003DE0069991F8280000F0FE0081F82800BB
:10C9800035E0069991F8280040F0010081F8280070
:10C990000898069988610698806958B9FFE74FF0B2
:10C9A000500080F31188BFF36F8FBFF34F8F0B9050
:10C9B000FFE7FEE70698039B816919441A46FFF7D3
:10C9C00085FE14E0069890F828008007002804D41B
:10C9D000FFE7069800F0FEFB07E0069991F82800B3
:10C9E00000F0FE0081F82800FFE700E0FFE7FFE726
:10C9F0003BE70EB080BD000080B584B0039002918B
:10CA000000F01EFE684600F069F801900098D8BB5F
:10CA1000FFE7029860B9FFE703980199884207D8B9
:10CA2000FFE701F0D7FD03980199FFF7D3FE2AE055
:10CA3000029858B1FFE740F6D020C2F2000000682B
:10CA40000068B0FA80F040090290FFE745F230300C
:10CA5000C2F2000000680399019A891A029A00F054
:10CA6000AFFC01F0B7FD60B9FFE74EF60451CEF21E
:10CA700000014FF080500860BFF34F8FBFF36F8FFE
:10CA800000E0FFE7FFE702E001F0A4FDFFE704B0EC
:10CA900080BD000081B040F6C420C2F200000068F2
:10CAA000006840B9FFE745F29021C2F200014FF063
:10CAB000FF3008600FE040F6C420C2F200000068BA
:10CAC000C068C06800900098406845F29021C2F2AA
:10CAD00000010860FFE701B07047000080B582B038
:10CAE000019001F0ADFB0090009840F6B821C2F231
:10CAF00000010968884206D2FFE700F011F80199A9
:10CB00000120086003E0019900200860FFE7009819
:10CB100040F6B821C2F200010860009802B080BD62
:10CB200080B588B0FFE740F6C020C2F20000006880
:10CB3000006800284ED0FFE740F6C020C2F2000097
:10CB40000168C968096806910068C068C0680390F8
:10CB50000398043000F01EFA0398016A884703988E
:10CB600090F828004007002832D5FFE7069803997F
:10CB70008969084405900598069988420FD9FFE70E
:10CB80000598039948600398006140F6C020C2F2FE
:10CB9000000000680399043100F06CFA17E0039874
:10CBA000069A694600230B60194601F021FE0290A7
:10CBB000029858B9FFE74FF0500080F31188BFF397
:10CBC0006F8FBFF34F8F0790FFE7FEE7FFE700E0AF
:10CBD000FFE7A8E740F6C022C2F200021068049006
:10CBE00040F6D021C2F20001086810600498086085
:10CBF00008B080BD83B00020009040F22000C2F257
:10CC000000000068013058B1FFE74FF0500080F39A
:10CC10001188BFF36F8FBFF34F8F0290FFE7FEE7DE
:10CC20004FF0500080F31188BFF36F8FBFF34F8F29
:10CC30000190FFE7009808B9FFE7FBE703B07047F2
:10CC400080B584B00390FFE701A8FFF743FB029093
:10CC500002980199FFF7D0FEFFF704FEF4E7000009
:10CC600080B582B0019000F063FA019890F8450019
:10CC70008DF80300FFE79DF90300012816DBFFE7AD
:10CC80000198406A58B1FFE70198243001F03AFC5E
:10CC900018B1FFE700F010FC00E0FFE700E005E05E
:10CCA0009DF8030001388DF80300E4E70199FF20A7
:10CCB00081F8450000F068FA00F03AFA019890F81F
:10CCC00044008DF80200FFE79DF90200012816DB01
:10CCD000FFE70198006980B1FFE70198103001F08B
:10CCE00011FC18B1FFE700F0E7FB00E0FFE79DF85B
:10CCF000020001388DF8020000E000E0E4E701994D
:10CD0000FF2081F8440000F03FFA02B080BD00002F
:10CD100080B58AB006900020029000F091FC40F6A9
:10CD2000C820C2F20000006818B9FFE7FFF7F2FA66
:10CD300000E0FFE7069845F25821C2F200010968B9
:10CD4000084240F0C580FFE7069800B3FFE7069869
:10CD5000083006909DF818004007B0B1FFE706982C
:10CD600020F00700083006909DF81800400758B1E1
:10CD7000FFE74FF0500080F31188BFF36F8FBFF3D0
:10CD80004F8F0990FFE7FEE700E0FFE700E0FFE7D5
:10CD90000698002800F09A80FFE7069845F2842163
:10CDA000C2F200010968884200F29080FFE745F274
:10CDB000FC20C2F20000049000680590FFE705988F
:10CDC0004168069A00209142019007D2FFE705983A
:10CDD0000068002818BF01200190FFE70198C007F4
:10CDE00030B1FFE705980490059800680590E6E7E4
:10CDF000059840F6C821C2F200010968884263D054
:10CE0000FFE70498006808300290059800680499CC
:10CE10000860059840680699401A112821D3FFE759
:10CE200005980699084403909DF80C00400758B1F6
:10CE3000FFE74FF0500080F31188BFF36F8FBFF30F
:10CE40004F8F0890FFE7FEE7059840680699401A63
:10CE5000039948600698059948600398FFF7D2FB4C
:10CE600000E0FFE70598426845F28420C2F2000026
:10CE70000168891A0160006845F28C21C2F2000144
:10CE8000096888420BD2FFE745F28420C2F2000015
:10CE9000006845F28C21C2F20001086000E0FFE763
:10CEA00045F25820C2F20000026805994868104314
:10CEB000486005990020086045F29821C2F20001FF
:10CEC00008680130086000E0FFE700E0FFE700E0ED
:10CED000FFE701F07FFB9DF80800400758B1FFE72E
:10CEE0004FF0500080F31188BFF36F8FBFF34F8F67
:10CEF0000790FFE7FEE702980AB080BD83B002907A
:10CF00000191009202980438029002994FF08070CB
:10CF10000860029804380290019820F001000299FC
:10CF2000086002980438029002994CF6F530C0F679
:10CF30000000086002981438029000980299086076
:10CF400002980438029002996FF00200086002987B
:10CF500020380290029803B07047017809B1002090
:10CF600070474178012903D08A0705D40222427014
:10CF7000481E18BF0120704780B540F25810C0F617
:10CF8000010000F004F80121017041707047F3F7CF
:10CF9000E5FB000082B001900198006900900198C3
:10CFA000416880688860019948688968486000988D
:10CFB00040680199884205D1FFE70198806800998F
:10CFC000486000E0FFE701990020086100990868C7
:10CFD000013808600098006802B0704783B0029082
:10CFE00001910092029944F67850C2F20000086064
:10CFF000019944F67830C2F2000008600099802060
:10D00000086003B07047000083B002900191009265
:10D01000029945F2D410C2F200000860019944F66A
:10D02000D450C2F20000086000994FF4807008608C
:10D0300003B0704781B00090009901F1080048608A
:10D0400000994FF0FF308860009901F10800C86036
:10D05000009901F10800086100990020086001B002
:10D060007047000081B0009000990020086101B075
:10D070007047000084B0039002910298006800900D
:10D080000098013020B9FFE703980069019010E093
:10D09000039808300190FFE7019840680068009904
:10D0A000884205D8FFE7FFE7019840680190F3E761
:10D0B000FFE70198406802994860029841688860DB
:10D0C0000198029988600298019948600398029932
:10D0D0000861039908680130086004B070470000D7
:10D0E00083B00290019102984068009000980199E5
:10D0F0004860009880680199886001980099896863
:10D100004860019800998860029801990861029925
:10D1100008680130086003B070470000DFF80C00B9
:10D12000016841F4700101607047000088ED00E083
:10D1300082B04FF0500080F31188BFF36F8FBFF3C0
:10D140004F8F019040F22000C2F2000001680131CF
:10D1500001600068012814D1FFE74EF60450CEF2BA
:10D1600000000068000658B1FFE74FF0500080F360
:10D170001188BFF36F8FBFF34F8F0090FFE7FEE77B
:10D18000FFE702B07047000082B040F22000C2F218
:10D190000000006858B9FFE74FF0500080F3118895
:10D1A000BFF36F8FBFF34F8F0090FFE7FEE740F2B2
:10D1B0002000C2F20000016801390160006830B946
:10D1C000FFE700200190019880F31188FFE702B08B
:10D1D0007047000080B586B00390039802900398D2
:10D1E00000285CD0FFE7029808380290029801906E
:10D1F0000198406845F25821C2F2000109680842CE
:10D200000BD1FFE74FF0500080F31188BFF36F8F11
:10D21000BFF34F8F0590FFE7FEE70198006858B114
:10D22000FFE74FF0500080F31188BFF36F8FBFF31B
:10D230004F8F0490FFE7FEE70198406845F25821C0
:10D24000C2F200010968084227D0FFE70198006890
:10D2500008BBFFE745F25820C2F2000002680199BE
:10D2600048689043486000F0EBF90198426845F245
:10D270008421C2F200010868104408600198FFF799
:10D28000C1F945F29C21C2F2000108680130086032
:10D2900001F0A0F900E0FFE700E0FFE7FFE706B0DC
:10D2A00080BD00004EF21001CEF2000100200860A7
:10D2B0004EF21802CEF20002106040F21400C2F2E8
:10D2C0000000006844F6D352C1F26202A0FB0202E1
:10D2D0004FF0FF3000EB92104EF21402CEF200023B
:10D2E000106007200860704784B0EFF3058001905C
:10D2F000019810281ED3FFE701984EF2F031CEF2CC
:10D300000001405C8DF803009DF8030044F658319D
:10D31000C2F20001097888420BDAFFE74FF05000B3
:10D3200080F31188BFF36F8FBFF34F8F0390FFE738
:10D33000FEE7FFE74EF60C50CEF20000006800F466
:10D34000E06044F65C31C2F20001096888420BD902
:10D35000FFE74FF0500080F31188BFF36F8FBFF3EA
:10D360004F8F0290FFE7FEE704B0704783B0029052
:10D37000019100200090FFE7009807281DD8FFE7E3
:10D38000009945F2B820C2F2000050F8310070B99F
:10D39000FFE70198009A45F2B821C2F2000141F876
:10D3A00032000298009A01EBC201486005E0FFE7F5
:10D3B000FFE7009801300090DEE703B070470000FF
:10D3C00080B584B003900291019203980090FFF71A
:10D3D000AFFE009890F94400013028B9FFE70099AA
:10D3E000002081F84400FFE7009890F945000130E3
:10D3F00028B9FFE70099002081F84500FFE7FFF713
:10D40000C3FE0098806B38B9FFE70098243002997A
:10D41000019A00F07BF800E0FFE70098FFF720FC9E
:10D4200004B080BD80B584B00290002001900298C5
:10D43000E0B1FFE744F66C30C2F20000006858B17A
:10D44000FFE74FF0500080F31188BFF36F8FBFF3F9
:10D450004F8F0390FFE7FEE700F0F2F802980021FB
:10D46000FEF704FD01F0B6F8019000E0FFE7019837
:10D4700060B9FFE74EF60451CEF200014FF0805044
:10D480000860BFF34F8FBFF36F8F00E0FFE704B07A
:10D4900080BD000081B0009045F29420C2F20000EF
:10D4A00000680099086045F22C30C2F20000006864
:10D4B0000099486001B0704745F23831C2F200016E
:10D4C000012008607047000080B584B0029001918F
:10D4D000029858B9FFE74FF0500080F31188BFF36E
:10D4E0006F8FBFF34F8F0390FFE7FEE7029840F680
:10D4F000BC21C2F2000109681831FFF7BBFD019899
:10D500000121FEF7B3FC04B080BD000080B584B0FB
:10D51000029001910092029858B9FFE74FF0500035
:10D5200080F31188BFF36F8FBFF34F8F0390FFE736
:10D53000FEE7029840F6BC21C2F2000109681831EA
:10D54000FFF7CEFD009820B1FFE74FF0FF300190CC
:10D55000FFE701980099FEF789FC04B080BD000048
:10D5600080B58AB0002003900690059006A805A912
:10D5700004AAFFF733FD039B049A0599DDF818C050
:10D580006846C0F808C0416003604CF2D130C0F674
:10D59000000040F29001C0F6010100F0CDFD01460F
:10D5A00045F28820C2F200000160006818B1FFE770
:10D5B0000120079002E000200790FFE7079801286C
:10D5C00004D1FFE701F0CAF8079000E0FFE70798F1
:10D5D000012823D1FFE74FF0500080F31188BFF3FB
:10D5E0006F8FBFF34F8F099045F29021C2F2000177
:10D5F0004FF0FF30086045F2F821C2F2000101202F
:10D60000086045F22C31C2F200010020086000F0F1
:10D6100083F808B1FFE700E0FFE70FE0079801306B
:10D6200058B9FFE74FF0500080F31188BFF36F8FB8
:10D63000BFF34F8F0890FFE7FEE7FFE70AB080BD1A
:10D6400044F66C31C2F2000108680130086070478E
:10D6500083B044F66C30C2F20000006838B1FFE7D6
:10D6600045F23831C2F200010120086051E045F274
:10D670003831C2F200010020086044F67430C2F272
:10D68000000000680190FFE7019800EB800140F680
:10D69000D420C2F2000050F8210090B9FFE70198B1
:10D6A00058B9FFE74FF0500080F31188BFF36F8F38
:10D6B000BFF34F8F0290FFE7FEE70198013801901A
:10D6C000E2E7019800EB800140F6D420C2F20000AE
:10D6D00000EB81000090009948684068486000991C
:10D6E00048680831884205D1FFE7009948684068DA
:10D6F0004860FFE700984068C06840F6BC21C2F26D
:10D7000000010860019844F67431C2F2000108601B
:10D71000FFE703B07047000080B588B04EF60050B8
:10D72000CEF2000000684CF27121C4F20F11884261
:10D730000BD1FFE74FF0500080F31188BFF36F8FDC
:10D74000BFF34F8F0790FFE7FEE74EF60050CEF293
:10D75000000000684CF27021C4F20F1188420BD116
:10D76000FFE74FF0500080F31188BFF36F8FBFF3D6
:10D770004F8F0690FFE7FEE74EF20040CEF200002A
:10D78000039001780491FF21017000788DF80B005F
:10D790009DF80B0000F0500044F65831C2F2000131
:10D7A000087044F65C31C2F2000107200860FFE710
:10D7B0009DF80B00000600280DD5FFE744F65C310C
:10D7C000C2F200010868013808609DF80B004000B3
:10D7D0008DF80B00ECE744F65C30C2F20000006804
:10D7E00003280BD0FFE74FF0500080F31188BFF300
:10D7F0006F8FBFF34F8F0590FFE7FEE744F65C3174
:10D80000C2F20001086800020860086800F4E060E5
:10D81000086004984EF20041CEF2000108704EF606
:10D820002051CEF20001086840F4700008600868DA
:10D8300040F070400860FFF735FD40F22001C2F271
:10D840000001002001900860FFF768FC4EF634717B
:10D85000CEF20001086840F040400860FEF7A6FFE5
:10D86000FFF7F6FEFFF7C6F9019808B080BD00008B
:10D8700080B582B04FF0500080F31188BFF36F8FF6
:10D88000BFF34F8F009000F0E5FC40B1FFE74EF68C
:10D890000451CEF200014FF080500860FFE70020F5
:10D8A0000190019880F3118802B080BD80B590B0DE
:10D8B00084461298CDF828C00991089207938DF8F4
:10D8C0001B000A9858B9FFE74FF0500080F3118809
:10D8D000BFF36F8FBFF34F8F0F90FFE7FEE70798FF
:10D8E00058B9FFE74FF0500080F31188BFF36F8FF6
:10D8F000BFF34F8F0E90FFE7FEE7089900200390DB
:10D9000031B1FFE70998B0FA80F040090390FFE7D2
:10D910000398C00758B1FFE74FF0500080F311881B
:10D92000BFF36F8FBFF34F8F0D90FFE7FEE70899AE
:10D930000020029031B9FFE70998002818BF0120A4
:10D940000290FFE70298C00758B1FFE74FF0500080
:10D9500080F31188BFF36F8FBFF34F8F0C90FFE7F9
:10D96000FEE750200490049850280BD0FFE74FF0BA
:10D97000500080F31188BFF36F8FBFF34F8F0B9070
:10D98000FFE7FEE7049807980590059888B1FFE740
:10D990000599012081F846000A980999089A9DF88E
:10D9A0001B30DDF814C0EE46CEF800C0FEF72CFDAB
:10D9B00000E0FFE7059810B080BD000080B584B09E
:10D9C0000290019102980090009858B9FFE74FF03B
:10D9D000500080F31188BFF36F8FBFF34F8F039018
:10D9E000FFE7FEE7FFF7A4FB00990B68C86B0A6C22
:10D9F00000FB023088600099002088630099086865
:10DA0000486000990B68C86B0A6C013800FB023053
:10DA1000C8600099FF2081F84400009981F8450012
:10DA20000198D0B9FFE700980069A0B1FFE700981E
:10DA3000103000F067FD60B1FFE74EF60451CEF202
:10DA400000014FF080500860BFF34F8FBFF36F8F1E
:10DA500000E0FFE700E0FFE708E000981030FFF784
:10DA6000E9FA00982430FFF7E5FAFFE7FFF78CFBAF
:10DA7000012004B080BD000080B592B00C900B91E5
:10DA80000A920993002008900C980490049858B9C1
:10DA9000FFE74FF0500080F31188BFF36F8FBFF3A3
:10DAA0004F8F1190FFE7FEE70B990020039039B9E3
:10DAB000FFE70498006C002818BF01200390FFE7DF
:10DAC0000398C00758B1FFE74FF0500080F311886A
:10DAD000BFF36F8FBFF34F8F1090FFE7FEE70999F9
:10DAE00000200229029007D1FFE70498C06B01389B
:10DAF00018BF01200290FFE70298C00758B1FFE766
:10DB00004FF0500080F31188BFF36F8FBFF34F8F3A
:10DB10000F90FFE7FEE700F077FB01460020019041
:10DB200031B9FFE70A98002818BF01200190FFE7EC
:10DB30000198C00758B1FFE74FF0500080F31188FB
:10DB4000BFF36F8FBFF34F8F0E90FFE7FEE7FFE746
:10DB5000FFF7EEFA0498806B0499C96B884204D3EE
:10DB6000FFE70998022834D1FFE704980B99099A36
:10DB7000FEF71AFB07900498406AA0B1FFE70498EB
:10DB8000243000F0BFFC60B1FFE74EF60451CEF246
:10DB900000014FF080500860BFF34F8FBFF36F8FCD
:10DBA00000E0FFE710E0079860B1FFE74EF6045190
:10DBB000CEF200014FF080500860BFF34F8FBFF3EB
:10DBC0006F8F00E0FFE7FFE7FFF7DEFA01200D901F
:10DBD00065E00A9828B9FFE7FFF7D6FA00200D9014
:10DBE0005DE0089830B9FFE705A8FFF753FC012076
:10DBF000089000E0FFE7FFE7FFE7FFF7C5FAFFF750
:10DC00001FFDFFF795FA049890F94400013028B9F8
:10DC1000FFE70499002081F84400FFE7049890F999
:10DC20004500013028B9FFE70499002081F845003C
:10DC3000FFE7FFF7A9FA05A80AA900F0C7F928BB72
:10DC4000FFE70498FEF79AFDC8B1FFE7049810308B
:10DC50000A99FFF739FC0498FFF702F800F0BAFCC4
:10DC600060B9FFE74EF60451CEF200014FF080504C
:10DC70000860BFF34F8FBFF36F8FFFE705E0049895
:10DC8000FEF7EEFF00F0A6FCFFE707E00498FEF7C2
:10DC9000E7FF00F09FFC00200D9000E058E70D9892
:10DCA00012B080BD80B592B00B900A910992089392
:10DCB0000B980590059858B9FFE74FF0500080F396
:10DCC0001188BFF36F8FBFF34F8F0E90FFE7FEE712
:10DCD0000A990020029039B9FFE70598006C0028E6
:10DCE00018BF01200290FFE70298C00758B1FFE774
:10DCF0004FF0500080F31188BFF36F8FBFF34F8F49
:10DD00000D90FFE7FEE7089900200229019007D156
:10DD1000FFE70598C06B013818BF01200190FFE7AD
:10DD20000198C00758B1FFE74FF0500080F3118809
:10DD3000BFF36F8FBFF34F8F0C90FFE7FEE7FFF746
:10DD4000D3FAEFF311814FF0500080F31188BFF345
:10DD50006F8FBFF34F8F10910F901098069005981A
:10DD6000806B0599C96B884204D3FFE708980228A5
:10DD700033D1FFE7059890F845008DF8130005981A
:10DD8000806B039005980A99089AFEF70DFA9DF9A1
:10DD900013000130B8B9FFE70598406A88B1FFE782
:10DDA0000598243000F0AEFB48B1FFE7099820B198
:10DDB000FFE709990120086000E0FFE700E0FFE7C6
:10DDC00000E0FFE706E09DF813000130059981F8B7
:10DDD0004500FFE70120079002E000200790FFE7E1
:10DDE00006981190119880F31188079812B080BDA1
:10DDF00080B58EB00990089107920020069009988E
:10DE00000390039858B9FFE74FF0500080F3118852
:10DE1000BFF36F8FBFF34F8F0D90FFE7FEE70899B9
:10DE20000020019039B9FFE70398006C002818BF63
:10DE300001200190FFE70198C00758B1FFE74FF0BC
:10DE4000500080F31188BFF36F8FBFF34F8F0C909A
:10DE5000FFE7FEE700F0D8F901460020009031B955
:10DE6000FFE70798002818BF01200090FFE70098FF
:10DE7000C00758B1FFE74FF0500080F31188BFF39F
:10DE80006F8FBFF34F8F0B90FFE7FEE7FFE7FFF7C2
:10DE90004FF90398806B0290029830B3FFE7039824
:10DEA0000899FEF75FF9029801380399886303988F
:10DEB0000069A0B1FFE70398103000F023FB60B1C8
:10DEC000FFE74EF60451CEF200014FF0805008609B
:10DED000BFF34F8FBFF36F8F00E0FFE700E0FFE776
:10DEE000FFF752F901200A906DE0079828B9FFE783
:10DEF000FFF74AF900200A9065E0069830B9FFE77D
:10DF000004A8FFF7C7FA0120069000E0FFE7FFE74B
:10DF1000FFE7FFF739F9FFF793FBFFF709F90398DC
:10DF200090F94400013028B9FFE70399002081F8F7
:10DF30004400FFE7039890F94500013028B9FFE756
:10DF40000399002081F84500FFE7FFF71DF904A8B9
:10DF500007A900F03BF830BBFFE70398FEF7FAFB98
:10DF6000D0B1FFE7039824300799FFF7ADFA039883
:10DF7000FEF776FE00F02EFB60B9FFE74EF6045187
:10DF8000CEF200014FF080500860BFF34F8FBFF317
:10DF90006F8F00E0FFE705E00398FEF761FE00F0F9
:10DFA00019FBFFE70EE00398FEF75AFE00F012FBA4
:10DFB0000398FEF7CFFB18B1FFE700200A9002E0BC
:10DFC000FFE7FFE763E70A980EB080BD80B588B031
:10DFD00005900491059858B9FFE74FF0500080F381
:10DFE0001188BFF36F8FBFF34F8F0790FFE7FEE7F6
:10DFF000049858B9FFE74FF0500080F31188BFF341
:10E000006F8FBFF34F8F0690FFE7FEE7FFF790F8A3
:10E0100045F22C30C2F20000006802900298059987
:10E020004968401A019004980068013018B9FFE768
:10E03000002003902BE045F29420C2F2000000681B
:10E0400005990968884209D0FFE70298059949684F
:10E05000884203D3FFE70120039017E00198049959
:10E06000096888420BD2FFE7019A04990868801A70
:10E0700008600598FFF70EFA0020039005E0049968
:10E080000020086001200390FFE7FFE7FFE7FFF7AC
:10E090007BF8039808B080BD70B58CB0DDF844C043
:10E0A000DDF840C00B900A91ADF826200893BDF82A
:10E0B00026008000FEF72CFE0590059880B1FFE752
:10E0C0005C20FEF725FE0790079820B1FFE7059832
:10E0D0000799086303E00598FFF77CF8FFE702E083
:10E0E00000200790FFE70798F0B1FFE707980026A8
:10E0F00080F859600B980A99BDF82620089BDDF836
:10E1000040C0119C079DEE46CEF80C60CEF808503A
:10E11000CEF80440CEF800C0FEF79AF90798FDF754
:10E120000FFF0120069003E04FF0FF300690FFE75D
:10E1300006980CB070BD0000B0B58EB0DDF850C0D0
:10E14000DDF84CC0DDF848C00A90099108920793A9
:10E15000139858B9FFE74FF0500080F31188BFF3D0
:10E160006F8FBFF34F8F0D90FFE7FEE7149858B9FC
:10E17000FFE74FF0500080F31188BFF36F8FBFF3BC
:10E180004F8F0C90FFE7FEE75C20049004985C281A
:10E190000BD0FFE74FF0500080F31188BFF36F8F73
:10E1A000BFF34F8F0B90FFE7FEE70498149820B35E
:10E1B000FFE7139808B3FFE71498069013980699A1
:10E1C00008630699022081F859000A980999089A6B
:10E1D000079BDDF848C0069CEE460025CEF80C50A3
:10E1E000CEF8084005ACCEF80440CEF800C0FEF7EB
:10E1F0002FF90698FDF7A4FE02E000200590FFE746
:10E2000005980EB0B0BD000081B045F2F820C2F212
:10E210000000006818B9FFE7012000900DE044F607
:10E220006C30C2F20000006818B9FFE702200090CD
:10E2300002E000200090FFE7FFE7009801B0704780
:10E2400081B045F22C30C2F20000006800900098C6
:10E2500001B0704780B586B00020029044F66C3063
:10E26000C2F200000068002840F0CB80FFE745F2D2
:10E270002C31C2F200010868013001900198086059
:10E28000019858BBFFE740F6C420C2F200000068C6
:10E29000006858B1FFE74FF0500080F31188BFF3DA
:10E2A0006F8FBFF34F8F0590FFE7FEE740F6C42264
:10E2B000C2F200021068009040F6CC21C2F20001C8
:10E2C000086810600098086045F29421C2F20001CD
:10E2D000086801300860FEF7DDFB00E0FFE7019809
:10E2E00045F29021C2F200010968884268D3FFE735
:10E2F000FFE740F6C420C2F200000068006840B9A1
:10E30000FFE745F29021C2F200014FF0FF300860B4
:10E3100055E040F6C420C2F200000068C068C06842
:10E32000049004984068039001980399884207D2AA
:10E33000FFE7039845F29021C2F2000108603EE039
:10E34000FFE704980430FEF725FE0498806A28B1A0
:10E35000FFE704981830FEF71DFE00E0FFE7049881
:10E36000C06A44F67431C2F200010968884208D9D3
:10E37000FFE70498C06A44F67431C2F200010860F5
:10E38000FFE70499C86A00EB800240F6D420C2F28D
:10E39000000000EB82000431FEF7A2FE0498C06A80
:10E3A00040F6BC21C2F200010968C96A884203D361
:10E3B000FFE70120029000E0FFE7FFE799E7FFE7B2
:10E3C00040F6BC20C2F200000068C06A00EB800189
:10E3D00040F6D420C2F2000050F82100022803D3F6
:10E3E000FFE70120029000E0FFE745F23830C2F27B
:10E3F0000000006818B1FFE70120029000E0FFE78D
:10E4000007E045F2A021C2F200010868013008606F
:10E41000FFE7029806B080BD80B586B003900398F0
:10E420000290002001900398002867D0FFE702982F
:10E4300040F6BC21C2F20001096888420BD0FFE718
:10E440004FF0500080F31188BFF36F8FBFF34F8FF1
:10E450000590FFE7FEE70298006D58B9FFE74FF01F
:10E46000500080F31188BFF36F8FBFF34F8F04907C
:10E47000FFE7FEE70299086D013808650299C86A4E
:10E48000C96C884238D0FFE70298006D90BBFFE767
:10E4900002980430FEF77EFD08B9FFE700E0FFE7D1
:10E4A0000299C86CC8620299C86AC0F138008861D4
:10E4B0000298C06A44F67431C2F2000109688842C9
:10E4C00008D9FFE70298C06A44F67431C2F200012D
:10E4D0000860FFE70299C86A00EB800240F6D4208A
:10E4E000C2F2000000EB82000431FEF7F9FD0120CA
:10E4F000019000E0FFE700E0FFE700E0FFE70198A0
:10E5000006B080BD80B584B002900298C068C06833
:10E510000190019858B9FFE74FF0500080F311883F
:10E52000BFF36F8FBFF34F8F0390FFE7FEE70198B4
:10E530001830FEF72FFD44F66C30C2F20000006880
:10E5400020BBFFE701980430FEF724FD0198C06A64
:10E5500044F67431C2F200010968884208D9FFE725
:10E560000198C06A44F67431C2F200010860FFE706
:10E570000199C86A00EB800240F6D420C2F2000084
:10E5800000EB82000431FEF7ABFD09E0019800F1D9
:10E59000180145F2A420C2F20000FEF7A1FDFFE73A
:10E5A0000198C06A40F6BC21C2F200010968C96A3C
:10E5B000884208D9FFE70120009045F23831C2F2C5
:10E5C0000001086002E000200090FFE7009804B01E
:10E5D00080BD000080B584B000200290019044F618
:10E5E0006C30C2F20000006858B9FFE74FF05000ED
:10E5F00080F31188BFF36F8FBFF34F8F0390FFE756
:10E60000FEE7FEF795FD44F66C30C2F200000168AB
:10E61000013901600068002840F09980FFE744F666
:10E620006430C2F200000068002800F08F80FFE72D
:10E63000FFE745F2A420C2F200000068002842D0A3
:10E64000FFE745F2A420C2F20000C068C068029053
:10E6500002981830FEF79EFC02980430FEF79AFCF0
:10E660000298C06A44F67431C2F200010968884217
:10E6700008D9FFE70298C06A44F67431C2F200017B
:10E680000860FFE70299C86A00EB800240F6D420D8
:10E69000C2F2000000EB82000431FEF721FD029877
:10E6A000C06A40F6BC21C2F200010968C96A88420A
:10E6B00007D3FFE745F23831C2F2000101200860BC
:10E6C00000E0FFE7B5E7029818B1FFE7FEF7E2F9CF
:10E6D000FFE745F2A020C2F2000000680090009819
:10E6E000E0B1FFE7FFE7FFF7B5FD38B1FFE745F21F
:10E6F0003831C2F200010120086000E0FFE7009815
:10E7000001380090FFE700980028ECD1FFE745F2C0
:10E71000A021C2F200010020086000E0FFE745F2FE
:10E720003830C2F20000006870B1FFE701200190AC
:10E730004EF60451CEF200014FF080500860BFF356
:10E740004F8FBFF36F8F00E0FFE7FFE700E0FFE7C9
:10E75000FEF71AFD019804B080BD000080B58AB0B4
:10E7600000200890FDF77EFC45F23030C2F2000038
:10E77000006858B3FFE7002004900790069007A8B0
:10E7800006A905AAFEF740FC049B059A0698DDF849
:10E790001CC06946C1F808C04860022008604CF6F9
:10E7A0004140C0F6000040F29A01C0F60101FFF7B7
:10E7B000C3FC014645F23430C2F20000016000683B
:10E7C00018B1FFE701200890FFE700E0FFE7089895
:10E7D00058B9FFE74FF0500080F31188BFF36F8FF7
:10E7E000BFF34F8F0990FFE7FEE708980AB080BD9E
:10E7F00080B58AB0DDF830C0089007910692059385
:10E8000000200490089858B9FFE74FF0500080F3BB
:10E810001188BFF36F8FBFF34F8F0990FFE7FEE7BB
:10E8200045F23030C2F200000068A8B3FFE7079855
:10E8300000900698019008980290079805281EDC21
:10E84000FFE7FFF7E1FC02280CD1FFE745F230308B
:10E85000C2F2000000680C9A69460023FFF70CF929
:10E8600004900BE045F23030C2F2000000686946C7
:10E8700000231A46FFF700F90490FFE70BE045F28A
:10E880003030C2F200000068059A69460023FFF7A5
:10E8900009FA0490FFE700E0FFE704980AB080BDA2
:10E8A0005FEA400C08BF91F0000F4FEA8C234FEA5B
:10E8B000C12243EA51514FEA1C5018BF00F5F04005
:10E8C0004FEA300018BF41F000415FEA6C5C00F095
:10E8D0002980BCF1FF3F08BF40F080407047130C17
:10E8E00006BF12044FF0100C4FF0000C130E04BFC3
:10E8F00012020CF1080C130F04BF12010CF1040CEE
:10E90000930F04BF92000CF1020CD30F04BF52000E
:10E910000CF1010C11464FF00002A0F11F00A0EB1A
:10E920000C00704711F0004F08BF704731F00041F4
:10E930003FF4D5AF0B0C06BF09044FF0100C4FF09D
:10E94000000C0B0E04BF09020CF1080C0B0F04BFE6
:10E9500009010CF1040C8B0F04BF89000CF1020CAF
:10E96000CB0F04BF49000CF1010CCCF1200322FABB
:10E9700003F341EA030102FA0CF2A0EB0C0000F1F0
:10E980000100704723F07F4720F07F4C80EA0300AE
:10E9900000F00040ACEB070303F57C5303F1FF03E9
:10E9A0002DE9804909B44FEA144324EA03484FEAA9
:10E9B000154B25EA0B4E0FF2042606EB13273E7883
:10E9C00003FB0667C7F5000707FB06F64FEAD646C6
:10E9D00006F102064FEA543707FB066CCCF1005CE7
:10E9E0004FEA1C472CEA074C0CFB06F507FB06F424
:10E9F00004EB15464FEA961649085FEA320234BF27
:10EA000000204FF000404FEAD13706FB07FC4FEAE9
:10EA10001C4C0CFB0BF7D21B03FB0CF761EB070143
:10EA20000CFB0EF7B0EB074072EB17420CFB08F73C
:10EA300034BFA2EB0742B2EB074261EB17414FEA4A
:10EA40000C444FEA910706FB07FC4FEA1C4C0CFBF9
:10EA50000BF7B0EBC74072EB573203FB0CF734BF38
:10EA6000A2EBC742B2EBC74261EB57310CFB0EF78A
:10EA7000B0EBC70072EB57720CFB08F734BFA2EB88
:10EA8000C702B2EBC70261EB57714FEA816141EAFD
:10EA900092114FEA826242EA90124FEA806004EBE0
:10EAA000CC04039F4FEAD13706FB07FC4FEA1C4C0E
:10EAB0000CFB0BF7D21B03FB0CF761EB07010CFB04
:10EAC0000EF7B0EB074072EB17420CFB08F734BFB0
:10EAD000A2EB0742B2EB074261EB17414FEA8C55BC
:10EAE00004EB9C244FEA910706FB07FC4FEA1C4C01
:10EAF0000CFB0BF7B0EBC74072EB573203FB0CF784
:10EB000034BFA2EBC742B2EBC74261EB57310CFBFB
:10EB10000EF7B0EBC70072EB57720CFB08F734BF6F
:10EB2000A2EBC702B2EBC70261EB57714FEA8161FA
:10EB300041EA92114FEA826242EA90124FEA806003
:10EB400015EB4C2544F100044FEAD13706FB07FCD6
:10EB50004FEA1C4C0CFB0BF7D21B03FB0CF761EBD1
:10EB600007010CFB0EF7B0EB074072EB17420CFBF2
:10EB700008F734BFA2EB0742B2EB074261EB174143
:10EB80004FEA813141EA92414FEA823242EA9042B1
:10EB90004FEA80304FEA0C7615EB1C1544F1000467
:10EBA00048EA03434EEA0B484FF0000EB2EB080C64
:10EBB00071EB030724BF624639464EEB0E0E4FF051
:10EBC000000B0018524149414BEB0B0BB2EB080C08
:10EBD00071EB03077BF1000B24BF624639464EEB15
:10EBE0000E0E4FF0000B0018524149414BEB0B0B3E
:10EBF000B2EB080C71EB03077BF1000B24BF6246FC
:10EC000039464EEB0E0E51EA020718BF46F00106D8
:10EC100016EB0E7655F1000254F1000103D5BDE864
:10EC20008901BDE80088BDE88901BDE80048B61942
:10EC3000524141EB0101A3F10103704780807F7EC7
:10EC40007D7C7B7A79787776767574737271717062
:10EC50006F6E6E6D6C6C6B6A6A6968686766666514
:10EC60006464636362616160605F5F5E5E5D5D5CA2
:10EC70005C5B5B5A5A595958585757565655555513
:10EC80005454535352525251515050504F4F4F4E73
:10EC90004E4D4D4D4C4C4C4B4B4B4A4A4A494949C1
:10ECA0004848484747474746464645454544444403
:10ECB0004443434343424242424141419C46002B2C
:10ECC00030D477002BD04FEA37071CB503B44FF090
:10ECD00010004FF01001BAF1000F06D0BCF1000F88
:10ECE000DCBF40F0080040F008014FF000000FBC0E
:10ECF000BDE810400BF1010BBBF1010F08BF5FEA4B
:10ED0000170722BF12F1010211F101014FF000417A
:10ED100043F1000300F0004043EA00007047F9D3DC
:10ED20005708D0E746EA06464FEA164613F1400F69
:10ED30001FDD13F1200FDFBF16430A4600212033E9
:10ED40005B42BED0C3F1200746EA06464FEA1646AC
:10ED500002FA07F746EA070622FA03F2C3F1200790
:10ED600001FA07F742EA070221FA03F14FF0000324
:10ED7000A7E746EA020646EA06464FEA164646EA8C
:10ED80000106BCBF46EA0646360C4FF000034FF0C2
:10ED900000024FF0000194E72DE9804C70B49A46D0
:10EDA000934691E8380007C831EA400C48BF34EA7E
:10EDB000430C03D5FFF7E6FDFFF780FFF0BCBDE88D
:10EDC000008C2DE9804C70B49A46934691E8380047
:10EDD00007C810F0804F08BF13F0804F03D100F038
:10EDE00005F8FFF76BFFF0BCBDE8008C20F07F4713
:10EDF00023F07F4C80EA030000F0004007EB0C0397
:10EE0000A3F57C53A3F1FE0392F0000F00F0B38052
:10EE100095F0000F00F077802DE901494FEA11408D
:10EE200021EA00484FEA144624EA064700FB06FCA4
:10EE300008FB06F607FB08F818EB06484CEB164CE7
:10EE400000FB07F718EB07484CEB17404FEA124B53
:10EE500022EA0B4E4FEA154625EA06470BFB06FC55
:10EE60000EFB06F607FB0EFE1EEB064E4CEB164C99
:10EE70000BFB07F71EEB074E4CEB174B18EB0B0881
:10EE800040F1000018EB0E0B58EB000840F10000B9
:10EE90008F1A4FF000014FF000063CBFC943661BBC
:10EEA00014BFB5EB040C00213CBFC943F61B4FEA6D
:10EEB000174427EA04454FEA1C472CEA074C04FB99
:10EEC000076205FB07F70CFB05F616EB074642EB5E
:10EED000174204FB0CFC16EB0C4642EB1C421BEBEE
:10EEE000060658EB020241414EEA8E0E46EA9E06A5
:10EEF00001D5BDE80189B619524141EB0101A3F1E9
:10EF00000103BDE801894FEA144524EA05464FEAAA
:10EF1000114721EA074C05FB07F406FB07F70CFB3A
:10EF200006F111EB074144EB174405FB0CFC11EB18
:10EF30000C4144EB1C444FEA124722EA074C05FB04
:10EF400007F206FB07F70CFB06F616EB074642EB4B
:10EF5000174205FB0CFC16EB0C4642EB1C456A18ED
:10EF600054F1000148BF7047B619524141EB01010D
:10EF7000A3F10103704795F0000F37D04FEA11421B
:10EF800021EA02464FEA144724EA074C02FB07F144
:10EF900006FB07F70CFB06F414EB074441EB1741A3
:10EFA00002FB0CFC14EB0C4441EB1C414FEA1547EF
:10EFB00025EA074C02FB07F506FB07F70CFB06F6F4
:10EFC00016EB074645EB174502FB0CFC16EB0C460F
:10EFD00045EB1C42121951F1000148BF7047B619A8
:10EFE000524141EB0101A3F1010370474FEA14457F
:10EFF00024EA05464FEA114721EA074C05FB07F1D1
:10F0000006FB07F70CFB06F212EB074241EB174138
:10F0100005FB0CFC12EB0C4251EB1C414FF00006BF
:10F0200048BF7047921841EB0101A3F101037047FB
:10F0300080B5F8F787F800B180BDFCF703FCFFF757
:10F04000F7BF80B5F8F792F800B180BDFCF7FAFB86
:10F05000FFF7F7BF03B401984100009850EAC120C0
:10F0600018BF04204A0D18BF40F0010040F2FF72A3
:10F07000B2EB515F08BF40F00200012808BF052035
:10F0800002B0704730380A2801D2012070470020B2
:10F0900070478A68002A02DC0022F2F735BE521E51
:10F0A0008A604A68C0B2531C4B6010707047000001
:10F0B00010B500290AD00878002807D00548784400
:10F0C000F3F7BAF8002801D0002010BD02487844B8
:10F0D00010BD00004E1100004611000010B50029BF
:10F0E0000AD00878002807D005487844F3F7A4F838
:10F0F000002801D0002010BD0248784410BD000057
:10F100003E1100003611000021F0004201F00043E2
:10F11000A2F16052B2F5801F28BFD2F17F6C0BD9EB
:10F120005FEA001C43EAC20242EB507018BF70470E
:10F1300028BF20F001007047B2F5801FBCBF184601
:10F1400070474FEA410C1CF5001F02D2084600F040
:10F150008FBD70B500F0A2FB00000089FFF7F6BF7D
:10F160004FF00040A0F580007047000010B591EA14
:10F17000030F48BF83F0004300F1EC83841A71EB66
:10F18000030C05D2121943EB0C03001B61EB0C01BD
:10F190004FEA1154A4EB135CDFF81CE11EEA430FA5
:10F1A00018BF9EEA445F00F0748021EA045123EA0C
:10F1B0000E0343F48013DCF1200E32D322FA0CFE4E
:10F1C00010EB0E0023FA0CFE41EB0E01CCF1200EE9
:10F1D00003FA0EFE10EB0E00CCF1200E51F10001EF
:10F1E000B1F5801F32D201EB045112FA0EF2BDE8E4
:10F1F000104058BF7047401C38BF5FEA420218BF3A
:10F200007047002814BF20F0010041F100014FEACF
:10F21000410313F5001F38BF7047A1F1C04100F052
:10F220008BBB012A43EB0302ACF1200CDCF11F0E77
:10F2300032BF4FF0000E23FA0CF310EB030041EB4A
:10F240000451B4EB115FD0D0A1EB045101F5801152
:10F25000490801EB04515FEA30000ED350F1000081
:10F2600038BF12FA0EFE08D1BDE81040C9E7401CB5
:10F2700038BF5FEA4202CAD1C3E7BDE810404FEA97
:10F28000410313F5001F38BF7047A1F1C04100F0E2
:10F2900053BB9EEA445F08D011EA5E0FBDE8104000
:10F2A00004BF01F0004100207047BDE8104070B578
:10F2B00000F0F4FA64FBBE3E0000E0FF491058BFC6
:10F2C000C1F140415B1058BFC3F140438B42EFF3A3
:10F2D000008070472DE9C04130B4DFF8A8C23CEA95
:10F2E000111418BF3CEA131400F0F0801CEA11144A
:10F2F00081EA030544EAD57418BF1CEA131500F02F
:10F30000CB80A4EB050404F17F7404F500344FF0C6
:10F31000004545EAC12145EAC32341EA505143EA89
:10F3200052534FEAC0204FEAC222994208BF90428E
:10F3300000F0A0804FEA13650FF24816765D4FEAA1
:10F34000134506FB05F7C7F1807706FB07F74FEA81
:10F35000D737A7FB03687642A7FB06CEC8F58038EF
:10F3600038BFA8F1010807FB08E6A6FB028C4FF0A6
:10F37000000EE6FB03CED8F100086FEA0C0C5CF13E
:10F38000000C6FEA0E0E4EF1004EA6FB0C584FF02B
:10F390000007E6FB0E87A1FB08C6A0FB07CE16EB15
:10F3A0000E064FF0000545F10005E1FB076515F17C
:10F3B000E04E7EBFA4F580345FEA46066D4116F14B
:10F3C000800745F100054FEA172747EA05674FEA2E
:10F3D00015254FEA0666A6F1DE46B6F1805F20D914
:10F3E000384605EBC47124F0010C01EB0C11BCF1A3
:10F3F000FE6F02D8F0BCBDE8008124425CBF01F57D
:10F40000801E9EEAC47F02D4F0BCBDE80081244285
:10F4100000F13980A1F1C041F0BCBDE8004100F02D
:10F420008BBA4FEAD02040EA41504FEAD1214FEA4F
:10F43000D22242EA43524FEAD323A7FB028607FBBC
:10F44000036605FB02661EEA0E0F58BFA6EB0056C8
:10F45000B6EB00564FEA520E4EEAC37E18EB0E0E84
:10F4600056EB530EBCD518EB02085E417F1C55F1DC
:10F470000005B5E74FF480154FF000074FF0000688
:10F480004FF00008ACE701F1C04101F000414FF03E
:10F490000000F0BCBDE800810CEA131511EA0C1F56
:10F4A00000D00CE013EA0C1F00F025804FF00000A4
:10F4B00081EA030101F00041F0BCBDE80081F0BC2D
:10F4C000BDE8004181EA030100F036BAF0BCBDE8B6
:10F4D000004170B500F0E2F9097EFC3E00F007B88B
:10F4E0004FF0000081EA030101F00041704781EA1A
:10F4F000030100F021BAF0BCBDE8004122494FF001
:10F5000000007047FFFDFBF9F7F5F4F2F0EEEDEBCC
:10F51000E9E8E6E4E3E1E0DEDDDBDAD8D7D5D4D311
:10F52000D1D0CFCDCCCBCAC8C7C6C5C4C2C1C0BF5D
:10F53000BEBDBCBBBAB9B8B7B6B5B4B3B2B1B0AF63
:10F54000AEADACABAAA9A8A8A7A6A5A4A3A3A2A147
:10F55000A09F9F9E9D9C9C9B9A9999989797969502
:10F5600095949393929191908F8F8E8E8D8C8C8B9E
:10F570008B8A898988888787868585848483838226
:10F58000828181800000FF070000F87F51EA030CB0
:10F5900017D41CF5801F58BFBCF5801F00F10680F2
:10F5A000994218BF704708BF9042704707D711F5BE
:10F5B000801F58BF13F5801F19D4994270478942A4
:10F5C00070471CF5801F08D5BCF5801FF7D58B420E
:10F5D00018BF704708BF824270474FF4001C1CEBF5
:10F5E000410F38BF1CEB430F01D28B42704770B5FF
:10F5F00000F054F9922449004FF000514FF080532D
:10F60000FFF75CBE10F0004248BF4042B0FA80F302
:10F6100010FA03F10AD0C3F11D0303F5806302EB76
:10F6200003524FEA415002EBD12170474FF00000E6
:10F630007047B0FA80F310FA03F10AD0C3F11D034A
:10F6400003F580634FEA03524FEA415002EBD121A8
:10F6500070474FF00000704751EA030C17D41CF5B7
:10F66000801F58BFBCF5801F00F10680994218BF6B
:10F67000704708BF9042704707D711F5801F58BFE9
:10F6800013F5801F19D499427047894270471CF5C1
:10F69000801F08D5BCF5801FF7D58B4218BF704777
:10F6A00008BF824270474FF4001C1CEB410F38BF6B
:10F6B0001CEB430F01D28B42704770B500F0EEF89F
:10F6C000922449004FF080514FF00053FFF7F6BDF0
:10F6D00051EA030C17D41CF5801F58BFBCF5801FDE
:10F6E00000F10680994218BF704708BF90427047EA
:10F6F00007D711F5801F58BF13F5801F19D4994201
:10F700007047894270471CF5801F08D5BCF5801FE3
:10F71000F7D58B4218BF704708BF824270474FF43D
:10F72000001C1CEB410F38BF1CEB430F01D28B4276
:10F73000704770B500F0B2F8922449004FF00051C4
:10F740004FF08053FFF7BABD70B5DFF848C11CEA2F
:10F75000111E1EBF1CEA13159EEA0C0F95EA0C0F32
:10F7600000F06F8081EA03044EEAD47EAE4421EAC1
:10F770004C1123EA4C1341F4801143F48013AEF191
:10F780007F7EA1FB024CA0FB0365361955EB0C05EF
:10F79000A1FB034C4CF10003A0FB021C16EB0C0672
:10F7A000654153F10003094218BF46F0010613F406
:10F7B000007F0BD14FEA03314FEA053041EA155182
:10F7C00040EA165034036FF003020AE04FEAC32107
:10F7D0004FEAC52041EA555140EA5650F4026FF015
:10F7E000020202EB2E4201EB025585EACE710AD0ED
:10F7F0005FEA440C18BF24F0004450F1000041F1CE
:10F80000000120EAD47040F2FE7C624500D270BD57
:10F81000A84214BF4FF080444FF04044002E08BF70
:10F820000024BEF1806FA8BFA1F1C041BDE87040C7
:10F8300080F2828001F1C04101F000414FF00000F0
:10F8400070470CEA13159EEA0C0F18BF95EA0C0FCF
:10F8500006D081EA030E4FF000000EF0004170BDAB
:10F8600000F01CF88900013E00F007B800F009B86C
:10F870004FEA430C5FEA5C5C08D081EA030100F0C8
:10F880005BB84FEA410C5FEA5C5CF6D102494FF08D
:10F89000000070470000FF070000F87F0EF1020E25
:10F8A0002EF0030E5EF8046B364205D4012A43EBBA
:10F8B000030515F5001F12D8012841EB010C1CF5BA
:10F8C000001F0CD80ED14FEAD17C0CEB4C0C0CF184
:10F8D000020C15F5001F08BF4CEBD37C04E04FF081
:10F8E000080C01E04FEAD37C0CEB4C0526FA05F638
:10F8F00006F00706B6F1040C06D20EEB860CBDE846
:10F9000070404CF0010C6047DFE80CF0090B02027C
:10F910004FF00041A1F500214FF0000070BD1946E5
:10F920001046012851EB010418BFD4F5001484BF20
:10F93000002001F0004170BD0808A0F500114FEA59
:10F940003101704710B591EA030F48BF83F00043BF
:10F950003FF514AC841A71EB030C07D28CF0004C09
:10F96000121943EB0C03001B61EB0C014FEA11541D
:10F97000A4EB135CDFF8A4E11EEA430F18BF9EEA74
:10F98000445F00F0B48021EA045123EA6E0352423E
:10F99000C3EB6E0338BF5B1EDCF1200E25D322FAC9
:10F9A0000CFE10EB0E0043FA0CFE41EB0E01CCF105
:10F9B000200E03FA0EFE10EB0E00CCF1200E51F1DA
:10F9C000000129D401EB045112FA0EF2BDE81040F7
:10F9D00058BF7047401C1CBFB2F1004F7047002851
:10F9E0000CBF491C20F00100704712EB020E43EBE4
:10F9F000030218BF4FF0010E4EEA4202ACF1200C98
:10FA0000DCF11E0E56D943FA0CFE10EB0E00CCF1C1
:10FA10001E0E51F1FF31D5D50EF1010E12FA0EFE78
:10FA2000404141EB010101EB445C5FEA5C5C10D9B1
:10FA300001EB045110EBDE7038BFBEF1004FBDE8A2
:10FA4000104018BF704700280CBF491C20F001006F
:10FA5000704734D24FEAD42C24F4006411F500111D
:10FA60001BD0B1FA81F20B3AA41AA41ED2F12003E2
:10FA7000914030FA03F31943904001EBCC7101EB54
:10FA80000451002CBDE81040A8BF704701F1C041EF
:10FA900001F000414FF000007047B0FA80F310FA17
:10FAA00003F102D1BDE810407047E41A173C480545
:10FAB000C90AE2E701EB0451BDE810407047491064
:10FAC0004FEA300001EB0451BDE8104002E04FF076
:10FAD000000170474A0008BF0042F8D0B2F5001F8D
:10FAE00028BF704701F000414FF0000070479EEAC8
:10FAF000445F07D011EA5E0FBDE8104004BF00214B
:10FB000000207047BDE8104070B5FFF7C7FE00BF8A
:10FB100040DFF63E104683F0004170470000E0FFF2
:10FB200043004FEAD30C4FEA3C0C43401FBF400751
:10FB30000CF1605113F0FE4F70471CF0006F03D1C1
:10FB40000CF00041002070470CF0004343EA507075
:10FB500040EACC0010B500F038F800BF0000009279
:10FB60004FEA0001FFF7E8BE4FF00041A1F5002188
:10FB70004FF00000704710B5FFF708FD0CBF0120E3
:10FB8000002010BD10B5FFF701FD14BF01200020BB
:10FB900010BD10B5FFF760FD8CBF0120002010BD27
:10FBA00010B5FFF759FD2CBF0120002010BD10B586
:10FBB000FFF78EFD94BF0120002010BD10B5FFF7A8
:10FBC00087FD34BF0120002010BD0EF1020E2EF083
:10FBD000030E5EF8044B244204D44FEA4102B2F112
:10FBE0007F4F11D84FEA4003B3F17F4F0CD80ED1AD
:10FBF0004FEAD07C0CEB4C0C0CF1020CB2F17F4FB5
:10FC000008BF4CEBD17C04E04FF0080C01E04FEA58
:10FC1000D17C0CEB4C0324FA03F404F00704B4F198
:10FC2000040C06D20EEB840CBDE810404CF0010C25
:10FC30006047DFE80CF0070802024FF00040A0F533
:10FC4000800010BD0846420018BFD2F1807288BF04
:10FC500000F0004010BDF1EE100A4FF6FF71C0F247
:10FC6000C03120EA010040F04070E1EE100A704718
:10FC7000FF2141EAD050C0057047F1F73DBBF1F7D5
:10FC800071BC000000000000000000003031323381
:10FC900034353637383941424344454640305800C0
:10FCA00030313233343536373839616263646566F2
:10FCB000403078000400000800000000000000024E
:10FCC00000010000103A7474003A7474003A7474BD
:10FCD0000030313233343536373839616263646528
:10FCE0006678700030313233343536373839414236
:10FCF000434445465850000002400000000000A068
:10FD00000000000005400000000000C800000000E6
:10FD10000C4000000000409C000000001940000062
:10FD20000020BCBE0000000034400000BFC91B8E94
:10FD300000000004B5400000504BCFD06607E2CF72
:10FD4000010000006C4100003E8251AADFEEA734A2
:10FD500001000000D9420000DCB5A0E23A301F9754
:10FD6000FFFFFFFFB4450000FD25A0C8E9A3C14F78
:10FD7000FFFFFFFFFF3F00000000008000000000C9
:10FD8000FF3F00000000008000000000CC010020C8
:10FD9000120000007805002014000000CC010020B3
:10FDA000120000007805002014000000380F002029
:10FDB0002000000000000000000000000102030419
:10FDC00006070809000000000102030400061016DF
:10FDD0000006101600000000000000005579000821
:10FDE000000000000000000055790008000000003D
:10FDF00000000000E9800008000000000000000092
:10FE0000E9800008000000000000000041BA00087E
:10FE100000000000000000005D8800085588000810
:10FE200041BA000841BA000841BA000841BA0008C6
:10FE300041BA000841BA000841BA000800000000B9
:10FE400000000000798A00085D8A000871880008B7
:10FE5000E99900080000000000000000E58A0008A1
:10FE6000DD8A000841BA000841BA0008000000001D
:10FE700000000000818D0008658D0008A98B000836
:10FE8000558C0008B98B0008958C0008259A00084D
:10FE9000258B0008518B00080000000000000000C6
:10FEA000F5900008D9900008D98F0008E18F00086C
:10FEB00051900008F98F0008818E0008018E00081B
:10FEC000298E0008A98D0008FD8E0008558F0008B6
:10FED000818F0008AD8E0008319A000800000000F4
:10FEE000000000003D9100083591000841BA00086B
:10FEF00041BA000841BA000841BA000841BA0008F6
:10FF000041BA000841BA000841BA000841BA0008E5
:10FF100041BA000841BA000841BA000841BA0008D5
:10FF20000000000000000000699300084D930008E5
:10FF3000519100083D9A00080000000000000000F8
:10FF4000C9930008C193000841BA000841BA0008EB
:10FF500000000000000000000100000000000000A0
:10FF60000000000000000000000000000000000091
:10FF70000000000000000000000000000000000081
:10FF80000000000000000000000000000000000071
:10FF90000000000000000000000000000000000061
:10FFA00085000108000000000000000000000000C3
:10FFB0000000000000020000080000000000000037
:10FFC00000000000540001080000000000000000D4
:10FFD0000000000000000000000200000800000017
:10FFE00000000000000000006400010800000000A4
:10FFF00000000000000000000000000000020000FF
:020000040801F1
:100000001800000000000000000000007B00010854
:1000100000000000000000000000000000000000E0
:1000200000020000080000000000000000000000C6
:100030007000010800000000000000000000000047
:1000400000000000000200000800000000000000A6
:1000500000000000636F6D6D756E69636174696F98
:100060006E74610064656661756C745461736B00D5
:1000700072656D6F74657461736B006D6F746F7210
:100080007461736B0061726D636F6E74726F6C007C
:1000900049444C4500546D725100546D72205376A2
:1000A00063006C656E6774685F6572726F7220774B
:1000B0006173207468726F776E20696E202D666E92
:1000C0006F2D657863657074696F6E73206D6F64F2
:1000D000652077697468206D657373616765202298
:1000E000257322006261645F61727261795F6E657F
:1000F000775F6C656E6774682077617320746872CF
:100100006F776E20696E202D666E6F2D6578636542
:100110007074696F6E73206D6F6465006261645FF7
:1001200066756E6374696F6E5F63616C6C20776176
:1001300073207468726F776E20696E202D666E6F03
:100140002D657863657074696F6E73206D6F64657B
:1001500000766563746F72005F5F6378615F6775D7
:100160006172645F6163717569726520646574654D
:10017000637465642072656375727369766520695E
:100180006E697469616C697A6174696F6E3A206432
:100190006F20796F75206861766520612066756EC5
:1001A0006374696F6E2D6C6F63616C20737461741E
:1001B0006963207661726961626C652077686F732C
:1001C0006520696E697469616C697A6174696F6EC2
:1001D00020646570656E6473206F6E20746861744E
:1001E0002066756E6374696F6E3F000050030108EE
:1001F0000000002028000000100200087803010819
:100200002800002018590000300200081C000000DF
:1002100043000000F8FFFFFF0C0000000E0000008C
:100220000F0000002E00000010010000430000003D
:10023000F8FFFFFF00404040404040404040414107
:1002400041414140404040404040404040404040AB
:100250004040404040050202020202020202020245
:100260000202020202202020202020202020200242
:1002700002020202020290909090909010101010D2
:10028000101010101010101010101010101010106E
:100290000202020202028888888888880808080802
:1002A00008080808080808080808080808080808CE
:1002B00002020202400000000000000000000000F6
:1002C000000000000000000000000000000000002E
:1002D000000000000000000000000000000000001E
:1002E000000000000000000000000000000000000E
:1002F00000000000000000000000000000000000FE
:1003000000000000000000000000000000000000ED
:1003100000000000000000000000000000000000DD
:1003200000000000000000000000000000000000CD
:100330000000000000000000F56CFFFF2DB7FFFF7C
:1003400081B7FFFFC1B7FFFFF16CFFFFF56CFFFF47
:10035000000000000000000000000000000000009D
:10036000000000000024F400010000001000000064
:08037000AAAAAAAA00000000DD
:04000005080001AD41
:00000001FF
