:020000040800F2
:100000009068002041030008396600080962000872
:1000100035660008E522000879730008000000003A
:100020000000000000000000000000005167000810
:100030006D25000800000000B16600089567000803
:100040005B0300085B0300085B0300085B03000818
:100050005B0300085B0300085B0300085B03000808
:100060005B0300085B0300085B03000855230008DE
:10007000652300085B030008752300085B03000884
:100080005B030008852300085B030008F9220008D1
:10009000E92200085B0300085B0300085B0300081B
:1000A0005B0300085B0300085B0300085B030008B8
:1000B0005B0300085B030008956800085B03000809
:1000C0005B0300085B0300085B0300085B03000898
:1000D0005B030008597300085B0300085B0300081A
:1000E0005B0300085B0300085B0300085B03000878
:1000F0005B0300085B0300085B0300085B03000868
:100100005B0300085B0300085B0300085B03000857
:100110005B0300085B0300085B0300085B03000847
:100120005B03000895230008A52300085B03000873
:100130005B0300085B0300085B0300082923000839
:1001400009230008192300085B0300085B0300086B
:100150005B030008B5230008C52300086973000885
:100160005B0300085B0300085B0300085B030008F7
:100170005B0300085B0300085B030008000000004D
:100180005B0300085B030008496A0008596A00081D
:100190005B0300085B0300085B0300085B030008C7
:1001A00000000000000000005B03000800F002F8FF
:1001B00000F0B7F814A696E8000CB244B344DA4550
:1001C00001D100F0AEF8BAE80F000FA696E83000B3
:1001D000A5EB040504EB0607AAEB0704A7F101074A
:1001E0004FEA15154FEA3414A4F10104AC4201D3CF
:1001F00000F097F813F0010F18BFFB1A43F001034A
:1002000000F001F8DBE71847202F0100402F010024
:10021000103A24BF78C878C1FAD8520724BF30C832
:1002200030C144BF04680C60704700007047000094
:100230000023002400250026103A28BF78C1FBD8EF
:10024000520728BF30C148BF0B6070476E2900F0CD
:10025000B183702900F0E784662912F09284652941
:1002600012F08F84672912F08C84612912F08B843C
:1002700003681B0A28BF41F08001692900F05E83F2
:10028000642900F05B83752900F058836F2900F022
:100290007584782900F0B384E92900F00F84E429FB
:1002A00000F00C84F52900F00984EF2900F0728435
:1002B000F82900F0B2840368DB0928BF41F080010F
:1002C000632901F0EB82732901F0F082E32901F048
:1002D000FB82F32901F00083002070471FB512F064
:1002E0003EFC9DE8030000F091FA01F053FC04008D
:1002F0000020002111F046FE401C6060002000211B
:1003000011F02AFEE06000F02BFE00F05BFD00F033
:100310005DF91FBD10B5002000F0F0FD00F0BBFD41
:1003200010BD00F030FE1146FFF7D8FF0EF0BCFB09
:1003300001F0C0FB03B4FFF7EDFF03BC00F03EFA91
:100340000948804709480047FEE7FEE7FEE7FEE769
:10035000FEE7FEE7FEE7FEE7FEE7FEE704480549A5
:10036000054A064B7047000081680008AD0100088F
:10037000906200209068002090640020906400202B
:1003800053EA020C00F069802DE9F04B4FF00006B3
:10039000002B1FBFB3FA83F503FA05F424FA05F620
:1003A0005E4012BF1643B2FA82F502FA05F4C5F1B7
:1003B00020051EBF22FA05FC44EA0C04203556EA4B
:1003C000044C4FEA144418BF641C4FF000084FF06F
:1003D0000009904271EB030C39D3002919BFB1FA1F
:1003E00081F701FA07F6B0FA80F700FA07F6C7F1CD
:1003F00020071EBF20FA07FC46EA0C062037B6FB92
:10040000F4FCA7EB0507103F07F01F0BCBF120060C
:100410002CFA06F60CFA0BFB44BFB3460026202F3D
:10042000A4BF5E464FF0000B5BEA060C08BF4FF01E
:10043000010B19EB0B0948EB0608ABFB027C06FB32
:1004400002CC0BFB03CCC01B71EB0C01C1E70B46CC
:10045000024641464846BDE8F08B13B5084318BF35
:100460004FF0FF300146AFF30080BDE81C407047FD
:100470000B460146184600F07DB9032A40F2308051
:1004800010F0030C00F0158011F8013BBCF1020FD5
:10049000624498BF11F801CB00F8013B38BF11F856
:1004A000013BA2F1040298BF00F801CB38BF00F86D
:1004B000013B11F0030300F02580083AC0F00880EA
:1004C00051F8043B083A51F804CBA0E80810F5E7CE
:1004D000121D5CBF51F8043B40F8043BAFF30080B1
:1004E000D20724BF11F8013B11F801CB48BF11F826
:1004F000012B24BF00F8013B00F801CB48BF00F8F6
:10050000012B704710B5203AC0F00B80B1E81850AD
:10051000A0E81850B1E81850A0E81850203ABFF4ED
:10052000F5AF5FEA027C24BFB1E81850A0E818508C
:1005300044BF18C918C0BDE810405FEA827C24BFE0
:1005400051F8043B40F8043B08BF7047D20728BF6E
:1005500031F8023B48BF11F8012B28BF20F8023BBD
:1005600048BF00F8012B704702F0FF0343EA032263
:1005700042EA024200F002B84FF0000200B5134612
:1005800094469646203922BFA0E80C50A0E80C50B3
:10059000B1F12001BFF4F7AF090728BFA0E80C5064
:1005A00048BF0CC05DF804EB890028BF40F8042B5D
:1005B00008BF704748BF20F8022B11F0804F18BFCA
:1005C00000F8012B704770477047704708487CB5AA
:1005D0007844009007487844009C0546019004E068
:1005E0002046016808448047241DAC42F8D17CBDF8
:1005F000A02C0100AE2C010070B5064600F0E6F814
:10060000056806F10B0020F00704B4429CBF0020EF
:1006100070BD2B466A68BAB11068A04210D304F1CD
:10062000080188423CBF5068586007D351681019D0
:1006300041601168091B016058601460101D70BD95
:1006400013465268002AE7D12146284600F0CAF82E
:100650000028DED170BD70B50446051F00F0B6F865
:100660000068002C14BF446870BD002C18BFAC4259
:100670003CBF20466468F8D301680A18AA4218BF34
:10068000456003D12A680546114401602868411974
:10069000A1421CBF6C6070BD61686960216808443C
:1006A000286070BD2DE9F04791460C46804600F069
:1006B0008DF80768604234EA000001D1042C02D2B0
:1006C0000520BDE8F087601E40F0070609F10B0029
:1006D00020F007054D4539D93B467A6882B3146846
:1006E000101D404206EA000C644525D9A4EB0C001D
:1006F000854221D8BCF1000F0BD01046016862443E
:10070000A1EB0C01116041685160C0F800C0586055
:100710000346116805F10800814205D35019491BB1
:10072000016015605860034652F8040F58600020BD
:10073000C8F80020BDE8F08713465268002ACED1E1
:100740002946384600F04EF80028C5D10620BDE8FD
:10075000F0870B460146184600F040B910B500205E
:1007600000F004FCFFF7D6FDBDE81040012000F0CA
:1007700025B800002DE9F041074615460E46102029
:10078000FFF73AFF040013D06760C4E90265094827
:10079000AFF3008000F01EF8016821600649046094
:1007A000002008600348AFF300800020BDE8F0811E
:1007B0000120FBE7100000200C0000200149182058
:1007C000ABBEFEE7260002000020704700487047DD
:1007D0002C010020004870475C01002070477047E2
:1007E0007047704738B504460A4600206946AFF3A3
:1007F0000080002808BF38BD02460099204600F05E
:10080000E7FB012038BD012001F081B9F8B5AFF355
:100810000080054600200C460C2000BF0646A819A3
:10082000A0420DD9324669460020AFF30080070090
:1008300008BF01F06CF90098A04218BF0546C41922
:10084000FFF7C4FF05600746F01D20F007004619BA
:10085000284600F00AF8B44208BFF8BDA21B314692
:100860003868BDE8F84000F0B3BB0021016041608A
:1008700070470C20704770B5044685690068C10652
:1008800001D5302600E02026C00707D070BDD4E98E
:10089000012130469047206A401C20626D1EF6D52B
:1008A00070BD70B5044685690078C00707D170BD7A
:1008B000D4E9012120209047206A401C20626D1E4F
:1008C000F6D570BD09684A0501D540B27047C90523
:1008D000FCD500B2704709684A0501D5C0B270471F
:1008E000C905FCD580B2704770B50C460546012A93
:1008F00005D02878800600D5EA69002302E00123AC
:1009000005E05B1C934202D2E05C0028F9D1A869A3
:10091000E618C01AA861286A184428622846FFF71A
:10092000AAFF04E0D5E9012114F8010B9047B44275
:10093000F8D32846FFF7B5FF70BD00002DE9F04160
:100940000646002410687529314616A510D0FFF719
:10095000B9FF002802DA404213A507E031688A0790
:1009600001D512A502E0490704D511A5012401E033
:10097000FFF7B1FF00210A2206F1240709E0B0FBCE
:10098000F2FCB0FBF2F302FB1C0030307854184646
:10099000491C0028F3D123462A463046BDE8F041E1
:1009A00000F075BB000000002D0000002B000000CF
:1009B0002000000011680268006A530501D5087024
:1009C0000AE0D30501D5088006E0130603D5C21757
:1009D000C1E9000200E0086001207047074B70B5D4
:1009E0000D467B4400F03DFF0446284600F078FFAA
:1009F00010B14FF0FF3070BD204670BD551501009D
:100A00002DE9FF5F15468A460446DFF8AC80F844BE
:100A10000027D8E900103E46CDE9001010E03AF872
:100A200016106A4602A801F021F8411C07D021786F
:100A3000890603D5E269391891420DD80744761C1E
:100A40002078800602D5E069B84205DDAE42E6DBDB
:100A50003AF816000028E2D1A069C01BA061204628
:100A6000FFF709FFD8E90010CDE90010002017E0DA
:100A70003AF818106A4602A800F0F8FFB0F1FF3FFC
:100A800081460BD000250DF1080B05E0D4E90121CA
:100A90001BF8050090476D1C4D45F7D308F1010088
:100AA000B0428046E4DB206A384420622046FFF7EB
:100AB000F8FEBDE8FF9F00007A2101002DE9F0411A
:100AC0008046D21D22F007020025D2E90002F52956
:100AD00015A614D0011E72F1000106DA0023D0EB36
:100AE000030063EB020211A608E0D8F800108B07A0
:100AF00001D50FA602E0490701D50EA60125114632
:100B0000002408F1240704E000F07CFA30323A5562
:100B1000641C50EA0102F7D12B463246214640467A
:100B2000BDE8F04100F0B3BA000000002D00000065
:100B30002B0000002000000030B4002100F124044C
:100B400008E002F00705D208303542EA4372DB08BC
:100B50006554491C52EA0305F3D10468002310A22E
:100B6000250708D504F020040C4304D0C4690123F0
:100B70000CA2641EC46130BC00F089BA10B50446F2
:100B800021461068FFF7A7FE02462046BDE8104048
:100B90000023D1E7D21D22F00701D1E90023CBE7E2
:100BA0000000000030000000F0B40D460188090587
:100BB00002D5214C7C4402E01F4C7C440E340021C1
:100BC00000F1240608E002F00F071209E75D42EA8F
:100BD00003721B097754491C52EA0307F3D10278C8
:100BE0000023120704D5702D06D009B10223113459
:100BF0002246F0BC00F04BBA01231034F8E770B580
:100C000004460D4621461068FFF765FE0246294658
:100C10002046BDE870400023C6E7D21D22F007033E
:100C2000D3E90023C0E70368126843F020030360A0
:100C30000823C3610023B7E7DC1F01002DE9F05F43
:100C4000894604464FF0000ADFF874B1FB44C0F84F
:100C500020A02046E1688847002874D0252806D0C7
:100C6000D4E901219047206A401C2062F1E7002668
:100C70005F462046E16888472028054607DB312D7E
:100C800005D2781910F8200C08B10643F1E7B00737
:100C900001D526F00406C4F81CA00027C4F818A04B
:100CA0002A2D09D0284611F041F938B304EB870802
:100CB000303DC8F8185019E059F8041B204604EBE1
:100CC00087029161E1688847012F054618D1E069E4
:100CD000002820DA26F020061DE0D8F8180000EBE6
:100CE000800005EB40003038C8F818002046E16865
:100CF0008847054611F01AF90028EED1012F0AD0D5
:100D00002E2D08D12046E16888477F1C0546022F1A
:100D100046F02006C4DBA069002803DA404246F012
:100D20000106A061F00701D026F010066C2D0BD053
:100D3000682D09D04C2D39D06A2D35D0742D35D081
:100D40007A2D33D016E038E0E1682F4620468847F8
:100D5000B842054609D16C2F26D04FF48060E16877
:100D6000064320468847054604E06C2F1AD04FF40E
:100D7000807006430DB3A5F14100192802D8203533
:100D800046F400664A462946204626604E46FFF74E
:100D90005DFA80B101280BD0F61D26F0070000F1A6
:100DA000080956E74020E4E78020D8E70020D6E78E
:100DB00006F104094DE7284652E7206ABDE8F09F96
:100DC0006C1F010010B542485421FFF7D5FB414884
:100DD0005421FFF7D1FB40485421FFF7CDFB3F4999
:100DE0003B483C4A3F4B08603D490A603A4919601C
:100DF000531C0365481C1065012008653B48344AB4
:100E000039A1784400F094FD20B9384878440A3874
:100E100000F076FE37482F4A35A1784400F088FD6F
:100E200020B9344878440A3800F06AFE32482A4A29
:100E30002FA1784400F07CFD20B92F4878440A386F
:100E400000F05EFE40232248DC000021224600F034
:100E50004BFD20B125487844543800F051FE1D4820
:100E600022464023002100F03FFD20B12148784474
:100E7000543800F045FE184822461023002100F0A7
:100E800033FD002806D01C487844BDE81040563891
:100E900000F036BE10BD104870B5006D20F00104A2
:100EA0000B4800F0BDFD0B4800F0BAFD0A4800F009
:100EB000B7FD09E0206D20F00105204600F0B0FDEF
:100EC0002046FFF7C8FB2C46002CF3D170BD000074
:100ED000280000207C000020D0000020000000201E
:100EE000040000200800002072000000C71D01005F
:100EF00077000000B31D01009F1D01002DE9F8439C
:100F000006461548AFF30080FFF764FC134F814697
:100F1000E8464D4616E026B1E068B04201D02546CD
:100F200010E0206828600C48C7F80080AFF300800C
:100F3000D4E9010188470848AFF30080396841458A
:100F400000D04D462C68002CE5D1002038600248C6
:100F5000AFF30080BDE8F883100000200C000020F3
:100F60000148FFF731BC00001000002010B500F070
:100F7000AFFDBDE8104000F0A6BD0000004870477E
:100F80002401002070477546FFF7F8FFAE460500C4
:100F90006946534620F00700854618B020B5FFF794
:100FA000DDF9BDE820404FF000064FF000074FF09C
:100FB00000084FF0000BAC46ACE8C009ACE8C00933
:100FC000ACE8C009ACE8C00921F007018D467047C4
:100FD000034640688C46002818BF88423CBF034641
:100FE0004068F8D318681844884207D00CF1030011
:100FF00020F00700001D411A521A0146081D0A6020
:10100000FFF729BB30B5B0F10A0271F100034FEAD6
:10101000900E4EEA817EB0EB0E0061EB91014FEA3B
:10102000101E4EEA017E10EB0E0041EB11114FEA4B
:10103000102E4EEA016E10EB0E0041EB11214FEA2B
:10104000104E4EEA014E10EB0E0041EB11414018DC
:1010500041F100014FEAD00040EA41704FEAD1016E
:101060004FEA810444EA907410EB800544EB0104DC
:101070006D1944EB0404521BA3414FF0000348BF19
:101080000A3200D530BD401C41F1000130BD2DE9D0
:10109000F0470D4699469246044600F1240801683F
:1010A000880604D5E06921F01001216000E00120EC
:1010B000A84201DD471B00E00027A1697A1902EB75
:1010C0000900081AA0612078C00602D42046FFF764
:1010D000D2FB002608E0D4E901211AF80600904767
:1010E000206A401C761C20624E45F4DB2078C00646
:1010F0000AD52046FFF7BFFB06E0D4E901213020E6
:101100009047206A401C2062381EA7F10107F4DCDA
:1011100007E0D4E9012118F805009047206A401C37
:101120002062281EA5F10105F3DC2046FFF7B9FB7C
:101130002078000602D50220BDE8F0870120FBE7F9
:101140002DE9FF4F0C461E464FF0FF378BB0D2E91A
:101150000001DDF860800A908A46C1F30A5505B99E
:101160003D46002108464FF00000BAF1000F00F4A0
:10117000400005DA00EB80004FF4400101EA500026
:101180004FEA9059B9F1010F00DDB9460A9850EACB
:101190004A000ED044F61050A5F2FF3545432F14F7
:1011A000B8F1000F1ED07542291E1EDDC9F10002E4
:1011B0001CE0B8F1010F4FF0000001D0302103E036
:1011C000F24305E02154401CB042FBDB30460022D4
:1011D000002121540B99C1F80880C1E900200FB00B
:1011E000BDE8F08FBD1B6D1CDEE74A4600DA6942A0
:1011F00006A800F013FD06AB93E8070003AB83E8F5
:10120000070050460A9910F09FFA8DE80700A0F5F4
:1012100000501F3800900398002D0ADD42F21F0194
:101220004A460844002303A90390684610F008FDCD
:1012300009E0A0F500504A461F38002303A9039097
:10124000684610F012FD8DE807000004000C03D082
:101250004FF0FF30410800E01046B8F1000F03D016
:101260000022009215461EE0751E05D4FFF7CAFE47
:10127000303262556D1EF9D5B3460122084302D0C3
:1012800000227F1C04E02078302801D100227F1E3C
:10129000002A099784D01DE0112D07DAFFF7B2FE6E
:1012A000303262556D1C50EA0102F5D1084302D07C
:1012B0000098C8B10EE00021681E05E0235C625C66
:1012C00063542254401E491C8142F7DBAB46A81BE5
:1012D000401E0990002004F80B000B98099AC0F8F2
:1012E0000880C0E9002B7AE711264FF0000857E785
:1012F0002DE9F04F88460446D21D22F0070191B037
:10130000D1E90001CDE90A0110F0F8FD02460B9881
:10131000C00F01D02D2007E02068810701D52B20C8
:1013200002E0202101EAC000032A099001D0072A27
:1013300005DB03464146204600F030FC0BE12078F7
:10134000800601D5E06900E00620B8F1650F81460E
:1013500006D0B8F1660F18D0B8F1670F70D131E040
:101360000020B9F1110F009001DB112301E009F118
:1013700001030AAA01A90CA8FFF7E2FEDDE90C703F
:10138000002609F10105834647E001204B46009005
:101390004FF000470AAA01A90CA8FFF7D1FEDDE92A
:1013A0000DB00C995D46002610B909F101000D1829
:1013B000B9EB050003D4C0F1FF3609F10105A5EB37
:1013C00009002BE0B9F1010F01DA4FF0010900200B
:1013D000B9F1110F0090484601DD112300E00346EA
:1013E0000AAA01A90CA8FFF7ABFEDDE90C704D4677
:1013F00000268346207800070AD4AB4500DA5D4614
:1014000001A8012D04DD411911F8011C302907D074
:101410004F4502DA17F1040F04DA012082460FE08B
:101420006D1EEEE7002F02DCED1B3E4403E0781C4E
:10143000A84200DD7D1CB81B00F1010A4FF00047F7
:101440002078000703D4AA4501DB4FF0FF3A0021C2
:10145000B7F1004F0DF143088DF8431024D002205E
:101460002B23002F01DA7F422D230A21021EA0F137
:10147000010000DC5FB197FBF1FC97FBF1F201FB8F
:101480001C7C17460CF1300C08F801CDEEE7A8F1F2
:10149000010003702188090501D5452100E065217F
:1014A000A0F1010800F8011C09980FA9A1EB080799
:1014B000FF1D00B10120411901EBEA70A169384418
:1014C000081A401EA0612078C00602D42046FFF70B
:1014D000D2F9099828B1D4E901219047206A401C2B
:1014E00020622078C00622D52046FFF7C4F91EE00E
:1014F000002E04DBB34502DD01A8805D00E0302052
:10150000D4E901219047206A401C2062761CAAF190
:1015100001005FEA000A0AD100F03CFBC0680168E4
:10152000405CD4E901219047206A401C2062281EBB
:10153000A5F10105DCDC07E0D4E9012118F8010B75
:101540009047206A401C2062381EA7F10107F3DC97
:101550002046FFF7A6F9032011B041E62DE9F04F30
:1015600004460D46D21D22F0070089B0D0E900974D
:101570004846394610F0C2FC0246F80F01D02D2330
:1015800007E02068810701D52B2302E0202101EA32
:10159000C0038DF820300BB1012000E00020032AA9
:1015A000824601D0072A04DB2946204600F0F6FADD
:1015B0003FE12078800601D40D2500E0E569C7F3FE
:1015C0000A560D2D49DA00214FEA175B08464FF005
:1015D0000000002F00F4400007DA00EB80004FF419
:1015E000400100EBD07001EA60008115012901DDA6
:1015F0004FF0FF3100224FEA850CBCF1180F06D3E3
:101600001346ACF118004FF08052C24003E04FF493
:10161000801323FA0CF30CF10C0CBCF1200F04D353
:10162000ACF1200C09FA0CF001E007FA0CF00029EB
:101630004FF0004801DD18B90FE00ED140450CD342
:1016400019EB02095F4121B9404502D19F4329EAC4
:101650000209BBEB175F00D0761C2088000502D57D
:101660007B48784402E07A487844193808AA302345
:1016700002F80A30037C0AF10101002E0AF1020A85
:1016800053546A4602DC4FF0300101E04FF0310163
:101690004FF001088DF8001002D0A6F2FF3603E0EB
:1016A00059EA470100D06B4E002D02DC2178090772
:1016B00004D54FF002082E218DF80110C4460021F8
:1016C0000BE0C7F303433F01C35C491C6D1E02F8E6
:1016D0000830052908F1010801DA002DF1DC0021AC
:1016E0000CE000EB1973491C1B786D1E082902F8E9
:1016F00008304FEA091908F1010801DA002DF0DC81
:1017000021688B0602D516E0A8F10108E04505DD49
:1017100002EB080313F8013C302BF5D0B8F1000FB1
:1017200009DD02EB080313F8013C2E2B03D1090756
:1017300001D4A8F10108002D05DD3E2102F80810B2
:101740006D1E08F10108407C002E02F8080008F127
:10175000010804DA2D20764202F8080002E02B206E
:1017600002F808000A214FF47A70864208F1010855
:101770000BDB96FBF0F3303302F8083096FBF0F306
:1017800008F1010800FB136601E0642E0CDB642005
:1017900096FBF0F3303302F8083096FBF0F308F1D3
:1017A000010800FB136601E00A2E06DB96FBF1F050
:1017B000303002F8080008F1010896FBF1F001FB57
:1017C0001060303002F80800A16908F1010808EB48
:1017D000050202EB0A00081AA0612078C00602D4B4
:1017E0002046FFF748F8216A08AE01EB0A002062A4
:1017F00004E0D4E9012116F8010B9047BAF1010A7F
:10180000F7D22078C00602D52046FFF734F86E469E
:1018100009E016F8010B3E280FD0D4E901219047CA
:10182000206A401C2062B8F10108F2D22046FFF77E
:1018300038F809B00320BDE8F08F206A2844206200
:1018400003E0D4E90121302090476D1EEBD3F8E787
:101850008615010002FCFFFF01694A1C026108783D
:10186000704700B58FB0CDE90131002105910549E0
:101870007944CDE9031011466846FFF7DFF90FB050
:1018800000BD0000E5FFFFFF10B5436913B1AFF3E2
:10189000008001E0FFF728F8012010BD127800F168
:1018A00024010A7000224A700122EDE711684FF00E
:1018B000FF32E9E710B5436913B1AFF3008001E0EF
:1018C000FFF79EF8012010BD128800F124018284E8
:1018D0000022C2840122EDE711684FF0FF32E9E7F0
:1018E000007B00F08000704770B5C468A50713D076
:1018F000650211D4B2F5807F09D0B2F5007F06D021
:10190000B2F5806F08D1012300F1240106E05D1ECD
:101910006FF07F46B54201D3012070BD0161C36104
:10192000416024F470611143C160002070BD00006B
:101930002DE9F0410C461646070047D0104600F04E
:101940006FF82078611C61280AD0722802D07728AD
:101950003CD102E00125002405E00225042402E038
:10196000082448F2020511F8010B2B2806D0622842
:1019700009D011F8010C74280AD00BE045F00305DA
:1019800044F00204EFE745F0040544F00104EAE7FF
:1019900044F010043846214600F0C0F8411C15D030
:1019A0000021316171604FF40071F560F161706187
:1019B000200704D530460222002100F093FA306D52
:1019C00040F0010030653046BDE8F0810020FBE7C3
:1019D0002DE9F0410D460646104C206DC10704D09C
:1019E000410804D020F00104F7E722460EE054201D
:1019F000FEF702FE07000ED0206D47F001010843FC
:101A0000542120653846FEF7B7FD3A462946304650
:101A1000BDE8F0418CE70020D6E700002800002058
:101A20002DE9F04704464FF0FF380026C568D4E999
:101A30000497A80718D0204600F010FB384600F0A5
:101A400077F8002800DA4646280502D54846FEF712
:101A500002FE4C212046FEF78FFD206D20F0010094
:101A600020653046BDE8F0874046FBE72DE9F041B0
:101A700016460C46054600F085F8036893F8010108
:101A8000012807D0FF2C12D8185D80B101202C70DE
:101A9000BDE8F081D3F807013246214603F207136F
:101AA000C7182846BC46BDE8F041002360474FF008
:101AB000FF30EDE710B50446AFF300802046BDE8E7
:101AC0001040FEF737BC002801D0FEF777BE704704
:101AD00010B5002102A000F005FB012010BD0000A0
:101AE000534947414252543A2041626E6F726D61D0
:101AF0006C207465726D696E6174696F6E000000B0
:101B000010B500F009FBBDE81040FFF7DCBF10B5D1
:101B100000F01CFBBDE81040FFF7D5BF0EB5CDE9C6
:101B2000000100F063FB029069460120ABBE0EBDD0
:101B300008B5694600900220ABBE08BD1FB58DE810
:101B4000070069460520ABBE04B010BD1FB58DE887
:101B50000F0069460620ABBEF6E708B5694600905F
:101B60000920ABBE08BD1CB5CDE9000169460A20BD
:101B7000ABBE1CBD704708B5694600900C20ABBEDB
:101B800008BD000010B500F005F8001D10BD00BF35
:101B9000F503010000487047440100202DE9F041A1
:101BA0001F46044603260168072A01F4006004DB8F
:101BB00008B116A505E016A503E008B115A500E0DB
:101BC00015A521F010002060A069C01EA0610FB112
:101BD000401EA0612046FEF74EFE4FB1D4E9012120
:101BE00038469047206A401C2062C01C206206E0F4
:101BF000206AFAE7D4E9012115F8010B9047761E17
:101C0000F8D22046FEF74DFEBDE8F0814E414E0071
:101C10006E616E00494E4600696E66002DE9F04720
:101C2000814616468AB0354878440DC88DE80D00C7
:101C300032487844801C03AC0DC884E80D0041F69E
:101C40009B300844372190FBF1F290FBF1F5A5F1B0
:101C5000800501FB12041B3C02D56442012000E018
:101C60000020DFF898A080460027FA44AAF1BE0AB7
:101C70000EE0E0070AD03246684607EB4701012331
:101C80000AEB81010FF0F1FF8DE8070064107F1C63
:101C9000002CEED1194F7F44AE3F19E0E80715D074
:101CA00007EB04100DF1180A90E80E008AE80E0008
:101CB000C068F04201D1981908903246012306A964
:101CC00003A80FF0D2FF03AB83E807006D10641C7C
:101CD000002DE3D14FF0010332466946B8F1000F01
:101CE00003A802D00FF0ACFF01E00FF0BEFFC9E97E
:101CF0000001C9F808200AB0BDE8F08750100100C3
:101D00002DE9F05F054617460C46C86820F4201000
:101D100040F48000C860800602D5084600F0C1F992
:101D2000E06841F282014FF0FF3A0140022903D0FE
:101D3000204600F053F9B9E000F42041B1F5004F1E
:101D40000FD1C00306D56168E06A884200D8084612
:101D5000606006E02069E06260606069FFF70BFF89
:101D6000A061A0680022EEB200280DDAE1688B05C0
:101D70000AD4C043A06041F490302260E060606803
:101D8000411C61600670AAE0E0689146226040F460
:101D90000050E060206978BB6069FFF7DEFE04F167
:101DA00024054FF00108A8B1A08910F4407F08D0A5
:101DB000E069FEF721FC206118B1E06840F40060A2
:101DC00017E0C4F81C802561E06820F4407040F4FE
:101DD00080600EE0E069FEF70FFC00282061F0D083
:101DE000E06840F4006010F4407FE06002D140F40D
:101DF0008070E06020696060E06825696FF0010B29
:101E0000C1051ED56168E06A884200D80846411BBA
:101E100004D02246284600F0EBF8E8BB1FB1E5628B
:101E2000C4E9015959E0681CE0626060E069401E45
:101E3000A060E06840F48030E06030462E70BDE87D
:101E4000F09F17B100F480320AE06068411C6160C5
:101E50000670E0680A2E40F48030E06006D0002270
:101E6000E16A6068814203D90B4602E00122F7E78C
:101E70000346B4F80CC05B1B5FEA4C5C04D4D4F896
:101E80001CC09C4500DD02B3814200D80146002BF6
:101E9000A1EB0008E56200E008E0C4E9015907DDB4
:101EA00022461946284600F0A3F808B15046C6E776
:101EB000B8F1000F09D0A169E5626560A1EB0800E7
:101EC000A061E06840F01000E06047B16168A0697F
:101ED000E562491B08446560A0615846AFE730469B
:101EE000ADE700002DE9F041044616460D4647696E
:101EF000007B80072ED03846FFF72FFE50BB3EB345
:101F0000012E02D0022E25D104E0204600F04DF92A
:101F100005441DE03846FFF72EFEE168002841F039
:101F20001001E16005DA204600F058F80120BDE814
:101F3000F081C9030BD56268E16A914200D811466D
:101F4000A26911442269891A814200DD08460544CC
:101F5000002D01DA0220EAE7E16A6068E268814266
:101F600006D29103E06203D522F4003141F0100261
:101F7000A6690027AE4213DCE16A814201D90B4613
:101F800000E0034603EB060C2369ACEB030CAC4505
:101F900006DD814201D98C4600E084469C4505D18E
:101FA000A760276042F02000A5620DE0AD1BE66946
:101FB000AE1B8142A66000D90846C01A281A2060CC
:101FC0005819606022F0200003490840E0600020BA
:101FD00084F84870ABE70000BFCFD7FFC16821F499
:101FE000001141F08001C1600021816001607047F3
:101FF0002DE9F74F15460C464FF0FF3B3848D768A0
:10200000D2F814A0074209D05046A969FFF7ABFDEA
:10201000002819DB3248C0430740EF604FF0004909
:102020006FF000484C4501D3464600E02646009933
:102030003B4650463246FFF781FDA96920F0004239
:10204000B21A1144A96128B12846FFF7C7FF5846C4
:10205000BDE8FE8FA41BE5D10020F9E770B504466A
:102060000569C06A6168884200D80846E16821F4C1
:102070002011E160C90312D5A84208D02246411BB5
:102080002846FFF7B5FF10B14FF0FF3070BD0020BC
:10209000E562C4E90150E06820F48030E06000208F
:1020A00070BD10B50446C06820F02000E060A16A51
:1020B000A06988420DD02046FFF7D0FFE06820F4E9
:1020C000405040F01000E060A06AA0612069E0622A
:1020D000606044F24001E0688843E06010BD0000A9
:1020E0001000020070B505460C460A2000E06D1C89
:1020F00000F054F835B128780028F8D102E0641CCB
:1021000000F04CF814B120780028F8D1BDE87040F8
:102110000A2000F043B8000010B5014602A0FFF706
:10212000E1FF012010BD000053494752545245447D
:102130003A2052656469726563743A2063616E2760
:1021400074206F70656E3A200000000010B5012801
:1021500005D0002103A0FFF7C5FF012010BD09A194
:10216000F8E7000053494752544D454D3A204F750A
:1021700074206F662068656170206D656D6F72797F
:10218000000000003A2048656170206D656D6F7237
:102190007920636F727275707465640008B5694662
:1021A0008DF800000320ABBE08BD10B50146C26823
:1021B000900703D0900607D5886A0AE000F076F809
:1021C00001210160881E10BD8B69486818440B69A5
:1021D000C01A91F848301BB191F84910401A10BD4F
:1021E0001103FCD50028FADD401E10BD10B5431CBC
:1021F00002E010F8011B71B18107FAD14FF00132F2
:1022000002C88C1A8C4314EAC211F9D0C01A0A060B
:1022100003D0C01E10BDC01A10BD0A0401D0801E1C
:1022200010BD0902FCD0401E10BD000000000000DF
:1022300030B44FF0013C50F8042B51F8043BCCFA79
:1022400052F4D51A20D1FCB950F8042B51F8043BB4
:10225000CCFA52F4D51A17D1B4B950F8042B51F86E
:10226000043BCCFA52F4D51A0ED16CB950F8042BB9
:1022700051F8043BCCFA52F4D51A05D1002CDAD02F
:1022800030BC4FF00000704729BAB1FA81F111F06B
:102290001801D1F120008440F2D1CA40CB4012F0A5
:1022A000FF0213F0FF0330BCD01A7047004870479C
:1022B0002401002080B582B0019040F2E060C2F2BB
:1022C0000000009008F0FEFC009808F07DFFFFE79A
:1022D00040F2E060C2F2000008F05CFF01200CF068
:1022E00003FCF5E7FFE7FEE780B541F28020C2F28C
:1022F000000000F057FC80BD80B541F28020C2F2A2
:10230000000000F04FFC80BD80B541F2A820C2F271
:10231000000000F047FC80BD80B541F2A820C2F269
:10232000000000F03FFC80BD80B541F2A820C2F261
:10233000000000F037FC80BD80B582B00190FFE75F
:1023400040F2E860C2F2000008F058FF01200CF0F3
:10235000CBFBF5E780B541F2F030C2F2000001F0AE
:102360008DF980BD80B541F23030C2F2000001F03D
:1023700085F980BD80B541F2D020C2F2000001F0A5
:102380007DF980BD80B541F29030C2F2000001F0CD
:1023900075F980BD80B541F21050C2F2000001F025
:1023A0006DF980BD80B541F25040C2F2000001F0ED
:1023B00065F980BD80B541F27050C2F2000001F0B5
:1023C0005DF980BD80B541F2B040C2F2000001F07D
:1023D00055F980BD82B001900198007810384AF616
:1023E000AB21CAF6AA21A0FB0110000900900099B8
:1023F00042F6C440C0F60100405C0199C8650098EF
:10240000042807D3FFE701990868042262F3090052
:10241000886506E00199086840F2FF3290438865BC
:10242000FFE70198806D02B07047000086B005900C
:1024300000208DF813000598806A03900598806944
:1024400010BBFFE70398029003281BD80299DFE82E
:1024500001F0020D0218059890F82F00C00720B176
:10246000FFE701208DF81300FFE70CE00598C06A34
:10247000B0F1C07F04D1FFE701208DF81300FFE722
:1024800001E000E0FFE745E005988069B0F5005FF6
:1024900025D1FFE70398019003281ED80199DFE8B2
:1024A00001F00206021101208DF8130016E00598D4
:1024B00090F82F00C00720B1FFE701208DF813002E
:1024C000FFE70BE00598C06AB0F1C07F04D1FFE7D9
:1024D00001208DF81300FFE700E0FFE719E0039803
:1024E0000090032804D3FFE70098032804D00EE0EF
:1024F00001208DF813000BE0059890F82F00C0071D
:1025000020B1FFE701208DF81300FFE700E0FFE7AF
:10251000FFE7FFE79DF8130006B0704784B0039013
:1025200002910192009303980168086820F48020CA
:1025300008600098039909684860039880684028FB
:1025400009D1FFE701980399096888600298039907
:102550000968C86008E002980399096888600198D2
:1025600003990968C860FFE704B07047704700002E
:1025700072B6FFE7FEE7000084B002900191029876
:1025800090F820008DF803009DF80300012805D085
:10259000FFE79DF8030002280AD1FFE7019A02989D
:1025A000016848691043486100208DF80F0008E079
:1025B0000299486A40F48020486201208DF80F009B
:1025C000FFE79DF80F0004B07047000088B0069048
:1025D000059104920393069890F820008DF8070067
:1025E00006980068806800900598806808B9FFE741
:1025F00000E0FFE79DF80700012806D0FFE79DF8FF
:102600000700022840F08080FFE79DF803004007A4
:1026100000280CD4FFE79DF803000007002806D42B
:10262000FFE79DF80300C006002864D5FFE7009887
:10263000C0F301600290029901208840039908606C
:102640000598806868B9FFE705980168C06840EAA6
:10265000415006990968029A01EB0211C1F8800104
:102660000EE005994A688868C96840EAC2000843D4
:1026700006990968029A01EB0211C1F88001FFE78F
:102680000598006906990968029A01EB0211C1F8E0
:1026900084010598007D01280CD1FFE706980068A9
:1026A000029900EB0111D1F8840140F48070C1F867
:1026B0008401FFE70498406806990968029A01EBD3
:1026C0000211C1F88C010498006806990968029A01
:1026D00001EB0211C1F8880106980068029900EB2D
:1026E0000111D1F8800140F00100C1F88001002003
:1026F0008DF81F0011E00699486A40F40010486206
:1027000001208DF81F0008E00699486A40F48020F7
:10271000486201208DF81F00FFE79DF81F0008B0F8
:102720007047000086B004900391049890F8200050
:102730008DF803009DF80300012806D0FFE79DF8FF
:102740000300022840F0B080FFE746F20040C4F2E8
:10275000000001900199D1F8000240F00100C1F899
:1027600000020199D1F8000220F47C50C1F8000267
:102770000398426A0199D1F8000240EA0220C1F8A8
:1027800000020398406900F01F0101208840029078
:10279000029A0199D1F81C029043C1F81C020398D7
:1027A000C069F0B9FFE7029A0199D1F80C02904391
:1027B000C1F80C02039A9088D168526940EA01403E
:1027C000019901EBC201C1F84002039A1088916897
:1027D000526940EA0140019901EBC201C1F844028B
:1027E000FFE70398C06901281ED1FFE7029A01990B
:1027F000D1F80C021043C1F80C02039A90881168BA
:10280000526940EA0140019901EBC201C1F840025E
:10281000039A90899168526940EA0140019901EB5D
:10282000C201C1F84402FFE70398806940B9FFE79D
:10283000029A0199D1F804029043C1F8040207E01A
:10284000029A0199D1F804021043C1F80402FFE78B
:102850000398006940B9FFE7029A0199D1F8140280
:102860009043C1F8140207E0029A0199D1F81402CA
:102870001043C1F81402FFE70398006A012808D149
:10288000FFE7029A0199D1F81C021043C1F81C021B
:10289000FFE70199D1F8000220F00100C1F8000221
:1028A00000208DF8170008E00499486A40F4802061
:1028B000486201208DF81700FFE79DF8170006B069
:1028C0007047000081B0009001B0704784B0039061
:1028D000029100200190039890F820008DF80300E9
:1028E0009DF80300012805D0FFE79DF803000228AA
:1028F00012D1FFE7029838B9FFE703980068C06873
:1029000000F00300019006E003980068006900F001
:1029100003000190FFE7FFE7019804B07047000053
:1029200086B00490039102920193049890F82000DD
:102930008DF803009DF80300012806D0FFE79DF8FD
:102940000300022840F0E880FFE7039880B9FFE722
:1029500004980068C068800748B9FFE70499486A8E
:1029600040F40010486201208DF81700DDE00FE010
:10297000049800680069800748B9FFE70499486A2D
:1029800040F40010486201208DF81700CDE0FFE709
:1029900004980068039900EB0110D0F8B00100F032
:1029A0000400029988600298806858B9FFE704988B
:1029B0000068039900EB0110D0F8B001400D0299B6
:1029C00008600AE004980068039900EB0110D0F851
:1029D000B001C00802994860FFE7049800680399B5
:1029E00000EB0110D0F8B00100F002000299C860BD
:1029F00004980068039900EB0110D0F8B40100F0CE
:102A00000F00082804D3FFE70299082008610BE0B3
:102A100004980068039900EB0110D0F8B40100F0AD
:102A20000F0002990861FFE704980068039900EB22
:102A30000110D0F8B40180B2000A029988610498AC
:102A40000068039900EB0110D0F8B401000C029962
:102A5000486104980068039900EB0110D0F8B801B0
:102A60000199087004980068039900EB0110D0F8F0
:102A7000B801000A0199487004980068039900EBB6
:102A80000110D0F8B801000C019988700498006812
:102A9000039900EB0110D0F8B801000E0199C8703D
:102AA00004980068039900EB0110D0F8BC0101996B
:102AB000087104980068039900EB0110D0F8BC017C
:102AC000000A0199487104980068039900EB01100D
:102AD000D0F8BC01000C0199887104980068039932
:102AE00000EB0110D0F8BC01000E0199C8710398E9
:102AF00038B9FFE704980168C86840F02000C86052
:102B000006E004980168086940F020000861FFE7CA
:102B100000208DF8170008E00499486A40F48020EE
:102B2000486201208DF81700FFE79DF8170006B0F6
:102B30007047000083B0029000200190029890F846
:102B400020008DF803009DF80300012805D0FFE761
:102B50009DF80300022822D1FFE7029800688068F0
:102B60004001002804D5FFE7019801300190FFE7FC
:102B70000298006880680001002804D5FFE70198EA
:102B800001300190FFE7029800688068C0000028CB
:102B900004D5FFE7019801300190FFE7FFE70198B6
:102BA00003B0704780B58AB009900020089009985A
:102BB0000068406907900998006840680690099885
:102BC00000688068059009980068C06804900998BA
:102BD00000680069039009980068806902909DF878
:102BE0001C00C007002800F09480FFE79DF8140047
:102BF000C00758B3FFE709980168012088609DF875
:102C000014008007002804D5FFE7099800F086FC2F
:102C10001BE09DF814004007002805D5FFE7089841
:102C200040F4006008900FE09DF8140000070028B1
:102C300005D5FFE7089840F48050089003E0099814
:102C400000F068FCFFE7FFE7FFE7FFE79DF81500EE
:102C5000C00760B3FFE7099801684FF4807088608F
:102C60009DF815008007002804D5FFE7099800F0BB
:102C70005DFC1BE09DF815004007002805D5FFE727
:102C8000089840F4005008900FE09DF815000007E8
:102C9000002805D5FFE7089840F48040089003E03D
:102CA000099800F03FFCFFE7FFE7FFE7FFE79DF82B
:102CB0001600C00760B3FFE7099801684FF4803041
:102CC00088609DF816008007002804D5FFE7099862
:102CD00000F034FC1BE09DF816004007002805D5E5
:102CE000FFE7089840F4004008900FE09DF81600B8
:102CF0000007002805D5FFE7089840F480300890C9
:102D000003E0099800F016FCFFE7FFE7FFE7FFE7A5
:102D1000FFE79DF81C000007002810D5FFE79DF88D
:102D20001000C006002809D5FFE7089840F400709D
:102D30000890099801681020C860FFE7FFE79DF838
:102D40001C00400700280FD5FFE79DF81000000782
:102D5000002808D5FFE7099801680820C86009988D
:102D600000F0EAFAFFE7FFE79DF81C008007002863
:102D70000BD5FFE709980068C068800720B1FFE71E
:102D8000099800F0DDFAFFE7FFE79DF81C00400618
:102D9000002810D5FFE79DF80C00C006002809D5D3
:102DA000FFE7089840F480600890099801681020B7
:102DB0000861FFE7FFE79DF81C00800600280FD59B
:102DC000FFE79DF80C000007002808D5FFE70998E9
:102DD000016808200861099800F004FBFFE7FFE79D
:102DE0009DF81C00C00600280BD5FFE70998006875
:102DF0000069800720B1FFE7099800F0F7FAFFE7C4
:102E0000FFE79DF81E00800700280FD5FFE79DF81B
:102E10001800C006002808D5FFE7099801681020AF
:102E20004860099800F02CFBFFE7FFE79DF81E00C3
:102E3000C00778B1FFE79DF818000007002808D503
:102E4000FFE70998016808204860099800F07AFBBC
:102E5000FFE7FFE79DF81D000006002840F18D8088
:102E6000FFE79DF818004007002840F18180FFE748
:102E70009DF81D00C00750B1FFE79DF80800C0078E
:102E800028B1FFE7089840F001000890FFE79DF89F
:102E90001D00800700280BD5FFE79DF8080080077C
:102EA000002805D5FFE7089840F002000890FFE7EA
:102EB0009DF81D00400700280BD5FFE79DF808008E
:102EC0004007002805D5FFE7089840F00400089067
:102ED000FFE79DF81D000007002848D5FFE79DF893
:102EE000080010F0700F42D0FFE7029800F0700069
:102EF00001460191102814D0FFE70198202815D031
:102F0000FFE70198302816D0FFE70198402817D036
:102F1000FFE70198502818D0FFE70198602819D0E2
:102F20001DE0089840F00800089019E0089840F06B
:102F30001000089014E0089840F0200008900FE07E
:102F4000089840F0400008900AE0089840F080009F
:102F5000089005E0089840F48070089000E0FFE7D2
:102F600009980168886920F070008861FFE7FFE731
:102F70000998016804204860FFE7089848B1FFE716
:102F8000089A0999486A104348620998FFF79AFC21
:102F9000FFE70AB080BD000080B584B002900298BF
:102FA00020B9FFE701208DF80F00E0E0029890F8CB
:102FB000200020B9FFE7029800F0DEF8FFE7029852
:102FC0000168086840F00100086000F0F9FF019016
:102FD000FFE7029800684068C007A8B9FFE700F063
:102FE000EFFF0199401A0B280DD3FFE70299486AB9
:102FF00040F4003048620299052081F82000012049
:103000008DF80F00B3E0E4E702980168086820F04B
:103010000200086000F0D4FF0190FFE7029800680A
:1030200040688007002815D5FFE700F0C9FF019927
:10303000401A0B280DD3FFE70299486A40F400308C
:1030400048620299052081F8200001208DF80F00C8
:103050008DE0E3E70298007E012807D1FFE70298A0
:103060000168086840F08000086006E00298016886
:10307000086820F080000860FFE70298407E012881
:1030800007D1FFE702980168086840F04000086037
:1030900006E002980168086820F040000860FFE739
:1030A0000298807E012807D1FFE70298016808682E
:1030B00040F02000086006E002980168086820F0EF
:1030C00020000860FFE70298C07E012807D1FFE7D3
:1030D00002980168086820F01000086006E0029875
:1030E0000168086840F010000860FFE70298007F60
:1030F000012807D1FFE702980168086840F008003E
:10310000086006E002980168086820F0080008607E
:10311000FFE70298407F012807D1FFE70298016886
:10312000086840F00400086006E00298016808683A
:1031300020F004000860FFE7029B19685A6898684D
:10314000D3F80CC040EA0C00D3F810C040EA0C00E1
:103150005B691843013A1043C86102990020486234
:10316000029A012182F820108DF80F00FFE79DF8E8
:103170000F0004B080BD000080B594B01390002013
:103180001290119010900F900E901398006846F2D4
:103190000041C4F20001884253D1FFE740F2E01041
:1031A000C2F200000168013101600068012812D1FB
:1031B000FFE7FFE700200D9043F64000C4F2020055
:1031C000016841F000710160006800F000700D902E
:1031D0000D98FFE7FFE7FFE700200C9043F6300073
:1031E000C4F20200016841F008010160006800F0CB
:1031F00008000C900C98FFE703200E9002210F911D
:1032000000210791109111900920129040F6004082
:10321000C4F202000EA900F0DBFC079A132005900F
:103220000521069100F0AAFF059800F09DFF069980
:10323000079A1420089000F0A1FF089800F094FF6E
:1032400078E01398006846F60001C4F20001884255
:103250006FD1FFE7FFE700200B9043F64000C4F278
:103260000200016841F080610160006800F0806048
:103270000B900B98FFE740F2E010C2F200000168EB
:10328000013101600068012812D1FFE7FFE700204B
:103290000A9043F64000C4F20200016841F0007158
:1032A0000160006800F000700A900A98FFE7FFE7ED
:1032B000FFE70020099043F63000C4F202000168E5
:1032C00041F002010160006800F0020009900998D5
:1032D000FFE74FF440500E9002200F900020039023
:1032E0001090032011900920129040F20040C4F287
:1032F00002000EA900F06CFC039A3F20009005210B
:10330000029100F03BFF009800F02EFF0299039A13
:103310004020019000F032FF019800F025FF029953
:10332000039A4120049000F029FF049800F01CFF4C
:10333000FFE7FFE714B080BD81B0009001B0704797
:1033400080B58AB0099040F2B050C2F20000007817
:10335000BFF35F8FC007D0B9FFE740F2B050C2F2B1
:1033600000000CF04EFD90B1FFE706F0EFF90168A8
:103370008A680021904740F24071C2F20001086063
:1033800040F2B050C2F200000CF051FDFFE7099886
:10339000029040F24070C2F2000000680168896942
:1033A000884701460298884219D1FFE740F24070F1
:1033B000C2F20000006801684A6903A901919047C0
:1033C000019940F2E810C2F2000005F021FC0199D9
:1033D00040F29830C2F2000005F05EF9FFE70AB053
:1033E00080BD000081B0009001B0704780B58AB008
:1033F000099040F2B450C2F200000078BFF35F8F32
:10340000C007D0B9FFE740F2B450C2F200000CF0A0
:10341000F8FC90B1FFE706F099F901688A6801218C
:10342000904740F24471C2F20001086040F2B4508B
:10343000C2F200000CF0FBFCFFE70998029040F29A
:103440004470C2F20000006801688969884701463B
:103450000298884212D1FFE740F24470C2F20000A5
:10346000006801684A6903A901919047019940F2F7
:103470008040C2F2000004F0B7FCFFE70AB080BD54
:1034800081B0009001B0704780B584B0029002987E
:1034900090F8200001282FD1FFE70299022081F83F
:1034A000200002980168086820F00100086000F020
:1034B00087FD0190FFE7029800684068C007A8B147
:1034C000FFE700F07DFD0199401A0B280DD3FFE7BF
:1034D0000299486A40F4003048620299052081F858
:1034E000200001208DF80F000FE0E4E70299002092
:1034F00048628DF80F0008E00299486A40F4002005
:10350000486201208DF80F00FFE79DF80F0004B01E
:1035100080BD000081B0009001B0704781B0009084
:1035200001B0704781B0009001B0704781B0009049
:1035300001B0704781B0009001B0704781B0009039
:1035400001B0704781B0009001B0704780B584B081
:1035500002900298806D019000F032FD0090029878
:1035600090F8350002280DD0FFE7029980204865C9
:10357000FFE70299002081F83400FFE701208DF871
:103580000F0055E002980168086820F016000860F6
:1035900002980168486920F0800048610298006C38
:1035A00020B9FFE70298806C38B1FFE70298016804
:1035B000086820F008000860FFE7029801680868C2
:1035C00020F001000860FFE7029800680068C0076B
:1035D000C8B1FFE700F0F4FC0099401A062811D3A7
:1035E000FFE70299202048650299032081F8350001
:1035F000FFE70299002081F83400FFE703208DF8EF
:103600000F0015E0E0E70298C16D3F208840019966
:1036100088600299012081F83500FFE702990020B7
:1036200081F83400FFE7FFE700208DF80F00FFE787
:103630009DF80F0004B080BD82B00090009890F813
:103640003500022807D0FFE7009980204865012057
:103650008DF807000EE00099052081F835000098EC
:103660000168086820F001000860FFE700208DF87D
:103670000700FFE79DF8070002B0704780B586B0ED
:1036800005900020039040F21400C2F20000006890
:1036900048F2B511C1F64E31A0FB0110800A02902C
:1036A0000598806D01900198006804900498059930
:1036B000C96DC840000700281AD5FFE705980068C3
:1036C00000684007002812D5FFE7059801680868E0
:1036D00020F0040008600598C16D08208840019919
:1036E00088600599486D40F001004865FFE7FFE7F5
:1036F00004980599C96DC840C007A0B1FFE70598B7
:1037000000684069000600280CD5FFE70598C16DE8
:1037100001208840019988600599486D40F00200B9
:103720004865FFE7FFE704980599C96DC840400761
:10373000002814D5FFE70598006800688007002876
:103740000CD5FFE70598C16D042088400199886079
:103750000599486D40F004004865FFE7FFE70498CD
:103760000599C96DC840C006002847D5FFE70598F0
:1037700000680068000700283FD5FFE70598C16D85
:10378000102088400199886005980068006840030F
:1037900000281AD5FFE70598006800680003002894
:1037A00009D4FFE70598006C20B1FFE70598016C8C
:1037B0008847FFE708E00598806C20B1FFE705988F
:1037C000816C8847FFE7FFE716E00598006800680E
:1037D000C005002807D4FFE705980168086820F0B5
:1037E00008000860FFE70598006C20B1FFE7059826
:1037F000016C8847FFE7FFE7FFE7FFE704980599BB
:10380000C96DC8408006002840F18D80FFE705980B
:1038100000680068C006002840F18480FFE7059832
:10382000C16D2020884001998860059890F8350086
:10383000052834D1FFE705980168086820F01600D4
:10384000086005980168486920F080004861059883
:10385000006C20B9FFE70598806C38B1FFE7059848
:103860000168086820F008000860FFE70598C16D4E
:103870003F208840019988600599012081F8350032
:10388000FFE70599002081F83400FFE70598006DF7
:1038900020B1FFE70598016D8847FFE77BE00598B9
:1038A00000680068400300281AD5FFE70598006803
:1038B00000680003002809D4FFE70598406C20B198
:1038C000FFE70598416C8847FFE708E00598C06B63
:1038D00020B1FFE70598C16B8847FFE7FFE720E0CD
:1038E000059800680068C005002811D4FFE7059816
:1038F0000168086820F0100008600599012081F82F
:103900003500FFE70599002081F83400FFE7FFE765
:103910000598C06B20B1FFE70598C16B8847FFE7AA
:10392000FFE7FFE7FFE70598406DA0B3FFE70598C5
:10393000406DC00730B3FFE70599052081F83500D9
:1039400005980168086820F001000860FFE7039807
:10395000013003900299884201D9FFE707E0FFE7B1
:10396000059800680068C0070028F0D1FFE70599B6
:10397000012081F83500FFE70599002081F8340027
:10398000FFE7FFE70598C06C20B1FFE70598C16C21
:103990008847FFE7FFE706B080BD000080B586B02E
:1039A00004900020039000F00BFB0290049820B9D3
:1039B000FFE701208DF81700A3E00498406A08B1E2
:1039C000FFE7FFE70499022081F83500FFE704993B
:1039D000002081F83400FFE704980168086820F0AF
:1039E00001000860FFE7049800680068C00790B114
:1039F000FFE700F0E5FA0299401A06280AD3FFE72C
:103A00000499202048650499032081F835008DF839
:103A1000170076E0E7E704980068006803900398D1
:103A200048F23F01CFF21001084003900499009141
:103A30004868D1F808C0CB680A6940EA0C0018430E
:103A400010434A6910438A691043CA691043096ADE
:103A500001430398084303900498406A042808D15E
:103A6000FFE70499C86A096B014303980843039070
:103A7000FFE70398049909680860049800684069A2
:103A80000390039820F0070003900498416A03987C
:103A9000084303900498406A04281AD1FFE7049869
:103AA000816A0398084303900498C06A80B1FFE7D5
:103AB0000498FEF7BBFC50B1FFE70499402048652D
:103AC0000499012081F835008DF8170019E0FFE70F
:103AD000FFE703980499096848610498FEF77AFCA7
:103AE00001900498C16D3F20884001998860049935
:103AF00000204865049A012182F835108DF81700DE
:103B0000FFE79DF8170006B080BD000080B588B0C3
:103B1000069005910492039300208DF80B000698FF
:103B2000806D0190FFE7069890F83400012804D1D9
:103B3000FFE702208DF81F0045E00699012081F87B
:103B40003400FFE7FFE7069890F8350001282BD1F5
:103B5000FFE70699022081F83500069900204865A4
:103B600006980599049A039BFEF7D8FC0698C16D48
:103B70003F2088400199886006980168086840F0F5
:103B8000160008600698006C38B1FFE706980168D7
:103B9000086840F008000860FFE7069801680868B8
:103BA00040F00100086009E0FFE70699002081F875
:103BB0003400FFE702208DF80B00FFE79DF80B00B3
:103BC0008DF81F00FFE79DF81F0008B080BD0000C2
:103BD00090B00F900E9100200C900B900A900D90D9
:103BE000FFE70D980F2800F2E881FFE70D9901200B
:103BF00088400C900E9800680C9908400B900B9828
:103C00000C99884240F0D481FFE70E98406800F09C
:103C10000300012807D0FFE70E98406800F003007A
:103C200002282FD1FFE70F9880680A900D98410075
:103C3000032000FA01F10A9888430A900E98C068A0
:103C40000D99490000FA01F10A9808430A900A9870
:103C50000F9988600F9840680A900D99012000FA2A
:103C600001F10A9888430A900E984068C0F300104A
:103C70000D9900FA01F10A9808430A900A980F99E1
:103C80004860FFE70E98406800F00300032818D052
:103C9000FFE70F98C0680A900D984100032000FAD2
:103CA00001F10A9888430A900E9880680D9949009E
:103CB00000FA01F10A9808430A900A980F99C8601F
:103CC000FFE70E98406800F00300022826D1FFE7C6
:103CD0000F980D996FF0030202EA51010844006A3F
:103CE0000A900D9800F0070081000F2000FA01F102
:103CF0000A9888430A900E9800690D9901F007010F
:103D0000890000FA01F10A9808430A900A980F996D
:103D10000D9B02EA530211440862FFE70F98006806
:103D20000A900D984100032000FA01F10A98884397
:103D30000A900E98406800F003000D99490000FABF
:103D400001F10A9808430A900A980F9908600E98A2
:103D500080798007002800F02A81FFE7FFE7002034
:103D6000099043F64400C4F20200016841F4804126
:103D70000160006800F4804009900998FFE70D9801
:103D800020F0030043F60801C4F2010140580A90F4
:103D90000D9800F0030081000F2000FA01F10A984D
:103DA00088430A900F980021C4F20201884203D18F
:103DB000FFE7002008907AE00F9840F20041C4F23B
:103DC0000201884203D1FFE7012007906CE00F98C1
:103DD00040F60001C4F20201884203D1FFE702204D
:103DE00006905EE00F9840F60041C4F2020188425E
:103DF00003D1FFE70320059050E00F9841F2000146
:103E0000C4F20201884203D1FFE70420049042E09B
:103E10000F9841F20041C4F20201884203D1FFE74A
:103E20000520039034E00F9841F60001C4F202012E
:103E3000884203D1FFE70620029026E00F9841F662
:103E40000041C4F20201884203D1FFE7072001903C
:103E500018E00F9842F20001C4F20201884203D137
:103E6000FFE7082000900AE00F9942F20042C4F2F6
:103E700002020A20914208BF09200090FFE7009843
:103E80000190FFE701980290FFE702980390FFE797
:103E900003980490FFE704980590FFE705980690C3
:103EA000FFE706980790FFE707980890FFE7089854
:103EB000C0B20D9901F00301890000FA01F10A98DE
:103EC00008430A900A980D9921F0030143F608026D
:103ED000C4F20102885043F60840C4F201000068B1
:103EE0000A900B990A9888430A900E988079C00628
:103EF000002805D5FFE70B990A9808430A90FFE7C9
:103F00000A9843F60841C4F20101086043F60C40E8
:103F1000C4F2010000680A900B990A9888430A903D
:103F20000E9880798006002805D5FFE70B990A983E
:103F300008430A90FFE70A9843F60C41C4F20101D6
:103F4000086043F60440C4F2010000680A900B992F
:103F50000A9888430A900E9880798007002805D532
:103F6000FFE70B990A9808430A90FFE70A9843F67F
:103F70000441C4F20101086043F60040C4F20100AC
:103F800000680A900B990A9888430A900E988079E5
:103F9000C00728B1FFE70B990A9808430A90FFE78A
:103FA0000A9843F60041C4F201010860FFE7FFE709
:103FB000FFE70D9801300D9013E610B07047000038
:103FC00045F6B020C2F200000068704740F21800C9
:103FD000C2F20000027845F6B021C2F20001086882
:103FE000104408607047000080B543F60041C4F2F9
:103FF0000201086840F400700860086840F48060BE
:104000000860086840F480700860032000F0D0F871
:104010000F2000F005F800F07BF8002080BD0000C4
:1040200080B58CB00B90002004900390FFE7002037
:10403000009043F64000C4F20200016841F0040120
:104040000160006800F0040000900098FFE706A8F7
:1040500002A900F047FA09980490049820B9FFE7F4
:1040600000F070FA059004E000F06CFA4000059052
:10407000FFE705984DF68361C4F21B31A0FB0101F7
:104080004FF0FF3000EB9140039041F2D450C2F268
:10409000000040F60001C4F20001016040F2E73187
:1040A000C16003994160002101618160816100F07C
:1040B00049FE8DF807009DF8070028BBFFE741F295
:1040C000D450C2F2000000F08FFE8DF807009DF87A
:1040D0000700C0B9FFE71E2000F046F80B980F2834
:1040E0000CD8FFE70B991E20002200F047F80B9830
:1040F00040F21C01C2F20001086003E001208DF8CB
:104100000700FFE7FFE7FFE79DF807000CB080BD61
:1041100080B582B0FFE70020019043F64400C4F26E
:104120000200016841F480410160006800F48040B1
:1041300001900198FFE7FFE70020009043F6400060
:10414000C4F20200016841F080510160006800F093
:10415000805000900098FFE76FF001000F210022CF
:1041600000F00CF802B080BD80B582B08DF8070079
:104170009DF907000AF096FA02B080BD80B586B0BE
:104180008DF8170004910392002002900AF0A2FA21
:1041900002909DF91700019002980499039A02F089
:1041A0004DFA014601980AF09DFA06B080BD000064
:1041B00080B582B0019001980AF0D8FA02B080BDB3
:1041C00080B584B000200290FFE70020019043F604
:1041D0004000C4F20200016841F0805101600068B3
:1041E00000F0805001900198FFE74021C4F20E21B9
:1041F00001200860FFF7E4FE0290FFE747F20400A9
:10420000C4F20000006800F48030B0F5803F0DD0AB
:10421000FFE7FFF7D5FE0299401AB0F57A7F04D97F
:10422000FFE703208DF80F0025E0E7E74421C4F203
:104230000E2101200860FFF7C3FE0290FFE747F25E
:104240000400C4F20000006800F40030B0F5003F44
:104250000DD0FFE7FFF7B4FE0299401AB0F57A7F60
:1042600004D9FFE703208DF80F0004E0E7E7002002
:104270008DF80F00FFE79DF80F0004B080BD00002F
:1042800080B584B002900191029820B9FFE7012027
:104290008DF80F0021E1019843F60041C4F20201BC
:1042A000096801F00F01884212D9FFE7019943F62E
:1042B0000040C4F202000170006800F00F00019994
:1042C000884204D0FFE701208DF80F0005E1FFE7E9
:1042D00002980078800700282AD5FFE70298007826
:1042E0004007002809D5FFE743F60801C4F20201A0
:1042F000086840F4E0500860FFE702980078000783
:10430000002809D5FFE743F60801C4F20201086856
:1043100040F460400860FFE743F60801C4F2020180
:10432000086820F0F000029A926810430860FFE7E6
:1043300002980078C00700286ED0FFE70298406816
:10434000012811D1FFE743F60000C4F20200006823
:1043500000F400310020B0EB514F04D1FFE7012001
:104360008DF80F00B9E02CE002984068022805D0D3
:10437000FFE702984068032811D1FFE743F60000E9
:10438000C4F20200006800F000710020B0EB516F31
:1043900004D1FFE701208DF80F009EE010E043F606
:1043A0000000C4F20200006800F002010020B0EB3F
:1043B000510F04D1FFE701208DF80F008DE0FFE7DA
:1043C000FFE743F60801C4F20201086820F0030089
:1043D000029A526810430860FFF7F2FD0090FFE771
:1043E00043F60800C4F20200006800F00C000299D5
:1043F0004968B0EB810F0ED0FFE7FFF7E1FD0099B0
:10440000401A41F28931884204D3FFE703208DF836
:104410000F0062E0E4E7FFE7019843F60041C4F2D1
:104420000201096801F00F01884212D2FFE70199E9
:1044300043F60040C4F202000170006800F00F0073
:104440000199884204D0FFE701208DF80F0044E075
:10445000FFE702980078400700280CD5FFE743F6F5
:104460000801C4F20201086820F4E050029AD26800
:1044700010430860FFE702980078000700280DD578
:10448000FFE743F60801C4F20201086820F4604027
:10449000029A126940EAC2000860FFE700F076F86D
:1044A00043F60801C4F202010968C9B20A0942F6DA
:1044B000AC41C0F60101895CC84040F21401C2F26F
:1044C0000001086040F21C00C2F200000068FFF723
:1044D000A7FD00208DF80F00FFE79DF80F0004B046
:1044E00080BD000082B00190009101990F2008600A
:1044F00043F60800C4F20200016801F00301019ACA
:104500005160016801F0F001019A9160016801F4C5
:10451000E051019AD160006800F46040C008019940
:10452000086143F60040C4F20200006800F00F008A
:104530000099086002B0704740F21400C2F2000017
:104540000068704780B5FFF7F7FF43F60801C4F233
:1045500002010968C1F3822242F6BC41C0F60101A2
:10456000895CC84080BD000080B5FFF7E5FF43F6D9
:104570000801C4F20201096889B24A0B42F6BC4143
:10458000C0F60101895CC84080BD000080B586B0DE
:104590000020059004900390029043F60800C4F2B6
:1045A0000200006800F00C000146019140B1FFE7F5
:1045B000019804280AD0FFE7019808280CD04FE0A2
:1045C00042F20040C0F2F40002904FE041F60030A9
:1045D000C0F2B700029049E043F60400C4F20200C2
:1045E000016801F03F01059100684002002813D5E1
:1045F000FFE743F60400C4F202000068C0F388102D
:1046000041F60031C0F2B701A0FB0101059A002379
:10461000FBF7B6FE049012E043F60400C4F2020079
:104620000068C0F3881042F20041C0F2F401A0FB20
:104630000101059A0023FBF7A3FE0490FFE743F670
:104640000400C4F20200006800F44031022000EBD4
:10465000D130039004980399B0FBF1F0029005E08B
:1046600042F20040C0F2F4000290FFE7029806B068
:1046700080BD000080B586B00490049820B9FFE7A3
:1046800001208DF8170050E304980078C007002837
:1046900000F0A580FFE743F60800C4F202000068BE
:1046A00000F00C00042813D0FFE743F60800C4F222
:1046B0000200006800F00C0008281ED1FFE743F656
:1046C0000400C4F2020000684002002815D5FFE78C
:1046D00043F60000C4F20200006800F4003100203C
:1046E000B0EB514F08D0FFE70498406820B9FFE7CE
:1046F00001208DF8170018E370E0FFE70498406888
:10470000B0F5803F09D1FFE743F60001C4F2020192
:10471000086840F48030086020E004984068B0F5F4
:10472000A02F0DD1FFE743F60001C4F20201086893
:1047300040F480200860086840F4803008600CE095
:1047400043F60001C4F20201086820F480300860DA
:10475000086820F480200860FFE7FFE7FFE704987F
:104760004068E8B1FFE7FFF72BFC0390FFE743F653
:104770000000C4F20200006800F400310020B0EB39
:10478000514F0CD1FFE7FFF71BFC0399401A652836
:1047900004D3FFE703208DF81700C6E2E7E71CE02B
:1047A000FFF70EFC0390FFE743F60000C4F202009F
:1047B000006800F400310020B0EB514F0CD0FFE74F
:1047C000FFF7FEFB0399401A652804D3FFE7032097
:1047D0008DF81700A9E2E7E7FFE7FFE7FFE7049896
:1047E00000788007002840F19680FFE743F6080034
:1047F000C4F20200006810F00C0F13D0FFE743F67C
:104800000800C4F20200006800F00C0008282CD157
:10481000FFE743F60400C4F20200006840020028EB
:1048200023D4FFE743F60000C4F20200006800F062
:1048300002010020B0EB510F09D0FFE70498C068D7
:10484000012804D0FFE701208DF817006DE243F640
:104850000001C4F20201086820F0F800049A12690D
:1048600040EAC2000860FFE754E00498C06870B3F3
:10487000FFE70021C4F2472101200860FFF7A0FBF9
:104880000390FFE743F60000C4F20200006800F066
:1048900002010020B0EB510F0CD1FFE7FFF790FBB6
:1048A0000399401A032804D3FFE703208DF817006B
:1048B0003BE2E7E743F60001C4F20201086820F09A
:1048C000F800049A126940EAC200086021E0002161
:1048D000C4F2472100200860FFF772FB0390FFE756
:1048E00043F60000C4F20200006800F0020100205C
:1048F000B0EB510F0CD0FFE7FFF762FB0399401AB2
:10490000032804D3FFE703208DF817000DE2E7E743
:10491000FFE7FFE7FFE704980078000700284BD582
:10492000FFE70498406918B3FFE740F68061C4F2DE
:10493000472101200860FFF743FB0390FFE743F6A0
:104940007400C4F20200006800F002010020B0EB25
:10495000510F0CD1FFE7FFF733FB0399401A0328EF
:1049600004D3FFE703208DF81700DEE1E7E722E03C
:1049700040F68061C4F2472100200860FFF720FB69
:104980000390FFE743F67400C4F20200006800F0F1
:1049900002010020B0EB510F0CD0FFE7FFF710FB36
:1049A0000399401A032804D3FFE703208DF817006A
:1049B000BBE1E7E7FFE7FFE704980078400700283E
:1049C00040F1CE80FFE700208DF8070043F640005D
:1049D000C4F202000068C000002815D4FFE7FFE71A
:1049E0000020009043F64000C4F20200016841F04C
:1049F00080510160006800F0805000900098FFE74F
:104A000001208DF80700FFE747F20000C4F2000024
:104A10000068C005002822D4FFE747F20001C4F275
:104A20000001086840F480700860FFF7C9FA03903D
:104A3000FFE747F20000C4F200000068C00500284C
:104A40000CD4FFE7FFF7BCFA0399401A032804D3FC
:104A5000FFE703208DF8170067E1EAE7FFE7FFE7CC
:104A600004988068012809D1FFE743F67001C4F279
:104A70000201086840F0010008601FE004988068A7
:104A800005280DD1FFE743F67001C4F20201086862
:104A900040F004000860086840F0010008600CE085
:104AA00043F67001C4F20201086820F001000860BA
:104AB000086820F004000860FFE7FFE7FFE70498BC
:104AC0008068F8B1FFE7FFF77BFA0390FFE743F652
:104AD0007000C4F20200006800F002010020B0EB98
:104AE000510F0ED1FFE7FFF76BFA0399401A41F21D
:104AF0008931884204D3FFE703208DF8170014E1C1
:104B0000E5E71EE0FFF75CFA0390FFE743F670006D
:104B1000C4F20200006800F002010020B0EB510F67
:104B20000ED0FFE7FFF74CFA0399401A41F28931A2
:104B3000884204D3FFE703208DF81700F5E0E5E78E
:104B4000FFE79DF80700012809D1FFE743F6400180
:104B5000C4F20201086820F080500860FFE7FFE718
:104B600004988069002800F0DC80FFE743F6080025
:104B7000C4F20200006800F00C00082800F08580F4
:104B8000FFE70498806902285CD1FFE76021C4F246
:104B9000472100200860FFF713FA0390FFE743F670
:104BA0000000C4F20200006800F000710020B0EBC9
:104BB000516F0CD0FFE7FFF703FA0399401A03285F
:104BC00004D3FFE703208DF81700AEE0E7E7049970
:104BD000C869D1F820C04B6A8A6A40EA0C0040EAF2
:104BE0008310D2034FF6FF739A43A2F5803210432D
:104BF000C96A40EA016043F60401C4F20201086098
:104C00006021C4F2472101200860FFF7D9F9039021
:104C1000FFE743F60000C4F20200006800F00071F4
:104C20000020B0EB516F0CD1FFE7FFF7C9F90399F2
:104C3000401A032804D3FFE703208DF8170074E01F
:104C4000E7E721E06021C4F2472100200860FFF778
:104C5000B7F90390FFE743F60000C4F202000068D2
:104C600000F000710020B0EB516F0CD0FFE7FFF7B0
:104C7000A7F90399401A032804D3FFE703208DF80E
:104C8000170052E0E7E7FFE74AE00498806901284F
:104C900004D1FFE701208DF8170046E043F6040039
:104CA000C4F202000068029004988069012831D0A3
:104CB000FFE7029800F480000499C969884229D16D
:104CC000FFE7029800F03F000499096A884221D169
:104CD000FFE7029847F6C07108400499496AB0EBB3
:104CE000811F17D1FFE7029800F440300499896AC8
:104CF000C9034FF6FF729143A1F58031884209D173
:104D0000FFE7029800F070600499C96AB0EB016F88
:104D100004D0FFE701208DF8170006E0FFE7FFE76A
:104D2000FFE700208DF81700FFE79DF8170006B099
:104D300080BD000081B0009001B0704781B000904C
:104D400001B0704780B582B00090009820B9FFE7AD
:104D500001208DF807003FE0009890F83D0040B931
:104D6000FFE70099002081F83C00009800F038F837
:104D7000FFE70099022081F83D00009951F8040BEB
:104D800001F090FD0099012081F84600FFE70099AD
:104D9000012081F83E00009981F83F00009981F8D8
:104DA0004000009981F84100FFE7FFE700990120EA
:104DB00081F84200009981F84300009981F844008D
:104DC000009981F84500FFE70099012081F83D0036
:104DD00000208DF80700FFE79DF8070002B080BDB6
:104DE00081B0009001B0704783B00190019890F8B5
:104DF0003D00012804D0FFE701208DF80B006AE098
:104E00000199022081F83D0001980168C86840F0CE
:104E10000100C860019800680021C4F201018842C5
:104E20003CD0FFE701980068B0F1804F36D0FFE733
:104E30000198006840F20041C4F2000188422DD080
:104E4000FFE70198006840F60001C4F200018842C3
:104E500024D0FFE70198006840F60041C4F2000149
:104E600088421BD0FFE70198006840F20041C4F27D
:104E70000101884212D0FFE70198006844F2000166
:104E8000C4F20101884209D0FFE70198006841F6A9
:104E90000001C4F20001884212D1FFE701980068C6
:104EA000806800F0070000900098062807D0FFE710
:104EB00001980168086840F001000860FFE706E01B
:104EC00001980168086840F001000860FFE70020D1
:104ED0008DF80B00FFE79DF80B0003B07047000052
:104EE00081B0009001B0704780B584B00390039802
:104EF0000068C068029003980068006901909DF8FE
:104F000004008007002824D5FFE79DF808008007EB
:104F100000281DD5FFE7039801686FF002000861C3
:104F2000039901200877039800688069800720B101
:104F3000FFE70398FFF7D4FF06E0039800F0E2F8DC
:104F4000039800F0E3F8FFE7039900200877FFE7F4
:104F5000FFE79DF804004007002825D5FFE79DF8EE
:104F60000800400700281ED5FFE7039801686FF08E
:104F7000040008610399022008770398006880699B
:104F800010F4407F04D0FFE70398FFF7A9FF06E085
:104F9000039800F0B7F8039800F0B8F8FFE703991A
:104FA00000200877FFE7FFE79DF8040000070028CE
:104FB00024D5FFE79DF80800000700281DD5FFE76E
:104FC000039801686FF008000861039904200877CE
:104FD00003980068C069800720B1FFE70398FFF7D6
:104FE0007FFF06E0039800F08DF8039800F08EF83C
:104FF000FFE7039900200877FFE7FFE79DF804002B
:10500000C006002825D5FFE79DF80800C006002847
:105010001ED5FFE7039801686FF01000086103993F
:105020000820087703980068C06910F4407F04D016
:10503000FFE70398FFF754FF06E0039800F062F8DB
:10504000039800F063F8FFE7039900200877FFE773
:10505000FFE79DF80400C00778B1FFE79DF808005E
:10506000C00748B1FFE7039801686FF001000861CD
:10507000039800F04FF8FFE7FFE79DF804000006F3
:10508000002810D5FFE79DF808000006002809D584
:10509000FFE7039801686FF0800008610398FFF74D
:1050A00049FEFFE7FFE79DF804004006002810D501
:1050B000FFE79DF808004006002809D5FFE70398A0
:1050C00001686FF040000861039800F035F8FFE7D1
:1050D000FFE79DF804008006002810D5FFE79DF843
:1050E00008008006002809D5FFE7039801686FF0E3
:1050F000200008610398FFF721FEFFE7FFE704B0F7
:1051000080BD000081B0009001B0704781B0009078
:1051100001B0704780B582B001900198006840F6F8
:105120000001C4F20001884203D1FFE7FEF74EFF01
:10513000FFE702B080BD000081B0009001B0704771
:1051400080B586B004900391ADF80A20049890F8D9
:105150004200202848D1FFE7039820B1FFE7BDF8BF
:105160000A0020B9FFE701208DF8170040E00499FC
:105170000120086304990020486304980399BDF84E
:105180000A2001F067FF8DF809000498006B0128E0
:1051900021D1FFE7FFE70020019004980068006834
:1051A000019004980068406801900198FFE7FFE7CC
:1051B000FFE70498006850E8030F40F010000090EB
:1051C000FFE700990498026842E803100028F0D134
:1051D000FFE7FFE703E001208DF80900FFE79DF8F6
:1051E00009008DF8170003E002208DF81700FFE793
:1051F0009DF8170006B080BD80B588B00790ADF867
:105200001A100798006841F20001C4F201018842B7
:105210002CD1FFE742F69441C0F6010108684968C5
:105220000591049004F00CFF01688A680021904702
:1052300003900798029003980168896B884701469C
:105240000298884211D1FFE7039801688A6A04A98D
:1052500001919047019903980268126B9047019958
:1052600003980268526B9047FFE7FFE707980068D2
:1052700047F60001C4F20001884211D1FFE740F671
:105280002C10C2F20000006850B1FFE740F62C106D
:10529000C2F200000068BDF81A1005F0CDF9FFE772
:1052A00008B080BD80B582B001900198006847F6D3
:1052B0000001C4F2000188420FD1FFE740F62C1034
:1052C000C2F20000006840B1FFE740F62C10C2F2C5
:1052D0000000006805F0F4F9FFE702B080BD0000AF
:1052E00080B592B0119011980068006810901198E4
:1052F0000068C0680F901198006840690E90002007
:105300000D900C90109800F00F000D900D9888B93A
:10531000FFE79DF84000800600280AD5FFE79DF8CA
:105320003C008006002804D5FFE7119801F040FDFD
:1053300002E2FFE70D98002800F0C280FFE79DF829
:105340003800C00738B9FFE7BDF83C0010F4907F83
:1053500000F0B680FFE79DF84000C00758B1FFE7B6
:105360009DF83D00C00730B1FFE71199486C40F04F
:1053700001004864FFE79DF84000400700280BD576
:10538000FFE79DF83800C00730B1FFE71199486C7E
:1053900040F002004864FFE79DF8400080070028C5
:1053A0000BD5FFE79DF83800C00730B1FFE7119932
:1053B000486C40F004004864FFE79DF84000000797
:1053C000002811D5FFE79DF83C008006002805D491
:1053D000FFE79DF83800C00730B1FFE71199486C2E
:1053E00040F008004864FFE71198406C002866D040
:1053F000FFE79DF84000800600280AD5FFE79DF8EA
:105400003C008006002804D5FFE7119801F0D0FC8D
:10541000FFE7119800684069C0F380100C90119864
:10542000406C0007002804D4FFE70C9800283ED009
:10543000FFE7119801F042FC1198006840694006AE
:1054400000282FD5FFE7FFE7FFE71198006850E835
:10545000050F20F040000B90FFE70B9911980268B0
:1054600042E805100028F0D1FFE7FFE71198C06B74
:1054700098B1FFE71198C16B46F66920C0F60000AD
:1054800008651198C06BFEF7D7F828B1FFE71198AF
:10549000C06B016D8847FFE703E01198FFF702FF3B
:1054A000FFE703E01198FFF7FDFEFFE706E0119824
:1054B000FFF7F8FE119900204864FFE7FFE73BE1A2
:1054C0001198006B012840F01781FFE79DF840001C
:1054D000C006002840F11081FFE79DF83C00C0069F
:1054E000002840F10981FFE7FFE700200A901198AA
:1054F000006800680A901198006840680A900A984D
:10550000FFE71198006840694006002840F19A8042
:10551000FFE71198C06B00684068ADF82600BDF841
:105520002600002875D0FFE7BDF826001199898D67
:1055300088426EDAFFE7BDF826001199C8851198F8
:10554000C06BC069B0F5807F58D0FFE7FFE7FFE789
:105550001198006850E8030F20F480700890FFE76E
:1055600008991198026842E803100028F0D1FFE77B
:10557000FFE7FFE7FFE71198006850E8050F20F00C
:1055800001000790FFE707991198026842E80510AB
:105590000028F0D1FFE7FFE7FFE7FFE71198006879
:1055A00050E8050F20F040000690FFE7069911989B
:1055B000026842E805100028F0D1FFE7FFE71199E3
:1055C000202081F84200119900200863FFE7FFE7DF
:1055D0001198006850E8030F20F010000590FFE7D5
:1055E00005991198026842E803100028F0D1FFE7FE
:1055F000FFE71198C06BFDF7A9FFFFE711990220A3
:1056000048631198818DC28D891A89B2FFF7F4FD24
:1056100017E0BDF826001199898D884210D1FFE767
:105620001198C06BC069B0F5807F08D1FFE7119970
:10563000022048631198818DFFF7DEFDFFE7FFE749
:10564000FFE779E01199888DC98D401AADF81200F5
:105650001198C08D00284ED0FFE7BDF81200002839
:1056600049D0FFE7FFE7FFE71198006850E8030F14
:1056700020F490700390FFE703991198026842E8C4
:1056800003100028F0D1FFE7FFE7FFE7FFE71198DD
:10569000006850E8050F20F001000290FFE7029932
:1056A0001198026842E805100028F0D1FFE7FFE7F3
:1056B0001199202081F84200119900200863FFE72A
:1056C000FFE71198006850E8030F20F010000190E8
:1056D000FFE701991198026842E803100028F0D111
:1056E000FFE7FFE71199022048631198BDF81210F7
:1056F000FFF782FDFFE71FE09DF84000000600284D
:105700000AD5FFE79DF83C000006002804D5FFE716
:10571000119801F069FD0FE09DF840004006002857
:105720000AD5FFE79DF83C004006002804D5FFE7B6
:10573000119801F00DFBFFE712B080BD80B582B07B
:105740000090009820B9FFE701208DF8070040E0A5
:105750000098806908B1FFE700E0FFE7009890F843
:10576000410040B9FFE70099002081F8400000980F
:1057700000F034F8FFE70099242081F841000098F8
:105780000168C86820F40050C860009801F0C4FBAC
:1057900000980168086920F4904008610098016849
:1057A000486920F02A00486100980168C86840F400
:1057B0000050C860009900204864009A202182F8B7
:1057C0004110009A82F84210009948638DF8070052
:1057D000FFE79DF8070002B080BD000080B5A4B0CF
:1057E000239000202290219020901F901E902398BB
:1057F000006847F60001C4F20001884240F093803F
:10580000FFE7FFE700201D9043F64000C4F20200CE
:10581000016841F080410160006800F080401D9007
:105820001D98FFE7FFE700201C9043F63000C4F20C
:105830000200016841F010010160006800F01000F2
:105840001C901C98FFE74FF4C0701E9002201F9020
:10585000002013902090032021900820229041F2F4
:105860000000C4F202001EA9FEF7B2F9139941F23A
:10587000D020C2F20000149046F25802C4F2020294
:1058800002604FF0206242608160C1604FF480622C
:10589000026141618161C16101624162FEF77EF88E
:1058A00018B1FFE7FCF764FEFFE7FFE7239841F23A
:1058B000D021C2F20001C16323988863FFE741F25F
:1058C0003030C2F20000129046F22801C4F2020108
:1058D00001604FF020614160402181600021C16082
:1058E0004FF48062026141618161C1610162416284
:1058F000FEF754F818B1FFE7FCF73AFEFFE7FFE7C1
:10590000239841F23031C2F2000181632398886309
:10591000FFE75220119005210022FEF72FFC11987D
:10592000FEF722FCFCE12398006847F60041C4F230
:105930000001884240F09180FFE7FFE700201B90C4
:1059400043F64000C4F20200016841F000410160EA
:10595000006800F000401B901B98FFE7FFE7002065
:105960001A9043F63000C4F20200016841F01001C1
:105970000160006800F010001A901A98FFE70320F9
:105980001E9002211F9100210F912091219008204B
:10599000229041F20000C4F202001EA9FEF718F99D
:1059A0000F9941F29030C2F20000109046F2A0022E
:1059B000C4F2020202604FF0206242608160C16066
:1059C0004FF48062026141618161C16101624162A3
:1059D000FDF7E4FF18B1FFE7FCF7CAFDFFE7FFE7BB
:1059E000239841F29031C2F20001C1632398886389
:1059F000FFE741F2F030C2F200000E9046F21001D3
:105A0000C4F2020101604FF02061416040218160D9
:105A10000021C1604FF48062026141618161C16116
:105A200001624162FDF7BAFF18B1FFE7FCF7A0FD84
:105A3000FFE7FFE7239841F2F031C2F200018163F2
:105A400023988863FFE753200D9005210022FEF77D
:105A500095FB0D98FEF788FB61E12398006841F201
:105A60000001C4F20101884240F0BB80FFE7FFE77C
:105A70000020199043F64400C4F20200016841F08E
:105A800010010160006800F0100019901998FFE7FC
:105A9000FFE70020189043F63000C4F202000168CE
:105AA00041F002010160006800F0020018901898AF
:105AB000FFE7FFE70020179043F63000C4F2020032
:105AC000016841F001010160006800F001001790D9
:105AD0001798FFE780201E90022007901F9000205B
:105AE0000B9020900320089021900720099022908D
:105AF00040F20040C4F202001EA90A91FEF768F8C5
:105B0000DDF81CC0089A09980A990B9B4FF4007E97
:105B1000CDF878E0CDF87CC020932192229000202F
:105B2000C4F20200FEF754F80B9941F25040C2F261
:105B300000000C9046F24042C4F2020202604FF0B4
:105B4000006242608160C1604FF480620261416125
:105B50008161C16101624162FDF720FF18B1FFE779
:105B6000FCF706FDFFE7FFE7239841F25041C2F240
:105B70000001C16323988863FFE741F2B040C2F29D
:105B80000000069046F2B841C4F2020101604FF0F5
:105B900000614160402181600021C1604FF480625A
:105BA000026141618161C16101624162FDF7F6FEFE
:105BB00018B1FFE7FCF7DCFCFFE7FFE7239841F2B1
:105BC000B041C2F20001816323988863FFE725207A
:105BD000059005210022FEF7D1FA0598FEF7C4FAD8
:105BE0009CE02398006841F20041C4F20101884220
:105BF00040F09380FFE7FFE70020169043F6440053
:105C0000C4F20200016841F020010160006800F068
:105C1000200016901698FFE7FFE70020159043F646
:105C20003000C4F20200016841F0400101600068E8
:105C300000F0400015901598FFE74FF484401E9047
:105C400002201F9000200390209003202190082024
:105C5000229041F60000C4F202001EA9FDF7B8FF31
:105C6000039941F21050C2F20000049046F228421B
:105C7000C4F2020202604FF0206242608160C160A3
:105C80004FF48062026141618161C16101624162E0
:105C9000FDF784FE18B1FFE7FCF76AFCFFE7FFE7BA
:105CA000239841F21051C2F20001C1632398886326
:105CB000FFE741F27050C2F20000029046F2A041AC
:105CC000C4F2020101604FF0206141604021816017
:105CD0000021C1604FF48062026141618161C16154
:105CE00001624162FDF75AFE18B1FFE7FCF740FC84
:105CF000FFE7FFE7239841F27051C2F20001816390
:105D000023988863FFE74720019005210022FEF7D2
:105D100035FA0198FEF728FAFFE7FFE7FFE7FFE70C
:105D200024B080BD80B58AB008900791ADF81A20E4
:105D3000059300200290089890F84200202840F037
:105D40008880FFE7079820B1FFE7BDF81A0020B967
:105D5000FFE701208DF827007FE0089900204864C4
:105D6000089A222182F8421008990863FEF728F960
:105D70000290BDF81A0008998885BDF81A000899A4
:105D8000C88508988068B0F5805F09D1FFE708985A
:105D9000006928B9FFE7002004900798039004E009
:105DA0000798049000200390FFE7FFE70898C08D54
:105DB000002846D0FFE70898029B05996A461160C3
:105DC0002021002201F05AFA40B1FFE70899202073
:105DD00081F8420003208DF827003EE0049858B96E
:105DE000FFE70898006840686FF35F200399088018
:105DF0000398023003901FE008988068B0F5805F38
:105E000008D0FFE70898806850B9FFE70898006954
:105E100030B9FFE70898006840680499087007E007
:105E200008980068406800F07F0004990870FFE758
:105E3000049801300490FFE70899C88D0138C8859F
:105E4000B4E70899202081F8420000208DF827004F
:105E500003E002208DF82700FFE79DF827000AB035
:105E600080BD000080B584B002900191ADF80220A1
:105E7000029890F84200202817D1FFE7019820B13E
:105E8000FFE7BDF8020020B9FFE701208DF80F0001
:105E90000FE002990020086302980199BDF80220E2
:105EA00001F0D8F88DF80F0003E002208DF80F0004
:105EB000FFE79DF80F0004B080BD000080B584B0FE
:105EC00002900191ADF80220029890F8420020283B
:105ED00017D1FFE7019820B1FFE7BDF8020020B914
:105EE000FFE701208DF80F000FE002990020086302
:105EF00002980199BDF8022001F044F98DF80F00D5
:105F000003E002208DF80F00FFE79DF80F0004B0BA
:105F100080BD000081B0009001B0704781B000905A
:105F200001B0704780B58AB008900791ADF81A208B
:105F3000059300200290089890F84100202840F036
:105F40008180FFE7079820B1FFE7BDF81A0020B96C
:105F5000FFE701208DF8270078E0089900204864C9
:105F60000899212081F84100FEF72AF80290BDF837
:105F70001A0008998884BDF81A000899C8840898FE
:105F80008068B0F5805F09D1FFE70898006928B9FB
:105F9000FFE7002004900798039004E0079804901E
:105FA00000200390FFE7FFE70898C08C78B3FFE775
:105FB0000898029B05996A4611608021002201F031
:105FC0005DF940B1FFE70899202081F841000320E6
:105FD0008DF827003AE0049858B9FFE70398008845
:105FE0006FF35F20089909684860039802300390B6
:105FF00008E004980078089909684860049801301E
:106000000490FFE70899C88C0138C884CCE7089849
:10601000029B05996A4611604021002201F02EF989
:1060200040B1FFE70899202081F8410003208DF856
:1060300027000BE00899202081F8410000208DF80E
:10604000270003E002208DF82700FFE79DF82700D6
:106050000AB080BD80B586B004900391ADF80A20E7
:10606000049890F8410020286AD1FFE7039820B1F6
:10607000FFE7BDF80A0020B9FFE701208DF81700FF
:1060800062E0039804990862BDF80A0004998884C4
:10609000BDF80A000499C884049900204864049A51
:1060A000212182F8411004998A6B46F62941C0F6F5
:1060B0000001D16304998A6B46F6A541C0F6000140
:1060C000116404998A6B46F68521C0F60001D164FB
:1060D0000499896B086503A8019004980268806B95
:1060E000019909680432BDF80A30FDF70FFD58B177
:1060F000FFE70499102048640499202081F84100AA
:1061000001208DF817001FE0049801686FF040002F
:106110000860FFE7FFE70498006850E8050F40F0CB
:1061200080000090FFE700990498026842E805109B
:106130000028F0D1FFE7FFE700208DF8170003E00B
:1061400002208DF81700FFE79DF8170006B080BD0C
:1061500084B002900191ADF80220029890F84100BD
:10616000202826D1FFE7019820B1FFE7BDF8020003
:1061700020B9FFE701208DF80F001EE00198029979
:106180000862BDF8020002998884BDF802000299F5
:10619000C884029900204864029A212182F84110A3
:1061A00002990A68D16841F08001D1608DF80F0032
:1061B00003E002208DF80F00FFE79DF80F0004B008
:1061C0007047000080B582B001900198006847F6E2
:1061D0000001C4F2000188420FD1FFE740F62C1005
:1061E000C2F20000006840B1FFE740F62C10C2F296
:1061F0000000006804F02EFAFFE702B080BD000046
:1062000081B0009001B07047FFE7FEE780B582B033
:10621000019001F047F9FFE701F070F901F030F962
:10622000012008F061FCF7E780B582B041F28020E0
:10623000C2F20000009046F20041C4F20001016089
:1062400009214160002101918160C1604FF48032D9
:1062500002614FF480124261017641768176C17607
:1062600001774177FCF798FE18B1FFE7FCF780F95A
:10627000FFE702B080BD000080B582B041F2A820E7
:10628000C2F20000009046F60001C4F20001016075
:1062900009214160002101918160C1604FF4803289
:1062A00002614FF480124261017641768176C176B7
:1062B00001774177FCF770FE18B1FFE7FCF758F95A
:1062C000FFE702B080BD000080B58CB0FFE7002082
:1062D0000B9043F63000C4F20200016841F48001E3
:1062E0000160006800F480000B900B98FFE7FFE767
:1062F00000200A9043F63000C4F20200016841F425
:1063000000110160006800F400100A900A98FFE78D
:106310000B2000900521079100220892FDF72EFF27
:106320000098FDF721FF0799089A0C200190FDF7CE
:1063300025FF0198FDF718FF0799089A0E20029093
:10634000FDF71CFF0298FDF70FFF0799089A11202F
:106350000390FDF713FF0398FDF706FF0799089ACE
:1063600039200490FDF70AFF0498FDF7FDFE079918
:10637000089A3A200590FDF701FF0598FDF7F4FE15
:106380000799089A45200690FDF7F8FE0698FDF754
:10639000EBFE0799089A46200990FDF7EFFE099851
:1063A000FDF7E2FE0CB080BD80B582B046F285708C
:1063B000C0F6000042F6F062C0F601020021019131
:1063C00008F0FAFB019940F62812C2F200021060B0
:1063D00042F2B520C0F6000042F6A862C0F6010203
:1063E00008F0EAFB019940F62012C2F200021060A8
:1063F00046F21570C0F6000042F63872C0F601028F
:1064000008F0DAFB019941F68462C2F200021060E2
:1064100042F23930C0F6000042F6CC62C0F601020A
:1064200008F0CAFB019940F62412C2F20002106083
:1064300046F20D20C0F6000042F61472C0F60102CA
:1064400008F0BAFB41F2D051C2F20001086002B07C
:1064500080BD000086B0FFE70020059043F63000C5
:10646000C4F20200016841F010010160006800F010
:10647000100005900598FFE7FFE70020049043F621
:106480003000C4F20200016841F040010160006880
:1064900000F0400004900498FFE7FFE7002003901D
:1064A00043F63000C4F20200016841F001010160CE
:1064B000006800F0010003900398FFE7FFE7002069
:1064C000029043F63000C4F20200016841F002017C
:1064D0000160006800F0020002900298FFE7FFE709
:1064E0000020019043F63000C4F20200016841F040
:1064F00008010160006800F0080001900198FFE7C2
:10650000FFE70020009043F63000C4F2020001686B
:1065100041F080010160006800F080000090009868
:10652000FFE706B07047000080B582B041F2AC6072
:10653000C2F20000019047F60001C4F200010160C0
:106540004FF46121416000218160C16001610C2232
:1065500042618161C161FFF7F1F818B1FFE7FCF713
:1065600007F8FFE702B080BD80B582B041F2F46069
:10657000C2F20000019047F60041C4F20001016040
:106580004FF4E131416000218160C16001610C2262
:1065900042618161C161FFF7D1F818B1FFE7FBF7F4
:1065A000E7FFFFE702B080BD80B582B041F21C601A
:1065B000C2F20000019041F20001C4F20101016049
:1065C00048F2A061C0F2010141604FF48051816046
:1065D0000021C1604FF4806202610C22426181613E
:1065E000C161FFF7ABF818B1FFE7FBF7C1FFFFE7A9
:1065F00002B080BD80B582B041F26460C2F200009A
:10660000019041F20041C4F2010101604FF4E12127
:10661000416000218160C16001610C2242618161A1
:10662000C161FFF78BF818B1FFE7FBF7A1FFFFE7A8
:1066300002B080BDFFE7FEE7FFE7FEE788B0079006
:1066400006910592079800F0070004900498C0F1A5
:106650000700052803D3FFE70420019004E0049815
:10666000C0F107000190FFE70198039004980430FF
:10667000062803D8FFE70020009003E004980338C1
:106680000090FFE70098029006980399012202FA11
:1066900001F101390840029B984005999A40013A5E
:1066A0001140084308B070470000000000000000DF
:1066B000EFF30980BFF36F8F154B1A681EF0100FB0
:1066C00008BF20ED108A20E9F04F10602DE9090085
:1066D0004FF0500080F31188BFF34F8FBFF36F8FDF
:1066E00009F00AFF4FF0000080F31188BDE80900AF
:1066F00019680868B0E8F04F1EF0100F08BFB0EC42
:10670000108A80F30988BFF36F8F704700BF00BF06
:106710000C1A002080B582B00190FDF751FC8DF875
:1067200002009DF802009DF80310401AADF8000029
:106730009DF802008DF8030000F03AFEFFE700F03C
:106740005DFE052008F0D0F9F9E700000000000028
:10675000074B19680868B0E8F04F80F30988BFF369
:106760006F8F4FF0000080F31188704700BF00BFAB
:106770000C1A002080B56FF00400002107F0D4FF50
:1067800080BD000080B582B00190FFE7012008F0D5
:10679000ABF9FBE780B54EF21000CEF200000068C6
:1067A0000AF086FC012803D0FFE709F0B5FFFFE7F8
:1067B00080BD000080B594B008A83021F9F7DCFE58
:1067C000002007900690059004900390FFE70020BA
:1067D000029043F64000C4F20200016841F080518B
:1067E0000160006800F0805002900298FFE7FFE728
:1067F0000020019047F20000C4F20000016841F45B
:1068000040410160006800F4404001900198FFE7BA
:10681000012008904FF48030099002200E904FF430
:1068200080010F9106211091B42111911290042042
:10683000139008A8FDF71EFF18B1FFE7FBF798FEBD
:10684000FFE7FDF7BDFC18B1FFE7FBF791FEFFE79F
:106850000F20039002200490002005904FF4A050D8
:1068600006904FF48050079003A80521FDF708FD1E
:1068700018B1FFE7FBF77CFEFFE714B080BD000016
:106880004EF68851CEF20001086840F470000860AE
:106890007047000080B541F2D450C2F20000FEF70C
:1068A00023FB80BD83B002900191029800680090A4
:1068B00002980021C4F20101884225D0FFE7029826
:1068C000B0F1804F20D0FFE7029840F20041C4F2BF
:1068D0000001884218D0FFE7029840F60001C4F298
:1068E0000001884210D0FFE7029840F60041C4F250
:1068F0000001884208D0FFE7029840F20041C4F24C
:10690000010188420AD1FFE7009820F07000009052
:1069100001984168009808430090FFE70298002121
:10692000C4F20101884255D0FFE70298B0F1804FD0
:1069300050D0FFE7029840F20041C4F200018842C3
:1069400048D0FFE7029840F60001C4F200018842F7
:1069500040D0FFE7029840F60041C4F200018842AF
:1069600038D0FFE7029840F20041C4F201018842AA
:1069700030D0FFE7029844F20001C4F201018842DE
:1069800028D0FFE7029844F20041C4F20101884296
:1069900020D0FFE7029844F60001C4F201018842CA
:1069A00018D0FFE7029841F60001C4F200018842C6
:1069B00010D0FFE7029841F60041C4F2000188427E
:1069C00008D0FFE7029842F20001C4F200018842B9
:1069D0000AD1FFE7009820F4407000900198C16848
:1069E000009808430090FFE7009820F0800001998C
:1069F000496908430090019880680299C86201982B
:106A000000680299886202980021C4F2010188425C
:106A100008D0FFE7029840F20041C4F20101884229
:106A200005D1FFE70198006902990863FFE7029921
:106A3000086840F00400086002990120486100984D
:106A40000299086003B0704780B541F2AC60C2F2B1
:106A50000000FEF745FC80BD80B541F2F460C2F253
:106A60000000FEF73DFC80BD80B582B0019001982A
:106A7000806B009000990020C8850098FEF712FCFA
:106A800002B080BD80B584B00390002002900398CE
:106A9000806B0190019800684069C0B2C009029003
:106AA000019890F8410021280AD1FFE7029838B1F7
:106AB000FFE701990020C884019800F05DF9FFE725
:106AC000019800684069C0F380100290019890F826
:106AD000420022280AD1FFE7029838B1FFE7019966
:106AE0000020C885019800F0E9F8FFE70199486C9B
:106AF00040F0100048640198FEF7D4FB04B080BD5C
:106B000080B586B005900598806B04900598006864
:106B10000068C00500285AD4FFE704990020C88502
:106B2000FFE7FFE70498006850E8030F20F4807047
:106B30000390FFE703990498026842E803100028D5
:106B4000F0D1FFE7FFE7FFE7FFE70498006850E8B0
:106B5000050F20F001000290FFE7029904980268F7
:106B600042E805100028F0D1FFE7FFE7FFE7FFE765
:106B70000498006850E8050F20F040000190FFE7FE
:106B800001990498026842E805100028F0D1FFE757
:106B9000FFE70499202081F842000498006B012847
:106BA00014D1FFE7FFE7FFE70498006850E8030F00
:106BB00020F010000090FFE700990498026842E876
:106BC00003100028F0D1FFE7FFE7FFE7FFE7049994
:106BD000002048630498006B012805D1FFE7049862
:106BE000818DFEF709FB03E00498FFF793F9FFE7B7
:106BF00006B080BD80B582B001900198806B009096
:106C00000099012048630098006B012806D1FFE736
:106C10000098818D4908FEF7EFFA03E00098FFF72E
:106C20007DF9FFE702B080BD80B584B00390039882
:106C3000806B0290039800680068C00500282AD481
:106C4000FFE702990020C884FFE7FFE70298006889
:106C500050E8050F20F080000190FFE701990298AD
:106C6000026842E805100028F0D1FFE7FFE7FFE7E0
:106C7000FFE70298006850E8030F40F040000090E2
:106C8000FFE700990298026842E803100028F0D15B
:106C9000FFE7FFE703E00298FFF794FAFFE704B08D
:106CA00080BD000080B582B001900198806B00909B
:106CB0000098FFF7A5FA02B080BD000084B00390F1
:106CC000FFE7FFE70398006850E8030F20F4907097
:106CD0000290FFE702990398026842E80310002837
:106CE000F0D1FFE7FFE7FFE7FFE70398006850E810
:106CF000050F20F001000190FFE701990398026859
:106D000042E805100028F0D1FFE7FFE70398006B89
:106D1000012814D1FFE7FFE7FFE70398006850E878
:106D2000030F20F010000090FFE70099039802681D
:106D300042E803100028F0D1FFE7FFE7FFE70399DF
:106D4000202081F8420003990020086304B07047B6
:106D500080B582B0019001980168C86820F04000B9
:106D6000C8600199202081F841000198FFF72AFAB4
:106D7000002002B080BD000082B00190FFE7FFE775
:106D80000198006850E8030F20F0C0000090FFE772
:106D900000990198026842E803100028F0D1FFE74B
:106DA000FFE70199202081F8410002B07047000000
:106DB00080B586B00490002003900290049890F86B
:106DC0004200222840F0A080FFE704988068B0F5D8
:106DD000805F13D1FFE70498006978B9FFE7049852
:106DE000806A02900498006840686FF35F200299FF
:106DF00008800499886A0230886223E00498806AD7
:106E0000039004988068B0F5805F08D0FFE704988D
:106E1000806850B9FFE70498006930B9FFE704982B
:106E2000006840680399087007E0049800684068AB
:106E300000F07F0003990870FFE70499886A013029
:106E40008862FFE70499C88D0138C88500040028CE
:106E500056D1FFE704980168C86820F02000C86098
:106E600004980168C86820F48070C86004980168BC
:106E7000486920F0010048610499202081F842000F
:106E80000499002048630498006B012830D1FFE783
:106E9000049900200863FFE7FFE70498006850E8C2
:106EA000030F20F010000190FFE701990498026899
:106EB00042E803100028F0D1FFE7FFE704980068DC
:106EC0000068C00600280ED5FFE7FFE7002000900D
:106ED000049800680068009004980068406800907A
:106EE0000098FFE7FFE70498818DFEF785F903E03E
:106EF0000498FFF70FF8FFE700208DF8170007E070
:106F000000208DF8170003E002208DF81700FFE73E
:106F10009DF8170006B080BD80B586B00590059835
:106F20000068006920F44050059A1168D268104347
:106F30000861059988680B694A69C9691843104353
:106F40000843049005980068C06849F20C618843C2
:106F50000499084305990968C86005980068406964
:106F600020F44070059A11689269104348610598B1
:106F7000006841F20001C4F20101884209D0FFE734
:106F80000598006841F20041C4F20101884204D131
:106F9000FFE7FDF7E9FA039003E0FDF7D3FA03906A
:106FA000FFE70598C069B0F5004F29D1FFE70398C6
:106FB0001921A0FB0101059A1368029353685A0036
:106FC000DB0FF9F7DDF90299864648F21F53C5F247
:106FD000EB13AEFB0320420910014FF0640C02FBDF
:106FE0001CEC322202EBCC02A2FB0332F82303EAB0
:106FF000521300EB4300C2F342121044886026E0B3
:1070000003981921A0FB0101059A136801935368A5
:107010009A009B0FF9F7B4F90199844648F21F5280
:10702000C5F2EB12ACFB02304309642003FB10CC29
:10703000322000EB0C10A0FB0202F02000EA5210FC
:1070400000EB0310C2F3431210448860FFE706B060
:1070500080BD000080B58AB008900791ADF81A2075
:10706000079808998862BDF81A00089988850899D8
:1070700000204864089A222182F842100899CA6BBD
:1070800046F60131C0F60001D1630899CA6B46F695
:10709000F531C0F6000111640899CA6B46F68521E6
:1070A000C0F60001D1640899C96B086507A805906E
:1070B00008980168C06B0431059A1268BDF81A304F
:1070C000FCF724FD58B1FFE708991020486408999F
:1070D000202081F8420001208DF827004EE0FFE7D4
:1070E00000200490089800680068049008980068E0
:1070F000406804900498FFE708980069A0B1FFE792
:10710000FFE7FFE70898006850E8030F40F480703D
:107110000390FFE703990898026842E803100028EB
:10712000F0D1FFE7FFE7FFE7FFE7FFE70898006818
:1071300050E8050F40F001000290FFE7029908981F
:10714000026842E805100028F0D1FFE7FFE7FFE7FB
:10715000FFE70898006850E8050F40F040000190F4
:10716000FFE701990898026842E805100028F0D16D
:10717000FFE7FFE700208DF82700FFE79DF82700D5
:107180000AB080BD83B002900191ADF80220019851
:1071900002998862BDF8020002998885BDF8020054
:1071A0000299C8850299002048640299222081F83A
:1071B00042000298006938B1FFE702980168C86888
:1071C00040F48070C860FFE702980168486940F0A9
:1071D0000100486102980168C86840F02000C8605A
:1071E000002003B07047000083B00190019890F830
:1071F000410021283AD1FFE701988068B0F5805F0F
:1072000013D1FFE70198006978B9FFE70198006A98
:107210000090009800886FF35F200199096848602A
:107220000199086A0230086208E0019A106A411C5C
:1072300011620078019909684860FFE70199C88CDC
:107240000138C884000468B9FFE701980168C8687C
:1072500020F08000C86001980168C86840F04000D4
:10726000C860FFE700208DF80B0003E002208DF8D6
:107270000B00FFE79DF80B0003B0704780B586B0A8
:10728000DDF820C0049003918DF80B200193FFE7F7
:1072900004980068006803990840401AB0FA80F02A
:1072A00040099DF80B1088424DD1FFE70898013046
:1072B000002847D0FFE7FCF783FE0199401A0899A0
:1072C000884203D8FFE7089820B9FFE703208DF82C
:1072D00017003CE004980068C0684007002830D5DB
:1072E000FFE7039880282CD0FFE70398402828D098
:1072F000FFE704980068006800F008010120B0EB87
:10730000D10F1DD1FFE7FFE700200090049800682F
:107310000068009004980068406800900098FFE7BB
:107320000498FFF7CBFC049908204864FFE7049910
:10733000002081F84000FFE701208DF8170006E0EB
:10734000FFE7FFE7A4E700208DF81700FFE79DF8AF
:10735000170006B080BD000080B541F21C60C2F28B
:107360000000FDF7BDFF80BD80B541F26460C2F250
:107370000000FDF7B5FF80BDFFE7FEE780B507F031
:10738000E1FA07F001FB07F017FB07F02DFB07F010
:1073900043FB07F059FB07F06FFB07F06DFA07F0AE
:1073A00085FA07F09BFA80BD80B507F0E3FA80BD4F
:1073B00080B58AB002F044FE01688A6800219047D7
:1073C000099042F69C41C0F601010868496808919D
:1073D0000790099801688A6A07A990470998009060
:1073E00003A8019006F094FE009801990268D26A01
:1073F0009047019806F098FE0AB080BD80B586B02F
:1074000040F28410C2F2000003F0C6FF01281ED132
:10741000FFE740F28410C2F2000003F0B7FF01283A
:1074200014D1FFE740F28040C2F200000590012134
:107430000022049200F030FC0220039007F054FB7D
:107440000399049A059800F027FCFFE715E040F245
:107450008040C2F20000019001210022029200F05F
:107460006FFC0198029A022100F06AFC40F2E06091
:10747000C2F2000003F064FEFFE706B080BD00002A
:1074800080B540F62C10C2F20000006840B1FFE762
:1074900040F62C10C2F20000006803F003F9FFE789
:1074A00080BD000080B58AB002F0CAFD01688A681C
:1074B000032190470990099940F63010C2F200006C
:1074C000009003F007F9009940F62C10C2F200007A
:1074D000039001600068019005A8029006F04EFE3E
:1074E0000198029903F0BEF8029806F053FE039843
:1074F000006803F0CDF80AB080BD000080B586B00A
:1075000040F2E860C2F20000019090ED030A00F042
:1075100053F801460198ADF8161090ED040A00F0FA
:107520004BF801460198ADF8141090ED000A00F0F8
:1075300043F801460198ADF8121090ED010A00F0F1
:107540003BF801460198ADF8101090ED020A00F0EA
:1075500033F801460198ADF80E1090ED050A00F0E1
:107560002BF801460198ADF80C1090ED060A00F0DA
:1075700023F8ADF80A0040F29852C2F20002BDF8BA
:1075800016001080BDF812005080BDF810009080E9
:10759000BDF80C00D080BDF80E001081BDF80A00C7
:1075A000508140F62C10C2F20000006802210C232A
:1075B00003F032F806B080BD80B582B08DED010ACF
:1075C00001980BF031FA41EC100B9FED0F1B53ECBF
:1075D000112B51EC100B0AF0D1FD41EC100B51ECCA
:1075E000100B9FED0B0B53EC102B0BF031F841EC13
:1075F000100B51EC100B0AF059FFADF80200BDF969
:10760000020002B080BD00BF0000000000806640A4
:1076100000000000C0FFDF4081B08DED000A9DED4D
:10762000000AB0EEC00A01B07047000010B5044671
:10763000012898BF012400BF2046F8F7DDFF00288D
:1076400018BF10BD06F0FAFE08B18047F4E700202D
:1076500010BD0000F0B581B00C460546012898BF6A
:107660000125042998BF04240027684621462A469C
:107670000097F9F717F8009878B96E4606F0DEFE25
:1076800050B18047304621462A460097F9F70AF85C
:1076900000980028F2D000E0002001B0F0BD00000A
:1076A00082B001908DED000A01990098086302B044
:1076B0007047000081B00090009900208861C86187
:1076C0000862486348610861C86001B07047000003
:1076D00080B586B005908DED040ACDED030A0598BE
:1076E00000909DED040A00F0D7F800989DED030A84
:1076F000FFF7D6FF009890ED0B0A90ED0C1A30EED4
:10770000410A80ED0D0A90ED000A90ED0D1A20EE71
:10771000010A80ED030A90ED0F0AB5EE400AF1EE82
:1077200010FA0ED0FFE7009890ED0D0AFFF774FFF6
:10773000009890ED0F1AB4EE410AF1EE10FA24DA37
:10774000FFE7009890ED060A90ED0D1A30EE010A61
:1077500080ED060A90ED0E0AB5EE400AF1EE10FA41
:1077600012DDFFE7009901F1180001F1380291EDF7
:107770000E0AB1EE400A8DED020A02A905F0A8FF3B
:10778000009900688861FFE7FFE7009A92ED010A1F
:1077900092ED061A20EE010A82ED040A92ED020A29
:1077A00092ED072A92ED0D1A31EE421A20EE010AEF
:1077B00082ED050A92ED030A92ED042A92ED051A74
:1077C00030EE020A30EE010A02F1200082ED080AD2
:1077D00002F12801243205F07BFF01460098096878
:1077E000016290ED080A90ED091AB4EE410AF1EE3B
:1077F00010FA09DBFFE7009890ED0D0AB5EE400A9C
:10780000F1EE10FA14DCFFE7009890ED080A90ED15
:107810000A1AB4EE410AF1EE10FA2DDCFFE70098E7
:1078200090ED0D0AB5EE400AF1EE10FA24DAFFE70A
:10783000009890ED060A90ED0D1A30EE410A80EDA9
:10784000060A90ED0E0AB5EE400AF1EE10FA12DDCE
:10785000FFE7009901F1180001F1380291ED0E0ADD
:10786000B1EE400A8DED010A01A905F031FF009942
:1078700000688861FFE7FFE70098416BC16190ED08
:10788000080A06B080BD000081B00090009890ED1D
:10789000080A01B07047000082B001908DED000A27
:1078A00001990098C86202B07047000087B0069046
:1078B0008DED050ACDED040A8DED031ACDED021A0A
:1078C0008DED012ACDED002A0698029941629DEDC9
:1078D000020AB1EE400A80ED0A0A0199816300991B
:1078E000C16305990160049941600399816007B003
:1078F0007047000080B582B0019001980090FCF7BD
:107900005FFB0099C86002B080BD000082B00190AA
:10791000009101980099416000218160C1600121BE
:10792000016102B07047000081B0009000986421AE
:10793000416000218160C1600121016101B0704797
:1079400080B582B0019001983430FFF7D3FF02B0C8
:1079500080BD000080B586B0059004910598039025
:10796000049808B9FFE7B4E00398FFF7E9FF03982C
:107970000499002202920B23009303F081FC01463C
:10798000039803F0E5FC009B0146039801800499ED
:107990001A4603F075FC0146039803F0D9FC009BDE
:1079A0000146039841800499162203F069FC0146C0
:1079B000039803F0CDFC009B014603988180049955
:1079C000212203F05DFC0146039803F0C1FC01464F
:1079D0000398C180049A117C527C03F0A9FC0146F3
:1079E0000398018104992C220223019303F048FC9F
:1079F000019B01460398817204992E2203F040FCFA
:107A0000029902460398C2728288A2F5806282813E
:107A1000C288A2F58062C2810288A2F580620282D9
:107A20004288A2F580624282B0F90C0000F070F842
:107A30000299039880ED080AB0F90E0000F068F88A
:107A40000299039880ED090AB0F9100000F060F87F
:107A50000299039880ED0A0AB0F9120000F058F874
:107A60000299039880ED0B0AB0F9080000F050F875
:107A7000039880ED0C0A049A9179D27903F058FCAE
:107A8000014603988182049A117A527A03F050FCDD
:107A900001460398C182049A917AD27A03F048FC95
:107AA0000146039801830499097B03F035FC0146E4
:107AB000039881760499497B03F02EFC01460398D4
:107AC000C176049A917BD27B03F032FC03998883C0
:107AD000FFE706B080BD000080B584B0039002913E
:107AE000039801900021018041808180C180018143
:107AF0008172C1728182C18201838176C176818364
:107B000034300299FFF702FF019804B080BD0000F5
:107B100084B0ADF80A00ADF80810BDF80A00BDF851
:107B20000810401AADF80600BDF9060000EE100A74
:107B3000B8EEC00A9FED141A80EE010A8DED000A1E
:107B40009DED000AB7EE001AB4EE410AF1EE10FA0C
:107B500004DDFFE74FF07E50039011E09DED000A39
:107B6000BFEE001AB4EE410AF1EE10FA05DAFFE7B3
:107B70000020CBF68070039002E000980390FFE7AE
:107B80009DED030A04B07047000025448BB00A90B5
:107B90008DED090ACDED080A8DED071ACDED061A17
:107BA0008DED052ACDED042A8DED033ACDED023A97
:107BB0008DED014ACDED004A0A98099901600899B6
:107BC0004160079981600699C16005990161049936
:107BD0004161039981610299C16101990162009932
:107BE00041620BB07047000087B006908DED050A2A
:107BF000CDED040A8DED031A02919DED030A9DED72
:107C0000041A30EE410A8DED010A049800909DEDB2
:107C1000050A9DED001A30EE410A029901208840C4
:107C2000013801EE100AB8EEC11A20EE010A9DEDEE
:107C3000011A80EE010ABDEEC00A10EE100A07B06C
:107C40007047000087B0069005918DED040ACDEDD8
:107C5000030A02929DED030A9DED041A30EE410ADB
:107C60008DED010A049800909DED050AB8EEC00A5A
:107C70009DED011A20EE010A029901208840013889
:107C800001EE100AB8EEC11A80EE010A9DED001A4D
:107C900030EE010A07B0704780B58CB00B908DF8BC
:107CA0002B108DF82A200B9801906FF040700990EE
:107CB0004FF0FF3008909DF82A0048B9FFE701987F
:107CC0009DF82B1000EB8100D0F8C400049021E057
:107CD0009DF82A0001280BD1FFE701989DF82B1091
:107CE00000EB8100D0F8C40000F58070049010E033
:107CF0009DF82A0002280BD1FFE701989DF82B1070
:107D000000EB8100D0F8C40000F500700490FFE79C
:107D1000FFE7FFE708208DF8140008980999039100
:107D2000029000208DF81C008DF81D0001F00EFD62
:107D300001F03AFE01680A6902A990470CB080BDC3
:107D400080B58CB00B908DF82B108DF82A200B98F5
:107D500001906FF0007009904FF0FF3008909DF88F
:107D60002A0048B9FFE701989DF82B1000EB81002D
:107D7000D0F8C400049021E09DF82A0001280BD11E
:107D8000FFE701989DF82B1000EB8100D0F8C400AC
:107D900000F58070049010E09DF82A0002280BD1B5
:107DA000FFE701989DF82B1000EB8100D0F8C4008C
:107DB00000F500700490FFE7FFE7FFE708208DF86B
:107DC0001400089809990391029000208DF81C0076
:107DD0008DF81D0001F0BAFC01F0E6FD01680A69AA
:107DE00002A990470CB080BD80B586B00590049183
:107DF0000598019000208DF80F00FFE79DF80F0017
:107E0000012876DCFFE7019A04988068B2F9C21075
:107E10009DF80F301A4492F8C4201144884261D171
:107E2000FFE7019804990291029991F800C000F1CE
:107E3000D00200929DF80F100B01D15C01F0F0010F
:107E400041EA1C11D154029991F800C09DF80F101D
:107E50000B01D15C01F00F0141EA0C11D1540299E0
:107E60004B78897841EA03219DF80F3002EB031328
:107E70005980029BD9781B79090141EA131C9DF8AE
:107E80000F1002EB0113998801F47041614499804D
:107E900002990B79497903F00F0341EA032C9DF80D
:107EA0000F1002EB0113D98801F470416144D980AD
:107EB000029989799DF80F3002EB03131972029928
:107EC000C9799DF80F3002EB031251729DF80F1023
:107ED00000F0AEF801989DF80F100131C9B201F021
:107EE000F1FAFFE7FFE79DF80F0001308DF80F0072
:107EF00084E706B080BD000080B594B013908DF883
:107F00004B108DED110ACDED100A8DED0F1ACDED50
:107F10000E1A8DED0D2A139801909DED110AD0EDEA
:107F20003C0A90ED3D1A1021FFF75EFE01460198D4
:107F3000ADF832109DED100AD0ED3E0A90ED3F1ADB
:107F40000C210091FFF750FE009902460198ADF810
:107F500030209DED0F0AD0ED420A90ED431AFFF755
:107F600043FE009902460198ADF82E209DED0E0AC1
:107F7000D0ED440A90ED451AFFF736FE009902460F
:107F80000198ADF82C209DED0D0AD0ED400A90ED42
:107F9000411AFFF729FE01460198ADF82A109DF815
:107FA00033108DF822109DF832108DF82310BDF893
:107FB000301009098DF82410BDF830209DF82F10DD
:107FC00041EA02118DF825109DF82E108DF826102B
:107FD000BDF82C1009098DF82710BDF82C209DF84C
:107FE0002B1041EA02118DF828109DF82A108DF807
:107FF00029109DF84B1000EB8100D0F8C4000490CC
:1080000008208DF81400DDF82200DDF82610039119
:10801000029000208DF81C008DF81D0001F096FBE9
:1080200001F0C2FC01680A6902A9904714B080BD42
:1080300080B598B01790169117980C9000F1F00148
:10804000159100F1D0010D91169A01EB02114988AA
:10805000159A92ED000AD2ED010A1022FFF7F2FD07
:1080600010EE100A0AF0E0FC02460C9809920A464B
:10807000099942EC101B08300E90169901EBC101D2
:1080800000EBC10181ED020B169901EBC10100EB80
:10809000C1000A9090ED020B51EC100B9FED9A0B72
:1080A00053EC102B0AF0D4FA0A9A03460C988C462B
:1080B0000D994CEC103B82ED000B169A01EB02116E
:1080C00089886FF31F31159A92ED020AD2ED030AE7
:1080D0000C220B92FFF7B6FD10EE100A0AF0A4FC7A
:1080E0000B9A0E9B84460C988E460D994EEC10CB45
:1080F000DDF858C00CEBCC0C03EBCC0383ED040B88
:10810000169B01EB0311C9886FF31F31159B93ED8B
:10811000040AD3ED050AFFF795FD10EE100A0AF0E8
:1081200083FC02460D980B460E9943EC102B169AD1
:1081300002EBC20201EBC20181ED0A0B16990F910D
:1081400000EB0110007A0AF0F7F902460E980B4690
:108150000F9943EC102B01EBC10100EBC10181ED44
:108160000C0B169901EBC10100EBC10191ED0E0B57
:108170008DED120B169901EBC10100EBC10090EDE2
:10818000000B8DED100B10981199129A139B0AF0A9
:108190005DFB41EC100B51EC100B9FED5D0B53ECB4
:1081A000102B0AF081FC98BBFFE79DED120B9FEDB1
:1081B0005E1B51EC110B53EC102B0AF047FB41EC0A
:1081C000110B9DED100B51EC110B53EC102B09F022
:1081D00021FF02460C9806920A46069942EC101BB3
:1081E000169901EBC10100EBC100079090ED121B45
:1081F00051EC110B53EC102B09F00CFF02460798C1
:1082000008920A46089942EC101B80ED120B6EE0B2
:1082100010981199129A139B0AF018FB41EC100B5D
:1082200051EC100B9FED3C0B53EC102B0AF043FC70
:1082300098BBFFE79DED100B51EC100B9FED380B39
:1082400053EC102B09F0E6FE41EC110B9DED120BE7
:1082500051EC110B53EC102B0AF0F8FA02460C9873
:1082600003920A46039942EC101B169901EBC101D7
:1082700000EBC100049090ED121B51EC110B53EC7C
:10828000102B09F0C7FE0246049805920A4605998C
:1082900042EC101B80ED120B28E09DED101B9DEDB4
:1082A000120B51EC110B53EC102B0AF0CFFA0246D3
:1082B0000C9800920A46009942EC101B169901EBAB
:1082C000C10100EBC100019090ED121B51EC110BAC
:1082D00053EC102B09F09EFE0246019802920A46CA
:1082E000029942EC101B80ED120BFFE7FFE70C98A0
:1082F0009DED100B169901EBC10100EBC10080ED63
:10830000100B18B080BD00BFAE19661ADCA54C403A
:1083100000000000008066C0000000000080664091
:1083200000000000008076C0000000000080764061
:108330002DE9F04F93B00191DDF894B0DDF890A0F5
:10834000DDF88C90DDF88880219F209E1F9D1E9C6B
:10835000DDF874E0DDF870C00199CDF844B0CDF8D7
:1083600040A0CDF83C90CDF838800D970C960B9539
:108370000A94CDF824E0CDF820C00790ADF81A108B
:1083800005920493079802901290642101F0B8F8C6
:10839000029942F6CC40C0F6010008300860BDF8F2
:1083A0001A00A1F8C2000898099A0A9BDDF82CC0AF
:1083B000DDF830E00D9CC1F80441C1F800E1C1F8DE
:1083C000FCC0C1F8F830C1F8F420C1F8F0000E98F4
:1083D0000F9A109BDDF844C0C1F814C1C1F81031E8
:1083E000C1F80C21C1F8080100208DF80F00FFE74B
:1083F0009DF80F00012818DCFFE7029905989DF809
:108400000F20805C0A4482F8C40004989DF80F2075
:1084100050F8220001EB8201C1F8C800FFE79DF887
:108420000F0001308DF80F00E2E7129813B0BDE89D
:10843000F08F00002DE9F04F9DB01C90ADF86E104C
:108440001A9219931C980E90BDF86E000B901A9812
:108450000C9019980D900FA89FED240ADFED240AC7
:10846000BBEE0E1AF3EE0E1ABAEE042AF2EE042A4E
:10847000DFED203A9FED204AF1EE044AB0EE443A97
:10848000FFF784FB0B990C9A0D9BDDF83CC0109C08
:10849000119D129E139FDDF85080DDF85490DDF899
:1084A00058A0DDF85CB01898EE46CEF824000E987F
:1084B000CEF820B0CEF81CA0CEF81890CEF81480DC
:1084C000CEF81070CEF80C60CEF80850CEF804400C
:1084D000CEF800C0FFF72CFF0E9842F6D841C0F648
:1084E0000101083101601DB0BDE8F08FC3F548C03F
:1084F000C3F548400000FA430000000000000000FF
:1085000080B596B015908DED120B8DED101B8DED95
:108510000E2B8DED0C3B8DED0A4B159808909DEDC3
:10852000120B80ED000B9DED100B80ED020B9DED0D
:108530000E0B80ED040B9DED0C0B80ED060B9DEDFD
:108540000A0B80ED080B90ED080B9FED4B1B51ECD7
:10855000110B53EC102B09F011FE02460898009203
:108560000A46009942EC101B80ED0A0B90ED000BBF
:1085700053EC102B9FED420B51EC100B0791069022
:1085800009F0FCFD41EC100B51EC100B9FED3E0B84
:1085900053EC102B09F0F2FD41EC100B53EC102BB7
:1085A0001046194609F036FD41EC100B51EC100B4A
:1085B0009FED370B53EC102B0AF04AF8089A03464C
:1085C00006988C4607994CEC103B82ED0E0B92ED11
:1085D000000B53EC102B09F0D1FD024608980192D4
:1085E0000A46019942EC101B80ED0C0B90ED021B2A
:1085F00090ED040B90ED062B8DED022B51EC110B41
:1086000053EC102B09F0BAFD9DED020B41EC110B60
:1086100051EC110B53EC102B0AF01AF80246089893
:1086200005920A46059942EC101B80ED100B90ED67
:10863000040B90ED061B51EC110B53EC102B09F0C1
:108640009DFD089A034606988C4607994CEC103B12
:1086500082ED120B92ED000B53EC102B09F08EFD06
:108660000246089809920A46099942EC101B80EDCF
:10867000140B16B080BD00BF0000000000807640E3
:10868000000000000000F03F0000000000004E402D
:10869000182D4454FB21094080B584B00390029109
:1086A0000398009002988068ADF8060000208DF8CD
:1086B0000500FFE79DF80500002847DCFFE7009A6A
:1086C000BDF80600B2F966109DF805301A4492F81C
:1086D00070201144884232D1FFE7009800F1680110
:1086E0009DF805E001EBCE03029AD2F800C0526873
:1086F00041F83EC05A609DF8053031F8332012BA77
:10870000120C21F833209DF8052001EBC2035A8892
:1087100012BA120C5A809DF8052001EBC202918812
:1087200009BA090C91809DF8051000F045F80098F1
:108730009DF805100131C9B200F02EFEFFE7FFE7FA
:108740009DF8050001308DF80500B3E704B080BD49
:1087500083B00290ADF80610009202999DF80700D0
:108760007831009A01EB420202F8020CBDF80600D3
:10877000009A01EB420101F8010C03B070470000C0
:1087800080B588B007900799486F039008208DF84E
:108790001000886FC96F0291019000208DF81800B9
:1087A0008DF8190000F0D2FF01F0F4F801680A69B1
:1087B00001A9904708B080BD80B5A4B02390229154
:1087C0002398129000F1900121916830199022991C
:1087D000139130F9310009F098FE41EC110B21980A
:1087E00090ED0A0B51EC110B53EC102B09F030FFFC
:1087F000024612980B46139943EC102B08301A903E
:1088000001EBC10100EBC10181ED000B229901EBED
:10881000C10100EBC100149090ED000B51EC100B66
:108820009FEDD10B53EC102B09F012FF0246199863
:108830000B46149943EC102B81ED020B22991591F4
:1088400000EBC100B0F9020009F05FFE41EC110B32
:10885000219890ED0E0B51EC110B53EC102B09F0FD
:10886000F7FE159A034619988C461A994CEC103B62
:1088700002EBC20201EBC20181ED040B22991691B9
:1088800000EBC100B0F9020009F03FFE41EC110B12
:10889000219890ED0C0B51EC110B53EC102B09F0BF
:1088A000D7FE169A034619988C461A994CEC103B41
:1088B00002EBC20201EBC20181ED060B2299179176
:1088C00000EBC100B0F9040009F01FFE41EC110BF0
:1088D000219890ED120B51EC110B53EC102B09F079
:1088E000B7FE179A034619988C461A994CEC103B20
:1088F00002EBC20201EBC20181ED080B2299189133
:1089000000EBC100B0F9040009F0FFFD41EC110BD0
:10891000219890ED100B51EC110B53EC102B09F03A
:1089200097FE189A034619988C461A994CEC103BFE
:1089300002EBC20201EBC20181ED0A0B22991B91ED
:1089400000EBC100807909F0F7FD02461A980B464A
:108950001B9943EC102B01EBC10100EBC10181ED30
:108960000C0B229901EBC10100EBC10191ED0E0B43
:108970008DED1E0B229901EBC10100EBC10090EDC2
:10898000000B8DED1C0B1C981D991E9A1F9B09F066
:108990005DFF41EC100B51EC100B9FED750B53EC90
:1089A000102B0AF081F8002842D1FFE79DED1E0B45
:1089B0009FED751B51EC110B53EC102B09F046FF8A
:1089C00041EC110B9DED1C0B51EC110B53EC102BDA
:1089D00009F020FB024612980D920A460D9942ECCE
:1089E000111B219991ED140B229901EBC10100EBB0
:1089F000C100109090ED122B8DED0E2B51EC110B50
:108A000053EC102B09F024FE9DED0E0B53EC102BB4
:108A100041EC100B51EC100B09F0FCFA02461098D7
:108A200011920A46119942EC101B80ED120B8FE057
:108A30001C981D991E9A1F9B09F008FF41EC100B12
:108A400051EC100B9FED4C0B53EC102B0AF033F84C
:108A5000002844D1FFE79DED1C0B51EC100B9FED5E
:108A6000480B53EC102B09F0D5FA41EC110B9DED9E
:108A70001E0B51EC110B53EC102B09F0E7FE0246D4
:108A8000129807920A46079942EC111B219991ED21
:108A9000140B229901EBC10100EBC1000B9090ED8A
:108AA000122B8DED082B51EC110B53EC102B09F010
:108AB000CFFD9DED080B02460B4651EC100B43EC2D
:108AC000102B53EC102B09F0A5FA02460B980C92D0
:108AD0000A460C9942EC101B80ED120B37E09DED1D
:108AE0001C1B9DED1E0B51EC110B53EC102B09F0D0
:108AF000ADFE0246129801920A46019942EC111B02
:108B0000219991ED140B229901EBC10100EBC100F9
:108B1000059090ED122B8DED022B51EC110B53ECC7
:108B2000102B09F095FD9DED020B53EC102B41EC41
:108B3000100B51EC100B09F06DFA024605980692E5
:108B40000A46069942EC101B80ED120BFFE7FFE787
:108B500012989DED1C0B229901EBC10100EBC100A5
:108B600080ED100B24B080BD172751A246DF913F46
:108B700000000000008066C0000000000080664029
:108B800000000000008076C00000000000807640F9
:108B900080B588B00DF1280CCDF804C00690ADF872
:108BA000161004920393069800900790642100F039
:108BB00011FC0098019942F6E442C0F60102083225
:108BC0000260BDF81620A0F8662090305822F7F712
:108BD00099FC00208DF80B00FFE79DF80B000028A2
:108BE0000FDCFFE7009904989DF80B20805C11448E
:108BF00081F87000FFE79DF80B0001308DF80B0045
:108C0000EBE7009903984867079808B080BD00001B
:108C100080B584B003900291039800900298806818
:108C2000ADF8060000208DF80500FFE79DF805006F
:108C3000022847DCFFE7009ABDF80600B2F91E11D2
:108C40009DF805301A4492F838211144884232D1F7
:108C5000FFE7009800F590719DF805E001EBCE0369
:108C6000029AD2F800C0526841F83EC05A609DF89E
:108C7000053031F8332012BA120C21F833209DF858
:108C8000052001EBC2035A8812BA120C5A809DF8D3
:108C9000052001EBC202918809BA090C91809DF868
:108CA000051000F049F800989DF805100131C9B28F
:108CB00000F0C8FCFFE7FFE79DF8050001308DF8E4
:108CC0000500B3E704B080BD83B00290ADF8061094
:108CD000009202999DF8070001F5A071009A01EB3E
:108CE000420202F8020CBDF80600009A01EB4201B4
:108CF00001F8010C03B0704780B588B00790079960
:108D0000D1F83C01039008208DF81000D1F8400103
:108D1000D1F844110291019000208DF818008DF8CF
:108D2000190000F013FD00F035FE01680A6901A981
:108D3000904708B080BD000080B5A4B02390229178
:108D40002398129000F5AC71219100F59070199064
:108D50002299139130F9310009F0D7FB41EC110B46
:108D6000219890ED0A0B51EC110B53EC102B09F0EC
:108D70006FFC024612980B46139943EC102B0830F7
:108D80001A9001EBC10100EBC10181ED000B2299AA
:108D900001EBC10100EBC100149090ED000B51EC10
:108DA000100B9FEDD30B53EC102B09F051FC024636
:108DB00019980B46149943EC102B81ED020B229964
:108DC000159100EBC100B0F9020009F09EFB41ECE7
:108DD000110B219890ED0E0B51EC110B53EC102B55
:108DE00009F036FC159A034619988C461A994CECF2
:108DF000103B02EBC20201EBC20181ED040B229990
:108E0000169100EBC100B0F9020009F07EFB41ECC5
:108E1000110B219890ED0C0B51EC110B53EC102B16
:108E200009F016FC169A034619988C461A994CECD0
:108E3000103B02EBC20201EBC20181ED060B22994D
:108E4000179100EBC100B0F9040009F05EFB41ECA2
:108E5000110B219890ED120B51EC110B53EC102BD0
:108E600009F0F6FB179A034619988C461A994CECB0
:108E7000103B02EBC20201EBC20181ED080B22990B
:108E8000189100EBC100B0F9040009F03EFB41EC81
:108E9000110B219890ED100B51EC110B53EC102B92
:108EA00009F0D6FB189A034619988C461A994CEC8F
:108EB000103B02EBC20201EBC20181ED0A0B2299C9
:108EC0001B9100EBC100807909F036FB02461A982D
:108ED0000B461B9943EC102B01EBC10100EBC101C8
:108EE00081ED0C0B229901EBC10100EBC10191ED69
:108EF0000E0B8DED1E0B229901EBC10100EBC100A1
:108F000090ED000B8DED1C0B1C981D991E9A1F9B5C
:108F100009F09CFC41EC100B51EC100B9FED760B13
:108F200053EC102B09F0C0FD002842D1FFE79DED66
:108F30001E0B9FED771B51EC110B53EC102B09F01E
:108F400085FC41EC110B9DED1C0B51EC110B53EC0E
:108F5000102B09F05FF8024612980D920A460D99FF
:108F600042EC111B219991ED140B229901EBC101E7
:108F700000EBC100109090ED122B8DED0E2B51ECFB
:108F8000110B53EC102B09F063FB9DED0E0B53EC12
:108F9000102B41EC100B51EC100B09F03BF8024682
:108FA000109811920A46119942EC101B80ED120B99
:108FB0008FE01C981D991E9A1F9B09F047FC41ECFD
:108FC000100B51EC100B9FED4E0B53EC102B09F0D6
:108FD00072FD002844D1FFE79DED1C0B51EC100BF6
:108FE0009FED490B53EC102B09F014F841EC110BD9
:108FF0009DED1E0B51EC110B53EC102B09F026FCD0
:109000000246129807920A46079942EC111B2199D1
:1090100091ED140B229901EBC10100EBC1000B9003
:1090200090ED122B8DED082B51EC110B53EC102B06
:1090300009F00EFB9DED080B02460B4651EC100BA0
:1090400043EC102B53EC102B08F0E4FF02460B9876
:109050000C920A460C9942EC101B80ED120B37E083
:109060009DED1C1B9DED1E0B51EC110B53EC102BB9
:1090700009F0ECFB0246129801920A46019942EC73
:10908000111B219991ED140B229901EBC10100EB09
:10909000C100059090ED122B8DED022B51EC110BC0
:1090A00053EC102B09F0D4FA9DED020B53EC102B6E
:1090B00041EC100B51EC100B08F0ACFF0246059888
:1090C00006920A46069942EC101B80ED120BFFE750
:1090D000FFE712989DED1C0B229901EBC10100EBFB
:1090E000C10080ED100B24B080BD00BF00BF00BFE9
:1090F000172751A246DF913F00000000008066C0A4
:10910000000000000080664000000000008076C083
:10911000000000000080764080B588B00DF1280C7A
:10912000CDF804C00690ADF816100492039306988B
:1091300000900790642100F0A3FA0098019942F68C
:10914000F042C0F6010208320260BDF81620A0F815
:109150001E2100F5AC705822F7F7D4F900208DF8E5
:109160000B00FFE79DF80B0002280FDCFFE70099DA
:1091700004989DF80B20805C114481F83801FFE7CA
:109180009DF80B0001308DF80B00EBE70099039878
:10919000C1F83C01079808B080BD00000000000045
:1091A00080B5B8B03790ADF8DA103592349337986F
:1091B0001690BDF8DA0017903598189034981990E9
:1091C0001EA81A909FED160B9FED171B9FED182BF5
:1091D0009FED193B9FED1A4BFFF792F91A996846DC
:1091E00058221B921C911D901D981C991B9A51F896
:1091F000043B40F8043B043A1B921C911D90F3D1B0
:109200001698199B189A1799FFF786FF169842F639
:10921000FC41C0F601010831016038B080BD00BFDB
:1092200000000000000042407B14AE47E17A743F2A
:10923000000000000000D0400000000000002440BA
:10924000000000000000C04080B5B8B03790ADF815
:10925000DA103592349337981690BDF8DA001790EB
:1092600035981890349819901EA81A909FED160BF7
:109270009FED171B9FED182B9FED193B9FED1A4B90
:10928000FFF73EF91A99684658221B921C911D90CF
:109290001D981C991B9A51F8043B40F8043B043A72
:1092A0001B921C911D90F3D11698199B189A17992F
:1092B000FFF76EFC169842F60851C0F6010108311E
:1092C000016038B080BD00BF000000000000F03F2A
:1092D000333333333333D33F000000000000D0403A
:1092E0000000000000003440000000000000C0400A
:1092F00080B582B001908DF8031001989DF803109D
:1093000001EBC10100EBC10010ED100B51EC100B93
:1093100008F04EFE00EE100A02B080BD82B001904F
:109320008DF80310019A9DF8030000EBC00302EBD7
:10933000C301002042F83300486002B070470000CB
:1093400080B582B001908DF8031001989DF803104C
:1093500001EBC10100EBC10090ED000B51EC100BD3
:1093600008F026FE00EE100A02B080BD80B582B083
:1093700001908DF8031001989DF8031001EBC101D5
:1093800000EBC10010ED0C0B51EC100B08F010FEBF
:1093900000EE100A02B080BD80B584B003908DF855
:1093A0000B10039801909DF80B00012810DBFFE7DC
:1093B0009DF80B0001280BDCFFE701989DF80B10CE
:1093C00001EB810100EB81003C30FEF793FAFFE7EF
:1093D00004B080BD80B58EB00C900B910C980290BB
:1093E0000D9042F61451C0F6010101F10802014648
:1093F00041F8642B503003910490FFE704980190EA
:10940000FEF792FA0198039A00F11401084691427E
:109410000490F3D1FFE70299002081F864000A90DC
:10942000FFE70A9800281DDCFFE70B9905A8FEF767
:109430006DFA02980A9901EB810100EB8101059810
:10944000069A079BDDF820C0DDF824E0C1F860E053
:10945000C1F85CC08B654A650865FFE70A98013072
:109460000A90DEE70D980EB080BD000080B582B096
:1094700001908DF8031001989DF8031001EBC101D4
:1094800000EBC10090ED000B51EC100B08F090FDCB
:1094900000EE100A02B080BD80B582B001908DF858
:1094A000031001989DF8031001EBC10100EBC1000E
:1094B00010ED0C0B51EC100B08F07AFD00EE100AC9
:1094C00002B080BD80B584B003908DF80B10039876
:1094D00001909DF80B00012810DBFFE79DF80B00C1
:1094E00002280BDCFFE701989DF80B1001EB8101CE
:1094F00000EB81008430FEF7FDF9FFE704B080BD8A
:1095000080B58EB00C900B910C9802900D9042F6A5
:109510002051C0F6010101F10802014641F8C02BBB
:10952000983003910490FFE704980190FEF7FCF94E
:109530000198039A00F11401084691420490F3D176
:10954000FFE70299002081F8C0000A90FFE70A981F
:10955000012820DCFFE70B9905A8FEF7D7F9029850
:109560000A9901EB810100EB81010598069A079B9E
:10957000DDF820C0DDF824E0C1F8A8E0C1F8A4C0FF
:10958000C1F8A030C1F89C20C1F89800FFE70A9804
:1095900001300A90DBE70D980EB080BD80B582B037
:1095A00001908DF8031001989DF8031001EBC101A3
:1095B00000EBC10010ED100B51EC100B08F0F8FCA3
:1095C00000EE100A02B080BD82B001908DF8031049
:1095D000019A9DF8030000EBC00302EBC3010020D9
:1095E00042F83300486002B07047000080B582B096
:1095F00001908DF8031001989DF8031001EBC10153
:1096000000EBC10090ED000B51EC100B08F0D0FC0A
:1096100000EE100A02B080BD80B582B001908DF8D6
:10962000031001989DF8031001EBC10100EBC1008C
:1096300010ED0C0B51EC100B08F0BAFC00EE100A08
:1096400002B080BD80B584B003908DF80B100398F4
:1096500001909DF80B00012810DBFFE79DF80B003F
:1096600003280BDCFFE701989DF80B1001EB81014B
:1096700000EB8100CC30FEF73DF9FFE704B080BD80
:1096800080B58EB00C900B910C9902910D9142F621
:109690002C50C0F6010000F10802084640F8E02B0B
:1096A00001F58E7103910490FFE704980190FEF795
:1096B0003BF90198039A00F1140108469142049085
:1096C000F3D1FFE70299002081F81C010A90FFE71F
:1096D0000A98022820DCFFE70B9905A8FEF716F987
:1096E00002980A9901EB810100EB81010598069A25
:1096F000079BDDF820C0DDF824E0C1F8F0E0C1F8F8
:10970000ECC0C1F8E830C1F8E420C1F8E000FFE7A0
:109710000A9801300A90DBE70D980EB080BD00007A
:1097200081B00090009842F63851C0F6010108312E
:10973000016001B07047000081B00090FEDE0000C3
:1097400081B00090009801B07047000080B500F033
:1097500069F880BD84B002908DF8071002980090DF
:109760009DF80700022810D8FFE700989DF8071021
:1097700000EB8100806840B1FFE700989DF807107A
:1097800000EB81008068039003E0009814300390A0
:10979000FFE7039804B0704784B003908DF80B1076
:1097A0000192039800909DF80B0002280BD8FFE768
:1097B000019840B1FFE7009901989DF80B2001EB5B
:1097C00082018860FFE704B07047000080B584B074
:1097D00003900398019000200290FFE7029802286E
:1097E0001DD8FFE70198029900EB8100806888B1DD
:1097F000FFE7019808300090029950F821000168B5
:10980000896888470098029950F821000168C96862
:109810008847FFE7FFE7029801300290DEE704B0D7
:1098200080BD000080B582B040F2B850C2F20000A6
:109830000078BFF35F8FC00708BBFFE740F2B85066
:10984000C2F2000006F0DDFAC8B1FFE740F248704E
:10985000C2F20000019000F02BF8019949F65D106A
:10986000C0F6000040F20002C0F60002F6F700FE6B
:1098700040F2B850C2F2000006F0D9FAFFE740F219
:109880004870C2F200000079C00758B9FFE740F203
:109890004870C2F200000090FFF798FF0099012085
:1098A0000871FFE740F24870C2F2000002B080BDCC
:1098B00080B58AB0089008980590099000F07EF86D
:1098C000059942F66450C0F6010008300860002097
:1098D0000871886001F10C00143106910790FFE7D0
:1098E0000799069A002041F8040B08469142079018
:1098F000F6D1FFE705981430029041F28021C2F2C0
:109900000001002301931A4600F088F905983430CD
:10991000049041F2A821C2F200010E220123039318
:1099200000F07CF905980199029AFFF735FF059838
:109930000399049AFFF730FF09980AB080BD000030
:1099400080B582B001900198009000F007F800986F
:10995000542104F0A1FE02B080BD000080B584B0A7
:1099600003900398029042F66451C0F6010101F1A0
:109970000802014641F8142B0191343000F07CF9C3
:10998000019800F079F9029800F028F8029804B0E4
:1099900080BD000080B582B00190019801688A689E
:1099A0000021904702B080BD80B582B0019001983F
:1099B00001688A680121904702B080BD81B00090A3
:1099C000009842F67C51C0F601010831016001B0F7
:1099D0007047000081B00090FEDE000081B0009072
:1099E000009801B07047000080B58CB00B900B98C8
:1099F0000121099182680692C268059200220192B3
:109A0000029203920492079208910E210A914068F3
:109A100001A9F8F787FE0CB080BD000080B584B0C6
:109A2000009101460098039102900399019101F081
:109A3000E9FF30B1FFE700990198143003F0FEFF11
:109A4000FFE704B080BD000080B586B005900491AA
:109A5000059814300390039803F0C6FF0290039812
:109A600003F0B6FF0190FFE702A801A904F0CEFCC5
:109A700098B1FFE702A801F07FFD0090009801F087
:109A8000C1FF28B1FFE70098049901F0B1FFFFE79B
:109A9000FFE702A802F02EFAE6E706B080BD00005C
:109AA00080B582B001900198FFF79EFF02B080BDA3
:109AB00080B58CB00A9009910A9801904068F9F736
:109AC00039F820B9FFE700208DF82F003AE0099817
:109AD000007B07900998007D00F00100002818BF66
:109AE000042005900998407D00F00100002818BF6F
:109AF000022006900998006902900998007DC0072D
:109B000030B1FFE70998806804900020039005E0D9
:109B100009988068039000200490FFE701980021D5
:109B20008DF820104068099A03A902ABF8F74EFDA2
:109B300020B1FFE700208DF82F0003E001208DF811
:109B40002F00FFE79DF82F000CB080BD80B582B0DC
:109B50000190019800904068F9F796FC0098C06861
:109B600030B9FFE7009840680221F8F705FD0BE0E7
:109B70000098C068012806D1FFE7009840681021CE
:109B8000F8F7FAFCFFE7FFE702B080BD80B58CB0C4
:109B90000A9009910A9901914868C968F8F796FEF8
:109BA00020B9FFE700208DF82F0032E001994868C6
:109BB000C968099B02AAF8F7B3FE20B1FFE70020AD
:109BC0008DF82F0025E0049818B9FFE7029800905F
:109BD00002E003980090FFE701980099099A9160CC
:109BE0000699099A117304990439B1FA81F1490966
:109BF000099A117505990239B1FA81F14909099A51
:109C0000517509990268126A904701208DF82F005A
:109C1000FFE79DF82F000CB080BD000080B586B036
:109C2000059004910392029305980190FFF778FD47
:109C3000019842F69451C0F601010831016004997F
:109C40004160039981600299C16000210161143073
:109C500003F01AFF019806B080BD000080B582B005
:109C600001900198009000F007F80098202104F07E
:109C700013FD02B080BD000080B582B00190019854
:109C8000009042F69451C0F60101083140F8141BCF
:109C900003F00CFF0098FFF753FD009802B080BD61
:109CA00080B586B0049003910498019003980068F1
:109CB00020B1FFE70398808820B9FFE700208DF8E6
:109CC000170014E001984068039A11689288FCF725
:109CD000C9F88DF80B009DF80B0020B9FFE70120B3
:109CE0008DF8170003E000208DF81700FFE79DF8BE
:109CF000170006B080BD000080B584B003900291CB
:109D000003984068029901226423FCF70BF88DF850
:109D100007009DF80700B0FA80F0400904B080BD4C
:109D200080B586B004900391049801900398006870
:109D300020B1FFE70398808820B9FFE700208DF865
:109D4000170014E001984068039A11689288FCF7A4
:109D500081F98DF80B009DF80B0020B9FFE7012079
:109D60008DF8170003E000208DF81700FFE79DF83D
:109D7000170006B080BD000080B582B001908DF85C
:109D80000310019840680DF1030101226423FCF7E0
:109D9000C9F88DF802009DF80200B0FA80F0400981
:109DA00002B080BD80B584B003900291039800900A
:109DB00040680068006800F008010020B0EBD10F97
:109DC00016D0FFE7FFE7009800210191416809687C
:109DD0000968019140680068406801900198FFE7B8
:109DE00000984068029A11689288FBF7A9F9FFE78A
:109DF00004B080BD80B586B00490039104980190B2
:109E00000398006820B1FFE70398808820B9FFE736
:109E100000208DF8170014E001984068039A11683B
:109E20009288FBF78DF98DF80B009DF80B0020B997
:109E3000FFE701208DF8170003E000208DF81700E0
:109E4000FFE79DF8170006B080BD000080B584B024
:109E5000009101460098039102900399019101F04D
:109E6000E3FD30B1FFE7009901980C3003F084FF67
:109E7000FFE704B080BD000080B586B00590049176
:109E800005980C300390039803F04CFF0290039860
:109E900003F03CFF0190FFE702A801A904F0C2FA19
:109EA00098B1FFE702A801F073FB0090009801F061
:109EB000BBFD28B1FFE70098049901F0ABFDFFE777
:109EC000FFE702A802F026F8E6E706B080BD000032
:109ED00081B0009001B0704781B000900098406858
:109EE0000168C86840F02000C86001B070470000F9
:109EF00080B586B00490039104980190039800689F
:109F000020B1FFE70398808820B9FFE700208DF893
:109F1000170014E001984068039A11689288FBF7D3
:109F2000CDFF8DF80B009DF80B0020B9FFE7012055
:109F30008DF8170003E000208DF81700FFE79DF86B
:109F4000170006B080BD000080B586B00490039174
:109F5000049801900398006820B1FFE70398808877
:109F600020B9FFE700208DF8170010E00198406845
:109F7000039A11689288FCF7EBF88DF80B009DF8B6
:109F80000B00B0FA80F040098DF81700FFE79DF84C
:109F9000170006B080BD000080B584B00390029128
:109FA0000398019000F036F8019842F6C051C0F6CF
:109FB0000101083101600299416000210172417282
:109FC0008172C1720C3003F0FDFE019804B080BDB7
:109FD00080B582B001900198009000F007F80098D9
:109FE000182104F059FB02B080BD000080B582B09A
:109FF00001900198009042F6C051C0F6010108316D
:10A0000040F80C1B03F0F0FE009800F013F80098E5
:10A0100002B080BD81B00090009842F60461C0F6A5
:10A0200001010831016001B07047000081B000906B
:10A03000FEDE000081B00090009801B07047000083
:10A0400080B500F069F880BD84B002908DF80710EB
:10A05000029800909DF80700032810D8FFE70098A9
:10A060009DF8071000EB8100806840B1FFE7009881
:10A070009DF8071000EB81008068039003E00098D2
:10A0800018300390FFE7039804B0704784B0039042
:10A090008DF80B100192039800909DF80B00032897
:10A0A0000BD8FFE7019840B1FFE7009901989DF8B0
:10A0B0000B2001EB82018860FFE704B070470000CD
:10A0C00080B584B003900398019000200290FFE7D0
:10A0D000029803281DD8FFE70198029900EB810040
:10A0E000806888B1FFE7019808300090029950F825
:10A0F00021000168896888470098029950F821007A
:10A100000168C9688847FFE7FFE7029801300290BD
:10A11000DEE704B080BD000080B582B040F2BC50E4
:10A12000C2F200000078BFF35F8FC00708BBFFE7F3
:10A1300040F2BC50C2F2000005F063FEC8B1FFE778
:10A1400040F29C70C2F20000019000F02BF80199DF
:10A150004AF27D20C0F6000040F20002C0F6000284
:10A16000F6F786F940F2BC50C2F2000005F05FFE3F
:10A17000FFE740F29C70C2F200000079C00758B9B6
:10A18000FFE740F29C70C2F200000090FFF798FFDA
:10A19000009901200871FFE740F29C70C2F20000B4
:10A1A00002B080BD80B58AB00890089805900990EB
:10A1B00000F088F8059942F64860C0F601000830C2
:10A1C000086000200871886001F10C0018310691C8
:10A1D0000790FFE70799069A002041F8040B08460C
:10A1E00091420790F6D1FFE705981830019041F2AF
:10A1F0001C61C2F20001FFF7CFFE059830300290DB
:10A2000041F26461C2F20001FFF7C6FE05984830D2
:10A21000039041F2F461C2F20001FFF7BDFE059820
:10A220006030049041F2AC61C2F20001FFF7B4FE6D
:10A230000598019A0021FFF729FF029A059801214C
:10A24000FFF724FF039A05980221FFF71FFF0598E7
:10A25000049A0321FFF71AFF09980AB080BD000095
:10A2600080B582B001900198009000F007F8009846
:10A27000782104F011FA02B080BD000080B584B0EE
:10A2800003900398029042F64861C0F6010101F183
:10A290000802014641F8182B01916030FFF7A6FE35
:10A2A00002984830FFF7A2FE02983030FFF79EFE7A
:10A2B0000198FFF79BFE029800F014F8029804B092
:10A2C00080BD000081B00090009842F66061C0F649
:10A2D00001010831016001B07047000081B00090B9
:10A2E000FEDE000081B00090009801B070470000D1
:10A2F00080B584B0029001910298009001F0E4F8DA
:10A3000020B1FFE700208DF80F0015E00098D0F88D
:10A310000414415C019A1170D0F8041401316FF3F8
:10A320009F21C0F8041400F58160002101F07AFE3D
:10A3300001208DF80F00FFE79DF80F0004B080BDED
:10A3400080B584B0029001910298009001F07CF8F1
:10A3500020B1FFE700208DF80F0015E0009801996B
:10A360000978D0F800248154D0F8001401316FF33B
:10A370009F21C0F8001400F58160002101F05EFE0D
:10A3800001208DF80F00FFE79DF80F0004B080BD9D
:10A3900080B582B00190019800900021C0F80014AF
:10A3A000C0F8041400F5816003F0E6F9009802B0EB
:10A3B00080BD000080B5CAB001904991489248988C
:10A3C000062804D8FFE7019803F004FF73E04998DA
:10A3D0000078AA2805D1FFE749984078BB2804D027
:10A3E000FFE7019803F0F6FE65E006A800F01CFC0C
:10A3F000499880788DF81A004998C0788DF81B002C
:10A40000499800798DF81C009DF81B0007300590D5
:10A4100048980599884204D2FFE7019803F0DAFED4
:10A4200049E09DF81B00012813DBFFE79DF81B00A6
:10A43000B0F5807F04DBFFE7019803F0CBFE3AE044
:10A4400006A80530499905319DF81B20F6F715F847
:10A45000FFE749994898084410F8020C8DF811005C
:10A4600049994898084410F8010C8DF810009DF89F
:10A4700011109DF8100040EA0120ADF80E00499837
:10A480004899023989B200F037F9ADF80C00BDF8EF
:10A490000C00BDF80E10884204D0FFE7019803F0CD
:10A4A00099FE08E00198BDF80E10ADF81C1106A940
:10A4B00003F09AFEFFE74AB080BD000080B5C8B047
:10A4C00001904A9847918DF81B2145934798029037
:10A4D0000DF10E0000F0A8FB029A1078411C1170DB
:10A4E0008DF810009DF81B018DF812004A98B0F508
:10A4F000807F0AD3FFE7FF228DF811200DF10E00B7
:10A5000005304599F5F7B9FF0AE04A988DF8110032
:10A510000DF10E00053045994A9AF5F7AEFFFFE7B9
:10A5200001980DF10E0100F003F848B080BD000065
:10A5300080B582B00090019100F08CFB0099002062
:10A54000C1F8080101980078D1F80821531CC1F81E
:10A550000831885401984078D1F80821531CC1F87B
:10A560000831885401988078D1F80821531CC1F82B
:10A57000083188540198C078D1F80821531CC1F8DB
:10A580000831885401980079D1F80821531CC1F88A
:10A59000083188540198C078012812DBFFE7009841
:10A5A000D0F808110844019A511DD278F5F765FFDB
:10A5B00000990198C278D1F808011044C1F8080147
:10A5C000FFE70098D0F8080148B1FFE70098B0F81D
:10A5D000081100F091F80199A1F80401FFE7009932
:10A5E000019890F80501D1F80821531CC1F80831F1
:10A5F00088540198B0F80401D1F80821531CC1F81F
:10A600000831885402B080BD81B0009000980021CC
:10A61000017001B07047000080B584B003908DF8E0
:10A620000B100192009303989DF80B10019A009B68
:10A6300000F0F4F904B080BD80B582B00190ADF8AF
:10A640000210019800F58360BDF8021000F088F94F
:10A6500002B080BD80B582B00190019800F0AAFAE6
:10A6600002B080BD80B588B007900691079800F5CC
:10A670008360009002A8019003F074FD0098019996
:10A6800000F098F9019803F085FD08B080BD000046
:10A6900080B582B00190019800F5836000F074F8F5
:10A6A00002B080BD80B582B001900198009000F0AA
:10A6B00091FA009800F5836000F086F902B080BD41
:10A6C00080B582B00190019800F5836000F02CF90C
:10A6D00002B080BD80B584B00390029103980190D0
:10A6E000029900F07FFA019800F58360029900F06A
:10A6F00081F9019804B080BD84B00390ADF80A10D0
:10A700004FF6FF70ADF808000020ADF80600FFE737
:10A71000BDF80600BDF80A10884230DAFFE703985A
:10A72000BDF80610415CBDF808004840ADF80800CF
:10A7300000200090FFE70098072819DCFFE7BDF82C
:10A740000800C00748B1FFE7BDF808104AF2010051
:10A7500080EA5100ADF8080005E0BDF808004008A7
:10A76000ADF80800FFE7FFE7009801300090E2E74E
:10A77000FFE7BDF806000130ADF80600C8E7BDF8F8
:10A78000080004B07047000080B584B003900398BF
:10A7900000F1140101914FF48071ADF808100068C8
:10A7A00001688A6A01A9904704B080BD80B5D6B01F
:10A7B00054905498079000F58A7000F03BFE0628EC
:10A7C00004D8FFE700208DF85701A9E0079800F5AD
:10A7D0008A70069000210DF24F1200F045FE069897
:10A7E00001210DF5A77200F03FFE9DF84F01AA2848
:10A7F00005D1FFE79DF84E01BB2813D0FFE707986E
:10A8000000F58A7005900DF24D11FFF771FD059866
:10A8100000F010FE01460020062988BF01208DF8B7
:10A8200057017DE0079800F58A700490032153AA30
:10A8300000F01AFE04989DF84C110731529100F077
:10A84000F9FD5299884204D2FFE700208DF85701A4
:10A8500066E052994FA803F0C1FB00204E90FFE73D
:10A860004E985299884213D2FFE7079800F58A70F4
:10A8700003904E9902914FA803F0F2FB0299024611
:10A88000039800F0F1FDFFE74E9801304E90E7E7A6
:10A890004FA803F07BFB0146529A0CA80190FFF7EA
:10A8A00089FD019800F024FF50B3FFE700200A90D3
:10A8B000FFE70A98529988420CD2FFE7079800F503
:10A8C0008A700DF12F01FFF713FDFFE70A980130A1
:10A8D0000A90EEE70798043001F0B8F858B1FFE7A6
:10A8E0000798043000900CA801F0D0F801460098B9
:10A8F00001F0A2F8FFE701208DF8570109900BE065
:10A90000079800F58A700DF12301FFF7F1FC012093
:10A910008DF857010990FFE74FA803F091FBFFE77F
:10A920009DF8570156B080BD80B584B00390039860
:10A93000009000680168896B8847406C70B1FFE740
:10A94000009800F1140101914FF48071ADF80810E6
:10A95000006801684A6B01A99047FFE704B080BD19
:10A9600080B584B00390ADF80A10039801900020E0
:10A97000ADF80800FFE7BDF80800BDF80A108842EE
:10A9800010DAFFE7019901F58A70BDF8082011443B
:10A990001431FFF7D5FCFFE7BDF808000130ADF832
:10A9A0000800E8E70198FFF7EFFE019800F00CF8C7
:10A9B00004B080BD80B582B0019000910198043050
:10A9C00003F0F2FB02B080BD80B584B00390039821
:10A9D000019001208DF80B00FFE79DF80B00C007E8
:10A9E00030B1FFE70198FFF7E1FE8DF80B00F4E7C7
:10A9F00004B080BD80B584B00390029103980190AB
:10AA0000029940F8041B03F0A3FB019800F58A703B
:10AA1000FFF7BEFC019804B080BD000080B5D2B045
:10AA200051908DF843114F924E9351980390011D10
:10AA30009DF843214F9B4E98EC46CCF800000BA8A4
:10AA40000690FFF73BFD039800218DF82B1008308E
:10AA5000049000F033FD01460498059100F0EAFCF3
:10AA6000059902460698891A079100F03BFD0146B8
:10AA70000798884221D3FFE70BA800F0E5F809907A
:10AA800000200890FFE7089802900BA800F02AFD2C
:10AA90000146029888420CD2FFE7039808300999D2
:10AAA000089A1144FFF74CFCFFE708980130089022
:10AAB000E9E701208DF82B00FFE79DF82B00C00788
:10AAC00020B1FFE7039800F007F8FFE79DF82B009F
:10AAD00000F0010052B080BD80B588B007900798A3
:10AAE000019000218DF81B1000F214400DF11B01A4
:10AAF0000122052301F028FA08B9FFE757E0019881
:10AB0000083000F0E1FC38B1FFE7019800F2144092
:10AB1000002102F01DFE4AE000200590FFE70198A9
:10AB2000083000F0D1FC01460020009041B9FFE759
:10AB300005990020B1F5807F38BF01200090FFE724
:10AB40000098C00788B1FFE7019808300DF11301A4
:10AB5000FFF7CEFB9DF81300059A511C059140F6B6
:10AB60001401C2F200018854D9E70598C0B1FFE78B
:10AB7000019840F61401C2F2000102910599ADF866
:10AB80000C10006801680A6A02A9904738B9FFE70B
:10AB9000019800F21440002102F0DAFDFFE706E020
:10ABA000019800F21440002102F0D2FDFFE708B046
:10ABB00080BD000080B582B001900198009000F245
:10ABC0001440002102F0C4FD0098FFF785FF02B099
:10ABD00080BD000080B582B001900198FFF77CFF36
:10ABE00002B080BD80B586B00590049105980390B1
:10ABF000049A014641F8082B01910430FFF704FD47
:10AC00000198FFF7C5FB039800F214400021029160
:10AC100002F08EFD0398029900F2154002F088FDC3
:10AC2000039806B080BD000081B00090009800211C
:10AC30008170C1700171A0F80411AA210170BB21BB
:10AC4000417001B07047000081B00090009801B0E1
:10AC50007047000081B0009000980021C0F80811F2
:10AC600001B0704780B582B0019041F27C70C2F2B1
:10AC70000000FCF71FFD41F2BC70C2F20000FCF7BF
:10AC800019FD41F63C00C2F20000FCF713FD41F251
:10AC90003C70C2F20000FCF70DFD41F6BC00C2F2B0
:10ACA0000000FCF707FD41F2FC70C2F20000FCF767
:10ACB00001FD41F67C00C2F20000FCF7FBFC02B093
:10ACC00080BD000080B584B0039040F2C050C2F255
:10ACD00000000078BFF35F8FC007D0B9FFE740F2F4
:10ACE000C050C2F2000005F08CF890B1FFE7FEF70B
:10ACF0002DFD01688A680021904740F61411C2F2C8
:10AD00000001086040F2C050C2F2000005F08FF868
:10AD1000FFE740F2C450C2F200000078BFF35F8F3B
:10AD2000C007D0B9FFE740F2C450C2F2000005F0FE
:10AD300068F890B1FFE7FEF709FD01688A68012114
:10AD4000904740F61811C2F20001086040F2C4506A
:10AD5000C2F2000005F06BF8FFE7FFE740F2983021
:10AD6000C2F200000121FEF7C3FAB5EE400AF1EE8F
:10AD700010FA40D0FFE740F2E810C2F200000121D3
:10AD8000FEF70CFCB5EE400AF1EE10FA33D0FFE707
:10AD900040F2E810C2F200000221FEF7FFFBB5EE20
:10ADA000400AF1EE10FA26D0FFE740F2E810C2F2B6
:10ADB00000000321FEF7F2FBB5EE400AF1EE10FAB7
:10ADC00019D0FFE740F29830C2F200000121019152
:10ADD000FEF7A4FA019940F2E810C2F200000290D6
:10ADE000FEF7F2FB02980221FEF7EEFB0298032128
:10ADF000FEF7EAFB00E0B1E704B080BD80B588B0A3
:10AE0000079040F28040C2F20000029001210391BD
:10AE1000FEF72CFB8DED060A40F29830C2F20000DE
:10AE20000321FEF78DFA02988DED050A069940F28E
:10AE3000E862C2F20002D160059911610221FEF7B9
:10AE40002BFBF0EE400A41F23C70C2F20000019090
:10AE50009FED0F0A8DED040AFCF73AFC0198FCF710
:10AE600013FD02980399DDED041A41F26822C2F243
:10AE7000000292ED001A30EE012AB0EE610AF0EE07
:10AE8000610AB0EE611AFDF737F808B080BD00BF67
:10AE9000000000000000000080B588B0079040F27C
:10AEA000E810C2F2000004900121FEF79FFB10EEB3
:10AEB000100A07F0B9FD41EC100B51EC100B9FED9F
:10AEC000340B53EC102B07F0C3FB41EC100B51EC8F
:10AED000100B07F06DF801460498069103210291CA
:10AEE000FEF784FB04988DED050A069940F2E862AE
:10AEF000C2F200025161059991610221FEF78CFBBB
:10AF0000F0EE400A41F2FC70C2F2000001909FEDA9
:10AF1000220A8DED000AFCF7DBFB02990498FEF78C
:10AF20007BFBF0EE400A9DED000A41F67C00C2F288
:10AF300000000390FCF7CCFB0198FCF7A5FC029AFB
:10AF4000049841F27421C2F2000191ED001A30EE32
:10AF5000010ABDEEC00A10EE101AFDF7B5FE039807
:10AF6000FCF792FC049841F27C21C2F2000191EDC1
:10AF7000001A30EE010ABDEEC00A10EE101A0422CB
:10AF8000FDF7A2FE0498FDF7B7FE08B080BD00BF34
:10AF9000000000000000E03F0000000080B592B01B
:10AFA00011901198029040F28040C2F2000005908A
:10AFB00002210B91FEF75AFA8DED100A40F29830FB
:10AFC000C2F200000C9001210991FEF7B9F90B992A
:10AFD0008DED0F0A40F2E810C2F200000D90FEF76E
:10AFE00005FB02988DED0E0A41F6FC01C2F200014C
:10AFF000019191ED000AF2EE040A9FED4C1ADFED8B
:10B000004C1A00F0A5F80199029841F26C22C2F2A4
:10B010000002049282ED000A91ED010AF3EE030AA8
:10B020009FED441ADFED441A00F092F80598099953
:10B0300041F27022C2F20002089282ED000A109AD8
:10B0400040F2E863C2F200031A600F9A5A600E9A47
:10B050009A60FEF721FAF0EE400A41F27C70C2F2EB
:10B06000000003909FED350A8DED060AFCF730FBDA
:10B0700009990C98FEF77AF9F0EE400A9DED060A60
:10B0800041F2BC70C2F200000790FCF721FB0B9963
:10B090000D98FEF7C1FAF0EE400A9DED060A41F662
:10B0A0003C00C2F200000A90FCF712FB0398FCF788
:10B0B000EBFB049A0598DDED061A0B9992ED001A48
:10B0C00030EE012AB0EE610AF0EE610AB0EE611ACC
:10B0D000FCF712FF0798FCF7D7FB0899099A0C9820
:10B0E00091ED001A30EE010ABDEEC00A10EE101A02
:10B0F000FDF72EFB0A98FCF7C7FB0B9A0D9841F25F
:10B100007821C2F2000191ED001A30EE010ABDEE85
:10B11000C00A10EE101AFDF7D7FD0C98FDF730FBB2
:10B120000D98FDF7E9FD12B080BD00BF3333333F0A
:10B130008FC2F53DCDCC4C3F9A99993E000000005E
:10B1400080B582B001900198FFF78CFD02B080BD00
:10B1500086B005908DED040ACDED030A8DED021A3F
:10B16000CDED011A9DED040A9DED031A9DED022A15
:10B1700021EE021A9DED012A21EE021A80EE010A4B
:10B180008DED000A9DED000A06B0704781B0009079
:10B1900001B0704780B582B00190019800900078AE
:10B1A000C00750B9FFE70098FFF7F8FE0098FFF7D7
:10B1B00025FE0098FFF770FE03E00098FFF7E6FF1A
:10B1C000FFE702B080BD000080B584B00390FEF7B9
:10B1D00037FF01688A6802219047029042F6A44135
:10B1E000C0F60101086849680191009004B080BD73
:10B1F00081B00090009801B07047000080B586B023
:10B200000590059939200A4602F81C0F01924877EB
:10B210000868C1F81E004868C1F822008868C1F8B3
:10B220002600C868C1F82A000869C1F82E004869DC
:10B23000C1F832008869C1F83600FEF701FF0168E5
:10B240008A680121904701460198049102903A20B2
:10B25000ADF80C00049801680A6A02A9904706B08C
:10B2600080BD000081B00090009800210160416025
:10B270008160C16001614161816101B0704700007E
:10B2800086B00590049103928DF80B300020ADF844
:10B2900008000399C9080191039901F007018DF88D
:10B2A00003108DF80200FFE79DF802009DF80B10D7
:10B2B00088422DDAFFE704980199405C9DF803105D
:10B2C000C84000F001008DF801009DF801009DF8D4
:10B2D000021000FA01F1BDF808000843ADF80800BB
:10B2E0009DF8030001308DF803009DF80300082845
:10B2F00007D1FFE700208DF803000198013001908D
:10B30000FFE7FFE79DF8020001308DF80200CBE770
:10B31000BDF8080006B0704782B001908DF80310A8
:10B320009DF80300002818BF012002B070470000FC
:10B3300082B001908DF803108DF802209DF8030073
:10B340009DF8021040EA012000B202B070470000F0
:10B3500080B584B00390ADF80A10BDF80A00ADF8CE
:10B3600008004FF4B670ADF8060002A80DF1060112
:10B3700002F0F8F840F29461ADF8041001A902F06F
:10B3800031F9B0F9000004B080BD000081B0009038
:10B390000098807A01B0704781B000900098C07A20
:10B3A00001B0704784B003908DF80B1003980090A3
:10B3B0009DF80B100020022901900BD8FFE70098A0
:10B3C0009DF80B1000EB81008068002818BF012059
:10B3D0000190FFE7019800F0010004B07047000001
:10B3E00081B000900098406801B0704781B0009033
:10B3F0000098406801B0704784B003908DF80B103E
:10B40000039800909DF80B100020032901900BD8A1
:10B41000FFE700989DF80B1000EB81008068002882
:10B4200018BF01200190FFE7019800F0010004B06F
:10B430007047000080B582B00190019800F58160EE
:10B4400000F0B8F802B080BD80B582B001900198DC
:10B4500000F5816000F0AEF8A0F58060B0FA80F0F1
:10B46000400902B080BD000080B588B0069005910B
:10B470000492069801900599029100F5816000F010
:10B4800099F801460298884204D3FFE700208DF81E
:10B490001F000FE00198D0F80414059A11446FF3CF
:10B4A0009F2103910399405C0499087001208DF855
:10B4B0001F00FFE79DF81F0008B080BD81B000901D
:10B4C0004FF4806001B0704780B582B00190019860
:10B4D00000F5816000F06EF8B0FA80F0400902B02B
:10B4E00080BD000081B000900098D0F8080101B044
:10B4F0007047000080B582B0019000910198826889
:10B500000099904702B080BD81B000900098C0685B
:10B51000017A0120884301B07047000080B582B0F5
:10B5200001900091019882680099904702B080BD17
:10B5300081B000900098C068017A0120884301B072
:10B540007047000080B582B0019000910198826838
:10B550000099904702B080BD81B000900098C0680B
:10B56000017A0120884301B07047000081B000904B
:10B570000098006801B0704781B0009000980068A2
:10B5800001B0704781B000900098006801B070472A
:10B5900081B000900098006801B0704780B582B01B
:10B5A00001908DF8031001989DF8031001F000F848
:10B5B00002B080BD80B582B0019001980521FFF7EF
:10B5C000EDFF02B080BD000080B582B0019001980F
:10B5D000009000F007F8009900680968401A00110F
:10B5E00002B080BD80B582B0019001980C3000F0AF
:10B5F0002BF802B080BD000080B582B001900198A8
:10B60000009000F007F8009900680968401A0011DE
:10B6100002B080BD80B582B0019001980C3000F07E
:10B620002BF802B080BD000080B582B00190019877
:10B6300000F04CF802B080BD80B582B00190019856
:10B6400000F032F802B080BD80B582B00190019860
:10B6500000F03CF802B080BD80B582B00190019846
:10B6600000F03AF802B080BD80B582B00190019838
:10B6700000F020F802B080BD80B582B00190019842
:10B6800000F02AF802B080BD80B582B00190019828
:10B6900000F028F802B080BD80B582B0019001981A
:10B6A00000F00EF802B080BD81B00090009801B0AB
:10B6B0007047000081B00090009801B07047000012
:10B6C00081B00090009801B07047000081B00090F8
:10B6D000009801B07047000081B00090009801B060
:10B6E0007047000081B00090009801B070470000E2
:10B6F00081B00090009890F8060100F0010001B0C0
:10B700007047000083B0029001910092019890ED83
:10B71000000A009890ED001A0020B4EE410AF1EE04
:10B7200010FAB8BF012003B07047000083B0029048
:10B7300001910092019801680098026800209142EE
:10B7400038BF012003B0704783B00290019100928E
:10B750000198B0F900100098B0F900200020914243
:10B76000B8BF012003B0704780B588B0069005913E
:10B770000698019000F058F80490059804998842C2
:10B7800003D9FFE7019800F025F8019800F03EF892
:10B79000039003980499B0EB510F03D3FFE704988B
:10B7A000079009E003984000029002A805A901F063
:10B7B000B9FE00680790FFE7079808B080BD000059
:10B7C00082B00190009102B07047000081B00090FB
:10B7D00001B0704782B0019043F25700C0F60100FB
:10B7E00001F020F881B00090009801684068401A8C
:10B7F000001101B07047000080B582B0019001983F
:10B800000830FFF719FF02B080BD000080B582B09C
:10B8100001900198009000F01BF8009900680968F9
:10B82000401A001102B080BD80B584B00390039827
:10B83000FFF7E2FF00F07AFD029000F04BFD01906F
:10B8400002A801A901F0AEFE006804B080BD0000AE
:10B8500080B582B0019001980830FFF7E5FE02B094
:10B8600080BD000080B588B00690059106980190D3
:10B8700000F058F8049005980499884203D9FFE72E
:10B88000019800F025F8019800F03EF80390039825
:10B890000499B0EB510F03D3FFE70498079009E038
:10B8A00003984000029002A805A901F03BFE006841
:10B8B0000790FFE7079808B080BD000082B00190B4
:10B8C000009102B07047000081B0009001B0704755
:10B8D00082B0019043F25700C0F6010000F0A2FFD1
:10B8E00081B00090009801684068401A001101B0D2
:10B8F0007047000080B582B0019001980830FFF7D2
:10B90000B3FE02B080BD000080B582B00190019806
:10B91000009000F01BF8009900680968401A0011B7
:10B9200002B080BD80B584B003900398FFF7E2FFBA
:10B9300000F032FD029000F0CDFC019002A801A9B8
:10B9400001F030FE006804B080BD000080B582B018
:10B95000019001980830FFF77FFE02B080BD000023
:10B9600082B00190009102B07047000081B0009059
:10B9700001B0704782B0019043F25700C0F6010059
:10B9800000F050FF80B582B0019001980830FFF7B9
:10B9900083FE02B080BD000080B582B001900198A6
:10B9A000009000F01BF8009900680968401A02B086
:10B9B00080BD000080B584B003900398FFF7E2FFDC
:10B9C00000F020FD029000F085FC019002A801A982
:10B9D00001F0E8FD006804B080BD000080B582B0D1
:10B9E000019001980830FFF74FFE02B080BD0000C3
:10B9F00080B582B00190009101980099FFF77AFD1F
:10BA000002B080BD80B582B001900198FFF77CFD47
:10BA100002B080BD80B582B001900091019800997C
:10BA2000FFF77CFD02B080BD80B582B00190019827
:10BA3000FFF77EFD02B080BD80B582B0019000911D
:10BA400001980099FFF77EFD02B080BD80B582B0FD
:10BA500001900198FFF780FD02B080BD81B0009099
:10BA60006FF0704001B0704781B000906FF070408F
:10BA700001B0704781B000904FF0FF3001B07047C7
:10BA800081B00090009801B07047000080B582B08E
:10BA9000019001980090FFF72BFE10B9FFE701F02D
:10BAA000C9F90098FFF7ECFF02B080BD81B00090AB
:10BAB000012001B07047000081B00090012001B06A
:10BAC0007047000080B584B0029001910298039005
:10BAD000019A116852684260016001998968816029
:10BAE0000199C968C160C068406858B1FFE700F0BB
:10BAF000D7F90199C860684600F048F901990098A3
:10BB00008860FFE7039804B080BD000080B584B072
:10BB100002900191029800900390019A1168526876
:10BB2000426001600199896881600199C968C160BA
:10BB3000C068006848B1FFE70098C06801680198D4
:10BB40000068884700990860FFE7039804B080BD4B
:10BB500080B584B00290029801900390C06840685C
:10BB600030B1FFE701990868C96849688847FFE76D
:10BB7000039804B080BD000080B584B002900191AC
:10BB800002980390019A116852684260016001991D
:10BB9000896881600199C968C160C068406858B10E
:10BBA000FFE700F07DF90199C860684600F01EF9D2
:10BBB000019900988860FFE7039804B080BD0000F9
:10BBC00080B584B002900191029800900390019A90
:10BBD0001168526842600160019989688160019929
:10BBE000C968C160C068006848B1FFE70098C068D4
:10BBF000016801980068884700990860FFE703988A
:10BC000004B080BD80B586B0049003910498019083
:10BC10000590083000F0EAF800F042F90199C86098
:10BC20000398FFF743FF78B1FFE700F0CBF80199E5
:10BC300002900298886000F049F901460198C160BD
:10BC4000039900F00DF9FFE7059806B080BD0000EC
:10BC500080B584B00290029801900390C06840685B
:10BC600030B1FFE701990868C96849688847FFE76C
:10BC7000039804B080BD000080B584B003900291A9
:10BC80000398019008300299083101F0CBFC01982B
:10BC90000C3002990C3101F0EBFC0198029901F093
:10BCA000D1FC04B080BD000080B584B00290019149
:10BCB000029800900390019A1168526842600160F6
:10BCC0000199896881600199C968C160C06800688C
:10BCD00048B1FFE70098C06801680198006888478C
:10BCE00000990860FFE7039804B080BD80B582B07A
:10BCF000019001980090083000F0A8F800F0D0F80A
:10BD000001460098C16002B080BD000080B586B0D9
:10BD100004900391049801900590083000F096F883
:10BD200000F0BEF80199C8600398FFF7C5FE78B12E
:10BD3000FFE700F077F8019902900298886000F020
:10BD4000CBF801460198C160039900F099F8FFE72C
:10BD5000059806B080BD000080B584B002900298BE
:10BD600001900390C068406830B1FFE7019908680E
:10BD7000C96849688847FFE7039804B080BD0000A0
:10BD800082B00190009101F00DF8000081B00090A8
:10BD900000984BF68151C0F60001016001B0704778
:10BDA00080B584B0039002910398019001980299A4
:10BDB00000F05CF804B080BD82B00190009100F00A
:10BDC000F1FF000080B582B04BF6A151C0F6000132
:10BDD00001A800F003F8019802B080BD82B0019084
:10BDE000009101980099016002B0704781B0009005
:10BDF00000984BF6B951C0F60001016001B07047E0
:10BE000080B584B003900291039801900198029943
:10BE100000F03CF804B080BD82B00190009100F0C9
:10BE2000C1FF000080B582B04BF60161C0F6000191
:10BE300001A800F003F8019802B080BD82B0019023
:10BE4000009101980099016002B0704781B00090A4
:10BE500000984BF61961C0F60001016001B070470F
:10BE600082B001900091019802B0704780B582B015
:10BE7000019000910198009900F0E2FF02B080BDAE
:10BE800082B001900091019802B0704780B582B0F5
:10BE9000019000910198009900F0DCFF02B080BD94
:10BEA00042F67860C0F601007047000081B042F6AB
:10BEB0008860C0F6010001B07047000081B042F612
:10BEC0009860C0F6010001B07047000080B582B0F4
:10BED000FFF7ECFF02B080BD80B582B0FFF7EEFF48
:10BEE00002B080BD82B0019000910198009901607C
:10BEF00002B0704781B00090009801681031016075
:10BF000001B0704782B001900091019800990160E2
:10BF100002B0704781B00090009801681031016054
:10BF200001B0704781B00090009801B070470000E8
:10BF300081B00090009801B07047000081B000907F
:10BF4000009801B07047000080B584B00390029162
:10BF50008DF807208DF80630039802999DF8063079
:10BF60009DF80720EC46CCF8003002F0010201F009
:10BF70004DF804B080BD000080B582B001908DF80E
:10BF800003108DF8022001989DF802209DF80310FF
:10BF900001F0010100F04AFB02B080BD80B584B021
:10BFA00003908DF80B10039801909DF80B1001F091
:10BFB000010100F0E1FA019804B080BD80B584B0C1
:10BFC0000390029103980190029900F0E5FA01981C
:10BFD00004B080BD80B584B0039002918DF8072035
:10BFE000039802999DF8072000F0C2FC04B080BDC0
:10BFF00080B584B0039002918DF8072003980299D0
:10C000009DF8072000F074FD04B080BD80B584B0B9
:10C0100003900291039801900299FFF7CFFF0198D6
:10C0200004B080BD80B582B00190009101980121DB
:10C030000522FFF7DDFF02B080BD000080B582B0B1
:10C0400001900091019801210522FFF7C3FF02B082
:10C0500080BD000080B584B00390029103980299DE
:10C0600000F002F804B080BD80B586B00490039162
:10C0700004980290FFE702990398896888420FD0DC
:10C08000FFE7029800F018F80299019088681038CC
:10C090008860FFF747FF0146019800F03DF9EAE7A5
:10C0A00006B080BD80B582B0019001984168FFF76D
:10C0B000D1FF02B080BD000080B582B00190019830
:10C0C0000C3000F0D9F902B080BD000080B582B01C
:10C0D000019001980C3000F0C7F902B080BD00005B
:10C0E00080B58AB008900791069205930898019050
:10C0F00009900C3000210491059A04A900F0C6F9BA
:10C10000079820B9FFE70199002008600DE0019829
:10C11000FFF7D2FF0146079A02A800F0D5FA01996D
:10C120000298086003980790FFE701980168069A53
:10C1300001EB0211816041600168079A01EB021175
:10C140000091FFF7C3FF01460098086009980AB004
:10C1500080BD000080B586B00490049803900590DF
:10C16000FFF7A0FF0398006880B1FFE70398FFF78F
:10C17000A3FF01460398029101680191FFF724FA99
:10C1800001990246029800F0BBF8FFE7059806B057
:10C1900080BD000080B584B003900291039802999D
:10C1A00000F002F804B080BD80B586B00490039121
:10C1B00004980290FFE702990398896888420FD09B
:10C1C000FFE7029800F018F802990190886810388B
:10C1D0008860FFF7ADFE0146019800F0D3F8EAE76A
:10C1E00006B080BD80B582B0019001984168FFF72C
:10C1F000D1FF02B080BD000080B582B001900198EF
:10C200000C3000F07DF902B080BD000080B582B036
:10C21000019001980C3000F06BF902B080BD000075
:10C2200080B58AB00890079106920593089801900E
:10C2300009900C3000210491059A04A900F06AF9D4
:10C24000079820B9FFE70199002008600DE00198E8
:10C25000FFF7D2FF0146079A02A800F045FA0199BC
:10C260000298086003980790FFE701980168069A12
:10C2700001EB0211816041600168079A01EB021134
:10C280000091FFF7C3FF01460098086009980AB0C3
:10C2900080BD000080B586B004900498039005909E
:10C2A000FFF7A0FF0398006880B1FFE70398FFF74E
:10C2B000A3FF01460398029101680191FFF79CF9E1
:10C2C00001990246029800F051F8FFE7059806B080
:10C2D00080BD000080B500F00FFD80BD81B00090F2
:10C2E000009801B07047000081B00090009801B044
:10C2F0007047000081B00090009801B070470000C6
:10C3000080B584B003900291019203980299019A3A
:10C3100001F076FF04B080BD80B582B0019000913D
:10C320000198009901F07AFF02B080BD80B582B01B
:10C3300001900198FFF792FB02B080BD80B584B0F8
:10C3400003900291019203980299019A01F088FFEB
:10C3500004B080BD80B584B003900291019203982F
:10C360000299019A01F088FF04B080BD80B584B0C5
:10C3700003900291019203980299019A01F092FFB1
:10C3800004B080BD80B582B0019000910198009901
:10C3900001F096FF02B080BD80B582B00190019897
:10C3A000FFF762FB02B080BD80B584B003900291BC
:10C3B000019203980299019A01F0A4FF04B080BD94
:10C3C00080B584B003900291019203980299019A7A
:10C3D00001F0A4FF04B080BD80B584B00390029149
:10C3E000019203980299019A01F0AEFF04B080BD5A
:10C3F00080B582B0019000910198009901F0B0FFE2
:10C4000002B080BD80B582B001900198FFF732FB89
:10C4100002B080BD80B582B0019000910198009972
:10C4200001F0BAFF02B080BD80B582B001900198E2
:10C4300000F044FA02B080BD80B582B0019001984E
:10C4400000F00CFA02B080BD80B586B00590049172
:10C45000039205980190049900F036FA019800F0D3
:10C4600003FA019806B080BD80B582B001900198B2
:10C4700000F024FA02B080BD80B582B0019001982E
:10C48000043000F045FA02B080BD000080B584B0F1
:10C4900003900291019203980090029900F014FA1F
:10C4A00000980430019900F039FA009804B080BD7A
:10C4B00080B582B00190019800F00EFA02B080BD04
:10C4C00080B582B00190019800F0D8F902B080BD2B
:10C4D00080B586B005900491039205980190049967
:10C4E00000F000FA019800F0CFF9019806B080BD85
:10C4F00080B582B00190019800F0EEF902B080BDE5
:10C5000080B582B001900198043000F00FFA02B0BB
:10C5100080BD000080B584B0039002910192039821
:10C520000090029900F0DEF900980430019900F0C3
:10C5300003FA009804B080BD80B582B001900198E4
:10C5400000F0D8F902B080BD80B582B001900198AA
:10C5500000F0A4F902B080BD80B586B005900491CA
:10C56000039205980190049900F0CAF9019800F02F
:10C570009BF9019806B080BD80B584B003908DF81A
:10C580000B10039801909DF80B1001F0010100F0D1
:10C59000DBF9019804B080BD80B584B003900291AE
:10C5A00003980190029900F0DBF9019804B080BD76
:10C5B00085B004908DF80F10049800909DF80F102E
:10C5C000481E0191022808D3FFE7019805280AD0E8
:10C5D000FFE70098006802900BE000980068BFF346
:10C5E0005F8F029005E000980068BFF35F8F0290B4
:10C5F000FFE7029805B0704780B584B002900191C2
:10C60000019800F093FB40B1FFE701980090029879
:10C61000009900F019F9039004E0029800F00CF979
:10C620000390FFE7039804B080BD000084B003903E
:10C630008DF80B108DF80A20039800909DF80A00E1
:10C640009DF80B1001F001018DF8091001460191D0
:10C65000032809D0FFE7019805280CD0FFE70099CF
:10C660009DF8090008700FE000999DF80900BFF3DC
:10C670005F8F087008E000999DF80900BFF35F8F95
:10C680000870BFF35F8FFFE704B0704783B08DF889
:10C690000B009DF80B00032803D1FFE70020019059
:10C6A0000EE09DF80B00042803D1FFE70220009064
:10C6B00003E09DF80B000090FFE700980190FFE772
:10C6C0000198C0B203B0704780B584B00190039167
:10C6D00002920398029901F0ABFD0199086002985B
:10C6E000486004B080BD000080B584B00190039123
:10C6F00002920398029901F0EDFD019908600298F9
:10C70000486004B080BD000080B584B00190039102
:10C7100002920398029901F029FE0199086002989B
:10C72000486004B080BD000080B584B003900291E1
:10C730000192FFE70298019988420ED0FFE7039823
:10C7400000900298FFF7EEFB01460098FFF7E4FD2A
:10C75000FFE7029810300290ECE704B080BD0000C3
:10C7600080B584B0039002910192FFE7029801998D
:10C7700088420ED0FFE7039800900298FFF7D8FB9D
:10C7800001460098FFF7FEFDFFE702981030029087
:10C79000ECE704B080BD000080B584B00390029146
:10C7A0000192019800F0C2FA40B1FFE701980090B1
:10C7B00003980299009A00F005FB04E0039802999F
:10C7C00000F0F6FAFFE704B080BD000080B582B04B
:10C7D00001900198009000F093FA009802B080BD9B
:10C7E00080B584B00290019102980090019900F008
:10C7F00091FA009804B080BD80B582B00190019894
:10C800000090FFF7E3FF009802B080BD80B584B0D0
:10C8100002900191029800900199FFF7E1FF0098C2
:10C8200004B080BD82B00190019942F6A870C0F6B4
:10C83000010000F01DFA000080B582B0019001985F
:10C8400005F04AFB02B080BD80B582B00190009136
:10C850000198009905F049FB02B080BD81B00090BD
:10C86000009801B07047000080B584B00290029833
:10C87000019001F00DFD019804B080BD81B00090E1
:10C88000009801B07047000080B584B00290029813
:10C89000019001F04FFD019804B080BD81B000907F
:10C8A000009801B07047000080B584B002900298F3
:10C8B000019001F079FD019804B080BD81B0009035
:10C8C000009801B07047000082B00190009101987B
:10C8D0000021016002B0704781B00090009801B063
:10C8E0007047000082B00190009101980021016022
:10C8F00002B0704781B00090009801B0704700000E
:10C9000082B00190009101980021016002B070474F
:10C9100081B000900098006801B0704782B001902B
:10C92000009101980099016002B0704781B00090B9
:10C930000098006801B0704782B0019000910198A2
:10C940000099016002B0704782B001908DF8031029
:10C9500001989DF8031001F00101017002B07047C9
:10C9600082B00190009101980099016002B0704777
:10C9700096B0159014918DF84F2015980F909DF852
:10C980004F0014991291013801461091042805D8DE
:10C990001099DFE801F02222436487000F98129972
:10C9A0000D9100680E90FFE70E990F9B0D9801EB1B
:10C9B000000C53E8000F084503D143E800C2002AE9
:10C9C000F7D10C90411AB1FA81F1490901290E9071
:10C9D000EAD1FFE70C98119087E00F9812990A911D
:10C9E00000680B90FFE70B990F9B0A9801EB000C76
:10C9F00053E8000F084503D143E800C2002AF7D1ED
:10CA00000990411AB1FA81F1490901290B90EAD143
:10CA1000FFE70998BFF35F8F119066E00F981299B6
:10CA20000791BFF35F8F00680890FFE708990F9B9D
:10CA3000079801EB000C53E8000F084503D143E8C9
:10CA400000C2002AF7D10690411AB1FA81F14909D2
:10CA500001290890EAD1FFE70698119045E00F9868
:10CA600012990491BFF35F8F00680590FFE7059965
:10CA70000F9B049801EB000C53E8000F084503D10D
:10CA800043E800C2002AF7D10390411AB1FA81F1BC
:10CA9000490901290590EAD1FFE70398BFF35F8FA9
:10CAA000119022E00F9812990191BFF35F8F0068F7
:10CAB0000290FFE702990F9B019801EB000C53E8ED
:10CAC000000F084503D143E800C2002AF7D10090C7
:10CAD000411AB1FA81F1490901290290EAD1FFE72F
:10CAE0000098BFF35F8F1190FFE7119816B0704761
:10CAF00096B0159014918DF84F2015980F909DF8D1
:10CB00004F0014991291013801461091042805D85C
:10CB10001099DFE801F02222436487000F981299F0
:10CB20000D9100680E90FFE70E990F9B0D98A1EBF9
:10CB3000000C53E8000F084503D143E800C2002A67
:10CB4000F7D10C90411AB1FA81F1490901290E90EF
:10CB5000EAD1FFE70C98119087E00F9812990A919B
:10CB600000680B90FFE70B990F9B0A98A1EB000C54
:10CB700053E8000F084503D143E800C2002AF7D16B
:10CB80000990411AB1FA81F1490901290B90EAD1C2
:10CB9000FFE70998BFF35F8F119066E00F98129935
:10CBA0000791BFF35F8F00680890FFE708990F9B1C
:10CBB0000798A1EB000C53E8000F084503D143E8A8
:10CBC00000C2002AF7D10690411AB1FA81F1490951
:10CBD00001290890EAD1FFE70698119045E00F98E7
:10CBE00012990491BFF35F8F00680590FFE70599E4
:10CBF0000F9B0498A1EB000C53E8000F084503D1EC
:10CC000043E800C2002AF7D10390411AB1FA81F13A
:10CC1000490901290590EAD1FFE70398BFF35F8F27
:10CC2000119022E00F9812990191BFF35F8F006875
:10CC30000290FFE702990F9B0198A1EB000C53E8CB
:10CC4000000F084503D143E800C2002AF7D1009045
:10CC5000411AB1FA81F1490901290290EAD1FFE7AD
:10CC60000098BFF35F8F1190FFE7119816B07047DF
:10CC700084B0844601A80EC040F2D00001AAC2F2DE
:10CC8000000061460092F3F764FDF3F767FD0000D2
:10CC900080B588B007900693059204910499059A8F
:10CCA000069B0393029201910199029A039B00F063
:10CCB000FFF808B080BD000080B588B007900693EB
:10CCC000059204910499059A069B0393029201919F
:10CCD0000199029A039B00F003F908B080BD00009F
:10CCE00080B584B00390029102990191019900F0FE
:10CCF0000FF904B080BD00006FF0004070470000E5
:10CD000080B582B001900198009000F02FF8009853
:10CD100002B080BD80B584B002900191029800906D
:10CD2000019900F02DF8009804B080BD81B000900A
:10CD300000990020082988BF012001B07047000039
:10CD400080B582B0019000910198009901F0A4FC97
:10CD500002B080BD80B584B0039002910192039827
:10CD60000299019A01F09AFC04B080BD81B0009054
:10CD700000980021017080F8061101B07047000092
:10CD800080B584B0029001910298009001994FF40F
:10CD90008372F3F772FB0098012180F8061104B04A
:10CDA00080BD000043F22200C0F60100FFF760FFE3
:10CDB00080B582B00190009101980099FFF7C0FF03
:10CDC00002B080BD80B584B00390029101920398B7
:10CDD0000299019AFFF7BEFF04B080BD80B582B012
:10CDE000019001980090FFF707FD009802B080BD08
:10CDF00080B584B002900191029800900199FFF7EC
:10CE000005FD009804B080BD80B582B00190019806
:10CE10000090FFF7E3FF009802B080BD80B584B0BA
:10CE200002900191029800900199FFF7E1FF0098AC
:10CE300004B080BD43F25E00C0F60100FFF718FFAA
:10CE400080B582B0019000910198009901F012F92B
:10CE500002B080BD80B582B0019000910198009928
:10CE600001F012F902B080BD84B0039002910192EA
:10CE700000930398029901600199416000998160D3
:10CE800004B0704784B0039002910192009303981C
:10CE900002990160019941600099816004B0704776
:10CEA00081B0009000990120087001B07047000027
:10CEB00084B00393029201910090009800210170C8
:10CEC00004B0704781B00090009801B07047000036
:10CED00081B0009000990120087001B070470000F7
:10CEE00084B0039302920191009000980021017098
:10CEF00004B0704781B00090009801B07047000006
:10CF000081B0009000990120087001B070470000C6
:10CF100082B00191009000980021017002B070472A
:10CF200081B00090009801B07047000080B58CB0CF
:10CF30000B900A9109920893089807900B9903A8FF
:10CF400007AA08ABFFF790FF0399049A059B0DF120
:10CF50001B00FFF79DFE0A980290FFE702980999CF
:10CF600088420CD0FFE70B980899029AFFF7F2F974
:10CF7000029810300290089810300890EEE70DF1FA
:10CF80001B000190FFF78CFF0B980A99099AFFF795
:10CF9000CBFB0198FFF796FF0CB080BD80B58CB03D
:10CFA0000B900A9109920893089807900B9903A88F
:10CFB00007AA08ABFFF766FF0399049A059B0DF1DA
:10CFC0001B00FFF779FE0A980290FFE70298099983
:10CFD00088420CD0FFE70B980899029AFFF7F0F906
:10CFE000029810300290089810300890EEE70DF18A
:10CFF0001B000190FFF76CFF0B980A99099AFFF745
:10D00000AFFB0198FFF776FF0CB080BD80B5A8B0EC
:10D0100084462A98CDF89CC026918DF897208DF8EB
:10D0200096308DF8950027981F909DF896002190D6
:10D03000269820909DF8970000F001008DF894004C
:10D040009DF89500FFF722FB0146219822910138B7
:10D0500001462391042805D82399DFE801F00C0C40
:10D0600017222D002298013802284DD3FFE722987D
:10D07000052862D031E0229801380228C0F0B08043
:10D08000FFE72298052800F0C48090E0229801383C
:10D090000228C0F01181FFE72298052800F02781BF
:10D0A000F1E0229801380228C0F07681FFE722984B
:10D0B000052800F08C8154E1229801380228C0F044
:10D0C000DB81FFE72298052800F0F181B9E19DF8A6
:10D0D000930000F0010028B080BD1F9B20980178CC
:10D0E0009DF894C0C9B2D3E84F0F084503D1C3E8F7
:10D0F00042CF002AF7D11D90401AB0FA80F04009C3
:10D1000001461E91C8BB34E01F9B209801789DF812
:10D1100094C0C9B2D3E84F0F084503D1C3E842CF4A
:10D12000002AF7D11B90401AB0FA80F04009BFF3F3
:10D130005F8F01461C9150BB25E01F9B2098017812
:10D140009DF894C0BFF35F8FC9B2D3E84F0F084575
:10D1500003D1C3E842CF002AF7D11990401AB0FAA0
:10D1600080F04009BFF35F8F01461A91C8B914E0FF
:10D17000ADE71D9820990870FFE71E9800F00100A8
:10D180008DF89300F4E71B9820990870FFE71C982E
:10D1900000F001008DF89300EAE7199820990870D3
:10D1A000FFE71A9800F001008DF89300E0E71F9B5D
:10D1B000209801789DF894C0C9B2D3E84F0F084574
:10D1C00003D1C3E842CF002AF7D11790401AB0FA32
:10D1D00080F04009BFF35F8F01461891C8BB34E06F
:10D1E0001F9B209801789DF894C0C9B2D3E84F0FD7
:10D1F000084503D1C3E842CF002AF7D11590401A61
:10D20000B0FA80F04009BFF35F8F0146169150BB22
:10D2100025E01F9B209801789DF894C0BFF35F8F95
:10D22000C9B2D3E84F0F084503D1C3E842CF002A63
:10D23000F7D11390401AB0FA80F04009BFF35F8F26
:10D2400001461491C8B914E041E717982099087075
:10D25000FFE7189800F001008DF89300F4E71598A7
:10D2600020990870FFE7169800F001008DF89300F0
:10D27000EAE7139820990870FFE7149800F001007E
:10D280008DF89300E0E71F9B209801789DF894C0EB
:10D29000BFF35F8FC9B2D3E84F0F084503D1C3E88E
:10D2A00042CF002AF7D11190401AB0FA80F040091D
:10D2B00001461291D8BB36E01F9B209801789DF85B
:10D2C00094C0BFF35F8FC9B2D3E84F0F084503D1B5
:10D2D000C3E842CF002AF7D10F90401AB0FA80F08D
:10D2E0004009BFF35F8F0146109150BB25E01F9BA3
:10D2F000209801789DF894C0BFF35F8FC9B2D3E83E
:10D300004F0F084503D1C3E842CF002AF7D10D9053
:10D31000401AB0FA80F04009BFF35F8F01460E91CA
:10D32000C8B914E0D3E6119820990870FFE7129865
:10D3300000F001008DF89300F4E70F982099087031
:10D34000FFE7109800F001008DF89300EAE70D98D0
:10D3500020990870FFE70E9800F001008DF8930007
:10D36000E0E71F9B209801789DF894C0BFF35F8F82
:10D37000C9B2D3E84F0F084503D1C3E842CF002A12
:10D38000F7D10B90401AB0FA80F04009BFF35F8FDD
:10D3900001460C91D8BB36E01F9B209801789DF880
:10D3A00094C0BFF35F8FC9B2D3E84F0F084503D1D4
:10D3B000C3E842CF002AF7D10990401AB0FA80F0B2
:10D3C0004009BFF35F8F01460A9150BB25E01F9BC8
:10D3D000209801789DF894C0BFF35F8FC9B2D3E85D
:10D3E0004F0F084503D1C3E842CF002AF7D1079079
:10D3F000401AB0FA80F04009BFF35F8F01460891F0
:10D40000C8B914E063E60B9820990870FFE70C9800
:10D4100000F001008DF89300F4E709982099087056
:10D42000FFE70A9800F001008DF89300EAE70798FB
:10D4300020990870FFE7089800F001008DF893002C
:10D44000E0E71F9B209801789DF894C0BFF35F8FA1
:10D45000C9B2D3E84F0F084503D1C3E842CF002A31
:10D46000F7D10590401AB0FA80F04009BFF35F8F02
:10D4700001460691D8BB36E01F9B209801789DF8A5
:10D4800094C0BFF35F8FC9B2D3E84F0F084503D1F3
:10D49000C3E842CF002AF7D10390401AB0FA80F0D7
:10D4A0004009BFF35F8F0146049150BB25E01F9BED
:10D4B000209801789DF894C0BFF35F8FC9B2D3E87C
:10D4C0004F0F084503D1C3E842CF002AF7D101909E
:10D4D000401AB0FA80F04009BFF35F8F0146029115
:10D4E000C8B914E0F3E5059820990870FFE706989D
:10D4F00000F001008DF89300F4E70398209908707C
:10D50000FFE7049800F001008DF89300EAE7019826
:10D5100020990870FFE7029800F001008DF8930051
:10D52000E0E7000080B584B003900291039802996F
:10D5300000F002F804B080BD80B584B00290019183
:10D540000299019A0DF10F00FEF7F0F818B1FFE70C
:10D550000198009002E002980090FFE7009804B064
:10D5600080BD000080B584B00390029103980299B9
:10D5700000F002F804B080BD80B584B00290019143
:10D580000299019A0DF10F00FEF7DEF818B1FFE7DE
:10D590000198009002E002980090FFE7009804B024
:10D5A00080BD000080B584B0039002910398029979
:10D5B00000F002F804B080BD80B584B00290019103
:10D5C0000199029A0DF10F00FEF7B0F818B1FFE7CC
:10D5D0000198009002E002980090FFE7009804B0E4
:10D5E00080BD000080B584B0039002910398029939
:10D5F00000F002F804B080BD80B584B002900191C3
:10D600000199029A0DF10F00FEF79EF818B1FFE79D
:10D610000198009002E002980090FFE7009804B0A3
:10D6200080BD000083B002900191029800680090D4
:10D63000019802990068086001990098086003B099
:10D640007047000084B0039002910399086849680C
:10D6500001910090029A0399106852684A6008602C
:10D6600002990098019A4A60086004B0704700006F
:10D6700083B00290019102980068009001980068C0
:10D680000299086000980199086003B07047000093
:10D6900083B00290019102980068009001980068A0
:10D6A0000299086000980199086003B07047000073
:10D6B00083B0029001910298006800900198006880
:10D6C0000299086000980199086003B07047000053
:10D6D00080B584B003900291019203980299019A57
:10D6E00000F002F804B080BD80B586B004900391CC
:10D6F00002920499039A0DF11700FEF703F818B18E
:10D70000FFE70398019010E00299049A0DF11700C9
:10D71000FDF7F8FF18B1FFE70298009002E00498C7
:10D720000090FFE700980190FFE7019806B080BDE8
:10D7300080B584B003908DF80B10039801909DF88C
:10D740000B1001F00101FEF729FC019804B080BD27
:10D7500080B582B001908DF8031001989DF80310F8
:10D7600001F001010522FEF707FC9DF8030000F01F
:10D77000010002B080BD000080B584B0039002912A
:10D78000039801900299FEF741FC019804B080BD16
:10D7900080B584B002900191019903A8FEF7A2FB25
:10D7A000039804B080BD000082B001900091019800
:10D7B0000099016002B0704780B584B0039003986F
:10D7C000029000680068D0B1FFE70298006800F09E
:10D7D00021F902980068FDF7F9FF0298006800F04F
:10D7E0000FF9014602980191006801680091FEF767
:10D7F0000DF8009902460198FEF782FDFFE704B09C
:10D8000080BD000083B002900191009202980199BE
:10D81000016001994968416001994968009A01EBEA
:10D820000211816003B0704781B0009000980268D7
:10D830004168516001B0704780B58EB00D900C9179
:10D840000D98039000F0DCF8014603980B91FDF76A
:10D85000C9FF014603980131FDF786FF0146039891
:10D860000191FDF7BFFF019902460B9B06A80490AA
:10D87000FEF736FC0B9802900898FEF753FB014622
:10D8800002980C9AFEF75AFD03980499089A1032F0
:10D89000089200F04BF80399049849680591FEF747
:10D8A00059FC05980EB080BD80B586B005900491F6
:10D8B0000598029040680390FFE704980399884216
:10D8C0000ED0FFE7029800F09BF801900398103803
:10D8D0000390FEF727FB01460198FEF71DFDECE7DC
:10D8E00002990498486006B080BD000080B588B0F9
:10D8F000079006910799009103A802900122FFF773
:10D9000081FF009800F07CF801900498FEF70AFB74
:10D9100001460198069AFEF711FD0298049910310C
:10D920000491FFF781FF08B080BD000080B58AB088
:10D930000990089109980690FDF748FF0698089904
:10D940004968024652F8043F04920268D21A114410
:10D95000079100F055F80146069803910068FEF71C
:10D96000E1FA0146049801910068FEF7DBFA0290A3
:10D970000798FEF7D7FA0199029A03460398FFF732
:10D98000D5FA049A06980799089B596001681160B6
:10D9900008990431FFF77CFE049808990831FFF7D5
:10D9A00077FE069800F040F805900898FEF78EFB89
:10D9B00001460598FFF76CFE0698089A51681160B9
:10D9C000FDF710FF01460698FDF7FAFE0AB080BD8C
:10D9D00080B582B0009000984168FFF7D9FE0190B1
:10D9E000019802B080BD000080B582B00090009820
:10D9F0000168FFF7CDFE0190019802B080BD0000E4
:10DA000080B582B0019001980830FEF715FD02B094
:10DA100080BD000080B582B0019001980168FFF7D9
:10DA200043FF02B080BD000080B582B00190019834
:10DA30000830FEF7F9FC02B080BD000080B586B06A
:10DA40000590049105980190416803910399029112
:10DA5000FFF7EAFF014602980968884208D2FFE70B
:10DA600001980499FFF742FF03981030039005E0F6
:10DA700001980499FFF7E0FE0390FFE701990398EE
:10DA8000486006B080BD000080B584B00390039864
:10DA900000900021016041600830029102A90DF15F
:10DAA0000702FEF7D1FC009804B080BD80B584B0B9
:10DAB00003900399019102A80090FFF775FE00986A
:10DAC000FFF77AFE019804B080BD000080B584B0F5
:10DAD00002900191019903A8FEF714FA039804B08B
:10DAE00080BD000082B00190009101980099016012
:10DAF00002B0704780B584B003900398029000682C
:10DB00000068D0B1FFE70298006800F021F90298A0
:10DB10000068FDF7D9FE0298006800F00FF9014691
:10DB200002980191006801680091FDF7EDFE0099EF
:10DB300002460198FEF71AFCFFE704B080BD000022
:10DB400083B00290019100920298019901600199BD
:10DB50004968416001994968009A01EB02118160AE
:10DB600003B0704781B0009000980268416851602E
:10DB700001B0704780B58EB00D900C910D98039058
:10DB800000F0DCF8014603980B91FDF7A9FE014671
:10DB900003980131FDF766FE014603980191FDF7F8
:10DBA0009FFE019902460B9B06A80490FEF738FBE6
:10DBB0000B9802900898FEF7BBF9014602980C9A60
:10DBC000FEF7F2FB03980499089A1032089200F0CD
:10DBD0004BF80399049849680591FEF75BFB05989B
:10DBE0000EB080BD80B586B0059004910598029076
:10DBF00040680390FFE70498039988420ED0FFE73E
:10DC0000029800F09BF80190039810380390FEF7FB
:10DC10008FF901460198FEF7B5FBECE702990498ED
:10DC2000486006B080BD000080B588B007900691BE
:10DC30000799009103A802900122FFF781FF009845
:10DC400000F07CF801900498FEF772F90146019803
:10DC5000069AFEF7A9FB0298049910310491FFF788
:10DC600081FF08B080BD000080B58AB0099008919E
:10DC700009980690FDF728FE06980899496802461B
:10DC800052F8043F04920268D21A1144079100F03E
:10DC900055F80146069803910068FEF749F90146D8
:10DCA000049801910068FEF743F902900798FEF787
:10DCB0003FF90199029A03460398FFF76FF9049A16
:10DCC00006980799089B596001681160089904310A
:10DCD000FFF7EEFC049808990831FFF7E9FC069875
:10DCE00000F040F805900898FEF790FA0146059874
:10DCF000FFF7DEFC0698089A51681160FDF7F0FD09
:10DD000001460698FDF7DAFD0AB080BD80B582B005
:10DD1000009000984168FFF7D9FE0190019802B089
:10DD200080BD000080B582B0009000980168FFF7C8
:10DD3000CDFE0190019802B080BD000080B582B098
:10DD4000019001980830FEF7BBFB02B080BD0000D7
:10DD500080B582B0019001980168FFF743FF02B0DF
:10DD600080BD000080B582B0019001980830FEF7B8
:10DD70009FFB02B080BD000080B586B00590049185
:10DD8000059801904168039103990291FFF7EAFF1A
:10DD9000014602980968884208D2FFE70198049971
:10DDA000FFF742FF03981030039005E001980499B3
:10DDB000FFF7E0FE0390FFE701990398486006B083
:10DDC00080BD000080B584B00390039800900021CE
:10DDD000016041600830029102A90DF10702FEF7CF
:10DDE00077FB009804B080BD80B584B003900399A0
:10DDF000019102A80090FFF775FE0098FFF77AFEE8
:10DE0000019804B080BD000080B588B007900691ED
:10DE10000798029006990391FDF7CCFD01460398FF
:10DE2000884203D9FFE70298FDF7A4FD029800F0AD
:10DE3000B7F80146069A04A8FEF766FC0298049912
:10DE40000160049941600168059A1144019100F054
:10DE5000BBF801990246029811600021FDF780FD90
:10DE600008B080BD82B001900091019800990160D6
:10DE700002B0704780B584B00390039802900068A8
:10DE80000068D0B1FFE70298006800F093F80298AC
:10DE90000068FDF76BFD0298006800F081F801460C
:10DEA00002980191006801680091FDF775FD0099E5
:10DEB00002460198FEF790FAFFE704B080BD00002B
:10DEC00080B58AB00990089109990291089A05A82D
:10DED00000F020F80798049006980390FFE7039855
:10DEE0000499884211D0FFE7029800F059F8019098
:10DEF0000398FEF723F801460198FEF78BFAFFE737
:10DF00000398013003900690E9E705A800F014F8A3
:10DF10000AB080BD83B002900191009202980199ED
:10DF2000016001994968416001994968009A11446A
:10DF3000816003B07047000081B0009000980268D3
:10DF40004168516001B0704780B586B0059004917A
:10DF50000598029040680390FFE70498039988426F
:10DF60000ED0FFE7029800F01BF8019003980138EB
:10DF70000390FDF7E3FF01460198FEF739FAECE75D
:10DF800002990498486006B080BD000080B582B058
:10DF9000019001980068FDF7D1FF02B080BD00003C
:10DFA00080B582B0019001980830FEF7CDFA02B03A
:10DFB00080BD000080B582B0019001980168FFF734
:10DFC000C3FF02B080BD000080B582B0019001980F
:10DFD0000830FEF7B1FA02B080BD000080B588B00D
:10DFE000069005910698019007900021016041601C
:10DFF0000830049104A90DF10F02FEF7ADFA019962
:10E0000002A8FFF72FFF02990DF10E00FEF768FE40
:10E01000059848B1FFE701980599FFF7F5FE0198CB
:10E020000599FFF74DFFFFE70DF10E000090FEF799
:10E0300067FF0098FEF774FF079808B080BD0000E6
:10E0400080B584B003900399019102A80090FFF776
:10E0500009FF0098FFF70EFF019804B080BD000093
:10E0600082B001900091019800680099084402B0C4
:10E070007047000080B582B001900091019800992E
:10E0800000F004FA02B080BD80B582B0019000912A
:10E090000198009900F014FA02B080BD80B584B0F8
:10E0A00003900291039801900299FDF70BFD0198EE
:10E0B00004B080BD80B584B00390029103980190B4
:10E0C0000299FDF723FD019804B080BD80B582B0B0
:10E0D000019001980090FDF73BFD009802B080BDD3
:10E0E00080B584B003900291039801900299FDF7E6
:10E0F00043FD019804B080BD80B584B003900291C7
:10E10000039801900299FDF75BFD019804B080BD72
:10E1100080B584B00290029801900DF10F01FDF7D7
:10E1200071FD019804B080BD80B582B00190019866
:10E130000090FDF78DFD009802B080BD80B582B0E3
:10E140000190009101980099FDF796FD02B080BD05
:10E1500080B582B0019001980090FDF7C7FD00984E
:10E1600002B080BD80B584B0039002910398019005
:10E170000299FDF799FD019804B080BD80B584B087
:10E180000290029801900DF10F01FDF7BFFD01987B
:10E1900004B080BD80B582B0019001980090FDF779
:10E1A000DBFD009802B080BD80B588B00790069175
:10E1B00007980190069902A80090FFF7D3FF0098F6
:10E1C0000199FFF7BBFF0098FFF7E4FF019808B043
:10E1D00080BD000080B584B0029002980190FEF7E7
:10E1E00013FE019804B080BD80B584B00390029105
:10E1F000039800900299FEF711FE009804B080BDCC
:10E2000080B584B0039002910192029801990901AE
:10E210000422FEF7C1FA04B080BD000080B582B0D0
:10E22000019000910098FFF751FF02B080BD0000FF
:10E2300080B584B003900291039802990191FEF792
:10E2400075F801460198884202D9FFE700F018F9F5
:10E25000029800010421FEF7CFF904B080BD000050
:10E2600080B584B003900291019202980199FFF762
:10E2700021FF04B080BD000080B584B003900291FE
:10E28000019202980199FFF709FF04B080BD0000D8
:10E2900080B582B0019001980090FEF71FF80098B9
:10E2A00002B080BD80B584B00390029101920298C3
:10E2B000019909010422FEF76FFA04B080BD000045
:10E2C00080B582B0019000910098FFF72DFF02B059
:10E2D00080BD000080B584B003900291039802993C
:10E2E0000191FEF759F801460198884202D9FFE7EB
:10E2F00000F0C6F8029800010421FEF77DF904B091
:10E3000080BD000080B584B0039002910192029814
:10E310000199FFF7F1FE04B080BD000080B584B024
:10E3200003900291019202980199FFF7D9FE04B07F
:10E3300080BD000080B582B0019001980090FDF78B
:10E34000D3FF009802B080BD80B584B003900291E5
:10E350000192029801990122FEF71EFA04B080BDD5
:10E3600082B00190009102B07047000080B584B087
:10E3700003900291039802990191FEF743F8014638
:10E380000198884202D9FFE700F07AF8029801214B
:10E39000FEF732F904B080BD82B00190009100997F
:10E3A0000020087002B0704780B582B001900198DB
:10E3B0000090FDF79FFF009802B080BD80B584B04B
:10E3C000039002910398FDF7D1F801900298FDF7B0
:10E3D000CDF801460198401AB0FA80F0400904B027
:10E3E00080BD000080B584B0039002910398FDF7D2
:10E3F000C9F801900298FDF7C5F801460198401A46
:10E40000B0FA80F0400904B080BD000080B582B051
:10E410000190009101980099FFF7D0FF80F0010072
:10E4200002B080BD80B582B0019000910198009942
:10E43000FFF7D8FF80F0010002B080BD40F61C104D
:10E44000C2F200000068704701A0FEF711FC00BF97
:10E450006261645F616C6C6F6320776173207468C4
:10E46000726F776E20696E202D666E6F2D657863F2
:10E47000657074696F6E73206D6F646500000000D5
:10E4800042F6EA70C0F60100FEF7F2FB80B582B0FA
:10E49000019000910098808812280DD1FFE7009824
:10E4A000006848B1FFE70098016840F28410C2F2AA
:10E4B0000000F9F74FFAFFE702B080BD000000004E
:10E4C00080B58AB009900891002003900899487996
:10E4D000897940EA0120ADF81E000899C879097AC7
:10E4E00040EA0120ADF81A000899487A897A40EA92
:10E4F0000120ADF818000899C87A097B40EA01208C
:10E50000ADF814000899487B897B40EA0120ADF8FA
:10E5100016000899C87B097C40EA0120ADF812007A
:10E52000BDF91E0003F0F1FF41EC100B51EC100B94
:10E530009FED550B53EC102B0193009203F01EFE40
:10E5400041EC100B53EC102B1046194603F062FD02
:10E5500041EC100B51EC100B03F02AFD41F6FC01CD
:10E56000C2F200010291C860BDF91A0003F0CDFFAC
:10E57000009A019B41EC100B51EC100B03F0FEFDD7
:10E5800041EC100B53EC102B1046194603F042FDE2
:10E5900041EC100B51EC100B03F00AFD02990860DE
:10E5A000BDF9180003F0B1FF009A019B41EC100B7C
:10E5B00051EC100B03F0E2FD41EC100B53EC102B6F
:10E5C0001046194603F026FD41EC100B51EC100BE0
:10E5D00003F0EEFC02994860BDF9140003F095FFCA
:10E5E000009A019B41EC100B51EC100B03F0C6FD9F
:10E5F00041EC100B53EC102B1046194603F00AFDAA
:10E6000041EC100B51EC100B03F0D2FC0299486165
:10E61000BDF9160003F079FF009A019B41EC100B45
:10E6200051EC100B03F0AAFD41EC100B53EC102B36
:10E630001046194603F0EEFC41EC100B51EC100BA8
:10E6400003F0B6FC02998860BDF9120003F05DFF8B
:10E65000009A019B41EC100B51EC100B03F08EFD66
:10E6600041EC100B53EC102B1046194603F0D2FC72
:10E6700041EC100B51EC100B03F09AFC02998861ED
:10E680000AB080BD00BF00BF00000000C0FFDF4037
:10E69000F1F7E1BFF1F7DFBFFFF7FABF1146FFF770
:10E6A000F9BF000081B08DF803009DF90300002838
:10E6B0000ED4FFE79DF9031001F01F0201209040E6
:10E6C0004A094EF20011CEF2000141F82200FFE7A4
:10E6D00001B070474EF60C50CEF200000068C0F357
:10E6E0000220704782B08DF8070000919DF9070065
:10E6F00000280AD4FFE7009800019DF907104EF2A8
:10E700000042CEF2000288540BE0009800019DF810
:10E71000071001F00F014EF61452CEF20002885499
:10E72000FFE702B07047000082B08DF8070000914B
:10E730009DF9070000280AD4FFE7009800019DF921
:10E7400007104EF20042CEF2000288540BE000980F
:10E7500000019DF8071001F00F014EF61452CEF2A1
:10E7600000028854FFE702B07047000083B00290B7
:10E77000029800F0070000904EF60C51CEF2000116
:10E780000868019001984FF6FF021040019001982F
:10E79000009A40EA02200022C0F2FA52104301908F
:10E7A0000198086003B0704701A001F044FB00BF6E
:10E7B00050757265207669727475616C2066756E2D
:10E7C0006374696F6E2063616C6C65642100000086
:10E7D00080B584B040F2A450C2F200000078BFF3CC
:10E7E0005F8FC00718BBFFE740F2A450C2F20000E1
:10E7F00001F007FBD8B1FFE702208DF80E000820DA
:10E800008DF80F00012001900720029040F2C850BF
:10E81000C2F2000000210DF10E0201ABF9F70AFE71
:10E8200040F2A450C2F2000001F001FBFFE704B087
:10E8300080BD000080B540F2AC50C2F2000000780C
:10E84000BFF35F8FC007A8B9FFE740F2AC50C2F238
:10E85000000001F0D6FA68B1FFE740F2E860C2F2CA
:10E860000000FCF7FFFC40F2AC50C2F2000001F0E7
:10E87000DEFAFFE780BD000080B582B001208DF890
:10E88000050004208DF8060005208DF8070040F2F1
:10E89000E810C2F200004FF400710DF1050240F2E1
:10E8A000FF13FAF77DFC02B080BD000080B584B094
:10E8B00002208DF80E0008208DF80F000120019035
:10E8C0000720029040F28040C2F2000000210DF1CA
:10E8D0000E0201ABF9F7AEFD04B080BD80B582B089
:10E8E00002208DF8070040F29830C2F200000DF1CE
:10E8F00007024FF400731946FAF7A6FC02B080BD78
:10E9000080B540F2A850C2F200000078BFF35F8FDC
:10E91000C007A8B9FFE740F2A850C2F2000001F01A
:10E9200070FA68B1FFE740F2E060C2F20000FCF765
:10E930005FFC40F2A850C2F2000001F078FAFFE755
:10E9400080BD000080B541F27C70C2F20000DFEDB6
:10E95000071ADFED072AB0EE620AF0EE620AB0EEA7
:10E96000621AB0EE622AF8F7A1FF80BD000080466F
:10E970000000000080B540F28410C2F20000642163
:10E98000F9F7AAF880BD000080B541F2BC70C2F270
:10E990000000DFED071ADFED072AB0EE620AF0EEA5
:10E9A000620AB0EE621AB0EE622AF8F77FFF80BD0D
:10E9B000000080460000000080B541F63C00C2F235
:10E9C0000000DFED071ADFED072AB0EE620AF0EE75
:10E9D000620AB0EE621AB0EE622AF8F767FF80BDF5
:10E9E000000080460000000080B541F23C70C2F299
:10E9F0000000DFED071ADFED072AB0EE620AF0EE45
:10EA0000620AB0EE621AB0EE622AF8F74FFF80BDDC
:10EA1000000080460000000080B541F6BC00C2F254
:10EA20000000DFED071ADFED072AB0EE620AF0EE14
:10EA3000620AB0EE621AB0EE622AF8F737FF80BDC4
:10EA4000000080460000000080B541F2FC70C2F278
:10EA50000000DFED071ADFED072AB0EE620AF0EEE4
:10EA6000620AB0EE621AB0EE622AF8F71FFF80BDAC
:10EA7000000080460000000080B541F67C00C2F234
:10EA80000000DFED071ADFED072AB0EE620AF0EEB4
:10EA9000620AB0EE621AB0EE622AF8F707FF80BD94
:10EAA000000080460000000080B582B00020019088
:10EAB000F5F79AFAF7F77EFEF7F7CCFCF7F704FCC8
:10EAC000F7F7B2FBF7F7D8FBF7F76EFDF7F792FD14
:10EAD000F7F74AFDF7F728FD00F020F8F7F764FC98
:10EAE00000F040F8FFE7FEE780B584B00290EFF356
:10EAF00005800390039820B1FFE76FF005000190B7
:10EB000009E000200190029820B1FFE7029801F08F
:10EB1000DDFBFFE7FFE7019804B080BD82B0EFF3B3
:10EB200005800190019820B1FFE76FF0050000908B
:10EB300014E040F2E410C2F20000006848B9FFE7B8
:10EB400040F2E411C2F200010120086000200090B0
:10EB500003E04FF0FF300090FFE7FFE7009802B0BE
:10EB60007047000080B582B0EFF3058001900198F6
:10EB700020B1FFE76FF00500009019E040F2E410CB
:10EB8000C2F20000006801280DD1FFE7F7F7F2FD9F
:10EB900040F2E411C2F200010220086001F034FCEE
:10EBA0000020009003E04FF0FF300090FFE7FFE708
:10EBB000009802B080BD0000B0B58EB00B900A91F5
:10EBC000099200200690EFF305800D900D98002823
:10EBD00040F09980FFE70B98002800F09480FFE751
:10EBE0008020079018200590002008904FF0FF30FB
:10EBF0000490099800284DD0FFE70998006820B1DB
:10EC0000FFE7099800680890FFE70998806920B13C
:10EC1000FFE7099880690590FFE7059848B1FFE78D
:10EC20000598382805D8FFE709980079C00718B17A
:10EC3000FFE700200C9069E00998406928B1FFE7E0
:10EC40000998406980080790FFE70998806880B1BB
:10EC5000FFE70998C0685C280BD3FFE709980069B3
:10EC600038B1FFE70998406918B1FFE70120049027
:10EC70000FE00998806858B9FFE70998C06838B96B
:10EC8000FFE70998006918B9FFE700200490FFE743
:10EC9000FFE702E000200490FFE70498012817D165
:10ECA000FFE70B980899079A0A9BDDF814C0DDF876
:10ECB00024E0DEF80850DEF81040EE46CEF80850AA
:10ECC000CEF80440CEF800C002F08AF9069019E0B0
:10ECD0000498B0B9FFE70B980899BDF81C200A9B6F
:10ECE000DDF814C0EE4606ACCEF80440CEF800C005
:10ECF00002F026F9012803D0FFE700200690FFE785
:10ED0000FFE7FFE7FFE706980C90FFE70C980EB0CF
:10ED1000B0BD000080B584B00390029146F27C2023
:10ED2000C2F200000068009041F60C20C2F2000020
:10ED30000068043001F082F808B9FFE700E0FFE75F
:10ED40000398013080B9FFE7029868B1FFE741F608
:10ED50000C20C2F200000068011D46F25420C2F2ED
:10ED6000000001F011F93DE000980399084401907A
:10ED7000019841F60C21C2F200010968486001982F
:10ED8000009988420ED2FFE741F61C20C2F2000033
:10ED9000006841F60C21C2F200010968043101F05B
:10EDA000BDF81EE041F61420C2F20000006841F6F2
:10EDB0000C21C2F200010968043101F0AFF801989A
:10EDC00046F2E011C2F200010968884207D2FFE76B
:10EDD000019846F2E011C2F20001086000E0FFE78E
:10EDE000FFE7FFE704B080BD80B582B0019001F07D
:10EDF000F3F845F6B421C2F200010868013008605A
:10EE000041F60C20C2F20000006898B9FFE70198B3
:10EE100041F60C21C2F20001086045F6B420C2F2AE
:10EE200000000068012803D1FFE700F0F7FA00E0D6
:10EE3000FFE71CE046F24820C2F200000068A0B9DB
:10EE4000FFE741F60C20C2F200000068C06A019999
:10EE5000C96A884207D8FFE7019841F60C21C2F23F
:10EE60000001086000E0FFE700E0FFE7FFE745F68C
:10EE7000C020C2F200000168013101600068019900
:10EE800048640198C06A45F6C421C2F200010968CD
:10EE9000884208D9FFE70198C06A45F6C421C2F24A
:10EEA00000010860FFE70199C86A00EB800241F6A3
:10EEB0002420C2F2000000EB8200043101F064F86B
:10EEC00001F0B6F846F24820C2F200000068C8B16E
:10EED000FFE741F60C20C2F200000068C06A019909
:10EEE000C96A88420CD2FFE74EF60451CEF2000107
:10EEF0004FF080500860BFF34F8FBFF36F8F00E07B
:10EF0000FFE700E0FFE702B080BD000080B584B0FD
:10EF100001F062F846F28020C2F20000006800288A
:10EF200040D1FFE746F28010C2F20000029000F0EC
:10EF3000D5FF46F29410C2F20000039000F0CEFF1D
:10EF40000299039841F61022C2F20002116041F6C4
:10EF50002021C2F20001086069460020086041F6E5
:10EF60001812C2F2000241F6B813C2F200030A20DE
:10EF7000102101F0EFFB014646F28020C2F20000B2
:10EF80000160006860B1FFE746F28020C2F2000035
:10EF9000006842F69B71C0F6010101F03BF900E008
:10EFA000FFE700E0FFE701F043F804B080BD000098
:10EFB00080B582B0FFE745F6B820C2F200000068D5
:10EFC00008B3FFE701F008F846F26820C2F200003B
:10EFD000C068C06801900198043000F02FFF45F62A
:10EFE000B421C2F2000108680138086045F6B82172
:10EFF000C2F2000108680138086001F019F80198B0
:10F0000000F08CF8D7E702B080BD000080B582B078
:10F01000019000910198006CB8B1FFE70199C868B0
:10F020000A6C1044C86001988168C068884204D3A3
:10F03000FFE701990868C86000E0FFE70098019ABF
:10F04000D168126CF1F719FAFFE702B080BD000039
:10F0500080B586B005900491039200200290059837
:10F06000806B01900598006C78B9FFE705980068FF
:10F0700048B9FFE70598806802F022F902900599E7
:10F080000020886000E0FFE741E00398B8B9FFE79F
:10F09000059A04995068126CF1F7EFF905994868E0
:10F0A0000A6C10444860059948688968884204D30E
:10F0B000FFE705990868486000E0FFE726E0059A49
:10F0C0000499D068126CF1F7D8F90599C8680A6CF0
:10F0D000801AC86005980168C068884206D2FFE7B8
:10F0E000059988680A6C801AC86000E0FFE70398F9
:10F0F000022809D1FFE7019820B1FFE70198013804
:10F10000019000E0FFE700E0FFE7FFE7FFE701987D
:10F11000013005998863029806B080BD80B582B041
:10F120000090009890F8590040B9FFE70098006BF4
:10F1300000F0A4FF009800F0A1FF1CE0009890F8F8
:10F140005900012804D1FFE7009800F097FF11E073
:10F15000009890F8590002280BD0FFE74FF05000BC
:10F1600080F31188BFF36F8FBFF34F8F0190FFE7DC
:10F17000FEE7FFE7FFE702B080BD000082B001902C
:10F1800041F61020C2F2000000680068B0FA80F07A
:10F190004009019908600198006848B9FFE741F605
:10F1A0001020C2F200000068C0680068009002E011
:10F1B00000200090FFE7009802B0704784B04FF441
:10F1C0007050009041F6A860C2F2000001909DF8D6
:10F1D0000400400788B1FFE70198073001900198CB
:10F1E00020F007000190019A41F6A861C2F20001E7
:10F1F0000098891A08440090FFE70198029002994C
:10F2000046F24C20C2F200000160002141600298E9
:10F21000009A10440190019808380190019820F05C
:10F2200007000190019A41F61820C2F20000026026
:10F230000268516002681160029903910199039A72
:10F24000891A51600068039908600398406846F283
:10F25000DC11C2F2000108600398406846F2D41144
:10F26000C2F20001086046F2A811C2F200014FF09C
:10F270000040086004B0704780B582B00190FFE79D
:10F28000FFF796FE41F62420C2F200000068022833
:10F290000CD3FFE74EF60451CEF200014FF0805040
:10F2A0000860BFF34F8FBFF36F8F00E0FFE7E7E722
:10F2B00080B584B0DDF818C00390029101928DF8FA
:10F2C0000330029818B9FFE70698006003E0019840
:10F2D00006990860FFE703980699C86302980699A3
:10F2E00008640698012101F0BDFA9DF80300069913
:10F2F00081F84C0004B080BD80B588B0DDF834C022
:10F30000DDF830C0DDF82CC0DDF828C0069005918E
:10F31000049203930C98006B04998900A522F1F7DD
:10F3200023F90C98006B049900EB810004380290DB
:10F33000029820F0070002909DF80800400758B19D
:10F34000FFE74FF0500080F31188BFF36F8FBFF3DA
:10F350004F8F0790FFE7FEE70598F8B1FFE7002021
:10F360000190FFE701980F2813D8FFE70598019A4D
:10F37000805C0C99114481F8340005980199405C37
:10F3800008B9FFE705E0FFE7FFE7019801300190CA
:10F39000E8E70C99002081F8430004E00C99002074
:10F3A00081F83400FFE70A98382803D3FFE73720B5
:10F3B0000A9000E0FFE70A980C99C8620A980C9935
:10F3C000C8640C990020009008650C98043000F087
:10F3D0009DFD0C98183000F099FD00980C9909617A
:10F3E0000A99C1F138010C9A91610C9949620C9902
:10F3F00048650C9981F8580002980699039A00F024
:10F40000D1FC0C9908600B9820B1FFE70C980B9980
:10F41000086000E0FFE708B080BD000080B584B060
:10F4200000200390FFE70398372810D8FFE70398E0
:10F4300000EB800141F62420C2F2000000EB8100C5
:10F4400000F04CFDFFE7039801300390EBE746F234
:10F45000AC10C2F20000019000F040FD46F2C01076
:10F46000C2F20000029000F039FD46F2F410C2F240
:10F47000000000F033FD46F26820C2F2000000F008
:10F480002DFD46F25420C2F2000000F027FD019944
:10F49000029841F61422C2F20002116041F61C21CA
:10F4A000C2F20001086004B080BD000083B0029089
:10F4B00046F24C20C2F200000190FFE7019800687C
:10F4C0000299884205D2FFE7FFE7019800680190A2
:10F4D000F4E701980090009801994968084402995E
:10F4E000884209D1FFE702984268019948681044B0
:10F4F00048600198029000E0FFE7029800900098B1
:10F5000002994968084401990968884220D1FFE7B7
:10F510000198006841F61821C2F20001096888428A
:10F520000DD0FFE7019800684268029948681044CE
:10F5300048600198006800680299086007E041F699
:10F540001820C2F20000006802990860FFE704E09A
:10F550000198006802990860FFE7019802998842C3
:10F5600004D0FFE702980199086000E0FFE703B0CC
:10F570007047000080B586B0059004910392029315
:10F58000002001900498059948600598006104984E
:10F590000399884216D8FFE703980299401A059903
:10F5A0008969884203D3FFE70120019009E041F611
:10F5B0002020C2F2000000680599043100F0AEFC82
:10F5C000FFE717E003980299884208D2FFE7049802
:10F5D0000299884203D3FFE70120019009E041F638
:10F5E0001020C2F2000000680599043100F096FC7A
:10F5F000FFE7FFE7019806B080BD000080B582B04C
:10F60000019000F0E9FC0198806B18B9FFE7012038
:10F61000009002E000200090FFE700F009FD009854
:10F6200002B080BD80B582B0019000F0D5FC019899
:10F63000806B0199C96B884203D1FFE701200090DC
:10F6400002E000200090FFE700F0F2FC009802B01A
:10F6500080BD000008480068006880F308884FF00B
:10F66000000080F3148862B661B6BFF34F8FBFF31A
:10F670006F8F00DF00BF000008ED00E080B586B0AE
:10F680000490039141F61020C2F200000068C068A7
:10F69000C06801900198043000F0D0FB019890F808
:10F6A00028004007002823D5FFE70198049B8169C3
:10F6B0001944039AFFF75EFFC0B1FFE70198049A6F
:10F6C000694600230B60194601F0E6FF029002989C
:10F6D00058B9FFE74FF0500080F31188BFF36F8FE8
:10F6E000BFF34F8F0590FFE7FEE700E0FFE707E07D
:10F6F000019991F8280000F0FE0081F82800FFE74A
:10F700000198016A884706B080BD000080B58EB0C0
:10F71000FFE746F28020C2F20000006807A900223D
:10F7200001F0BAFA002800F0B880FFE70798B0F1BE
:10F73000FF3F17DCFFE707A804300290029858B992
:10F74000FFE74FF0500080F31188BFF36F8FBFF3D6
:10F750004F8F0D90FFE7FEE702990A6848688968B5
:10F76000904700E0FFE70798002800F19580FFE749
:10F77000099806900698406928B1FFE7069804307A
:10F7800000F05CFB00E0FFE705A800F0FBF8039049
:10F7900007980190092800F27D800199DFE801F0C7
:10F7A0000505053D456605053D45069991F8280086
:10F7B00040F0010081F828000698089B81691944EF
:10F7C000039AFFF7D7FE30B3FFE70698016A884730
:10F7D000069890F82800400700281AD5FFE70698F9
:10F7E000089982690A44694600230B60194601F0B2
:10F7F00053FF0490049858B9FFE74FF0500080F38E
:10F800001188BFF36F8FBFF34F8F0C90FFE7FEE7B8
:10F8100000E0FFE700E0FFE73DE0069991F82800EF
:10F8200000F0FE0081F8280035E0069991F82800E4
:10F8300040F0010081F82800089806998861069830
:10F84000806958B9FFE74FF0500080F31188BFF38B
:10F850006F8FBFF34F8F0B90FFE7FEE70698039B78
:10F86000816919441A46FFF785FE14E0069890F85E
:10F8700028008007002804D4FFE7069800F0FEFB6C
:10F8800007E0069991F8280000F0FE0081F82800B2
:10F89000FFE700E0FFE7FFE73BE70EB080BD0000B9
:10F8A00080B584B00390029100F01EFE684600F01F
:10F8B00069F801900098D8BBFFE7029860B9FFE7AC
:10F8C00003980199884207D8FFE701F0D7FD039814
:10F8D0000199FFF7D3FE2AE0029858B1FFE741F6FD
:10F8E0002020C2F2000000680068B0FA80F04009F1
:10F8F0000290FFE746F28020C2F200000068039900
:10F90000019A891A029A00F0AFFC01F0B7FD60B9C4
:10F91000FFE74EF60451CEF200014FF08050086030
:10F92000BFF34F8FBFF36F8F00E0FFE7FFE702E009
:10F9300001F0A4FDFFE704B080BD000081B041F6F6
:10F940001420C2F200000068006840B9FFE746F2E8
:10F95000E011C2F200014FF0FF3008600FE041F605
:10F960001420C2F200000068C068C06800900098CF
:10F97000406846F2E011C2F200010860FFE701B002
:10F980007047000080B582B0019001F0ADFB00909F
:10F99000009841F60821C2F200010968884206D2A7
:10F9A000FFE700F011F801990120086003E00199D8
:10F9B00000200860FFE7009841F60821C2F200012C
:10F9C0000860009802B080BD80B588B0FFE741F6BE
:10F9D0001020C2F200000068006800284ED0FFE747
:10F9E00041F61020C2F200000168C968096806915A
:10F9F0000068C068C06803900398043000F01EFAE5
:10FA00000398016A8847039890F828004007002867
:10FA100032D5FFE70698039989690844059005984F
:10FA2000069988420FD9FFE7059803994860039823
:10FA3000006141F61020C2F2000000680399043111
:10FA400000F06CFA17E00398069A694600230B60F1
:10FA5000194601F021FE0290029858B9FFE74FF0D5
:10FA6000500080F31188BFF36F8FBFF34F8F079063
:10FA7000FFE7FEE7FFE700E0FFE7A8E741F6102217
:10FA8000C2F200021068049041F62021C2F2000187
:10FA9000086810600498086008B080BD83B000203A
:10FAA000009040F22000C2F200000068013058B11E
:10FAB000FFE74FF0500080F31188BFF36F8FBFF363
:10FAC0004F8F0290FFE7FEE74FF0500080F3118860
:10FAD000BFF36F8FBFF34F8F0190FFE7009808B916
:10FAE000FFE7FBE703B0704780B584B00390FFE702
:10FAF00001A8FFF743FB029002980199FFF7D0FE9F
:10FB0000FFF704FEF4E7000080B582B0019000F03A
:10FB100063FA019890F845008DF80300FFE79DF91E
:10FB20000300012816DBFFE70198406A58B1FFE7A0
:10FB30000198243001F03AFC18B1FFE700F010FC06
:10FB400000E0FFE700E005E09DF8030001388DF8D4
:10FB50000300E4E70199FF2081F8450000F068FA0E
:10FB600000F03AFA019890F844008DF80200FFE79F
:10FB70009DF90200012816DBFFE70198006980B1BA
:10FB8000FFE70198103001F011FC18B1FFE700F019
:10FB9000E7FB00E0FFE79DF8020001388DF8020066
:10FBA00000E000E0E4E70199FF2081F8440000F064
:10FBB0003FFA02B080BD000080B58AB006900020F8
:10FBC000029000F091FC41F61820C2F2000000689B
:10FBD00018B9FFE7FFF7F2FA00E0FFE7069846F2F0
:10FBE000A811C2F200010968084240F0C580FFE791
:10FBF000069800B3FFE70698083006909DF81800B5
:10FC00004007B0B1FFE7069820F0070008300690E3
:10FC10009DF81800400758B1FFE74FF0500080F3FF
:10FC20001188BFF36F8FBFF34F8F0990FFE7FEE797
:10FC300000E0FFE700E0FFE70698002800F09A8068
:10FC4000FFE7069846F2D411C2F200010968884223
:10FC500000F29080FFE746F24C20C2F200000490D0
:10FC600000680590FFE705984168069A00209142D8
:10FC7000019007D2FFE705980068002818BF01200F
:10FC80000190FFE70198C00730B1FFE705980490A5
:10FC9000059800680590E6E7059841F61821C2F23C
:10FCA00000010968884263D0FFE7049800680830C3
:10FCB00002900598006804990860059840680699C4
:10FCC000401A112821D3FFE70598069908440390AC
:10FCD0009DF80C00400758B1FFE74FF0500080F34B
:10FCE0001188BFF36F8FBFF34F8F0890FFE7FEE7D8
:10FCF000059840680699401A039948600698059946
:10FD000048600398FFF7D2FB00E0FFE705984268E0
:10FD100046F2D410C2F200000168891A016000683E
:10FD200046F2DC11C2F20001096888420BD2FFE7FB
:10FD300046F2D410C2F20000006846F2DC11C2F2B2
:10FD40000001086000E0FFE746F2A810C2F20000E0
:10FD500002680599486810434860059900200860CA
:10FD600046F2E811C2F2000108680130086000E0C4
:10FD7000FFE700E0FFE700E0FFE701F07FFB9DF811
:10FD80000800400758B1FFE74FF0500080F311889A
:10FD9000BFF36F8FBFF34F8F0790FFE7FEE7029827
:10FDA0000AB080BD83B0029001910092029804389D
:10FDB000029002994FF08070086002980438029017
:10FDC000019820F00100029908600298043802901E
:10FDD00002994FF69D20C0F6000008600298143882
:10FDE00002900098029908600298043802900299E3
:10FDF0006FF002000860029820380290029803B069
:10FE00007047017809B1002070474178012903D07B
:10FE10008A0705D402224270481E18BF012070478D
:10FE200080B543F29500C0F6010000F004F801210E
:10FE3000017041707047F0F791FC000082B00190B2
:10FE40000198006900900198416880688860019974
:10FE5000486889684860009840680199884205D1DF
:10FE6000FFE7019880680099486000E0FFE701998A
:10FE7000002008610099086801380860009800684F
:10FE800002B0704783B0029001910092029945F64A
:10FE9000C840C2F200000860019945F6C820C2F2CD
:10FEA0000000086000998020086003B070470000DF
:10FEB00083B0029001910092029946F22410C2F29E
:10FEC00000000860019945F62450C2F20000086065
:10FED00000994FF48070086003B0704781B00090C3
:10FEE000009901F10800486000994FF0FF308860E8
:10FEF000009901F10800C860009901F1080008614B
:10FF000000990020086001B07047000081B00090A7
:10FF100000990020086101B07047000084B0039090
:10FF200002910298006800900098013020B9FFE724
:10FF300003980069019010E0039808300190FFE7F2
:10FF40000198406800680099884205D8FFE7FFE7FC
:10FF5000019840680190F3E7FFE701984068029933
:10FF60004860029841688860019802998860029808
:10FF70000199486003980299086103990868013063
:10FF8000086004B07047000083B0029001910298AD
:10FF90004068009000980199486000988068019935
:10FFA0008860019800998968486001980099886084
:10FFB000029801990861029908680130086003B04D
:10FFC00070470000DFF80C00016841F47001016027
:10FFD0007047000088ED00E082B04FF0500080F3E1
:10FFE0001188BFF36F8FBFF34F8F019040F2200055
:10FFF000C2F200000168013101600068012814D1DB
:020000040801F1
:10000000FFE74EF60450CEF200000068000658B13B
:10001000FFE74FF0500080F31188BFF36F8FBFF3FD
:100020004F8F0090FFE7FEE7FFE702B07047000048
:1000300082B040F22000C2F20000006858B9FFE729
:100040004FF0500080F31188BFF36F8FBFF34F8FD5
:100050000090FFE7FEE740F22000C2F200000168D6
:1000600001390160006830B9FFE700200190019874
:1000700080F31188FFE702B07047000080B586B0BA
:10008000039003980290039800285CD0FFE7029841
:1000900008380290029801900198406846F2A81131
:1000A000C2F20001096808420BD1FFE74FF050008F
:1000B00080F31188BFF36F8FBFF34F8F0590FFE779
:1000C000FEE70198006858B1FFE74FF0500080F359
:1000D0001188BFF36F8FBFF34F8F0490FFE7FEE7E8
:1000E0000198406846F2A811C2F20001096808426E
:1000F00027D0FFE70198006808BBFFE746F2A81089
:10010000C2F200000268019948689043486000F01C
:10011000EBF90198426846F2D411C2F20001086876
:10012000104408600198FFF7C1F946F2EC11C2F2E1
:10013000000108680130086001F0A0F900E0FFE765
:1001400000E0FFE7FFE706B080BD00004EF21001BF
:10015000CEF20001002008604EF21802CEF200023A
:10016000106040F21400C2F20000006844F6D3525E
:10017000C1F26202A0FB02024FF0FF3000EB9210CE
:100180004EF21402CEF200021060072008607047A1
:1001900084B0EFF305800190019810281ED3FFE78B
:1001A00001984EF2F031CEF20001405C8DF8030070
:1001B0009DF8030045F6A821C2F2000109788842A3
:1001C0000BDAFFE74FF0500080F31188BFF36F8F19
:1001D000BFF34F8F0390FFE7FEE7FFE74EF60C50AB
:1001E000CEF20000006800F4E06045F6AC21C2F2F7
:1001F0000001096888420BD9FFE74FF0500080F3F7
:100200001188BFF36F8FBFF34F8F0290FFE7FEE7B8
:1002100004B0704783B00290019100200090FFE786
:10022000009807281DD8FFE7009946F20820C2F27F
:10023000000050F8310070B9FFE70198009A46F2CB
:100240000821C2F2000141F832000298009A01EB45
:10025000C201486005E0FFE7FFE700980130009029
:10026000DEE703B07047000080B584B003900291D0
:10027000019203980090FFF7AFFE009890F94400B8
:10028000013028B9FFE70099002081F84400FFE71A
:10029000009890F94500013028B9FFE70099002047
:1002A00081F84500FFE7FFF7C3FE0098806B38B97F
:1002B000FFE7009824300299019A00F07BF800E0F3
:1002C000FFE70098FFF720FC04B080BD80B584B044
:1002D0000290002001900298E0B1FFE745F6BC20B3
:1002E000C2F20000006858B1FFE74FF0500080F301
:1002F0001188BFF36F8FBFF34F8F0390FFE7FEE7C7
:1003000000F0F2F802980021FEF704FD01F0B6F8C3
:10031000019000E0FFE7019860B9FFE74EF6045155
:10032000CEF200014FF080500860BFF34F8FBFF353
:100330006F8F00E0FFE704B080BD000081B0009047
:1003400046F2E410C2F2000000680099086046F22C
:100350007C20C2F2000000680099486001B070473C
:1003600046F28821C2F200010120086070470000B7
:1003700080B584B002900191029858B9FFE74FF020
:10038000500080F31188BFF36F8FBFF34F8F03903E
:10039000FFE7FEE7029841F60C21C2F2000109686E
:1003A0001831FFF7BBFD01980121FEF7B3FC04B043
:1003B00080BD000080B584B0029001910092029847
:1003C00058B9FFE74FF0500080F31188BFF36F8FEB
:1003D000BFF34F8F0390FFE7FEE7029841F60C2131
:1003E000C2F2000109681831FFF7CEFD009820B174
:1003F000FFE74FF0FF300190FFE701980099FEF70B
:1004000089FC04B080BD000080B58AB00020039054
:100410000690059006A805A904AAFFF733FD039BE3
:10042000049A0599DDF818C06846C0F808C0416014
:1004300003604FF27920C0F6000042F69671C0F6D4
:10044000010100F0CDFD014646F2D810C2F20000D5
:100450000160006818B1FFE70120079002E000206A
:100460000790FFE70798012804D1FFE701F0CAF8D9
:10047000079000E0FFE70798012823D1FFE74FF03E
:10048000500080F31188BFF36F8FBFF34F8F099037
:1004900046F2E011C2F200014FF0FF30086046F270
:1004A0004821C2F200010120086046F27C21C2F21C
:1004B00000010020086000F083F808B1FFE700E0C9
:1004C000FFE70FE00798013058B9FFE74FF0500001
:1004D00080F31188BFF36F8FBFF34F8F0890FFE752
:1004E000FEE7FFE70AB080BD45F6BC21C2F200017D
:1004F000086801300860704783B045F6BC20C2F23E
:100500000000006838B1FFE746F28821C2F200011E
:100510000120086051E046F28821C2F2000100206B
:10052000086045F6C420C2F2000000680190FFE7B1
:10053000019800EB800141F62420C2F2000050F83F
:10054000210090B9FFE7019858B9FFE74FF050003C
:1005500080F31188BFF36F8FBFF34F8F0290FFE7D7
:10056000FEE7019801380190E2E7019800EB800175
:1005700041F62420C2F2000000EB810000900099B7
:10058000486840684860009948680831884205D149
:10059000FFE70099486840684860FFE700984068B6
:1005A000C06841F60C21C2F200010860019845F6CE
:1005B000C421C2F200010860FFE703B070470000E9
:1005C00080B588B04EF60050CEF2000000684CF2C4
:1005D0007121C4F20F1188420BD1FFE74FF0500098
:1005E00080F31188BFF36F8FBFF34F8F0790FFE742
:1005F000FEE74EF60050CEF2000000684CF270218B
:10060000C4F20F1188420BD1FFE74FF0500080F386
:100610001188BFF36F8FBFF34F8F0690FFE7FEE7A0
:100620004EF20040CEF20000039001780491FF21C9
:10063000017000788DF80B009DF80B0000F0500061
:1006400045F6A821C2F20001087045F6AC21C2F2BD
:10065000000107200860FFE79DF80B000006002856
:100660000DD5FFE745F6AC21C2F20001086801385C
:1006700008609DF80B0040008DF80B00ECE745F694
:10068000AC20C2F20000006803280BD0FFE74FF057
:10069000500080F31188BFF36F8FBFF34F8F059029
:1006A000FFE7FEE745F6AC21C2F200010868000250
:1006B0000860086800F4E060086004984EF20041A9
:1006C000CEF2000108704EF62051CEF2000108680B
:1006D00040F470000860086840F070400860FFF760
:1006E00035FD40F22001C2F20001002001900860B7
:1006F000FFF768FC4EF63471CEF20001086840F056
:1007000040400860FEF7A6FFFFF7F6FEFFF7C6F9C8
:10071000019808B080BD000080B582B04FF0500055
:1007200080F31188BFF36F8FBFF34F8F009000F0FD
:10073000E5FC40B1FFE74EF60451CEF200014FF068
:1007400080500860FFE700200190019880F3118835
:1007500002B080BD80B590B084461298CDF828C014
:100760000991089207938DF81B000A9858B9FFE782
:100770004FF0500080F31188BFF36F8FBFF34F8F9E
:100780000F90FFE7FEE7079858B9FFE74FF05000DA
:1007900080F31188BFF36F8FBFF34F8F0E90FFE789
:1007A000FEE708990020039031B1FFE70998B0FAFD
:1007B00080F040090390FFE70398C00758B1FFE7B6
:1007C0004FF0500080F31188BFF36F8FBFF34F8F4E
:1007D0000D90FFE7FEE708990020029031B9FFE78E
:1007E0000998002818BF01200290FFE70298C0076F
:1007F00058B1FFE74FF0500080F31188BFF36F8FBF
:10080000BFF34F8F0C90FFE7FEE750200490049851
:1008100050280BD0FFE74FF0500080F31188BFF352
:100820006F8FBFF34F8F0B90FFE7FEE70498079899
:100830000590059888B1FFE70599012081F84600E9
:100840000A980999089A9DF81B30DDF814C0EE4605
:10085000CEF800C0FEF72CFD00E0FFE7059810B0D1
:1008600080BD000080B584B0029001910298009094
:10087000009858B9FFE74FF0500080F31188BFF39C
:100880006F8FBFF34F8F0390FFE7FEE7FFF7A4FBE7
:1008900000990B68C86B0A6C00FB023088600099F5
:1008A0000020886300990868486000990B68C86B4D
:1008B0000A6C013800FB0230C8600099FF2081F803
:1008C0004400009981F845000198D0B9FFE70098ED
:1008D0000069A0B1FFE70098103000F067FD60B13B
:1008E000FFE74EF60451CEF200014FF08050086051
:1008F000BFF34F8FBFF36F8F00E0FFE700E0FFE72C
:1009000008E000981030FFF7E9FA00982430FFF76C
:10091000E5FAFFE7FFF78CFB012004B080BD000083
:1009200080B592B00C900B910A9209930020089028
:100930000C980490049858B9FFE74FF0500080F3EA
:100940001188BFF36F8FBFF34F8F1190FFE7FEE762
:100950000B990020039039B9FFE70498006C002838
:1009600018BF01200390FFE70398C00758B1FFE7C5
:100970004FF0500080F31188BFF36F8FBFF34F8F9C
:100980001090FFE7FEE7099900200229029007D1A5
:10099000FFE70498C06B013818BF01200290FFE701
:1009A0000298C00758B1FFE74FF0500080F311885C
:1009B000BFF36F8FBFF34F8F0F90FFE7FEE700F09D
:1009C00077FB01460020019031B9FFE70A98002823
:1009D00018BF01200190FFE70198C00758B1FFE759
:1009E0004FF0500080F31188BFF36F8FBFF34F8F2C
:1009F0000E90FFE7FEE7FFE7FFF7EEFA0498806B43
:100A00000499C96B884204D3FFE70998022834D1BE
:100A1000FFE704980B99099AFEF71AFB07900498D0
:100A2000406AA0B1FFE70498243000F0BFFC60B139
:100A3000FFE74EF60451CEF200014FF080500860FF
:100A4000BFF34F8FBFF36F8F00E0FFE710E0079811
:100A500060B1FFE74EF60451CEF200014FF0805036
:100A60000860BFF34F8FBFF36F8F00E0FFE7FFE732
:100A7000FFF7DEFA01200D9065E00A9828B9FFE73C
:100A8000FFF7D6FA00200D905DE0089830B9FFE737
:100A900005A8FFF753FC0120089000E0FFE7FFE7FF
:100AA000FFE7FFF7C5FAFFF71FFDFFF795FA049878
:100AB00090F94400013028B9FFE70499002081F83B
:100AC0004400FFE7049890F94500013028B9FFE79A
:100AD0000499002081F84500FFE7FFF7A9FA05A86F
:100AE0000AA900F0C7F928BBFFE70498FEF79AFDB2
:100AF000C8B1FFE7049810300A99FFF739FC049851
:100B0000FFF702F800F0BAFC60B9FFE74EF60451B7
:100B1000CEF200014FF080500860BFF34F8FBFF35B
:100B20006F8FFFE705E00498FEF7EEFF00F0A6FCEC
:100B3000FFE707E00498FEF7E7FF00F09FFC0020C6
:100B40000D9000E058E70D9812B080BD80B592B0CE
:100B50000B900A91099208930B980590059858B943
:100B6000FFE74FF0500080F31188BFF36F8FBFF3A2
:100B70004F8F0E90FFE7FEE70A990020029039B9E7
:100B8000FFE70598006C002818BF01200290FFE7DE
:100B90000298C00758B1FFE74FF0500080F311886A
:100BA000BFF36F8FBFF34F8F0D90FFE7FEE70899FC
:100BB00000200229019007D1FFE70598C06B01389A
:100BC00018BF01200190FFE70198C00758B1FFE767
:100BD0004FF0500080F31188BFF36F8FBFF34F8F3A
:100BE0000C90FFE7FEE7FFF7D3FAEFF311814FF028
:100BF000500080F31188BFF36F8FBFF34F8F1091B8
:100C00000F90109806900598806B0599C96B8842E3
:100C100004D3FFE70898022833D1FFE7059890F83E
:100C200045008DF813000598806B039005980A998C
:100C3000089AFEF70DFA9DF913000130B8B9FFE7E5
:100C40000598406A88B1FFE70598243000F0AEFBB4
:100C500048B1FFE7099820B1FFE709990120086032
:100C600000E0FFE700E0FFE700E0FFE706E09DF8B7
:100C700013000130059981F84500FFE70120079036
:100C800002E000200790FFE706981190119880F38A
:100C90001188079812B080BD80B58EB00990089178
:100CA00007920020069009980390039858B9FFE72F
:100CB0004FF0500080F31188BFF36F8FBFF34F8F59
:100CC0000D90FFE7FEE708990020019039B9FFE792
:100CD0000398006C002818BF01200190FFE70198DD
:100CE000C00758B1FFE74FF0500080F31188BFF301
:100CF0006F8FBFF34F8F0C90FFE7FEE700F0D8F93E
:100D000001460020009031B9FFE70798002818BF7E
:100D100001200090FFE70098C00758B1FFE74FF0AF
:100D2000500080F31188BFF36F8FBFF34F8F0B908C
:100D3000FFE7FEE7FFE7FFF74FF90398806B0290AC
:100D4000029830B3FFE703980899FEF75FF902981D
:100D500001380399886303980069A0B1FFE70398FD
:100D6000103000F023FB60B1FFE74EF60451CEF2E5
:100D700000014FF080500860BFF34F8FBFF36F8FBB
:100D800000E0FFE700E0FFE7FFF752F901200A90DB
:100D90006DE0079828B9FFE7FFF74AF900200A90AD
:100DA00065E0069830B9FFE704A8FFF7C7FA01200D
:100DB000069000E0FFE7FFE7FFE7FFF739F9FFF7ED
:100DC00093FBFFF709F9039890F94400013028B923
:100DD000FFE70399002081F84400FFE7039890F9AA
:100DE0004500013028B9FFE70399002081F845004C
:100DF000FFE7FFF71DF904A807A900F03BF830BB97
:100E0000FFE70398FEF7FAFBD0B1FFE70398243021
:100E10000799FFF7ADFA0398FEF776FE00F02EFB78
:100E200060B9FFE74EF60451CEF200014FF080505A
:100E30000860BFF34F8FBFF36F8F00E0FFE705E05F
:100E40000398FEF761FE00F019FBFFE70EE0039840
:100E5000FEF75AFE00F012FB0398FEF7CFFB18B125
:100E6000FFE700200A9002E0FFE7FFE763E70A9848
:100E70000EB080BD80B588B005900491059858B932
:100E8000FFE74FF0500080F31188BFF36F8FBFF37F
:100E90004F8F0790FFE7FEE7049858B9FFE74FF040
:100EA000500080F31188BFF36F8FBFF34F8F069010
:100EB000FFE7FEE7FFF790F846F27C20C2F2000061
:100EC00000680290029805994968401A01900498B8
:100ED0000068013018B9FFE7002003902BE046F2CC
:100EE000E410C2F20000006805990968884209D040
:100EF000FFE7029805994968884203D3FFE701207C
:100F0000039017E001980499096888420BD2FFE723
:100F1000019A04990868801A08600598FFF70EFA8C
:100F20000020039005E00499002008600120039050
:100F3000FFE7FFE7FFE7FFF77BF8039808B080BD06
:100F400070B58CB0DDF844C0DDF840C00B900A915C
:100F5000ADF826200893BDF826008000FEF72CFE91
:100F60000590059880B1FFE75C20FEF725FE07900D
:100F7000079820B1FFE705980799086303E00598F3
:100F8000FFF77CF8FFE702E000200790FFE70798F3
:100F9000F0B1FFE70798002680F859600B980A998E
:100FA000BDF82620089BDDF840C0119C079DEE4649
:100FB000CEF80C60CEF80850CEF80440CEF800C051
:100FC000FEF79AF90798FDF70FFF0120069003E05E
:100FD0004FF0FF300690FFE706980CB070BD0000A0
:100FE000B0B58EB0DDF850C0DDF84CC0DDF848C0BB
:100FF0000A90099108920793139858B9FFE74FF0A8
:10100000500080F31188BFF36F8FBFF34F8F0D90A7
:10101000FFE7FEE7149858B9FFE74FF0500080F360
:101020001188BFF36F8FBFF34F8F0C90FFE7FEE780
:101030005C20049004985C280BD0FFE74FF0500030
:1010400080F31188BFF36F8FBFF34F8F0B90FFE7D3
:10105000FEE70498149820B3FFE7139808B3FFE75E
:10106000149806901398069908630699022081F84F
:1010700059000A980999089A079BDDF848C0069C10
:10108000EE460025CEF80C50CEF8084005ACCEF860
:101090000440CEF800C0FEF72FF90698FDF7A4FE35
:1010A00002E000200590FFE705980EB0B0BD0000FB
:1010B00081B046F24820C2F20000006818B9FFE78C
:1010C000012000900DE045F6BC20C2F2000000684F
:1010D00018B9FFE70220009002E000200090FFE72F
:1010E000FFE7009801B0704781B046F27C20C2F261
:1010F000000000680090009801B0704780B586B08D
:101100000020029045F6BC20C2F2000000680028D2
:1011100040F0CB80FFE746F27C21C2F20001086874
:101120000130019001980860019858BBFFE741F633
:101130001420C2F200000068006858B1FFE74FF0C9
:10114000500080F31188BFF36F8FBFF34F8F05906E
:10115000FFE7FEE741F61422C2F200021068009099
:1011600041F61C21C2F20001086810600098086076
:1011700046F2E411C2F20001086801300860FEF78F
:10118000DDFB00E0FFE7019846F2E011C2F200014A
:101190000968884268D3FFE7FFE741F61420C2F2EE
:1011A00000000068006840B9FFE746F2E011C2F2B3
:1011B00000014FF0FF30086055E041F61420C2F204
:1011C00000000068C068C0680490049840680390FC
:1011D00001980399884207D2FFE7039846F2E0118D
:1011E000C2F2000108603EE0FFE704980430FEF719
:1011F00025FE0498806A28B1FFE704981830FEF7AE
:101200001DFE00E0FFE70498C06A45F6C421C2F263
:1012100000010968884208D9FFE70498C06A45F6CA
:10122000C421C2F200010860FFE70499C86A00EB1C
:10123000800241F62420C2F2000000EB820004315B
:10124000FEF7A2FE0498C06A41F60C21C2F200012A
:101250000968C96A884203D3FFE70120029000E0D1
:10126000FFE7FFE799E7FFE741F60C20C2F2000035
:101270000068C06A00EB800141F62420C2F2000041
:1012800050F82100022803D3FFE70120029000E07C
:10129000FFE746F28820C2F20000006818B1FFE7BD
:1012A0000120029000E0FFE707E046F2F011C2F2F1
:1012B0000001086801300860FFE7029806B080BDB1
:1012C00080B586B0039003980290002001900398A7
:1012D000002867D0FFE7029841F60C21C2F2000116
:1012E000096888420BD0FFE74FF0500080F3118867
:1012F000BFF36F8FBFF34F8F0590FFE7FEE70298B4
:10130000006D58B9FFE74FF0500080F31188BFF32C
:101310006F8FBFF34F8F0490FFE7FEE70299086DD0
:10132000013808650299C86AC96C884238D0FFE75D
:101330000298006D90BBFFE702980430FEF77EFD37
:1013400008B9FFE700E0FFE70299C86CC86202999C
:10135000C86AC0F1380088610298C06A45F6C421A5
:10136000C2F200010968884208D9FFE70298C06A02
:1013700045F6C421C2F200010860FFE70299C86A7D
:1013800000EB800241F62420C2F2000000EB820054
:101390000431FEF7F9FD0120019000E0FFE700E0D5
:1013A000FFE700E0FFE7019806B080BD80B584B09C
:1013B00002900298C068C0680190019858B9FFE790
:1013C0004FF0500080F31188BFF36F8FBFF34F8F42
:1013D0000390FFE7FEE701981830FEF72FFD45F672
:1013E000BC20C2F20000006820BBFFE70198043077
:1013F000FEF724FD0198C06A45F6C421C2F200013F
:101400000968884208D9FFE70198C06A45F6C421F7
:10141000C2F200010860FFE70199C86A00EB800290
:1014200041F62420C2F2000000EB82000431FEF7F6
:10143000ABFD09E0019800F1180146F2F410C2F288
:101440000000FEF7A1FDFFE70198C06A41F60C21FC
:10145000C2F200010968C96A884208D9FFE7012081
:10146000009046F28821C2F20001086002E00020EC
:101470000090FFE7009804B080BD000080B584B004
:1014800000200290019045F6BC20C2F200000068E6
:1014900058B9FFE74FF0500080F31188BFF36F8F0A
:1014A000BFF34F8F0390FFE7FEE7FEF795FD45F68C
:1014B000BC20C2F200000168013901600068002808
:1014C00040F09980FFE745F6B420C2F200000068C2
:1014D000002800F08F80FFE7FFE746F2F410C2F229
:1014E00000000068002842D0FFE746F2F410C2F284
:1014F0000000C068C068029002981830FEF79EFC99
:1015000002980430FEF79AFC0298C06A45F6C4219E
:10151000C2F200010968884208D9FFE70298C06A50
:1015200045F6C421C2F200010860FFE70299C86ACB
:1015300000EB800241F62420C2F2000000EB8200A2
:101540000431FEF721FD0298C06A41F60C21C2F277
:1015500000010968C96A884207D3FFE746F288217B
:10156000C2F200010120086000E0FFE7B5E7029841
:1015700018B1FFE7FEF7E2F9FFE746F2F010C2F21A
:101580000000006800900098E0B1FFE7FFE7FFF778
:10159000B5FD38B1FFE746F28821C2F20001012013
:1015A000086000E0FFE7009801380090FFE700982E
:1015B0000028ECD1FFE746F2F011C2F20001002052
:1015C000086000E0FFE746F28820C2F200000068F1
:1015D00070B1FFE7012001904EF60451CEF20001F8
:1015E0004FF080500860BFF34F8FBFF36F8F00E064
:1015F000FFE7FFE700E0FFE7FEF71AFD019804B000
:1016000080BD000080B58AB000200890FDF77EFC08
:1016100046F28020C2F20000006858B3FFE70020C5
:1016200004900790069007A806A905AAFEF740FCBB
:10163000049B059A0698DDF81CC06946C1F808C0ED
:101640004860022008604FF6E920C0F6000042F62C
:10165000A071C0F60101FFF7C3FC014646F28420E9
:10166000C2F200000160006818B1FFE70120089095
:10167000FFE700E0FFE7089858B9FFE74FF0500098
:1016800080F31188BFF36F8FBFF34F8F0990FFE78F
:10169000FEE708980AB080BD80B58AB0DDF830C09A
:1016A000089007910692059300200490089858B975
:1016B000FFE74FF0500080F31188BFF36F8FBFF347
:1016C0004F8F0990FFE7FEE746F28020C2F200004C
:1016D0000068A8B3FFE70798009006980190089863
:1016E0000290079805281EDCFFE7FFF7E1FC0228BF
:1016F0000CD1FFE746F28020C2F2000000680C9A8D
:1017000069460023FFF70CF904900BE046F28020B5
:10171000C2F200000068694600231A46FFF700F98C
:101720000490FFE70BE046F28020C2F20000006860
:10173000059A69460023FFF709FA0490FFE700E0E5
:10174000FFE704980AB080BD5FEA400C08BF91F043
:10175000000F4FEA8C234FEAC12243EA51514FEA6E
:101760001C5018BF00F5F0404FEA300018BF41F0A0
:1017700000415FEA6C5C00F02980BCF1FF3F08BFCC
:1017800040F080407047130C06BF12044FF0100C5D
:101790004FF0000C130E04BF12020CF1080C130FD3
:1017A00004BF12010CF1040C930F04BF92000CF162
:1017B000020CD30F04BF52000CF1010C11464FF084
:1017C0000002A0F11F00A0EB0C00704711F0004FC9
:1017D00008BF704731F000413FF4D5AF0B0C06BF96
:1017E00009044FF0100C4FF0000C0B0E04BF09025F
:1017F0000CF1080C0B0F04BF09010CF1040C8B0F4A
:1018000004BF89000CF1020CCB0F04BF49000CF19E
:10181000010CCCF1200322FA03F341EA030102FA9E
:101820000CF2A0EB0C0000F10100704723F07F47A1
:1018300020F07F4C80EA030000F00040ACEB07038F
:1018400003F57C5303F1FF032DE9804909B44FEA06
:10185000144324EA03484FEA154B25EA0B4E0FF2D6
:10186000042606EB13273E7803FB0667C7F500073F
:1018700007FB06F64FEAD64606F102064FEA543752
:1018800007FB066CCCF1005C4FEA1C472CEA074CC6
:101890000CFB06F507FB06F404EB15464FEA96161B
:1018A00049085FEA320234BF00204FF000404FEA9F
:1018B000D13706FB07FC4FEA1C4C0CFB0BF7D21B85
:1018C00003FB0CF761EB07010CFB0EF7B0EB0740D5
:1018D00072EB17420CFB08F734BFA2EB0742B2EBE6
:1018E000074261EB17414FEA0C444FEA910706FBB0
:1018F00007FC4FEA1C4C0CFB0BF7B0EBC74072EB3C
:10190000573203FB0CF734BFA2EBC742B2EBC7421E
:1019100061EB57310CFB0EF7B0EBC70072EB57725F
:101920000CFB08F734BFA2EBC702B2EBC70261EBB6
:1019300057714FEA816141EA92114FEA826242EAAD
:1019400090124FEA806004EBCC04039F4FEAD1373A
:1019500006FB07FC4FEA1C4C0CFB0BF7D21B03FBEE
:101960000CF761EB07010CFB0EF7B0EB074072EBD5
:1019700017420CFB08F734BFA2EB0742B2EB074259
:1019800061EB17414FEA8C5504EB9C244FEA910719
:1019900006FB07FC4FEA1C4C0CFB0BF7B0EBC740F7
:1019A00072EB573203FB0CF734BFA2EBC742B2EB2A
:1019B000C74261EB57310CFB0EF7B0EBC70072EB7F
:1019C00057720CFB08F734BFA2EBC702B2EBC70299
:1019D00061EB57714FEA816141EA92114FEA8262ED
:1019E00042EA90124FEA806015EB4C2544F1000466
:1019F0004FEAD13706FB07FC4FEA1C4C0CFB0BF7F8
:101A0000D21B03FB0CF761EB07010CFB0EF7B0EBED
:101A1000074072EB17420CFB08F734BFA2EB0742FA
:101A2000B2EB074261EB17414FEA813141EA924143
:101A30004FEA823242EA90424FEA80304FEA0C7617
:101A400015EB1C1544F1000448EA03434EEA0B4829
:101A50004FF0000EB2EB080C71EB030724BF624697
:101A600039464EEB0E0E4FF0000B00185241494123
:101A70004BEB0B0BB2EB080C71EB03077BF1000B8C
:101A800024BF624639464EEB0E0E4FF0000B001895
:101A9000524149414BEB0B0BB2EB080C71EB0307C6
:101AA0007BF1000B24BF624639464EEB0E0E51EA25
:101AB000020718BF46F0010616EB0E7655F100023C
:101AC00054F1000103D5BDE88901BDE80088BDE8F7
:101AD0008901BDE80048B619524141EB0101A3F16B
:101AE0000103704780807F7E7D7C7B7A7978777672
:101AF00076757473727171706F6E6E6D6C6C6B6AEB
:101B00006A69686867666665646463636261616088
:101B1000605F5F5E5E5D5D5C5C5B5B5A5A59595805
:101B2000585757565655555554545353525252516F
:101B3000515050504F4F4F4E4E4D4D4D4C4C4C4BC5
:101B40004B4B4A4A4A49494948484847474747460C
:101B50004646454545444444444343434342424248
:101B6000424141419C46002B30D477002BD04FEAB4
:101B700037071CB503B44FF010004FF01001BAF155
:101B8000000F06D0BCF1000FDCBF40F0080040F0B1
:101B900008014FF000000FBCBDE810400BF1010B35
:101BA000BBF1010F08BF5FEA170722BF12F1010264
:101BB00011F101014FF0004143F1000300F000403A
:101BC00043EA00007047F9D35708D0E746EA0646D3
:101BD0004FEA164613F1400F1FDD13F1200FDFBF50
:101BE00016430A46002120335B42BED0C3F12007D2
:101BF00046EA06464FEA164602FA07F746EA07069D
:101C000022FA03F2C3F1200701FA07F742EA0702BA
:101C100021FA03F14FF00003A7E746EA020646EA7D
:101C200006464FEA164646EA0106BCBF46EA0646A5
:101C3000360C4FF000034FF000024FF0000194E724
:101C40002DE9804C70B49A46934691E8380007C855
:101C500031EA400C48BF34EA430C03D5FFF7E6FDF8
:101C6000FFF780FFF0BCBDE8008C2DE9804C70B41C
:101C70009A46934691E8380007C810F0804F08BF95
:101C800013F0804F03D100F005F8FFF76BFFF0BCB5
:101C9000BDE8008C20F07F4723F07F4C80EA0300F2
:101CA00000F0004007EB0C03A3F57C53A3F1FE0307
:101CB00092F0000F00F0B38095F0000F00F07780F5
:101CC0002DE901494FEA114021EA00484FEA144644
:101CD00024EA064700FB06FC08FB06F607FB08F8AB
:101CE00018EB06484CEB164C00FB07F718EB0748BF
:101CF0004CEB17404FEA124B22EA0B4E4FEA1546C7
:101D000025EA06470BFB06FC0EFB06F607FB0EFE5C
:101D10001EEB064E4CEB164C0BFB07F71EEB074E6B
:101D20004CEB174B18EB0B0840F1000018EB0E0BB7
:101D300058EB000840F100008F1A4FF000014FF0FF
:101D400000063CBFC943661B14BFB5EB040C002161
:101D50003CBFC943F61B4FEA174427EA04454FEA44
:101D60001C472CEA074C04FB076205FB07F70CFB3A
:101D700005F616EB074642EB174204FB0CFC16EB8C
:101D80000C4642EB1C421BEB060658EB020241419B
:101D90004EEA8E0E46EA9E0601D5BDE80189B619C7
:101DA000524141EB0101A3F10103BDE801894FEA72
:101DB000144524EA05464FEA114721EA074C05FB82
:101DC00007F406FB07F70CFB06F111EB074144EBA8
:101DD000174405FB0CFC11EB0C4144EB1C444FEA8F
:101DE000124722EA074C05FB07F206FB07F70CFB3C
:101DF00006F616EB074642EB174205FB0CFC16EB0A
:101E00000C4642EB1C456A1854F1000148BF70476C
:101E1000B619524141EB0101A3F10103704795F05E
:101E2000000F37D04FEA114221EA02464FEA144729
:101E300024EA074C02FB07F106FB07F70CFB06F44C
:101E400014EB074441EB174102FB0CFC14EB0C4470
:101E500041EB1C414FEA154725EA074C02FB07F509
:101E600006FB07F70CFB06F616EB074645EB174596
:101E700002FB0CFC16EB0C4645EB1C42121951F10F
:101E8000000148BF7047B619524141EB0101A3F16F
:101E9000010370474FEA144524EA05464FEA11470B
:101EA00021EA074C05FB07F106FB07F70CFB06F2DE
:101EB00012EB074241EB174105FB0CFC12EB0C4205
:101EC00051EB1C414FF0000648BF7047921841EBA0
:101ED0000101A3F10103704780B5F5F7A7FB00B13D
:101EE00080BDFCF7B1FAFFF7F7BF80B5F5F7B2FB9D
:101EF00000B180BDFCF7A8FAFFF7F7BF03B4019863
:101F00004100009850EAC12018BF04204A0D18BFB4
:101F100040F0010040F2FF72B2EB515F08BF40F0A9
:101F20000200012808BF052002B0704730380A2897
:101F300001D201207047002070478A68002A02DC25
:101F40000022EFF7DDBE521E8A604A68C0B2531C01
:101F50004B6010707047000010B500290AD0087857
:101F6000002807D005487844F0F762F9002801D02E
:101F7000002010BD0248784410BD0000E2110000AE
:101F8000DA11000010B500290AD00878002807D01F
:101F900005487844F0F74CF9002801D0002010BD26
:101FA0000248784410BD0000D2110000CA110000A0
:101FB00021F0004201F00043A2F16052B2F5801F0F
:101FC00028BFD2F17F6C0BD95FEA001C43EAC20242
:101FD00042EB507018BF704728BF20F001007047D7
:101FE000B2F5801FBCBF184670474FEA410C1CF584
:101FF000001F02D2084600F0BFBD70B500F0D2FB52
:1020000000000089FFF7F6BF4FF00040A0F5800008
:102010007047000010B591EA030F48BF83F00043FA
:1020200000F11C84841A71EB030C05D2121943EBE6
:102030000C03001B61EB0C014FEA1154A4EB135C81
:10204000DFF81CE11EEA430F18BF9EEA445F00F070
:10205000748021EA045123EA0E0343F48013DCF177
:10206000200E32D322FA0CFE10EB0E0023FA0CFEE7
:1020700041EB0E01CCF1200E03FA0EFE10EB0E0028
:10208000CCF1200E51F10001B1F5801F32D201EBED
:10209000045112FA0EF2BDE8104058BF7047401CC0
:1020A00038BF5FEA420218BF7047002814BF20F013
:1020B000010041F100014FEA410313F5001F38BF51
:1020C0007047A1F1C04100F0BBBB012A43EB030202
:1020D000ACF1200CDCF11F0E32BF4FF0000E23FAE2
:1020E0000CF310EB030041EB0451B4EB115FD0D0C3
:1020F000A1EB045101F58011490801EB04515FEA9D
:1021000030000ED350F1000038BF12FA0EFE08D195
:10211000BDE81040C9E7401C38BF5FEA4202CAD19F
:10212000C3E7BDE810404FEA410313F5001F38BF75
:102130007047A1F1C04100F083BB9EEA445F08D024
:1021400011EA5E0FBDE8104004BF01F0004100201D
:102150007047BDE8104070B500F024FB64FBBE3E44
:102160000000E0FF491058BFC1F140415B1058BF6B
:10217000C3F140438B42EFF3008070472DE9C0412B
:1021800030B4DFF8A8C23CEA111418BF3CEA1314BB
:1021900000F0F0801CEA111481EA030544EAD574CA
:1021A00018BF1CEA131500F0CB80A4EB050404F162
:1021B0007F7404F500344FF0004545EAC12145EA3B
:1021C000C32341EA505143EA52534FEAC0204FEA39
:1021D000C222994208BF904200F0A0804FEA1365E6
:1021E0000FF24816765D4FEA134506FB05F7C7F177
:1021F000807706FB07F74FEAD737A7FB03687642DD
:10220000A7FB06CEC8F5803838BFA8F1010807FB48
:1022100008E6A6FB028C4FF0000EE6FB03CED8F1D9
:1022200000086FEA0C0C5CF1000C6FEA0E0E4EF128
:10223000004EA6FB0C584FF00007E6FB0E87A1FBF3
:1022400008C6A0FB07CE16EB0E064FF0000545F1C1
:102250000005E1FB076515F1E04E7EBFA4F5803473
:102260005FEA46066D4116F1800745F100054FEA29
:10227000172747EA05674FEA15254FEA0666A6F1D4
:10228000DE46B6F1805F20D9384605EBC47124F0F4
:10229000010C01EB0C11BCF1FE6F02D8F0BCBDE8E3
:1022A000008124425CBF01F5801E9EEAC47F02D4F7
:1022B000F0BCBDE80081244200F13980A1F1C041A9
:1022C000F0BCBDE8004100F0BBBA4FEAD02040EAC4
:1022D00041504FEAD1214FEAD22242EA43524FEA1B
:1022E000D323A7FB028607FB036605FB02661EEAF3
:1022F0000E0F58BFA6EB0056B6EB00564FEA520E33
:102300004EEAC37E18EB0E0E56EB530EBCD518EBFF
:1023100002085E417F1C55F10005B5E74FF48015BA
:102320004FF000074FF000064FF00008ACE701F156
:10233000C04101F000414FF00000F0BCBDE8008159
:102340000CEA131511EA0C1F00D00CE013EA0C1F65
:1023500000F025804FF0000081EA030101F0004108
:10236000F0BCBDE80081F0BCBDE8004181EA03019A
:1023700000F066BAF0BCBDE8004170B500F012FA9A
:10238000097EFC3E00F007B84FF0000081EA03012F
:1023900001F00041704781EA030100F051BAF0BC3E
:1023A000BDE8004122494FF000007047FFFDFBF9F6
:1023B000F7F5F4F2F0EEEDEBE9E8E6E4E3E1E0DE78
:1023C000DDDBDAD8D7D5D4D3D1D0CFCDCCCBCAC8EA
:1023D000C7C6C5C4C2C1C0BFBEBDBCBBBAB9B8B711
:1023E000B6B5B4B3B2B1B0AFAEADACABAAA9A8A804
:1023F000A7A6A5A4A3A3A2A1A09F9F9E9D9C9C9BD2
:102400009A9999989797969595949393929191907C
:102410008F8F8E8E8D8C8C8B8B8A8989888887870D
:102420008685858484838382828181800000FF0782
:102430000000F87F51EA030C17D41CF5801F58BF29
:10244000BCF5801F00F10680994218BF704708BF95
:102450009042704707D711F5801F58BF13F5801FB2
:1024600019D499427047894270471CF5801F08D5DE
:10247000BCF5801FF7D58B4218BF704708BF82425A
:1024800070474FF4001C1CEB410F38BF1CEB430F8F
:1024900001D28B42704770B500F084F99224490054
:1024A0004FF000514FF08053FFF75CBE4FEA4103FD
:1024B0004FEA5353A3F58063D3F11E03C8BFD3F192
:1024C000210C0CDD4FF0004242EAC12242EA505298
:1024D00032FA03FC8CEAE17CACEBE1707047102B24
:1024E000C4BF0020704703F5787CBCF1FF3F04D0E7
:1024F0006FF0004282EA2100704770B500F052F997
:102500004992248000207047F2E710F0004248BF53
:102510004042B0FA80F310FA03F10AD0C3F11D0370
:1025200003F5806302EB03524FEA415002EBD121E5
:1025300070474FF000007047B0FA80F310FA03F1D3
:102540000AD0C3F11D0303F580634FEA03524FEA3B
:10255000415002EBD12170474FF00000704700005E
:1025600051EA030C17D41CF5801F58BFBCF5801F1F
:1025700000F10680994218BF704708BF904270472B
:1025800007D711F5801F58BF13F5801F19D4994242
:102590007047894270471CF5801F08D5BCF5801F25
:1025A000F7D58B4218BF704708BF824270474FF47F
:1025B000001C1CEB410F38BF1CEB430F01D28B42B8
:1025C000704770B500F0EEF8922449004FF080514A
:1025D0004FF00053FFF7C6BD51EA030C17D41CF5AA
:1025E000801F58BFBCF5801F00F10680994218BFBC
:1025F000704708BF9042704707D711F5801F58BF3A
:1026000013F5801F19D499427047894270471CF511
:10261000801F08D5BCF5801FF7D58B4218BF7047C7
:1026200008BF824270474FF4001C1CEB410F38BFBB
:102630001CEB430F01D28B42704770B500F0B2F82B
:10264000922449004FF000514FF08053FFF78ABDAC
:1026500070B5DFF848C11CEA111E1EBF1CEA131535
:102660009EEA0C0F95EA0C0F00F06F8081EA0304DC
:102670004EEAD47EAE4421EA4C1123EA4C1341F4D5
:10268000801143F48013AEF17F7EA1FB024CA0FBCE
:102690000365361955EB0C05A1FB034C4CF1000307
:1026A000A0FB021C16EB0C06654153F10003094226
:1026B00018BF46F0010613F4007F0BD14FEA033137
:1026C0004FEA053041EA155140EA165034036FF0E5
:1026D00003020AE04FEAC3214FEAC52041EA5551FF
:1026E00040EA5650F4026FF0020202EB2E4201EB78
:1026F000025585EACE710AD05FEA440C18BF24F077
:10270000004450F1000041F1000120EAD47040F291
:10271000FE7C624500D270BDA84214BF4FF08044D9
:102720004FF04044002E08BF0024BEF1806FA8BFC8
:10273000A1F1C041BDE8704080F2828001F1C0414A
:1027400001F000414FF0000070470CEA13159EEABB
:102750000C0F18BF95EA0C0F06D081EA030E4FF05C
:1027600000000EF0004170BD00F01CF88900013E31
:1027700000F007B800F009B84FEA430C5FEA5C5C70
:1027800008D081EA030100F05BB84FEA410C5FEA30
:102790005C5CF6D102494FF0000070470000FF0773
:1027A0000000F87F0EF1020E2EF0030E5EF8046BAF
:1027B000364205D4012A43EB030515F5001F12D854
:1027C000012841EB010C1CF5001F0CD80ED14FEA7B
:1027D000D17C0CEB4C0C0CF1020C15F5001F08BF62
:1027E0004CEBD37C04E04FF0080C01E04FEAD37CC3
:1027F0000CEB4C0526FA05F606F00706B6F1040CBC
:1028000006D20EEB860CBDE870404CF0010C604720
:10281000DFE80CF0090B02024FF00041A1F50021A6
:102820004FF0000070BD19461046012851EB01041D
:1028300018BFD4F5001484BF002001F0004170BD22
:102840000808A0F500114FEA3101704710B591EA70
:10285000030F48BF83F000433FF5E4AB841A71EBEC
:10286000030C07D28CF0004C121943EB0C03001B35
:1028700061EB0C014FEA1154A4EB135CDFF8A4E107
:102880001EEA430F18BF9EEA445F00F0B48021EABD
:10289000045123EA6E035242C3EB6E0338BF5B1E42
:1028A000DCF1200E25D322FA0CFE10EB0E0043FAC9
:1028B0000CFE41EB0E01CCF1200E03FA0EFE10EBE4
:1028C0000E00CCF1200E51F1000129D401EB04518E
:1028D00012FA0EF2BDE8104058BF7047401C1CBFF2
:1028E000B2F1004F704700280CBF491C20F00100D6
:1028F000704712EB020E43EB030218BF4FF0010EBC
:102900004EEA4202ACF1200CDCF11E0E56D943FA1D
:102910000CFE10EB0E00CCF11E0E51F1FF31D5D59F
:102920000EF1010E12FA0EFE404141EB010101EBE6
:10293000445C5FEA5C5C10D901EB045110EBDE7083
:1029400038BFBEF1004FBDE8104018BF70470028E7
:102950000CBF491C20F00100704734D24FEAD42C40
:1029600024F4006411F500111BD0B1FA81F20B3A86
:10297000A41AA41ED2F12003914030FA03F31943A4
:10298000904001EBCC7101EB0451002CBDE81040EC
:10299000A8BF704701F1C04101F000414FF00000B5
:1029A0007047B0FA80F310FA03F102D1BDE810408D
:1029B0007047E41A173C4805C90AE2E701EB0451E5
:1029C000BDE81040704749104FEA300001EB045158
:1029D000BDE8104002E04FF0000170474A0008BF18
:1029E0000042F8D0B2F5001F28BF704701F0004147
:1029F0004FF0000070479EEA445F07D011EA5E0F77
:102A0000BDE8104004BF002100207047BDE8104021
:102A100070B5FFF7C7FE00BF40DFF63E104683F0FB
:102A2000004170470000E0FF43004FEAD30C4FEA3B
:102A30003C0C43401FBF40070CF1605113F0FE4FA8
:102A400070471CF0006F03D10CF00041002070476C
:102A50000CF0004343EA507040EACC0010B500F09F
:102A600038F800BF000000924FEA0001FFF7E8BE0F
:102A70004FF00041A1F500214FF00000704710B564
:102A8000FFF7D8FC0CBF0120002010BD10B5FFF7E8
:102A9000D1FC14BF0120002010BD10B5FFF760FD70
:102AA0008CBF0120002010BD10B5FFF759FD2CBFD1
:102AB0000120002010BD10B5FFF78EFD94BF01204E
:102AC000002010BD10B5FFF787FD34BF01200020A6
:102AD00010BD0EF1020E2EF0030E5EF8044B2442E0
:102AE00004D44FEA4102B2F17F4F11D84FEA4003BC
:102AF000B3F17F4F0CD80ED14FEAD07C0CEB4C0CCD
:102B00000CF1020CB2F17F4F08BF4CEBD17C04E01A
:102B10004FF0080C01E04FEAD17C0CEB4C0324FA97
:102B200003F404F00704B4F1040C06D20EEB840C99
:102B3000BDE810404CF0010C6047DFE80CF00708DE
:102B400002024FF00040A0F5800010BD0846420090
:102B500018BFD2F1807288BF00F0004010BDF1EEC6
:102B6000100A4FF6FF71C0F2C03120EA010040F0B8
:102B70004070E1EE100A7047FF2141EAD050C005D5
:102B80007047EEF7B5BBEEF7E9BC000000000000AF
:102B900000000000303132333435363738394142A5
:102BA00043444546403058003031323334353637AF
:102BB000383961626364656640307800040000085B
:102BC000000000000000000200010000103A7474D0
:102BD000003A7474003A747400303132333435364C
:102BE000373839616263646566787000303132333A
:102BF0003435363738394142434445465850000051
:102C000002400000000000A000000000054000009D
:102C1000000000C8000000000C4000000000409CC4
:102C200000000000194000000020BCBE00000000B1
:102C300034400000BFC91B8E00000004B5400000F6
:102C4000504BCFD06607E2CF010000006C4100007E
:102C50003E8251AADFEEA73401000000D9420000F5
:102C6000DCB5A0E23A301F97FFFFFFFFB44500003C
:102C7000FD25A0C8E9A3C14FFFFFFFFFFF3F0000F4
:102C80000000008000000000FF3F00000000008006
:102C900000000000CC01002012000000CC01002048
:102CA00012000000881E002020000000000000002C
:102CB00000000000010203040607080900000000EC
:102CC00001020304000610160006101600000000A2
:102CD00000000000E97D0008000000000000000086
:102CE000E97D00080000000000000000998600084F
:102CF0000000000000000000118C0008000000002F
:102D000000000000118C000800000000000000001E
:102D1000998600080000000000000000A9E70008F4
:102D20000000000000000000A9E70008000000000B
:102D300000000000A9E700080000000000000000FB
:102D40004197000839970008A9E70008A9E700089B
:102D5000A9E70008A9E70008A9E70008A9E7000813
:102D6000A9E7000800000000000000005D990008CD
:102D70004199000855970008A5B30008000000001D
:102D800000000000DD990008D5990008A9E70008B7
:102D9000A9E700080000000000000000799C00087E
:102DA0005D9C0008A19A00084D9B0008B19A00089C
:102DB0008D9B0008E1B300081D9A0008499A00089D
:102DC0000000000000000000ED9F0008D19F0008F7
:102DD000D19E0008D99E0008499F0008F19E000876
:102DE000799D0008F99C0008219D0008A19C00081D
:102DF000F59D00084D9E0008799E0008A59D0008DD
:102E0000EDB30008000000000000000035A000083D
:102E10002DA00008A9E70008A9E70008A9E7000815
:102E2000A9E70008A9E70008A9E70008A9E7000842
:102E3000A9E70008A9E70008A9E70008A9E7000832
:102E4000A9E70008A9E70008000000000000000052
:102E50007DA2000861A2000849A00008F9B300089B
:102E60000000000000000000E5A20008DDA200084C
:102E7000A9E70008A9E70008000000000000000022
:102E80000100000000000000000000000000000041
:102E90000000000000000000000000000000000032
:102EA0000000000000000000832F01080000000067
:102EB000000000000000000000000000000800000A
:102EC0002800000000000000000000005C2F010846
:102ED00000000000000000000000000000000000F2
:102EE00000080000260000000000000000000000B4
:102EF0006C2F01080000000000000000000000002E
:102F000000000000000200001800000000000000A7
:102F1000000000008B2F01080000000000000000EE
:102F20000000000000000000000800002500000074
:102F30000000000000000000782F010800000000E1
:102F40000000000000000000000000000008000079
:102F5000270000000000000000000000636F6D6D9E
:102F6000756E69636174696F6E7461006465666132
:102F7000756C745461736B0072656D6F7465746108
:102F8000736B0061726D7461736B00686F7374733F
:102F9000657269616C0049444C4500546D72510082
:102FA000546D7220537663006C656E6774685F655C
:102FB00072726F7220776173207468726F776E20FF
:102FC000696E202D666E6F2D657863657074696F0C
:102FD0006E73206D6F64652077697468206D65730A
:102FE000736167652022257322006261645F6172EC
:102FF0007261795F6E65775F6C656E677468207764
:103000006173207468726F776E20696E202D666E12
:103010006F2D657863657074696F6E73206D6F6472
:1030200065006261645F66756E6374696F6E5F638D
:10303000616C6C20776173207468726F776E2069A1
:103040006E202D666E6F2D657863657074696F6E86
:1030500073206D6F646500766563746F72006261E2
:10306000645F6F7074696F6E616C5F6163636573D9
:103070007320776173207468726F776E20696E2099
:103080002D666E6F2D657863657074696F6E732041
:103090006D6F6465005F5F6378615F67756172641F
:1030A0005F616371756972652064657465637465D9
:1030B000642072656375727369766520696E6974E0
:1030C00069616C697A6174696F6E3A20646F207906
:1030D0006F75206861766520612066756E6374691E
:1030E0006F6E2D6C6F63616C207374617469632003
:1030F0007661726961626C652077686F73652069BB
:103100006E697469616C697A6174696F6E20646557
:1031100070656E6473206F6E2074686174206675CC
:103120006E6374696F6E3F008832010800000020F2
:103130002800000010020008B0320108280000201A
:1031400068680000300200081C0000004300000016
:10315000F8FFFFFF0C0000000E0000000F00000051
:103160002E0000001001000043000000F8FFFFFFE8
:10317000004040404040404040404141414141408A
:10318000404040404040404040404040404040403F
:1031900040050202020202020202020202020202CE
:1031A00002202020202020202020200202020202D3
:1031B000020290909090909010101010101010102B
:1031C0001010101010101010101010100202020237
:1031D000020288888888888808080808080808087B
:1031E0000808080808080808080808080202020277
:1031F000400000000000000000000000000000008F
:1032000000000000000000000000000000000000BE
:1032100000000000000000000000000000000000AE
:10322000000000000000000000000000000000009E
:10323000000000000000000000000000000000008E
:10324000000000000000000000000000000000007E
:10325000000000000000000000000000000000006E
:10326000000000000000000000000000000000005E
:10327000000000000941FFFF59B5FFFFB9B5FFFF8E
:1032800081B6FFFF2541FFFF0000000000000000A5
:103290000000000000000000000000000024F40016
:1032A0000100000010000000AAAAAAAA0000000065
:04000005080001AD41
:00000001FF
