:020000040800F2
:100000000059002041030008A15E0008F55B0008CC
:10001000755E0008C5220008A96B000800000000FA
:10002000000000000000000000000000B15F0008B8
:10003000E524000800000000115F0008F55F0008DB
:100040005B0300085B0300085B0300085B03000818
:100050005B0300085B0300085B0300085B03000808
:100060005B0300085B0300085B0300085B030008F8
:100070005B0300085B0300085B0300085B030008E8
:100080005B0300085B0300085B030008E92200082B
:10009000C9220008D92200085B0300085B0300089E
:1000A0005B0300085B0300085B0300085B030008B8
:1000B0005B0300085B030008F56000085B030008B1
:1000C0005B0300085B0300085B0300085B03000898
:1000D0005B030008996B00085B0300085B030008E2
:1000E0005B0300085B0300085B0300085B03000878
:1000F0005B0300085B0300085B0300085B03000868
:100100005B0300085B0300085B0300085B03000857
:100110005B0300085B0300085B0300085B03000847
:100120005B0300085B0300082D2300085B03000845
:100130005B0300085B0300085B0300080923000859
:10014000F92200085B0300085B0300085B0300085A
:100150005B0300085B0300083D2300085B03000805
:100160005B0300085B0300085B0300085B030008F7
:100170005B0300085B0300085B030008000000004D
:100180005B0300085B0300085B0300085B030008D7
:100190005B0300085B0300085B0300085B030008C7
:1001A00000000000000000005B03000800F002F8FF
:1001B00000F0B7F814A696E8000CB244B344DA4550
:1001C00001D100F0AEF8BAE80F000FA696E83000B3
:1001D000A5EB040504EB0607AAEB0704A7F101074A
:1001E0004FEA15154FEA3414A4F10104AC4201D3CF
:1001F00000F097F813F0010F18BFFB1A43F001034A
:1002000000F001F8DBE7184728F4000048F400008C
:10021000103A24BF78C878C1FAD8520724BF30C832
:1002200030C144BF04680C60704700007047000094
:100230000023002400250026103A28BF78C1FBD8EF
:10024000520728BF30C148BF0B6070476E2900F0CD
:10025000BF83702900F0F58466290EF013876529A5
:100260000EF0108767290EF00D8761290EF00C87BC
:1002700003681B0A28BF41F08001692900F06C83E4
:10028000642900F06983752900F066836F2900F006
:100290008384782900F0C184E92900F01D84E429D1
:1002A00000F01A84F52900F01784EF2900F080840B
:1002B000F82900F0C0840368DB0928BF41F0800101
:1002C000632901F0F982732901F0FE82E32901F02C
:1002D0000983F32901F00E83002070471FB50EF04B
:1002E000BFFE9DE8030000F09FFA01F061FC0400EE
:1002F000002000210EF068F9401C60600020002101
:100300000EF04CF9E06000F039FE00F069FD00F0FD
:100310005DF91FBD10B5002000F0FEFD00F0C9FD25
:1003200010BD00F03EFE1146FFF7D8FF0AF0A2FC18
:1003300001F0CEFB03B4FFF7EDFF03BC00F048FA79
:100340000948804709480047FEE7FEE7FEE7FEE769
:10035000FEE7FEE7FEE7FEE7FEE7FEE704480549A5
:10036000054A064B70470000E1600008AD01000837
:1003700000530020005900200055002000550020A7
:1003800053EA020C00F069802DE9F04B4FF00006B3
:10039000002B1FBFB3FA83F503FA05F424FA05F620
:1003A0005E4012BF1643B2FA82F502FA05F4C5F1B7
:1003B00020051EBF22FA05FC44EA0C04203556EA4B
:1003C000044C4FEA144418BF641C4FF000084FF06F
:1003D0000009904271EB030C39D3002919BFB1FA1F
:1003E00081F701FA07F6B0FA80F700FA07F6C7F1CD
:1003F00020071EBF20FA07FC46EA0C062037B6FB92
:10040000F4FCA7EB0507103F07F01F0BCBF120060C
:100410002CFA06F60CFA0BFB44BFB3460026202F3D
:10042000A4BF5E464FF0000B5BEA060C08BF4FF01E
:10043000010B19EB0B0948EB0608ABFB027C06FB32
:1004400002CC0BFB03CCC01B71EB0C01C1E70B46CC
:10045000024641464846BDE8F08B13B5084318BF35
:100460004FF0FF300146AFF30080BDE81C407047FD
:100470000B460146184600F087B9032A40F2308047
:1004800010F0030C00F0158011F8013BBCF1020FD5
:10049000624498BF11F801CB00F8013B38BF11F856
:1004A000013BA2F1040298BF00F801CB38BF00F86D
:1004B000013B11F0030300F02580083AC0F00880EA
:1004C00051F8043B083A51F804CBA0E80810F5E7CE
:1004D000121D5CBF51F8043B40F8043BAFF30080B1
:1004E000D20724BF11F8013B11F801CB48BF11F826
:1004F000012B24BF00F8013B00F801CB48BF00F8F6
:10050000012B704710B5203AC0F00B80B1E81850AD
:10051000A0E81850B1E81850A0E81850203ABFF4ED
:10052000F5AF5FEA027C24BFB1E81850A0E818508C
:1005300044BF18C918C0BDE810405FEA827C24BFE0
:1005400051F8043B40F8043B08BF7047D20728BF6E
:1005500031F8023B48BF11F8012B28BF20F8023BBD
:1005600048BF00F8012B704702F0FF0343EA032263
:1005700042EA024200F002B84FF0000200B5134612
:1005800094469646203922BFA0E80C50A0E80C50B3
:10059000B1F12001BFF4F7AF090728BFA0E80C5064
:1005A00048BF0CC05DF804EB890028BF40F8042B5D
:1005B00008BF704748BF20F8022B11F0804F18BFCA
:1005C00000F8012B704770477047704708487CB5AA
:1005D0007844009007487844009C0546019004E068
:1005E0002046016808448047241DAC42F8D17CBDF8
:1005F000A8F10000B2F1000070B5064600F0F0F876
:10060000056806F10B0020F00704B4429CBF0020EF
:1006100070BD2B466A68BAB11068A04210D304F1CD
:10062000080188423CBF5068586007D351681019D0
:1006300041601168091B016058601460101D70BD95
:1006400013465268002AE7D12146284600F0D8F820
:100650000028DED170BD70B50446051F00F0C0F85B
:100660000068002C14BF446870BD002C18BFAC4259
:100670003CBF20466468F8D301680A18AA4218BF34
:10068000456003D12A680546114401602868411974
:10069000A1421CBF6C6070BD61686960216808443C
:1006A000286070BD2DE9F04791460C46804600F069
:1006B00097F80768604234EA000001D1042C02D2A6
:1006C0000520BDE8F087601E40F0070609F10B0029
:1006D00020F007054D4539D93B467A6882B3146846
:1006E000101D404206EA000C644525D9A4EB0C001D
:1006F000854221D8BCF1000F0BD01046016862443E
:10070000A1EB0C01116041685160C0F800C0586055
:100710000346116805F10800814205D35019491BB1
:10072000016015605860034652F8040F58600020BD
:10073000C8F80020BDE8F08713465268002ACED1E1
:100740002946384600F05CF80028C5D10620BDE8EF
:10075000F08710B500F04CF8006810BD10B50446E5
:1007600000F046F8046010BD0B460146184600F044
:1007700043B910B5002000F007FCFFF7CBFDBDE842
:100780001040012000F024B82DE9F041074615463D
:100790000E461020FFF730FF040013D06760C4E955
:1007A00002650948AFF3008000F01EF8016821607F
:1007B00006490460002008600348AFF30080002071
:1007C000BDE8F0810120FBE7100000200C000020B4
:1007D00001491820ABBEFEE726000200002070474A
:1007E000004870472C010020004870475C01002041
:1007F00000487047240100207047704770477047D9
:1008000038B504460A4600206946AFF30080002848
:1008100008BF38BD02460099204600F0E7FB0120E2
:1008200038BD012001F081B9F8B5AFF3008005466D
:1008300000200C460C2000BF0646A819A0420DD986
:10084000324669460020AFF30080070008BF01F080
:100850006CF90098A04218BF0546C419FFF7C0FF05
:1008600005600746F01D20F007004619284600F0F5
:100870000AF8B44208BFF8BDA21B31463868BDE88B
:10088000F84000F0B3BB00210160416070470C20CC
:10089000704770B5044685690068C10601D53026E9
:1008A00000E02026C00707D070BDD4E90121304602
:1008B0009047206A401C20626D1EF6D570BD70B551
:1008C000044685690078C00707D170BDD4E90121CD
:1008D00020209047206A401C20626D1EF6D570BD16
:1008E00009684A0501D540B27047C905FCD500B278
:1008F000704709684A0501D5C0B27047C905FCD5E3
:1009000080B2704770B50C460546012A05D028789C
:10091000800600D5EA69002302E0012305E05B1CA4
:10092000934202D2E05C0028F9D1A869E618C01A07
:10093000A861286A184428622846FFF7AAFF04E045
:10094000D5E9012114F8010B9047B442F8D32846A9
:10095000FFF7B5FF70BD00002DE9F0410646002409
:1009600010687529314616A510D0FFF7B9FF002889
:1009700002DA404213A507E031688A0701D512A5C3
:1009800002E0490704D511A5012401E0FFF7B1FFFA
:1009900000210A2206F1240709E0B0FBF2FCB0FBBB
:1009A000F2F302FB1C00303078541846491C002832
:1009B000F3D123462A463046BDE8F04100F075BB2E
:1009C000000000002D0000002B00000020000000AF
:1009D00011680268006A530501D508700AE0D30562
:1009E00001D5088006E0130603D5C217C1E900024D
:1009F00000E0086001207047074B70B50D467B444E
:100A000000F03DFF0446284600F078FF10B14FF09B
:100A1000FF3070BD204670BD7DDB00002DE9FF5F1B
:100A200015468A460446DFF8AC80F8440027D8E92A
:100A300000103E46CDE9001010E03AF816106A4664
:100A400002A801F021F8411C07D02178890603D5BE
:100A5000E269391891420DD80744761C2078800647
:100A600002D5E069B84205DDAE42E6DB3AF8160091
:100A70000028E2D1A069C01BA0612046FFF709FF52
:100A8000D8E90010CDE90010002017E03AF818105E
:100A90006A4602A800F0F8FFB0F1FF3F81460BD094
:100AA00000250DF1080B05E0D4E901211BF8050034
:100AB00090476D1C4D45F7D308F10100B0428046C8
:100AC000E4DB206A384420622046FFF7F8FEBDE8E8
:100AD000FF9F00007EE600002DE9F0418046D21D18
:100AE00022F007020025D2E90002F52915A614D04C
:100AF000011E72F1000106DA0023D0EB030063EB64
:100B0000020211A608E0D8F800108B0701D50FA645
:100B100002E0490701D50EA601251146002408F17F
:100B2000240704E000F07CFA30323A55641C50EAA5
:100B30000102F7D12B46324621464046BDE8F0413E
:100B400000F0B3BA000000002D0000002B000000F0
:100B50002000000030B4002100F1240408E002F07D
:100B60000705D208303542EA4372DB086554491C58
:100B700052EA0305F3D10468002310A2250708D523
:100B800004F020040C4304D0C46901230CA2641EA9
:100B9000C46130BC00F089BA10B504462146106823
:100BA000FFF7A7FE02462046BDE810400023D1E72C
:100BB000D21D22F00701D1E90023CBE7000000009D
:100BC00030000000F0B40D460188090502D5214C23
:100BD0007C4402E01F4C7C440E34002100F12406CA
:100BE00008E002F00F071209E75D42EA03721B09F1
:100BF0007754491C52EA0307F3D102780023120705
:100C000004D5702D06D009B1022311342246F0BC60
:100C100000F04BBA01231034F8E770B504460D46D6
:100C200021461068FFF765FE024629462046BDE8CA
:100C300070400023C6E7D21D22F00703D3E900234A
:100C4000C0E70368126843F0200303600823C36110
:100C50000023B7E7E0E400002DE9F05F8946044691
:100C60004FF0000ADFF874B1FB44C0F820A0204622
:100C7000E1688847002874D0252806D0D4E90121EE
:100C80009047206A401C2062F1E700265F4620461C
:100C9000E16888472028054607DB312D05D2781901
:100CA00010F8200C08B10643F1E7B00701D526F093
:100CB0000406C4F81CA00027C4F818A02A2D09D0E7
:100CC00028460DF055FC38B304EB8708303DC8F8D2
:100CD000185019E059F8041B204604EB8702916173
:100CE000E1688847012F054618D1E069002820DA1D
:100CF00026F020061DE0D8F8180000EB800005EB78
:100D000040003038C8F818002046E168884705469A
:100D10000DF02EFC0028EED1012F0AD02E2D08D187
:100D20002046E16888477F1C0546022F46F02006D2
:100D3000C4DBA069002803DA404246F00106A06146
:100D4000F00701D026F010066C2D0BD0682D09D0CD
:100D50004C2D39D06A2D35D0742D35D07A2D33D025
:100D600016E038E0E1682F4620468847B84205463D
:100D700009D16C2F26D04FF48060E16806432046ED
:100D80008847054604E06C2F1AD04FF48070064364
:100D90000DB3A5F14100192802D8203546F40066AC
:100DA0004A462946204626604E46FFF74FFA80B154
:100DB00001280BD0F61D26F0070000F1080956E7C0
:100DC0004020E4E78020D8E70020D6E706F10409B8
:100DD0004DE7284652E7206ABDE8F09F70E4000026
:100DE00010B542485421FFF7C7FB41485421FFF793
:100DF000C3FB40485421FFF7BFFB3F493B483C4AF7
:100E00003F4B08603D490A603A491960531C03652D
:100E1000481C1065012008653B48344A39A17844D4
:100E200000F094FD20B9384878440A3800F076FE86
:100E300037482F4A35A1784400F088FD20B934485E
:100E400078440A3800F06AFE32482A4A2FA17844D2
:100E500000F07CFD20B92F4878440A3800F05EFE8F
:100E600040232248DC000021224600F04BFD20B147
:100E700025487844543800F051FE1D48224640234E
:100E8000002100F03FFD20B121487844543800F0A3
:100E900045FE184822461023002100F033FD0028AB
:100EA00006D01C487844BDE81040563800F036BEE5
:100EB00010BD104870B5006D20F001040B4800F023
:100EC000BDFD0B4800F0BAFD0A4800F0B7FD09E08F
:100ED000206D20F00105204600F0B0FD2046FFF710
:100EE000BAFB2C46002CF3D170BD00002800002076
:100EF0007C000020D0000020000000200400002022
:100F00000800002072000000CBE200007700000023
:100F1000B7E20000A3E200002DE9F84306461548B9
:100F2000AFF30080FFF760FC134F8146E8464D4663
:100F300016E026B1E068B04201D0254610E02068F6
:100F400028600C48C7F80080AFF30080D4E90101A5
:100F500088470848AFF300803968414500D04D46C6
:100F60002C68002CE5D1002038600248AFF30080E7
:100F7000BDE8F883100000200C0000200148FFF7B6
:100F80002DBC00001000002010B500F0AFFDBDE842
:100F9000104000F0A6BD000000487047240100206A
:100FA00070477546FFF7F8FFAE46050069465346A1
:100FB00020F00700854618B020B5FFF7CFF9BDE84F
:100FC00020404FF000064FF000074FF000084FF0B0
:100FD000000BAC46ACE8C009ACE8C009ACE8C009FD
:100FE000ACE8C00921F007018D4670470346406810
:100FF0008C46002818BF88423CBF03464068F8D39F
:1010000018681844884207D00CF1030020F007004C
:10101000001D411A521A0146081D0A60FFF71BBB4A
:1010200030B5B0F10A0271F100034FEA900E4EEABA
:10103000817EB0EB0E0061EB91014FEA101E4EEA8B
:10104000017E10EB0E0041EB11114FEA102E4EEA1B
:10105000016E10EB0E0041EB11214FEA104E4EEAEB
:10106000014E10EB0E0041EB1141401841F100011F
:101070004FEAD00040EA41704FEAD1014FEA8104C3
:1010800044EA907410EB800544EB01046D1944EBC5
:101090000404521BA3414FF0000348BF0A3200D59D
:1010A00030BD401C41F1000130BD2DE9F0470D4637
:1010B00099469246044600F124080168880604D542
:1010C000E06921F01001216000E00120A84201DD6B
:1010D000471B00E00027A1697A1902EB0900081AF2
:1010E000A0612078C00602D42046FFF7D2FB00267C
:1010F00008E0D4E901211AF806009047206A401C54
:10110000761C20624E45F4DB2078C0060AD52046C6
:10111000FFF7BFFB06E0D4E9012130209047206AA9
:10112000401C2062381EA7F10107F4DC07E0D4E977
:10113000012118F805009047206A401C2062281EF3
:10114000A5F10105F3DC2046FFF7B9FB2078000686
:1011500002D50220BDE8F0870120FBE72DE9FF4F13
:101160000C461E464FF0FF378BB0D2E90001DDF888
:1011700060800A908A46C1F30A5505B93D460021B0
:1011800008464FF00000BAF1000F00F4400005DA05
:1011900000EB80004FF4400101EA50004FEA905903
:1011A000B9F1010F00DDB9460A9850EA4A000ED0A5
:1011B00044F61050A5F2FF3545432F14B8F1000F47
:1011C0001ED07542291E1EDDC9F100021CE0B8F1D7
:1011D000010F4FF0000001D0302103E0F24305E0A1
:1011E0002154401CB042FBDB304600220021215438
:1011F0000B99C1F80880C1E900200FB0BDE8F08F5D
:10120000BD1B6D1CDEE74A4600DA694206A800F005
:1012100013FD06AB93E8070003AB83E807005046D5
:101220000A990CF071FB8DE80700A0F500501F38FB
:1012300000900398002D0ADD42F21F014A4608443F
:10124000002303A9039068460CF0DAFD09E0A0F53D
:1012500000504A461F38002303A9039068460CF04B
:10126000E4FD8DE807000004000C03D04FF0FF30D0
:10127000410800E01046B8F1000F03D000220092B0
:1012800015461EE0751E05D4FFF7CAFE30326255C2
:101290006D1EF9D5B3460122084302D000227F1CFF
:1012A00004E02078302801D100227F1E002A09970F
:1012B00084D01DE0112D07DAFFF7B2FE30326255FF
:1012C0006D1C50EA0102F5D1084302D00098C8B164
:1012D0000EE00021681E05E0235C625C635422542A
:1012E000401E491C8142F7DBAB46A81B401E0990FB
:1012F000002004F80B000B98099AC0F80880C0E998
:10130000002B7AE711264FF0000857E72DE9F04F40
:1013100088460446D21D22F0070191B0D1E90001B0
:10132000CDE90A010CF0CAFE02460B98C00F01D0AD
:101330002D2007E02068810701D52B2002E0202125
:1013400001EAC000032A099001D0072A05DB034601
:101350004146204600F030FC0BE12078800601D5A4
:10136000E06900E00620B8F1650F814606D0B8F1CB
:10137000660F18D0B8F1670F70D131E00020B9F1D5
:10138000110F009001DB112301E009F101030AAA0A
:1013900001A90CA8FFF7E2FEDDE90C70002609F1B7
:1013A0000105834647E001204B4600904FF000477F
:1013B0000AAA01A90CA8FFF7D1FEDDE90DB00C992E
:1013C0005D46002610B909F101000D18B9EB0500C2
:1013D00003D4C0F1FF3609F10105A5EB09002BE0AC
:1013E000B9F1010F01DA4FF001090020B9F1110F35
:1013F0000090484601DD112300E003460AAA01A936
:101400000CA8FFF7ABFEDDE90C704D4600268346C5
:10141000207800070AD4AB4500DA5D4601A8012D0B
:1014200004DD411911F8011C302907D04F4502DABB
:1014300017F1040F04DA012082460FE06D1EEEE77B
:10144000002F02DCED1B3E4403E0781CA84200DDC7
:101450007D1CB81B00F1010A4FF0004720780007FF
:1014600003D4AA4501DB4FF0FF3A0021B7F1004F4A
:101470000DF143088DF8431024D002202B23002FB8
:1014800001DA7F422D230A21021EA0F1010000DCB7
:101490005FB197FBF1FC97FBF1F201FB1C7C174657
:1014A0000CF1300C08F801CDEEE7A8F10100037053
:1014B0002188090501D5452100E06521A0F1010839
:1014C00000F8011C09980FA9A1EB0807FF1D00B146
:1014D0000120411901EBEA70A1693844081A401E45
:1014E000A0612078C00602D42046FFF7D2F90998FF
:1014F00028B1D4E901219047206A401C206220785D
:10150000C00622D52046FFF7C4F91EE0002E04DBFA
:10151000B34502DD01A8805D00E03020D4E901215F
:101520009047206A401C2062761CAAF101005FEA05
:10153000000A0AD100F03CFBC0680168405CD4E9B5
:1015400001219047206A401C2062281EA5F1010558
:10155000DCDC07E0D4E9012118F8010B9047206A90
:10156000401C2062381EA7F10107F3DC2046FFF77C
:10157000A6F9032011B041E62DE9F04F04460D46CF
:10158000D21D22F0070089B0D0E9009748463946BD
:101590000CF094FD0246F80F01D02D2307E02068DF
:1015A000810701D52B2302E0202101EAC0038DF839
:1015B00020300BB1012000E00020032A824601D038
:1015C000072A04DB2946204600F0F6FA3FE120789E
:1015D000800601D40D2500E0E569C7F30A560D2DFC
:1015E00049DA00214FEA175B08464FF00000002F50
:1015F00000F4400007DA00EB80004FF4400100EBFC
:10160000D07001EA60008115012901DD4FF0FF3142
:1016100000224FEA850CBCF1180F06D31346ACF13B
:1016200018004FF08052C24003E04FF4801323FAB9
:101630000CF30CF10C0CBCF1200F04D3ACF1200C1A
:1016400009FA0CF001E007FA0CF000294FF000480D
:1016500001DD18B90FE00ED140450CD319EB02099A
:101660005F4121B9404502D19F4329EA0209BBEB02
:10167000175F00D0761C2088000502D57B4878448F
:1016800002E07A487844193808AA302302F80A3070
:10169000037C0AF10101002E0AF1020A53546A4642
:1016A00002DC4FF0300101E04FF031014FF0010852
:1016B0008DF8001002D0A6F2FF3603E059EA470188
:1016C00000D06B4E002D02DC2178090704D54FF0C5
:1016D00002082E218DF80110C44600210BE0C7F34B
:1016E00003433F01C35C491C6D1E02F80830052905
:1016F00008F1010801DA002DF1DC00210CE000EB1B
:101700001973491C1B786D1E082902F808304FEA2E
:10171000091908F1010801DA002DF0DC21688B06B7
:1017200002D516E0A8F10108E04505DD02EB08034B
:1017300013F8013C302BF5D0B8F1000F09DD02EBB6
:10174000080313F8013C2E2B03D1090701D4A8F19B
:101750000108002D05DD3E2102F808106D1E08F17C
:101760000108407C002E02F8080008F1010804DAA4
:101770002D20764202F8080002E02B2002F8080033
:101780000A214FF47A70864208F101080BDB96FBC0
:10179000F0F3303302F8083096FBF0F308F101085B
:1017A00000FB136601E0642E0CDB642096FBF0F373
:1017B000303302F8083096FBF0F308F1010800FB23
:1017C000136601E00A2E06DB96FBF1F0303002F8DA
:1017D000080008F1010896FBF1F001FB10603030C1
:1017E00002F80800A16908F1010808EB050202EB04
:1017F0000A00081AA0612078C00602D42046FFF72C
:1018000048F8216A08AE01EB0A00206204E0D4E93E
:10181000012116F8010B9047BAF1010AF7D220789E
:10182000C00602D52046FFF734F86E4609E016F8E8
:10183000010B3E280FD0D4E901219047206A401CBB
:101840002062B8F10108F2D22046FFF738F809B05B
:101850000320BDE8F08F206A2844206203E0D4E929
:101860000121302090476D1EEBD3F8E78ADA0000A3
:1018700002FCFFFF01694A1C02610878704700B54D
:101880008FB0CDE901310021059105497944CDE9B9
:10189000031011466846FFF7DFF90FB000BD0000E6
:1018A000E5FFFFFF10B5436913B1AFF3008001E01E
:1018B000FFF728F8012010BD127800F124010A700A
:1018C00000224A700122EDE711684FF0FF32E9E78C
:1018D00010B5436913B1AFF3008001E0FFF79EF844
:1018E000012010BD128800F1240182840022C284EC
:1018F0000122EDE711684FF0FF32E9E7007B00F0CD
:101900008000704770B5C468A50713D0650211D474
:10191000B2F5807F09D0B2F5007F06D0B2F5806FB6
:1019200008D1012300F1240106E05D1E6FF07F461F
:10193000B54201D3012070BD0161C361416024F44F
:1019400070611143C160002070BD00002DE9F041BD
:101950000C461646070047D0104600F06FF8207876
:10196000611C61280AD0722802D077283CD102E09D
:101970000125002405E00225042402E0082448F2A1
:10198000020511F8010B2B2806D0622809D011F8A6
:10199000010C74280AD00BE045F0030544F0020462
:1019A000EFE745F0040544F00104EAE744F01004D1
:1019B0003846214600F0C0F8411C15D000213161A5
:1019C00071604FF40071F560F1617061200704D51A
:1019D00030460222002100F093FA306D40F0010001
:1019E00030653046BDE8F0810020FBE72DE9F0418D
:1019F0000D460646104C206DC10704D0410804D0A6
:101A000020F00104F7E722460EE05420FEF7F4FD33
:101A100007000ED0206D47F00101084354212065D6
:101A20003846FEF7A9FD3A4629463046BDE8F04162
:101A30008CE70020D6E70000280000202DE9F047C1
:101A400004464FF0FF380026C568D4E90497A8077C
:101A500018D0204600F010FB384600F077F8002838
:101A600000DA4646280502D54846FEF7F4FD4C212B
:101A70002046FEF781FD206D20F0010020653046F4
:101A8000BDE8F0874046FBE72DE9F04116460C46DD
:101A9000054600F085F8036893F80101012807D096
:101AA000FF2C12D8185D80B101202C70BDE8F081A8
:101AB000D3F807013246214603F20713C718284618
:101AC000BC46BDE8F041002360474FF0FF30EDE732
:101AD00010B50446AFF300802046BDE81040FEF785
:101AE00029BC002801D0FEF773BE704710B5002155
:101AF00002A000F005FB012010BD00005349474142
:101B00004252543A2041626E6F726D616C2074656E
:101B1000726D696E6174696F6E00000010B500F03F
:101B200009FBBDE81040FFF7DCBF10B500F01CFB5F
:101B3000BDE81040FFF7D5BF0EB5CDE9000100F0BC
:101B400063FB029069460120ABBE0EBD08B5694635
:101B500000900220ABBE08BD1FB58DE807006946A6
:101B60000520ABBE04B010BD1FB58DE80F0069465F
:101B70000620ABBEF6E708B5694600900920ABBE6B
:101B800008BD1CB5CDE9000169460A20ABBE1CBDED
:101B9000704708B5694600900C20ABBE08BD000038
:101BA00010B500F005F8001D10BD00BF1DCA0000F3
:101BB00000487047440100202DE9F0411F460446CB
:101BC00003260168072A01F4006004DB08B116A5AA
:101BD00005E016A503E008B115A500E015A521F064
:101BE00010002060A069C01EA0610FB1401EA0615E
:101BF0002046FEF74EFE4FB1D4E90121384690470A
:101C0000206A401C2062C01C206206E0206AFAE7BD
:101C1000D4E9012115F8010B9047761EF8D2204631
:101C2000FEF74DFEBDE8F0814E414E006E616E0044
:101C3000494E4600696E66002DE9F047814616461A
:101C40008AB0354878440DC88DE80D003248784494
:101C5000801C03AC0DC884E80D0041F69B3008449D
:101C6000372190FBF1F290FBF1F5A5F1800501FB26
:101C700012041B3C02D56442012000E00020DFF882
:101C800098A080460027FA44AAF1BE0A0EE0E007B9
:101C90000AD03246684607EB470101230AEB81016F
:101CA0000CF0C3F88DE8070064107F1C002CEED107
:101CB000194F7F44AE3F19E0E80715D007EB041039
:101CC0000DF1180A90E80E008AE80E00C068F04294
:101CD00001D1981908903246012306A903A80CF0F7
:101CE000A4F803AB83E807006D10641C002DE3D15A
:101CF0004FF0010332466946B8F1000F03A802D045
:101D00000CF07EF801E00CF090F8C9E90001C9F888
:101D100008200AB0BDE8F08754D500002DE9F05F37
:101D2000054617460C46C86820F4201040F4800091
:101D3000C860800602D5084600F0C1F9E06841F2AB
:101D400082014FF0FF3A0140022903D0204600F003
:101D500053F9B9E000F42041B1F5004F0FD1C003B1
:101D600006D56168E06A884200D80846606006E0EF
:101D70002069E06260606069FFF70BFFA061A06806
:101D80000022EEB200280DDAE1688B050AD4C043C8
:101D9000A06041F490302260E0606068411C6160A6
:101DA0000670AAE0E0689146226040F40050E060CE
:101DB000206978BB6069FFF7DEFE04F124054FF06F
:101DC0000108A8B1A08910F4407F08D0E069FEF7AF
:101DD00013FC206118B1E06840F4006017E0C4F81B
:101DE0001C802561E06820F4407040F480600EE0C3
:101DF000E069FEF701FC00282061F0D0E06840F4C3
:101E0000006010F4407FE06002D140F48070E06038
:101E100020696060E06825696FF0010BC1051ED57F
:101E20006168E06A884200D80846411B04D0224617
:101E3000284600F0EBF8E8BB1FB1E562C4E90159A0
:101E400059E0681CE0626060E069401EA060E068E4
:101E500040F48030E06030462E70BDE8F09F17B14E
:101E600000F480320AE06068411C61600670E0683E
:101E70000A2E40F48030E06006D00022E16A6068FB
:101E8000814203D90B4602E00122F7E70346B4F88A
:101E90000CC05B1B5FEA4C5C04D4D4F81CC09C45AE
:101EA00000DD02B3814200D80146002BA1EB0008FF
:101EB000E56200E008E0C4E9015907DD2246194661
:101EC000284600F0A3F808B15046C6E7B8F1000F65
:101ED00009D0A169E5626560A1EB0800A061E06836
:101EE00040F01000E06047B16168A069E562491BFD
:101EF00008446560A0615846AFE73046ADE7000092
:101F00002DE9F041044616460D464769007B8007DF
:101F10002ED03846FFF72FFE50BB3EB3012E02D025
:101F2000022E25D104E0204600F04DF905441DE0C5
:101F30003846FFF72EFEE168002841F01001E1600D
:101F400005DA204600F058F80120BDE8F081C90309
:101F50000BD56268E16A914200D81146A26911442A
:101F60002269891A814200DD08460544002D01DA04
:101F70000220EAE7E16A6068E268814206D29103E2
:101F8000E06203D522F4003141F01002A669002777
:101F9000AE4213DCE16A814201D90B4600E0034600
:101FA00003EB060C2369ACEB030CAC4506DD814268
:101FB00001D98C4600E084469C4505D1A760276086
:101FC00042F02000A5620DE0AD1BE669AE1B814228
:101FD000A66000D90846C01A281A20605819606007
:101FE00022F0200003490840E060002084F8487097
:101FF000ABE70000BFCFD7FFC16821F4001141F06B
:102000008001C16000218160016070472DE9F74FB8
:1020100015460C464FF0FF3B3848D768D2F814A05D
:10202000074209D05046A969FFF7ABFD002819DB2C
:102030003248C0430740EF604FF000496FF000485E
:102040004C4501D3464600E0264600993B465046A3
:102050003246FFF781FDA96920F00042B21A11440F
:10206000A96128B12846FFF7C7FF5846BDE8FE8F93
:10207000A41BE5D10020F9E770B504460569C06AE4
:102080006168884200D80846E16821F42011E160C7
:10209000C90312D5A84208D02246411B2846FFF7A3
:1020A000B5FF10B14FF0FF3070BD0020E562C4E90C
:1020B0000150E06820F48030E060002070BD10B571
:1020C0000446C06820F02000E060A16AA069884250
:1020D0000DD02046FFF7D0FFE06820F4405040F0DC
:1020E0001000E060A06AA0612069E062606044F2D4
:1020F0004001E0688843E06010BD0000100002006D
:1021000070B505460C460A2000E06D1C00F054F83E
:1021100035B128780028F8D102E0641C00F04CF8B2
:1021200014B120780028F8D1BDE870400A2000F0F2
:1021300043B8000010B5014602A0FFF7E1FF0120FF
:1021400010BD000053494752545245443A2052654D
:102150006469726563743A2063616E2774206F70DE
:10216000656E3A200000000010B5012805D000215E
:1021700003A0FFF7C5FF012010BD09A1F8E700008B
:1021800053494752544D454D3A204F7574206F6660
:102190002068656170206D656D6F727900000000C8
:1021A0003A2048656170206D656D6F727920636FAC
:1021B000727275707465640008B569468DF8000028
:1021C0000320ABBE08BD10B50146C268900703D01E
:1021D000900607D5886A0AE0FEF70AFB0121016034
:1021E000881E10BD8B69486818440B69C01A91F8A5
:1021F00048301BB191F84910401A10BD1103FCD5AD
:102200000028FADD401E10BD10B5431C02E010F896
:10221000011B71B18107FAD14FF0013202C88C1A4B
:102220008C4314EAC211F9D0C01A0A0603D0C01EAA
:1022300010BDC01A10BD0A0401D0801E10BD0902D5
:10224000FCD0401E10BD000030B44FF0013C50F8EF
:10225000042B51F8043BCCFA52F4D51A20D1FCB926
:1022600050F8042B51F8043BCCFA52F4D51A17D18C
:10227000B4B950F8042B51F8043BCCFA52F4D51AF7
:102280000ED16CB950F8042B51F8043BCCFA52F43F
:10229000D51A05D1002CDAD030BC4FF000007047C1
:1022A00029BAB1FA81F111F01801D1F1200084406E
:1022B000F2D1CA40CB4012F0FF0213F0FF0330BC52
:1022C000D01A7047FFE7FEE780B540F2C060C2F267
:1022D000000000F023FC80BD80B540F2C060C2F277
:1022E000000000F01BFC80BD80B540F2C060C2F26F
:1022F000000000F013FC80BD80B540F2E860C2F23F
:10230000000000F00BFC80BD80B540F2E860C2F236
:10231000000000F003FC80BD80B582B00190FFE7B3
:1023200004F052FC052008F0BFFCF9E780B540F24C
:102330001070C2F2000001F0E3F880BD80B540F2F9
:102340007070C2F2000001F0DBF880BD82B0019035
:102350000198007810384AF6AB21CAF6AA21A0FBF2
:1023600001100009009000994FF2DC10C0F6000047
:10237000405C0199C8650098042807D3FFE70199DC
:102380000868042262F30900886506E0019908687C
:1023900040F2FF3290438865FFE70198806D02B0FC
:1023A0007047000086B0059000208DF81300059856
:1023B000806A03900598806910BBFFE7039802903C
:1023C00003281BD80299DFE801F0020D02180598D6
:1023D00090F82F00C00720B1FFE701208DF813000F
:1023E000FFE70CE00598C06AB0F1C07F04D1FFE7B9
:1023F00001208DF81300FFE701E000E0FFE745E072
:1024000005988069B0F5005F25D1FFE7039801903A
:1024100003281ED80199DFE801F00206021101200D
:102420008DF8130016E0059890F82F00C00720B132
:10243000FFE701208DF81300FFE70BE00598C06A65
:10244000B0F1C07F04D1FFE701208DF81300FFE752
:1024500000E0FFE719E003980090032804D3FFE7AA
:102460000098032804D00EE001208DF813000BE043
:10247000059890F82F00C00720B1FFE701208DF8E4
:102480001300FFE700E0FFE7FFE7FFE79DF8130019
:1024900006B0704784B003900291019200930398B4
:1024A0000168086820F48020086000980399096892
:1024B000486003988068402809D1FFE70198039994
:1024C00009688860029803990968C86008E0029862
:1024D000039909688860019803990968C860FFE753
:1024E00004B070477047000072B6FFE7FEE70000D7
:1024F00084B002900191029890F820008DF80300BA
:102500009DF80300012805D0FFE79DF8030002288D
:102510000AD1FFE7019A02980168486910434861AF
:1025200000208DF80F0008E00299486A40F48020EE
:10253000486201208DF80F00FFE79DF80F0004B0FE
:102540007047000088B006900591049203930698A6
:1025500090F820008DF807000698006880680090C9
:102560000598806808B9FFE700E0FFE79DF80700DD
:10257000012806D0FFE79DF80700022840F0808080
:10258000FFE79DF80300400700280CD4FFE79DF803
:1025900003000007002806D4FFE79DF80300C006EB
:1025A000002864D5FFE70098C0F30160029002990B
:1025B00001208840039908600598806868B9FFE7A2
:1025C00005980168C06840EA415006990968029A76
:1025D00001EB0211C1F880010EE005994A68886894
:1025E000C96840EAC200084306990968029A01EBEB
:1025F0000211C1F88001FFE7059800690699096892
:10260000029A01EB0211C1F884010598007D0128AE
:102610000CD1FFE706980068029900EB0111D1F890
:10262000840140F48070C1F88401FFE70498406899
:1026300006990968029A01EB0211C1F88C0104980D
:10264000006806990968029A01EB0211C1F8880135
:1026500006980068029900EB0111D1F8800140F062
:102660000100C1F8800100208DF81F0011E00699DB
:10267000486A40F40010486201208DF81F0008E00D
:102680000699486A40F48020486201208DF81F00B6
:10269000FFE79DF81F0008B07047000086B0049067
:1026A0000391049890F820008DF803009DF8030032
:1026B000012806D0FFE79DF80300022840F0B08013
:1026C000FFE746F20040C4F2000001900199D1F802
:1026D000000240F00100C1F800020199D1F80002A7
:1026E00020F47C50C1F800020398426A0199D1F8A5
:1026F000000240EA0220C1F800020398406900F09D
:102700001F01012088400290029A0199D1F81C0211
:102710009043C1F81C020398C069F0B9FFE7029A20
:102720000199D1F80C029043C1F80C02039A9088E9
:10273000D168526940EA0140019901EBC201C1F838
:102740004002039A10889168526940EA0140019959
:1027500001EBC201C1F84402FFE70398C0690128F8
:102760001ED1FFE7029A0199D1F80C021043C1F87B
:102770000C02039A90881168526940EA014001995D
:1027800001EBC201C1F84002039A90899168526935
:1027900040EA0140019901EBC201C1F84402FFE7A0
:1027A0000398806940B9FFE7029A0199D1F80402C1
:1027B0009043C1F8040207E0029A0199D1F804029B
:1027C0001043C1F80402FFE70398006940B9FFE72E
:1027D000029A0199D1F814029043C1F8140207E05B
:1027E000029A0199D1F814021043C1F81402FFE7CC
:1027F0000398006A012808D1FFE7029A0199D1F8ED
:102800001C021043C1F81C02FFE70199D1F8000235
:1028100020F00100C1F8000200208DF8170008E048
:102820000499486A40F48020486201208DF817001E
:10283000FFE79DF8170006B07047000081B00090D8
:1028400001B0704784B0039002910020019003987A
:1028500090F820008DF803009DF80300012805D0B2
:10286000FFE79DF80300022812D1FFE7029838B96C
:10287000FFE703980068C06800F00300019006E0DD
:1028800003980068006900F003000190FFE7FFE78C
:10289000019804B07047000086B004900391029242
:1028A0000193049890F820008DF803009DF8030030
:1028B000012806D0FFE79DF80300022840F0E880D9
:1028C000FFE7039880B9FFE704980068C0688007B5
:1028D00048B9FFE70499486A40F4001048620120B3
:1028E0008DF81700DDE00FE00498006800698007AC
:1028F00048B9FFE70499486A40F400104862012093
:102900008DF81700CDE0FFE704980068039900EB0D
:102910000110D0F8B00100F004000299886002981C
:10292000806858B9FFE704980068039900EB01102C
:10293000D0F8B001400D029908600AE004980068E0
:10294000039900EB0110D0F8B001C008029948606B
:10295000FFE704980068039900EB0110D0F8B0017C
:1029600000F002000299C86004980068039900EB27
:102970000110D0F8B40100F00F00082804D3FFE7DD
:102980000299082008610BE004980068039900EBA5
:102990000110D0F8B40100F00F0002990861FFE7C0
:1029A00004980068039900EB0110D0F8B40180B2DC
:1029B000000A0299886104980068039900EB0110ED
:1029C000D0F8B401000C029948610498006803999A
:1029D00000EB0110D0F8B801019908700498006864
:1029E000039900EB0110D0F8B801000A0199487072
:1029F00004980068039900EB0110D0F8B801000CAE
:102A00000199887004980068039900EB0110D0F8D0
:102A1000B801000E0199C87004980068039900EB92
:102A20000110D0F8BC01019908710498006803995D
:102A300000EB0110D0F8BC01000A0199487104981C
:102A40000068039900EB0110D0F8BC01000C01995B
:102A5000887104980068039900EB0110D0F8BC015C
:102A6000000E0199C871039838B9FFE7049801680E
:102A7000C86840F02000C86006E004980168086952
:102A800040F020000861FFE700208DF8170008E003
:102A90000499486A40F48020486201208DF81700AC
:102AA000FFE79DF8170006B07047000083B0029062
:102AB00000200190029890F820008DF803009DF806
:102AC0000300012805D0FFE79DF80300022822D16A
:102AD000FFE70298006880684001002804D5FFE7FE
:102AE000019801300190FFE70298006880680001BA
:102AF000002804D5FFE7019801300190FFE7029814
:102B000000688068C000002804D5FFE70198013004
:102B10000190FFE7FFE7019803B0704780B58AB0E6
:102B2000099000200890099800684069079009986A
:102B300000684068069009980068806805900998C8
:102B40000068C068049009980068006903900998BB
:102B50000068806902909DF81C00C007002800F002
:102B60009480FFE79DF81400C00758B3FFE7099869
:102B70000168012088609DF814008007002804D5B2
:102B8000FFE7099800F00CFC1BE09DF814004007DB
:102B9000002805D5FFE7089840F4006008900FE092
:102BA0009DF814000007002805D5FFE7089840F4B9
:102BB0008050089003E0099800F0EEFBFFE7FFE784
:102BC000FFE7FFE79DF81500C00760B3FFE709982E
:102BD00001684FF4807088609DF815008007002818
:102BE00004D5FFE7099800F0E3FB1BE09DF8150012
:102BF0004007002805D5FFE7089840F400500890EA
:102C00000FE09DF815000007002805D5FFE708989C
:102C100040F48040089003E0099800F0C5FBFFE70E
:102C2000FFE7FFE7FFE79DF81600C00760B3FFE787
:102C3000099801684FF4803088609DF8160080077D
:102C4000002804D5FFE7099800F0BAFB1BE09DF8C7
:102C500016004007002805D5FFE7089840F400401B
:102C600008900FE09DF816000007002805D5FFE743
:102C7000089840F48030089003E0099800F09CFB2D
:102C8000FFE7FFE7FFE7FFE7FFE79DF81C0000070E
:102C9000002810D5FFE79DF81000C006002809D5D0
:102CA000FFE7089840F40070089009980168102028
:102CB000C860FFE7FFE79DF81C00400700280FD51C
:102CC000FFE79DF810000007002808D5FFE70998E6
:102CD00001680820C860099800F0EAFAFFE7FFE7FA
:102CE0009DF81C00800700280BD5FFE709980068B5
:102CF000C068800720B1FFE7099800F0DDFAFFE720
:102D0000FFE79DF81C004006002810D5FFE79DF85E
:102D10000C00C006002809D5FFE7089840F4806041
:102D200008900998016810200861FFE7FFE79DF807
:102D30001C00800600280FD5FFE79DF80C00000757
:102D4000002808D5FFE7099801680820086109985C
:102D500000F0D0FAFFE7FFE79DF81C00C00600284E
:102D60000BD5FFE7099800680069800720B1FFE7ED
:102D7000099800F0C3FAFFE7FFE79DF81E008007FF
:102D800000280FD5FFE79DF81800C006002808D5D9
:102D9000FFE70998016810204860099800F0B2FA2E
:102DA000FFE7FFE79DF81E00C00778B1FFE79DF839
:102DB00018000007002808D5FFE7099801680820D7
:102DC0004860099800F000FBFFE7FFE79DF81D0051
:102DD0000006002840F18D80FFE79DF818004007AD
:102DE000002840F18180FFE79DF81D00C00750B129
:102DF000FFE79DF80800C00728B1FFE7089840F0FA
:102E000001000890FFE79DF81D00800700280BD502
:102E1000FFE79DF808008007002805D5FFE7089820
:102E200040F002000890FFE79DF81D0040070028D1
:102E30000BD5FFE79DF808004007002805D5FFE700
:102E4000089840F004000890FFE79DF81D00000777
:102E5000002848D5FFE79DF8080010F0700F42D019
:102E6000FFE7029800F0700001460191102814D08D
:102E7000FFE70198202815D0FFE70198302816D0E9
:102E8000FFE70198402817D0FFE70198502818D095
:102E9000FFE70198602819D01DE0089840F008006D
:102EA000089019E0089840F01000089014E0089885
:102EB00040F0200008900FE0089840F04000089093
:102EC0000AE0089840F08000089005E0089840F477
:102ED0008070089000E0FFE709980168886920F099
:102EE00070008861FFE7FFE70998016804204860E7
:102EF000FFE7089848B1FFE7089A0999486A104324
:102F000048620998FFF79AFCFFE70AB080BD00000D
:102F100080B584B00290029820B9FFE701208DF8B7
:102F20000F00E0E0029890F8200020B9FFE7029837
:102F300000F0DEF8FFE702980168086840F0010041
:102F4000086000F07FFF0190FFE70298006840688A
:102F5000C007A8B9FFE700F075FF0199401A0B28D8
:102F60000DD3FFE70299486A40F4003048620299A5
:102F7000052081F8200001208DF80F00B3E0E4E780
:102F800002980168086820F00200086000F05AFF0B
:102F90000190FFE70298006840688007002815D577
:102FA000FFE700F04FFF0199401A0B280DD3FFE710
:102FB0000299486A40F4003048620299052081F87D
:102FC000200001208DF80F008DE0E3E70298007EDD
:102FD000012807D1FFE702980168086840F08000E7
:102FE000086006E002980168086820F08000086028
:102FF000FFE70298407E012807D1FFE702980168A9
:10300000086840F04000086006E00298016808681F
:1030100020F040000860FFE70298807E012807D179
:10302000FFE702980168086840F02000086006E0A9
:1030300002980168086820F020000860FFE7029805
:10304000C07E012807D1FFE702980168086820F0D8
:103050001000086006E002980168086840F010005F
:103060000860FFE70298007F012807D1FFE7029878
:103070000168086840F00800086006E002980168EE
:10308000086820F008000860FFE70298407F0128E8
:1030900007D1FFE702980168086840F00400086063
:1030A00006E002980168086820F004000860FFE765
:1030B000029B19685A689868D3F80CC040EA0C0063
:1030C000D3F810C040EA0C005B691843013A104382
:1030D000C861029900204862029A012182F82010FA
:1030E0008DF80F00FFE79DF80F0004B080BD0000D1
:1030F00080B594B0139000201290119010900F9012
:103100000E901398006846F20041C4F20001884214
:103110005CD1FFE740F2E010C2F20000016801312B
:1031200001600068012812D1FFE7FFE700200D9041
:1031300043F64000C4F20200016841F000710160F2
:10314000006800F000700D900D98FFE7FFE7FFE7C3
:1031500000200C9043F63000C4F20200016841F0F8
:1031600008010160006800F008000C900C98FFE76F
:1031700003200E9002210F910021079110911190D0
:103180000920129040F60040C4F202000EA900F09F
:1031900061FC079A132004900521069100F030FF8E
:1031A000049800F023FF0699079A1420059000F078
:1031B00027FF059800F01AFF0699079A1520089036
:1031C00000F01EFF089800F011FF6FE013980068F0
:1031D00046F60001C4F20001884266D1FFE7FFE72E
:1031E00000200B9043F64000C4F20200016841F059
:1031F00080610160006800F080600B900B98FFE731
:1032000040F2E010C2F20000016801310160006884
:10321000012812D1FFE7FFE700200A9043F64000A3
:10322000C4F20200016841F000710160006800F022
:1032300000700A900A98FFE7FFE7FFE70020099077
:1032400043F63000C4F20200016841F0020101605F
:10325000006800F0020009900998FFE74FF4405021
:103260000E9002200F9000200290109003201190E9
:103270000920129040F20040C4F202000EA900F0B2
:10328000E9FB029A3F2000900521019100F0B8FE71
:10329000009800F0ABFE0199029A4020039000F0E4
:1032A000AFFE039800F0A2FEFFE7FFE714B080BD79
:1032B00081B0009001B0704780B58AB0099004F0E9
:1032C000BFFD01688A68002190470290099801902B
:1032D000029801688969884701460198884206D1A9
:1032E000FFE7029801684A6903A99047FFE70AB01F
:1032F00080BD000081B0009001B0704781B00090A7
:1033000001B0704781B0009001B0704780B584B0C3
:103310000290029890F8200001282FD1FFE702992F
:10332000022081F8200002980168086820F001005E
:10333000086000F087FD0190FFE702980068406890
:10334000C007A8B1FFE700F07DFD0199401A0B28E6
:103350000DD3FFE70299486A40F4003048620299B1
:10336000052081F8200001208DF80F000FE0E4E730
:103370000299002048628DF80F0008E00299486A1F
:1033800040F40020486201208DF80F00FFE79DF80F
:103390000F0004B080BD000081B0009001B0704704
:1033A00081B0009001B0704781B0009001B07047CB
:1033B00081B0009001B0704781B0009001B07047BB
:1033C00081B0009001B0704781B0009001B07047AB
:1033D00080B584B002900298806D019000F032FDBB
:1033E0000090029890F8350002280DD0FFE702996E
:1033F00080204865FFE70299002081F83400FFE74C
:1034000001208DF80F0055E002980168086820F04F
:103410001600086002980168486920F08000486141
:103420000298006C20B9FFE70298806C38B1FFE782
:1034300002980168086820F008000860FFE7029819
:103440000168086820F001000860FFE70298006842
:103450000068C007C8B1FFE700F0F4FC0099401A0B
:10346000062811D3FFE7029920204865029903201E
:1034700081F83500FFE70299002081F83400FFE76A
:1034800003208DF80F0015E0E0E70298C16D3F20A2
:103490008840019988600299012081F83500FFE792
:1034A0000299002081F83400FFE7FFE700208DF843
:1034B0000F00FFE79DF80F0004B080BD82B00090C0
:1034C000009890F83500022807D0FFE70099802087
:1034D000486501208DF807000EE00099052081F86D
:1034E000350000980168086820F001000860FFE7D7
:1034F00000208DF80700FFE79DF8070002B0704735
:1035000080B586B005900020039040F21400C2F20E
:103510000000006848F2B511C1F64E31A0FB011061
:10352000800A02900598806D0190019800680490CF
:1035300004980599C96DC840000700281AD5FFE70F
:103540000598006800684007002812D5FFE7059835
:103550000168086820F0040008600598C16D082023
:103560008840019988600599486D40F001004865E0
:10357000FFE7FFE704980599C96DC840C007A0B1EF
:10358000FFE7059800684069000600280CD5FFE7B2
:103590000598C16D01208840019988600599486DA2
:1035A00040F002004865FFE7FFE704980599C96D00
:1035B000C8404007002814D5FFE705980068006858
:1035C000800700280CD5FFE70598C16D04208840CE
:1035D000019988600599486D40F004004865FFE74F
:1035E000FFE704980599C96DC840C006002847D573
:1035F000FFE7059800680068000700283FD5FFE74F
:103600000598C16D10208840019988600598006870
:103610000068400300281AD5FFE705980068006895
:103620000003002809D4FFE70598006C20B1FFE7EC
:103630000598016C8847FFE708E00598806C20B189
:10364000FFE70598816C8847FFE7FFE716E00598DC
:1036500000680068C005002807D4FFE705980168E6
:10366000086820F008000860FFE70598006C20B1AA
:10367000FFE70598016C8847FFE7FFE7FFE7FFE7F3
:1036800004980599C96DC8408006002840F18D80D6
:10369000FFE7059800680068C006002840F18480B4
:1036A000FFE70598C16D2020884001998860059842
:1036B00090F83500052834D1FFE7059801680868BF
:1036C00020F01600086005980168486920F0800025
:1036D00048610598006C20B9FFE70598806C38B107
:1036E000FFE705980168086820F008000860FFE718
:1036F0000598C16D3F208840019988600599012097
:1037000081F83500FFE70599002081F83400FFE7D4
:103710000598006D20B1FFE70598016D8847FFE728
:103720007BE0059800680068400300281AD5FFE791
:103730000598006800680003002809D4FFE7059891
:10374000406C20B1FFE70598416C8847FFE708E02F
:103750000598C06B20B1FFE70598C16B8847FFE76C
:10376000FFE720E0059800680068C005002811D434
:10377000FFE705980168086820F0100008600599C7
:10378000012081F83500FFE70599002081F8340019
:10379000FFE7FFE70598C06B20B1FFE70598C16B15
:1037A0008847FFE7FFE7FFE7FFE70598406DA0B315
:1037B000FFE70598406DC00730B3FFE70599052086
:1037C00081F8350005980168086820F0010008605C
:1037D000FFE70398013003900299884201D9FFE77F
:1037E00007E0FFE7059800680068C0070028F0D1EF
:1037F000FFE70599012081F83500FFE705990020D2
:1038000081F83400FFE7FFE70598C06C20B1FFE7BF
:103810000598C16C8847FFE7FFE706B080BD000050
:1038200080B586B004900020039000F00BFB02905E
:10383000049820B9FFE701208DF81700A3E0049851
:10384000406A08B1FFE7FFE70499022081F83500DC
:10385000FFE70499002081F83400FFE7049801682D
:10386000086820F001000860FFE70498006800681D
:10387000C00790B1FFE700F0E5FA0299401A062868
:103880000AD3FFE70499202048650499032081F8B2
:1038900035008DF8170076E0E7E7049800680068C7
:1038A0000390039848F23F01CFF2100108400390C3
:1038B000049900914868D1F808C0CB680A6940EAC9
:1038C0000C00184310434A6910438A691043CA69BF
:1038D0001043096A01430398084303900498406A1F
:1038E000042808D1FFE70499C86A096B01430398CB
:1038F00008430390FFE70398049909680860049857
:10390000006840690390039820F007000390049832
:10391000416A0398084303900498406A04281AD126
:10392000FFE70498816A0398084303900498C06AEB
:1039300080B1FFE70498FEF735FD50B1FFE7049929
:10394000402048650499012081F835008DF8170062
:1039500019E0FFE7FFE703980499096848610498B4
:10396000FEF7F4FC01900498C16D3F208840019956
:103970008860049900204865049A012182F8351076
:103980008DF81700FFE79DF8170006B080BD000016
:1039900080B588B0069005910492039300208DF8BD
:1039A0000B000698806D0190FFE7069890F83400B0
:1039B000012804D1FFE702208DF81F0045E0069999
:1039C000012081F83400FFE7FFE7069890F8350002
:1039D00001282BD1FFE70699022081F835000699CE
:1039E0000020486506980599049A039BFEF752FD4E
:1039F0000698C16D3F20884001998860069801684B
:103A0000086840F0160008600698006C38B1FFE7BF
:103A100006980168086840F008000860FFE706980B
:103A20000168086840F00100086009E0FFE70699B6
:103A3000002081F83400FFE702208DF80B00FFE73B
:103A40009DF80B008DF81F00FFE79DF81F0008B0E0
:103A500080BD000090B00F900E9100200C900B9054
:103A60000A900D90FFE70D980F2800F2E881FFE71C
:103A70000D99012088400C900E9800680C99084020
:103A80000B900B980C99884240F0D481FFE70E9878
:103A9000406800F00300012807D0FFE70E98406857
:103AA00000F0030002282FD1FFE70F9880680A90EA
:103AB0000D984100032000FA01F10A9888430A900A
:103AC0000E98C0680D99490000FA01F10A98084360
:103AD0000A900A980F9988600F9840680A900D998B
:103AE000012000FA01F10A9888430A900E98406874
:103AF000C0F300100D9900FA01F10A9808430A90EA
:103B00000A980F994860FFE70E98406800F003009C
:103B1000032818D0FFE70F98C0680A900D9841005D
:103B2000032000FA01F10A9888430A900E988068F1
:103B30000D99490000FA01F10A9808430A900A9881
:103B40000F99C860FFE70E98406800F00300022854
:103B500026D1FFE70F980D996FF0030202EA510199
:103B60000844006A0A900D9800F0070081000F20B9
:103B700000FA01F10A9888430A900E9800690D999D
:103B800001F00701890000FA01F10A9808430A9040
:103B90000A980F990D9B02EA530211440862FFE74D
:103BA0000F9800680A900D984100032000FA01F177
:103BB0000A9888430A900E98406800F003000D9917
:103BC000490000FA01F10A9808430A900A980F99EF
:103BD00008600E9880798007002800F02A81FFE7AE
:103BE000FFE70020099043F64400C4F20200016898
:103BF00041F480410160006800F480400990099818
:103C0000FFE70D9820F0030043F60801C4F201011C
:103C100040580A900D9800F0030081000F2000FA30
:103C200001F10A9888430A900F980021C4F202011A
:103C3000884203D1FFE7002008907AE00F9840F215
:103C40000041C4F20201884203D1FFE7012007903E
:103C50006CE00F9840F60001C4F20201884203D1E3
:103C6000FFE7022006905EE00F9840F60041C4F2A4
:103C70000201884203D1FFE70320059050E00F982E
:103C800041F20001C4F20201884203D1FFE704209F
:103C9000049042E00F9841F20041C4F202018842D0
:103CA00003D1FFE70520039034E00F9841F60001AF
:103CB000C4F20201884203D1FFE70620029026E009
:103CC0000F9841F60041C4F20201884203D1FFE798
:103CD0000720019018E00F9842F20001C4F202019F
:103CE000884203D1FFE7082000900AE00F9942F2D2
:103CF0000042C4F202020A20914208BF092000904B
:103D0000FFE700980190FFE701980290FFE7029813
:103D10000390FFE703980490FFE704980590FFE7FE
:103D200005980690FFE706980790FFE70798089028
:103D3000FFE70898C0B20D9901F00301890000FA6D
:103D400001F10A9808430A900A980D9921F003019D
:103D500043F60802C4F20102885043F60840C4F258
:103D6000010000680A900B990A9888430A900E98FF
:103D70008079C006002805D5FFE70B990A9808430B
:103D80000A90FFE70A9843F60841C4F2010108606F
:103D900043F60C40C4F2010000680A900B990A989F
:103DA00088430A900E9880798006002805D5FFE7A1
:103DB0000B990A9808430A90FFE70A9843F60C41CA
:103DC000C4F20101086043F60440C4F20100006837
:103DD0000A900B990A9888430A900E988079800778
:103DE000002805D5FFE70B990A9808430A90FFE7DA
:103DF0000A9843F60441C4F20101086043F600400A
:103E0000C4F2010000680A900B990A9888430A904E
:103E10000E988079C00728B1FFE70B990A980843EC
:103E20000A90FFE70A9843F60041C4F201010860D6
:103E3000FFE7FFE7FFE70D9801300D9013E610B0A4
:103E40007047000044F62420C2F20000006870476A
:103E500040F21800C2F20000027844F62421C2F2B7
:103E600000010868104408607047000080B543F600
:103E70000041C4F20201086840F40070086008685C
:103E800040F480600860086840F480700860032097
:103E900000F0D0F80F2000F005F800F07BF80020CB
:103EA00080BD000080B58CB00B9000200490039082
:103EB000FFE70020009043F64000C4F202000168D2
:103EC00041F004010160006800F0040000900098D7
:103ED000FFE706A802A900F047FA099804900498A1
:103EE00020B9FFE700F070FA059004E000F06CFAEA
:103EF00040000590FFE705984DF68361C4F21B3141
:103F0000A0FB01014FF0FF3000EB9140039040F225
:103F1000D070C2F2000040F60001C4F2000101605E
:103F200040F2E731C1600399416000210161816085
:103F3000816100F049FE8DF807009DF8070028BB5D
:103F4000FFE740F2D070C2F2000000F08FFE8DF863
:103F500007009DF80700C0B9FFE71E2000F046F8F3
:103F60000B980F280CD8FFE70B991E20002200F0B9
:103F700047F80B9840F21C01C2F20001086003E010
:103F800001208DF80700FFE7FFE7FFE79DF8070036
:103F90000CB080BD80B582B0FFE70020019043F6F1
:103FA0004400C4F20200016841F4804101600068ED
:103FB00000F4804001900198FFE7FFE700200090A7
:103FC00043F64000C4F20200016841F080510160F4
:103FD000006800F0805000900098FFE76FF001004B
:103FE0000F21002200F00CF802B080BD80B582B035
:103FF0008DF807009DF9070006F0DAFC02B080BDDD
:1040000080B586B08DF817000491039200200290CD
:1040100006F0E6FC02909DF91700019002980499C1
:10402000039A01F03FFF0146019806F0E1FC06B05B
:1040300080BD000080B582B00190019806F01CFDA3
:1040400002B080BD80B584B000200290FFE7002060
:10405000019043F64000C4F20200016841F0805133
:104060000160006800F0805001900198FFE7402156
:10407000C4F20E2101200860FFF7E4FE0290FFE782
:1040800047F20400C4F20000006800F48030B0F58C
:10409000803F0DD0FFE7FFF7D5FE0299401AB0F53B
:1040A0007A7F04D9FFE703208DF80F0025E0E7E7CA
:1040B0004421C4F20E2101200860FFF7C3FE0290E4
:1040C000FFE747F20400C4F20000006800F400308B
:1040D000B0F5003F0DD0FFE7FFF7B4FE0299401A9C
:1040E000B0F57A7F04D9FFE703208DF80F0004E0D4
:1040F000E7E700208DF80F00FFE79DF80F0004B000
:1041000080BD000080B584B002900191029820B972
:10411000FFE701208DF80F0021E1019843F60041EF
:10412000C4F20201096801F00F01884212D9FFE7C9
:10413000019943F60040C4F202000170006800F0EB
:104140000F000199884204D0FFE701208DF80F008D
:1041500005E1FFE702980078800700282AD5FFE7ED
:10416000029800784007002809D5FFE743F60801C8
:10417000C4F20201086840F4E0500860FFE70298CA
:1041800000780007002809D5FFE743F60801C4F2CC
:104190000201086840F460400860FFE743F6080148
:1041A000C4F20201086820F0F000029A92681043FD
:1041B0000860FFE702980078C00700286ED0FFE78C
:1041C00002984068012811D1FFE743F60000C4F2CD
:1041D0000200006800F400310020B0EB514F04D120
:1041E000FFE701208DF80F00B9E02CE0029840684D
:1041F000022805D0FFE702984068032811D1FFE7A5
:1042000043F60000C4F20200006800F000710020D4
:10421000B0EB516F04D1FFE701208DF80F009EE055
:1042200010E043F60000C4F20200006800F0020152
:104230000020B0EB510F04D1FFE701208DF80F00F3
:104240008DE0FFE7FFE743F60801C4F202010868CA
:1042500020F00300029A526810430860FFF7F2FD55
:104260000090FFE743F60800C4F20200006800F087
:104270000C0002994968B0EB810F0ED0FFE7FFF701
:10428000E1FD0099401A41F28931884204D3FFE7E9
:1042900003208DF80F0062E0E4E7FFE7019843F6A2
:1042A0000041C4F20201096801F00F01884212D2F4
:1042B000FFE7019943F60040C4F202000170006874
:1042C00000F00F000199884204D0FFE701208DF82B
:1042D0000F0044E0FFE702980078400700280CD563
:1042E000FFE743F60801C4F20201086820F4E05039
:1042F000029AD26810430860FFE70298007800072E
:1043000000280DD5FFE743F60801C4F20201086852
:1043100020F46040029A126940EAC2000860FFE798
:1043200000F076F843F60801C4F202010968C9B248
:104330000A094FF2C411C0F60001895CC84040F27E
:104340001401C2F20001086040F21C00C2F2000039
:104350000068FFF7A7FD00208DF80F00FFE79DF82C
:104360000F0004B080BD000082B00190009101995F
:104370000F20086043F60800C4F20200016801F053
:104380000301019A5160016801F0F001019A916006
:10439000016801F4E051019AD160006800F46040C6
:1043A000C0080199086143F60040C4F202000068A9
:1043B00000F00F000099086002B0704740F214004E
:1043C000C2F200000068704780B5FFF7F7FF43F6C0
:1043D0000801C4F202010968C1F382224FF2D4112C
:1043E000C0F60001895CC84080BD000080B5FFF7C1
:1043F000E5FF43F60801C4F20201096889B24A0BDD
:104400004FF2D411C0F60001895CC84080BD0000A5
:1044100080B586B00020059004900390029043F68A
:104420000800C4F20200006800F00C00014601918F
:1044300040B1FFE7019804280AD0FFE70198082857
:104440000CD04FE042F20040C0F2F40002904FE086
:1044500041F60030C0F2B700029049E043F6040094
:10446000C4F20200016801F03F01059100684002BA
:10447000002813D5FFE743F60400C4F202000068E9
:10448000C0F3881041F60031C0F2B701A0FB010172
:10449000059A0023FBF774FF049012E043F6040032
:1044A000C4F202000068C0F3881042F20041C0F27A
:1044B000F401A0FB0101059A0023FBF761FF0490C2
:1044C000FFE743F60400C4F20200006800F4403144
:1044D000022000EBD130039004980399B0FBF1F077
:1044E000029005E042F20040C0F2F4000290FFE7C3
:1044F000029806B080BD000080B586B00490049894
:1045000020B9FFE701208DF8170050E304980078E8
:10451000C007002800F0A580FFE743F60800C4F2BA
:104520000200006800F00C00042813D0FFE743F6F7
:104530000800C4F20200006800F00C0008281ED138
:10454000FFE743F60400C4F20200006840020028BE
:1045500015D5FFE743F60000C4F20200006800F43E
:1045600000310020B0EB514F08D0FFE704984068BD
:1045700020B9FFE701208DF8170018E370E0FFE78E
:1045800004984068B0F5803F09D1FFE743F6000189
:10459000C4F20201086840F48030086020E004980A
:1045A0004068B0F5A02F0DD1FFE743F60001C4F23B
:1045B0000201086840F480200860086840F48030F8
:1045C00008600CE043F60001C4F20201086820F420
:1045D00080300860086820F480200860FFE7FFE76B
:1045E000FFE704984068E8B1FFE7FFF72BFC039072
:1045F000FFE743F60000C4F20200006800F4003157
:104600000020B0EB514F0CD1FFE7FFF71BFC0399E3
:10461000401A652804D3FFE703208DF81700C6E28F
:10462000E7E71CE0FFF70EFC0390FFE743F600000E
:10463000C4F20200006800F400310020B0EB514FDA
:104640000CD0FFE7FFF7FEFB0399401A652804D35F
:10465000FFE703208DF81700A9E2E7E7FFE7FFE790
:10466000FFE7049800788007002840F19680FFE774
:1046700043F60800C4F20200006810F00C0F13D0DB
:10468000FFE743F60800C4F20200006800F00C00E7
:1046900008282CD1FFE743F60400C4F202000068AA
:1046A0004002002823D4FFE743F60000C4F20200D2
:1046B000006800F002010020B0EB510F09D0FFE7C5
:1046C0000498C068012804D0FFE701208DF8170086
:1046D0006DE243F60001C4F20201086820F0F80020
:1046E000049A126940EAC2000860FFE754E00498A7
:1046F000C06870B3FFE70021C4F2472101200860C1
:10470000FFF7A0FB0390FFE743F60000C4F20200AE
:10471000006800F002010020B0EB510F0CD1FFE760
:10472000FFF790FB0399401A032804D3FFE7032007
:104730008DF817003BE2E7E743F60001C4F20201FF
:10474000086820F0F800049A126940EAC200086084
:1047500021E00021C4F2472100200860FFF772FB2E
:104760000390FFE743F60000C4F20200006800F087
:1047700002010020B0EB510F0CD0FFE7FFF762FB06
:104780000399401A032804D3FFE703208DF817008C
:104790000DE2E7E7FFE7FFE7FFE70498007800078F
:1047A00000284BD5FFE70498406918B3FFE740F6AF
:1047B0008061C4F2472101200860FFF743FB0390AA
:1047C000FFE743F67400C4F20200006800F0020143
:1047D0000020B0EB510F0CD1FFE7FFF733FB03993B
:1047E000401A032804D3FFE703208DF81700DEE109
:1047F000E7E722E040F68061C4F24721002008602C
:10480000FFF720FB0390FFE743F67400C4F20200B9
:10481000006800F002010020B0EB510F0CD0FFE760
:10482000FFF710FB0399401A032804D3FFE7032086
:104830008DF81700BBE1E7E7FFE7FFE70498007892
:104840004007002840F1CE80FFE700208DF80700E8
:1048500043F64000C4F202000068C000002815D4EE
:10486000FFE7FFE70020009043F64000C4F202009B
:10487000016841F080510160006800F080500090B4
:104880000098FFE701208DF80700FFE747F20000DE
:10489000C4F200000068C005002822D4FFE747F2F8
:1048A0000001C4F20001086840F480700860FFF75E
:1048B000C9FA0390FFE747F20000C4F20000006865
:1048C000C00500280CD4FFE7FFF7BCFA0399401A93
:1048D000032804D3FFE703208DF8170067E1EAE718
:1048E000FFE7FFE704988068012809D1FFE743F656
:1048F0007001C4F20201086840F0010008601FE086
:104900000498806805280DD1FFE743F67001C4F2D2
:104910000201086840F004000860086840F00100E7
:1049200008600CE043F67001C4F20201086820F050
:1049300001000860086820F004000860FFE7FFE756
:10494000FFE704988068F8B1FFE7FFF77BFA039070
:10495000FFE743F67000C4F20200006800F00201B5
:104960000020B0EB510F0ED1FFE7FFF76BFA039970
:10497000401A41F28931884204D3FFE703208DF8C1
:10498000170014E1E5E71EE0FFF75CFA0390FFE78C
:1049900043F67000C4F20200006800F0020100203B
:1049A000B0EB510F0ED0FFE7FFF74CFA0399401A16
:1049B00041F28931884204D3FFE703208DF81700C4
:1049C000F5E0E5E7FFE79DF80700012809D1FFE7DB
:1049D00043F64001C4F20201086820F080500860EC
:1049E000FFE7FFE704988069002800F0DC80FFE71C
:1049F00043F60800C4F20200006800F00C0008282A
:104A000000F08580FFE70498806902285CD1FFE709
:104A10006021C4F2472100200860FFF713FA0390D9
:104A2000FFE743F60000C4F20200006800F00071E6
:104A30000020B0EB516F0CD0FFE7FFF703FA0399AA
:104A4000401A032804D3FFE703208DF81700AEE0D7
:104A5000E7E70499C869D1F820C04B6A8A6A40EA3E
:104A60000C0040EA8310D2034FF6FF739A43A2F57D
:104A700080321043C96A40EA016043F60401C4F27F
:104A8000020108606021C4F2472101200860FFF79D
:104A9000D9F90390FFE743F60000C4F20200006872
:104AA00000F000710020B0EB516F0CD1FFE7FFF771
:104AB000C9F90399401A032804D3FFE703208DF8AE
:104AC000170074E0E7E721E06021C4F247210020ED
:104AD0000860FFF7B7F90390FFE743F60000C4F260
:104AE0000200006800F000710020B0EB516F0CD0A4
:104AF000FFE7FFF7A7F90399401A032804D3FFE75C
:104B000003208DF8170052E0E7E7FFE74AE004983A
:104B10008069012804D1FFE701208DF8170046E0E5
:104B200043F60400C4F20200006802900498806911
:104B3000012831D0FFE7029800F480000499C96988
:104B4000884229D1FFE7029800F03F000499096AE2
:104B5000884221D1FFE7029847F6C07108400499C6
:104B6000496AB0EB811F17D1FFE7029800F440308B
:104B70000499896AC9034FF6FF729143A1F5803108
:104B8000884209D1FFE7029800F070600499C96A71
:104B9000B0EB016F04D0FFE701208DF8170006E0AD
:104BA000FFE7FFE7FFE700208DF81700FFE79DF81C
:104BB000170006B080BD000081B0009001B07047C2
:104BC00081B0009001B0704780B582B0009000982D
:104BD00020B9FFE701208DF807003FE0009890F82A
:104BE0003D0040B9FFE70099002081F83C000098A3
:104BF00000F038F8FFE70099022081F83D000099A5
:104C000051F8040B01F07EFA0099012081F846006A
:104C1000FFE70099012081F83E00009981F83F00EC
:104C2000009981F84000009981F84100FFE7FFE713
:104C30000099012081F84200009981F84300009911
:104C400081F84400009981F84500FFE700990120B0
:104C500081F83D0000208DF80700FFE79DF8070070
:104C600002B080BD81B0009001B0704783B0019068
:104C7000019890F83D00012804D0FFE701208DF84D
:104C80000B006AE00199022081F83D00019801685B
:104C9000C86840F00100C860019800680021C4F2B3
:104CA000010188423CD0FFE701980068B0F1804FD5
:104CB00036D0FFE70198006840F20041C4F20001DD
:104CC00088422DD0FFE70198006840F60001C4F249
:104CD0000001884224D0FFE70198006840F60041B7
:104CE000C4F2000188421BD0FFE70198006840F23F
:104CF0000041C4F20101884212D0FFE70198006828
:104D000044F20001C4F20101884209D0FFE7019892
:104D1000006841F60001C4F20001884212D1FFE7A9
:104D200001980068806800F007000090009806284D
:104D300007D0FFE701980168086840F001000860AB
:104D4000FFE706E001980168086840F0010008608C
:104D5000FFE700208DF80B00FFE79DF80B0003B084
:104D60007047000081B0009001B0704780B584B0FA
:104D7000039003980068C068029003980068006977
:104D800001909DF804008007002824D5FFE79DF8D6
:104D90000800800700281DD5FFE7039801686FF021
:104DA0000200086103990120087703980068806970
:104DB000800720B1FFE70398FFF7D4FF06E00398D0
:104DC00000F0E2F8039800F0E3F8FFE70399002011
:104DD0000877FFE7FFE79DF804004007002825D586
:104DE000FFE79DF80800400700281ED5FFE703985D
:104DF00001686FF0040008610399022008770398A6
:104E00000068806910F4407F04D0FFE70398FFF743
:104E1000A9FF06E0039800F0B7F8039800F0B8F88F
:104E2000FFE7039900200877FFE7FFE79DF80400FC
:104E30000007002824D5FFE79DF808000007002898
:104E40001DD5FFE7039801686FF00800086103991A
:104E50000420087703980068C069800720B1FFE745
:104E60000398FFF77FFF06E0039800F08DF80398A2
:104E700000F08EF8FFE7039900200877FFE7FFE7CF
:104E80009DF80400C006002825D5FFE79DF808001E
:104E9000C00600281ED5FFE7039801686FF01000D8
:104EA000086103990820087703980068C06910F426
:104EB000407F04D0FFE70398FFF754FF06E0039814
:104EC00000F062F8039800F063F8FFE70399002010
:104ED0000877FFE7FFE79DF80400C00778B1FFE718
:104EE0009DF80800C00748B1FFE7039801686FF01C
:104EF00001000861039800F04FF8FFE7FFE79DF815
:104F000004000006002810D5FFE79DF80800000601
:104F1000002809D5FFE7039801686FF08000086159
:104F20000398FFF749FEFFE7FFE79DF804004006FE
:104F3000002810D5FFE79DF808004006002809D595
:104F4000FFE7039801686FF040000861039800F0E4
:104F500035F8FFE7FFE79DF804008006002810D52C
:104F6000FFE79DF808008006002809D5FFE70398B1
:104F700001686FF0200008610398FFF721FEFFE74A
:104F8000FFE704B080BD000081B0009001B0704721
:104F900081B0009001B0704780B582B00190019857
:104FA000006840F60001C4F20001884203D1FFE727
:104FB000FEF74EFFFFE702B080BD000081B0009019
:104FC00001B0704780B586B004900391ADF80A2017
:104FD000049890F84200202848D1FFE7039820B1B8
:104FE000FFE7BDF80A0020B9FFE701208DF81700A0
:104FF00040E0049901200863049900204863049864
:105000000399BDF80A2001F045FC8DF809000498C9
:10501000006B012821D1FFE7FFE7002001900498F1
:105020000068006801900498006840680190019849
:10503000FFE7FFE7FFE70498006850E8030F40F040
:1050400010000090FFE700990498026842E80310FE
:105050000028F0D1FFE7FFE703E001208DF8090009
:10506000FFE79DF809008DF8170003E002208DF896
:105070001700FFE79DF8170006B080BD80B588B027
:105080000790ADF81A100798006841F20001C4F2C9
:10509000010188422CD1FFE74FF2B411C0F60001A4
:1050A000086849680591049003F03AFB01688A6832
:1050B0000021904703900798029003980168896B3C
:1050C000884701460298884211D1FFE7039801689A
:1050D0008A6A04A901919047019903980268126BAA
:1050E0009047019903980268526B9047FFE7FFE7EA
:1050F00008B080BD81B0009001B0704780B592B01B
:105100001190119800680068109011980068C068AC
:105110000F901198006840690E9000200D900C903F
:10512000109800F00F000D900D9888B9FFE79DF8DA
:105130004000800600280AD5FFE79DF83C00800665
:10514000002804D5FFE7119801F052FA02E2FFE7C8
:105150000D98002800F0C280FFE79DF83800C007D6
:1051600038B9FFE7BDF83C0010F4907F00F0B6803E
:10517000FFE79DF84000C00758B1FFE79DF83D00EC
:10518000C00730B1FFE71199486C40F00100486456
:10519000FFE79DF84000400700280BD5FFE79DF88A
:1051A0003800C00730B1FFE71199486C40F00200A9
:1051B0004864FFE79DF84000800700280BD5FFE713
:1051C0009DF83800C00730B1FFE71199486C40F0F6
:1051D00004004864FFE79DF840000007002811D54F
:1051E000FFE79DF83C008006002805D4FFE79DF806
:1051F0003800C00730B1FFE71199486C40F0080053
:105200004864FFE71198406C002866D0FFE79DF8DE
:105210004000800600280AD5FFE79DF83C00800684
:10522000002804D5FFE7119801F0E2F9FFE7119893
:1052300000684069C0F380100C901198406C000722
:10524000002804D4FFE70C9800283ED0FFE711980F
:1052500001F054F9119800684069400600282FD5E4
:10526000FFE7FFE7FFE71198006850E8050F20F01F
:1052700040000B90FFE70B991198026842E8051077
:105280000028F0D1FFE7FFE71198C06B98B1FFE766
:105290001198C16B46F2A920C0F60000086511986C
:1052A000C06BFEF70BF928B1FFE71198C06B016DD9
:1052B0008847FFE703E01198FFF71CFFFFE703E0D3
:1052C0001198FFF717FFFFE706E01198FFF712FFAD
:1052D000119900204864FFE7FFE73BE11198006B5C
:1052E000012840F01781FFE79DF84000C006002824
:1052F00040F11081FFE79DF83C00C006002840F116
:105300000981FFE7FFE700200A9011980068006814
:105310000A901198006840680A900A98FFE711986F
:10532000006840694006002840F19A80FFE7119824
:10533000C06B00684068ADF82600BDF82600002864
:1053400075D0FFE7BDF826001199898D88426EDA85
:10535000FFE7BDF826001199C8851198C06BC06998
:10536000B0F5807F58D0FFE7FFE7FFE711980068AE
:1053700050E8030F20F480700890FFE70899119817
:10538000026842E803100028F0D1FFE7FFE7FFE7DB
:10539000FFE71198006850E8050F20F00100079022
:1053A000FFE707991198026842E805100028F0D13C
:1053B000FFE7FFE7FFE7FFE71198006850E8050FF8
:1053C00020F040000690FFE706991198026842E835
:1053D00005100028F0D1FFE7FFE71199202081F8A0
:1053E0004200119900200863FFE7FFE71198006869
:1053F00050E8030F20F010000590FFE70599119881
:10540000026842E803100028F0D1FFE7FFE7119897
:10541000C06BFDF7DDFFFFE711990220486311988B
:10542000818DC28D891A89B2FFF728FE17E0BDF879
:1054300026001199898D884210D1FFE71198C06B21
:10544000C069B0F5807F08D1FFE711990220486359
:105450001198818DFFF712FEFFE7FFE7FFE779E084
:105460001199888DC98D401AADF812001198C08D20
:1054700000284ED0FFE7BDF81200002849D0FFE712
:10548000FFE7FFE71198006850E8030F20F49070E1
:105490000390FFE703991198026842E8031000287F
:1054A000F0D1FFE7FFE7FFE7FFE71198006850E85A
:1054B000050F20F001000290FFE7029911980268A1
:1054C00042E805100028F0D1FFE7FFE711992020FE
:1054D00081F84200119900200863FFE7FFE7119867
:1054E000006850E8030F20F010000190FFE70199D9
:1054F0001198026842E803100028F0D1FFE7FFE7A7
:105500001199022048631198BDF81210FFF7B6FDFB
:10551000FFE71FE09DF84000000600280AD5FFE7DE
:105520009DF83C000006002804D5FFE7119801F023
:105530007BFA0FE09DF84000400600280AD5FFE7FF
:105540009DF83C004006002804D5FFE7119801F0C3
:105550001FF8FFE712B080BD80B582B000900098C0
:1055600020B9FFE701208DF8070040E0009880692E
:1055700008B1FFE700E0FFE7009890F8410040B96C
:10558000FFE70099002081F84000009800F034F80F
:10559000FFE70099242081F8410000980168C8685D
:1055A00020F40050C860009801F0D6F80098016817
:1055B000086920F49040086100980168486920F06B
:1055C0002A00486100980168C86840F40050C8602B
:1055D000009900204864009A202182F84110009A26
:1055E00082F84210009948638DF80700FFE79DF8A4
:1055F000070002B080BD000080B58CB00B90002089
:105600000A9009900890079006900B98006841F264
:105610000001C4F20101884240F09280FFE7FFE7F9
:105620000020059043F64400C4F20200016841F0F6
:1056300010010160006800F0100005900598FFE778
:10564000FFE70020049043F63000C4F20200016836
:1056500041F002010160006800F00200049004982B
:10566000FFE7C020069002200790002002900890DB
:105670000320099007200A9040F20040C4F2020083
:1056800006A9FEF7E7F9029940F21070C2F2000095
:10569000039046F24042C4F2020202604FF0006200
:1056A00042608160C1604FF480620261416181614A
:1056B000C16101624162FEF7B3F818B1FFE7FCF780
:1056C00013FFFFE7FFE70B9840F21071C2F20001F1
:1056D000C1630B988863FFE740F27070C2F200006C
:1056E000019046F2B841C4F2020101604FF000613E
:1056F0004160402181600021C1604FF480620261FD
:1057000041618161C16101624162FEF789F818B1AE
:10571000FFE7FCF7E9FEFFE7FFE70B9840F2707147
:10572000C2F2000181630B988863FFE72520009097
:1057300005210022FEF764FC0098FEF757FCFFE706
:105740000CB080BD80B58AB008900791ADF81A20E2
:10575000059300200290089890F84200202840F01D
:105760008880FFE7079820B1FFE7BDF81A0020B94D
:10577000FFE701208DF827007FE0089900204864AA
:10578000089A222182F8421008990863FEF75AFB12
:105790000290BDF81A0008998885BDF81A0008998A
:1057A000C88508988068B0F5805F09D1FFE7089840
:1057B000006928B9FFE7002004900798039004E0EF
:1057C0000798049000200390FFE7FFE70898C08D3A
:1057D000002846D0FFE70898029B05996A461160A9
:1057E0002021002201F06AF940B1FFE7089920204A
:1057F00081F8420003208DF827003EE0049858B954
:10580000FFE70898006840686FF35F2003990880FD
:105810000398023003901FE008988068B0F5805F1D
:1058200008D0FFE70898806850B9FFE7089800693A
:1058300030B9FFE70898006840680499087007E0ED
:1058400008980068406800F07F0004990870FFE73E
:10585000049801300490FFE70899C88D0138C88585
:10586000B4E70899202081F8420000208DF8270035
:1058700003E002208DF82700FFE79DF827000AB01B
:1058800080BD000080B584B002900191ADF8022087
:10589000029890F84200202817D1FFE7019820B124
:1058A000FFE7BDF8020020B9FFE701208DF80F00E7
:1058B0000FE002990020086302980199BDF80220C8
:1058C00000F0E8FF8DF80F0003E002208DF80F00D4
:1058D000FFE79DF80F0004B080BD000080B584B0E4
:1058E00002900191ADF80220029890F84200202821
:1058F00017D1FFE7019820B1FFE7BDF8020020B9FA
:10590000FFE701208DF80F000FE0029900200863E7
:1059100002980199BDF8022001F054F88DF80F00AB
:1059200003E002208DF80F00FFE79DF80F0004B0A0
:1059300080BD000081B0009001B0704781B0009040
:1059400001B0704780B58AB008900791ADF81A2071
:10595000059300200290089890F84100202840F01C
:105960008180FFE7079820B1FFE7BDF81A0020B952
:10597000FFE701208DF8270078E0089900204864AF
:105980000899212081F84100FEF75CFA0290BDF8E9
:105990001A0008998884BDF81A000899C8840898E4
:1059A0008068B0F5805F09D1FFE70898006928B9E1
:1059B000FFE7002004900798039004E00798049004
:1059C00000200390FFE7FFE70898C08C78B3FFE75B
:1059D0000898029B05996A4611608021002201F017
:1059E0006DF840B1FFE70899202081F841000320BD
:1059F0008DF827003AE0049858B9FFE7039800882B
:105A00006FF35F200899096848600398023003909B
:105A100008E0049800780899096848600498013003
:105A20000490FFE70899C88C0138C884CCE708982F
:105A3000029B05996A4611604021002201F03EF860
:105A400040B1FFE70899202081F8410003208DF83C
:105A500027000BE00899202081F8410000208DF8F4
:105A6000270003E002208DF82700FFE79DF82700BC
:105A70000AB080BD80B586B004900391ADF80A20CD
:105A8000049890F8410020286AD1FFE7039820B1DC
:105A9000FFE7BDF80A0020B9FFE701208DF81700E5
:105AA00062E0039804990862BDF80A0004998884AA
:105AB000BDF80A000499C884049900204864049A37
:105AC000212182F8411004998A6B46F26941C0F69F
:105AD0000001D16304998A6B46F2E541C0F60001EA
:105AE000116404998A6B46F2C521C0F60001D164A5
:105AF0000499896B086503A8019004980268806B7B
:105B0000019909680432BDF80A30FDF741FF58B128
:105B1000FFE70499102048640499202081F841008F
:105B200001208DF817001FE0049801686FF0400015
:105B30000860FFE7FFE70498006850E8050F40F0B1
:105B400080000090FFE700990498026842E8051081
:105B50000028F0D1FFE7FFE700208DF8170003E0F1
:105B600002208DF81700FFE79DF8170006B080BDF2
:105B700084B002900191ADF80220029890F84100A3
:105B8000202826D1FFE7019820B1FFE7BDF80200E9
:105B900020B9FFE701208DF80F001EE0019802995F
:105BA0000862BDF8020002998884BDF802000299DB
:105BB000C884029900204864029A212182F8411089
:105BC00002990A68D16841F08001D1608DF80F0018
:105BD00003E002208DF80F00FFE79DF80F0004B0EE
:105BE0007047000081B0009001B0704781B0009014
:105BF00001B07047FFE7FEE780B582B040F2C060B9
:105C0000C2F20000019046F20041C4F200010160BE
:105C10000921416000218160C1604FF4803202613E
:105C20004FF4801242610176417681760122C2767C
:105C300001774177FDF76CF918B1FFE7FCF754FCE9
:105C4000FFE702B080BD000080B582B040F2E8609E
:105C5000C2F20000009046F60001C4F200010160AB
:105C600009214160002101918160C1604FF48032BF
:105C700002614FF480124261017641768176C176ED
:105C800001774177FDF744F918B1FFE7FCF72CFCE9
:105C9000FFE702B080BD000080B586B0FFE70020BE
:105CA000059043F63000C4F20200016841F480011F
:105CB0000160006800F4800005900598FFE73A2035
:105CC00001900521029100220392FEF799F90198B3
:105CD000FEF78CF90299039A46200490FEF790F99A
:105CE0000498FEF783F906B080BD000080B582B04D
:105CF00045F6E570C0F600004FF20C42C0F6000217
:105D00000021019105F038F8019940F2BC62C2F21D
:105D10000002106045F68570C0F600004FF2784230
:105D2000C0F6000205F028F8019940F61862C2F2A8
:105D30000002106045F67960C0F600004FF2304274
:105D4000C0F6000205F018F8019940F6A402C2F26C
:105D50000002106042F21930C0F600004FF2E83243
:105D6000C0F6000205F008F8019940F2B862C2F2EC
:105D70000002106045F67570C0F600004FF2544204
:105D8000C0F6000204F0F8FF40F61461C2F2000110
:105D9000086002B080BD000084B0FFE700200390DF
:105DA00043F63000C4F20200016841F001010160D5
:105DB000006800F0010003900398FFE7FFE7002070
:105DC000029043F63000C4F20200016841F0020183
:105DD0000160006800F0020002900298FFE7FFE710
:105DE0000020019043F63000C4F20200016841F047
:105DF00008010160006800F0080001900198FFE7C9
:105E0000FFE70020009043F63000C4F20200016872
:105E100041F080010160006800F08000009000986F
:105E2000FFE704B07047000080B582B040F618006C
:105E3000C2F20000019041F20001C4F201010160D0
:105E400048F2A061C0F2010141604FF480518160CD
:105E50000021C1604FF4806202610C2242618161C5
:105E6000C161FFF779FB18B1FFE7FCF73DFBFFE7E6
:105E700002B080BDFFE7FEE780B582B0019040F23E
:105E80003060C2F2000002F053FDFFE740F23060E4
:105E9000C2F2000002F088FD052004F005FFF5E7DE
:105EA000FFE7FEE788B0079006910592079800F09B
:105EB000070004900498C0F10700052803D3FFE70A
:105EC0000420019004E00498C0F107000190FFE76E
:105ED0000198039004980430062803D8FFE70020B7
:105EE000009003E0049803380090FFE700980290C8
:105EF00006980399012202FA01F101390840029B38
:105F0000984005999A40013A1140084308B07047FB
:105F1000EFF30980BFF36F8F154B1A681EF0100F57
:105F200008BF20ED108A20E9F04F10602DE909002C
:105F30004FF0500080F31188BFF34F8FBFF36F8F86
:105F400006F0BAFB4FF0000080F31188BDE80900AD
:105F500019680868B0E8F04F1EF0100F08BFB0ECE9
:105F6000108A80F30988BFF36F8F704700BF00BFAE
:105F70009C09002080B582B00190FFE7012004F069
:105F800093FEFBE780B582B0019040F23160C2F22F
:105F9000000002F035FDFFE740F23160C2F2000080
:105FA00002F078FD022004F07FFEF5E7000000001B
:105FB000074B19680868B0E8F04F80F30988BFF311
:105FC0006F8F4FF0000080F31188704700BF00BF53
:105FD0009C09002080B56FF00400002104F02AFD28
:105FE00080BD000080B582B00190FFE7012004F081
:105FF0005BFEFBE780B54EF21000CEF200000068B9
:1060000007F036F9012803D0FFE706F065FCFFE74B
:1060100080BD000080B594B008A83021FAF7ACFA32
:10602000002007900690059004900390FFE7002061
:10603000029043F64000C4F20200016841F0805132
:106040000160006800F0805002900298FFE7FFE7CF
:106050000020019047F20000C4F20000016841F402
:1060600040410160006800F4404001900198FFE762
:10607000012008904FF48030099002200E904FF4D8
:1060800080010F9106211091B421119112900420EA
:10609000139008A8FEF730FA18B1FFE7FCF724FACE
:1060A000FFE7FDF7CFFF18B1FFE7FCF71DFAFFE7A9
:1060B0000F20039002200490002005904FF4A05080
:1060C00006904FF48050079003A80521FEF71AF8B8
:1060D00018B1FFE7FCF708FAFFE714B080BD000035
:1060E0004EF68851CEF20001086840F47000086056
:1060F0007047000080B540F2D070C2F20000FEF799
:1061000035FE80BD83B00290019102980068009036
:1061100002980021C4F20101884225D0FFE70298CD
:10612000B0F1804F20D0FFE7029840F20041C4F266
:106130000001884218D0FFE7029840F60001C4F23F
:106140000001884210D0FFE7029840F60041C4F2F7
:106150000001884208D0FFE7029840F20041C4F2F3
:10616000010188420AD1FFE7009820F070000090FA
:1061700001984168009808430090FFE702980021C9
:10618000C4F20101884255D0FFE70298B0F1804F78
:1061900050D0FFE7029840F20041C4F2000188426B
:1061A00048D0FFE7029840F60001C4F2000188429F
:1061B00040D0FFE7029840F60041C4F20001884257
:1061C00038D0FFE7029840F20041C4F20101884252
:1061D00030D0FFE7029844F20001C4F20101884286
:1061E00028D0FFE7029844F20041C4F2010188423E
:1061F00020D0FFE7029844F60001C4F20101884272
:1062000018D0FFE7029841F60001C4F2000188426D
:1062100010D0FFE7029841F60041C4F20001884225
:1062200008D0FFE7029842F20001C4F20001884260
:106230000AD1FFE7009820F4407000900198C168EF
:10624000009808430090FFE7009820F08000019933
:10625000496908430090019880680299C8620198D2
:1062600000680299886202980021C4F20101884204
:1062700008D0FFE7029840F20041C4F201018842D1
:1062800005D1FFE70198006902990863FFE70299C9
:10629000086840F0040008600299012048610098F5
:1062A0000299086003B0704780B582B001900198F0
:1062B000806B009000990020C8850098FEF71AFFB7
:1062C00002B080BD80B584B0039000200290039896
:1062D000806B0190019800684069C0B2C0090290CB
:1062E000019890F8410021280AD1FFE7029838B1BF
:1062F000FFE701990020C884019800F05DF9FFE7ED
:10630000019800684069C0F380100290019890F8ED
:10631000420022280AD1FFE7029838B1FFE701992D
:106320000020C885019800F0E9F8FFE70199486C62
:1063300040F0100048640198FEF7DCFE04B080BD18
:1063400080B586B005900598806B0490059800682C
:106350000068C00500285AD4FFE704990020C885CA
:10636000FFE7FFE70498006850E8030F20F480700F
:106370000390FFE703990498026842E8031000289D
:10638000F0D1FFE7FFE7FFE7FFE70498006850E878
:10639000050F20F001000290FFE7029904980268BF
:1063A00042E805100028F0D1FFE7FFE7FFE7FFE72D
:1063B0000498006850E8050F20F040000190FFE7C6
:1063C00001990498026842E805100028F0D1FFE71F
:1063D000FFE70499202081F842000498006B01280F
:1063E00014D1FFE7FFE7FFE70498006850E8030FC8
:1063F00020F010000090FFE700990498026842E83E
:1064000003100028F0D1FFE7FFE7FFE7FFE704995B
:10641000002048630498006B012805D1FFE7049829
:10642000818DFEF72BFE03E00498FFF783FAFFE768
:1064300006B080BD80B582B001900198806B00905D
:106440000099012048630098006B012806D1FFE7FE
:106450000098818D4908FEF711FE03E00098FFF7D0
:106460006DFAFFE702B080BD80B584B00390039859
:10647000806B0290039800680068C00500282AD449
:10648000FFE702990020C884FFE7FFE70298006851
:1064900050E8050F20F080000190FFE70199029875
:1064A000026842E805100028F0D1FFE7FFE7FFE7A8
:1064B000FFE70298006850E8030F40F040000090AA
:1064C000FFE700990298026842E803100028F0D123
:1064D000FFE7FFE703E00298FFF784FBFFE704B064
:1064E00080BD000080B582B001900198806B009063
:1064F0000098FFF77BFB02B080BD000084B00390E2
:10650000FFE7FFE70398006850E8030F20F490705E
:106510000290FFE702990398026842E803100028FE
:10652000F0D1FFE7FFE7FFE7FFE70398006850E8D7
:10653000050F20F001000190FFE701990398026820
:1065400042E805100028F0D1FFE7FFE70398006B51
:10655000012814D1FFE7FFE7FFE70398006850E840
:10656000030F20F010000090FFE7009903980268E5
:1065700042E803100028F0D1FFE7FFE7FFE70399A7
:10658000202081F8420003990020086304B070477E
:1065900080B582B0019001980168C86820F0400081
:1065A000C8600199202081F841000198FFF71AFB8B
:1065B000002002B080BD000082B00190FFE7FFE73D
:1065C0000198006850E8030F20F0C0000090FFE73A
:1065D00000990198026842E803100028F0D1FFE713
:1065E000FFE70199202081F8410002B070470000C8
:1065F00080B586B00490002003900290049890F833
:106600004200222840F0A080FFE704988068B0F59F
:10661000805F13D1FFE70498006978B9FFE7049819
:10662000806A02900498006840686FF35F200299C6
:1066300008800499886A0230886223E00498806A9E
:10664000039004988068B0F5805F08D0FFE7049855
:10665000806850B9FFE70498006930B9FFE70498F3
:10666000006840680399087007E004980068406873
:1066700000F07F0003990870FFE70499886A0130F1
:106680008862FFE70499C88D0138C8850004002896
:1066900056D1FFE704980168C86820F02000C86060
:1066A00004980168C86820F48070C8600498016884
:1066B000486920F0010048610499202081F84200D7
:1066C0000499002048630498006B012830D1FFE74B
:1066D000049900200863FFE7FFE70498006850E88A
:1066E000030F20F010000190FFE701990498026861
:1066F00042E803100028F0D1FFE7FFE704980068A4
:106700000068C00600280ED5FFE7FFE700200090D4
:106710000498006800680090049800684068009041
:106720000098FFE7FFE70498818DFEF7A7FC03E0E0
:106730000498FFF7FFF8FFE700208DF8170007E047
:1067400000208DF8170003E002208DF81700FFE706
:106750009DF8170006B080BD80B586B005900598FD
:106760000068006920F44050059A1168D26810430F
:106770000861059988680B694A69C969184310431B
:106780000843049005980068C06849F20C6188438A
:106790000499084305990968C8600598006840692C
:1067A00020F44070059A1168926910434861059879
:1067B000006841F20001C4F20101884209D0FFE7FC
:1067C0000598006841F20041C4F20101884204D1F9
:1067D000FFE7FDF70BFE039003E0FDF7F5FD0390E7
:1067E000FFE70598C069B0F5004F29D1FFE703988E
:1067F0001921A0FB0101059A1368029353685A00FE
:10680000DB0FF9F7BDFD0299864648F21F53C5F22A
:10681000EB13AEFB0320420910014FF0640C02FBA6
:106820001CEC322202EBCC02A2FB0332F82303EA77
:10683000521300EB4300C2F342121044886026E07A
:1068400003981921A0FB0101059A1368019353686D
:106850009A009B0FF9F794FD0199844648F21F5264
:10686000C5F2EB12ACFB02304309642003FB10CCF1
:10687000322000EB0C10A0FB0202F02000EA5210C4
:1068800000EB0310C2F3431210448860FFE706B028
:1068900080BD000080B58AB008900791ADF81A203D
:1068A000079808998862BDF81A00089988850899A0
:1068B00000204864089A222182F842100899CA6B85
:1068C00046F24131C0F60001D1630899CA6B46F225
:1068D0003541C0F6000111640899CA6B46F2C52122
:1068E000C0F60001D1640899C96B086507A8059036
:1068F00008980168C06B0431059A1268BDF81A3017
:10690000FDF746F858B1FFE7089910204864089948
:10691000202081F8420001208DF827004EE0FFE79B
:1069200000200490089800680068049008980068A7
:10693000406804900498FFE708980069A0B1FFE759
:10694000FFE7FFE70898006850E8030F40F4807005
:106950000390FFE703990898026842E803100028B3
:10696000F0D1FFE7FFE7FFE7FFE7FFE708980068E0
:1069700050E8050F40F001000290FFE702990898E7
:10698000026842E805100028F0D1FFE7FFE7FFE7C3
:10699000FFE70898006850E8050F40F040000190BC
:1069A000FFE701990898026842E805100028F0D135
:1069B000FFE7FFE700208DF82700FFE79DF827009D
:1069C0000AB080BD83B002900191ADF80220019819
:1069D00002998862BDF8020002998885BDF802001C
:1069E0000299C8850299002048640299222081F802
:1069F00042000298006938B1FFE702980168C86850
:106A000040F48070C860FFE702980168486940F070
:106A10000100486102980168C86840F02000C86021
:106A2000002003B07047000083B00190019890F8F7
:106A3000410021283AD1FFE701988068B0F5805FD6
:106A400013D1FFE70198006978B9FFE70198006A60
:106A50000090009800886FF35F20019909684860F2
:106A60000199086A0230086208E0019A106A411C24
:106A700011620078019909684860FFE70199C88CA4
:106A80000138C884000468B9FFE701980168C86844
:106A900020F08000C86001980168C86840F040009C
:106AA000C860FFE700208DF80B0003E002208DF89E
:106AB0000B00FFE79DF80B0003B0704780B586B070
:106AC000DDF820C0049003918DF80B200193FFE7BF
:106AD00004980068006803990840401AB0FA80F0F2
:106AE00040099DF80B1088424DD1FFE7089801300E
:106AF000002847D0FFE7FDF7A5F90199401A08994A
:106B0000884203D8FFE7089820B9FFE703208DF8F3
:106B100017003CE004980068C0684007002830D5A2
:106B2000FFE7039880282CD0FFE70398402828D05F
:106B3000FFE704980068006800F008010120B0EB4E
:106B4000D10F1DD1FFE7FFE70020009004980068F7
:106B50000068009004980068406800900098FFE783
:106B60000498FFF7CBFC049908204864FFE70499D8
:106B7000002081F84000FFE701208DF8170006E0B3
:106B8000FFE7FFE7A4E700208DF81700FFE79DF877
:106B9000170006B080BD000080B540F61800C2F2B4
:106BA0000000FEF7ABFA80BDFFE7FEE780B503F01B
:106BB000C9FF04F005F880BD80B503F0DDFF80BD9E
:106BC00080B503F0F3FF80BD80B586B040F284103D
:106BD000C2F20000029001F0D5FF02988DED040A88
:106BE00001F0C8FF02988DED030A02F02BF8DDEDED
:106BF000030AB0EE401A9DED040A40F66000C2F2AE
:106C00000000DFED1A1A9FED1A2A00F091FA002019
:106C10000590FFE70598032825DCFFE7059945F275
:106C2000F400C2F2000000EB8110009040F660001A
:106C3000C2F2000001F052FF8DED010A059801300B
:106C4000C1B240F2E810C2F2000001F081F80098F1
:106C5000F0EE400A9DED010A00F068F8FFE70598A4
:106C600001300590D6E706B080BD00BF00000000EF
:106C7000003C0B4681B08DED000A9DED000AB0EEA0
:106C8000C00A01B07047000010B50446012898BF43
:106C9000012400BF2046F9F7AFFC002818BF10BD43
:106CA00003F02EFE08B18047F4E7002010BD00007D
:106CB000F0B581B00C460546012898BF012504298E
:106CC00098BF04240027684621462A460097F9F712
:106CD000E9FC009878B96E4603F012FE50B1804787
:106CE000304621462A460097F9F7DCFC0098002838
:106CF000F2D000E0002001B0F0BD000082B00190B1
:106D00008DED000A01990098086302B070470000F9
:106D100081B00090009900208861C86108624863D2
:106D200048610861C86001B07047000080B586B056
:106D300005908DED040ACDED030A059800909DEDB8
:106D4000040A00F0D7F800989DED030AFFF7D6FF7C
:106D5000009890ED0B0A90ED0C1A30EE410A80ED90
:106D60000D0A90ED000A90ED0D1A20EE010A80ED5B
:106D7000030A90ED0F0AB5EE400AF1EE10FA0ED0BC
:106D8000FFE7009890ED0D0AFFF774FF009890ED73
:106D90000F1AB4EE410AF1EE10FA24DAFFE7009878
:106DA00090ED060A90ED0D1A30EE010A80ED060A0C
:106DB00090ED0E0AB5EE400AF1EE10FA12DDFFE793
:106DC000009901F1180001F1380291ED0E0AB1EEBF
:106DD000400A8DED020A02A903F0D2F8009900687A
:106DE0008861FFE7FFE7009A92ED010A92ED061A2B
:106DF00020EE010A82ED040A92ED020A92ED072AC2
:106E000092ED0D1A31EE421A20EE010A82ED050ACA
:106E100092ED030A92ED042A92ED051A30EE020A71
:106E200030EE010A02F1200082ED080A02F1280189
:106E3000243203F0A5F8014600980968016290ED3C
:106E4000080A90ED091AB4EE410AF1EE10FA09DBD6
:106E5000FFE7009890ED0D0AB5EE400AF1EE10FA4A
:106E600014DCFFE7009890ED080A90ED0A1AB4EEE2
:106E7000410AF1EE10FA2DDCFFE7009890ED0D0AC3
:106E8000B5EE400AF1EE10FA24DAFFE7009890ED33
:106E9000060A90ED0D1A30EE410A80ED060A90EDDB
:106EA0000E0AB5EE400AF1EE10FA12DDFFE7009986
:106EB00001F1180001F1380291ED0E0AB1EE400A1D
:106EC0008DED010A01A903F05BF800990068886163
:106ED000FFE7FFE70098416BC16190ED080A06B03B
:106EE00080BD000081B00090009890ED080A01B0CC
:106EF0007047000082B001908DED000A0199009862
:106F0000C86202B07047000087B006908DED050A98
:106F1000CDED040A8DED031ACDED021A8DED012A97
:106F2000CDED002A0698029941629DED020AB1EE6C
:106F3000400A80ED0A0A019981630099C1630599AD
:106F40000160049941600399816007B070470000B7
:106F500081B00090009890ED103A90ED074A90EDC6
:106F6000081A90ED090A90ED0A2A23EE011A23EE81
:106F7000043A31EE431A20EE020A30EE010A90ED97
:106F80000B1A80EE010A80ED0C0A90ED101A90EDBC
:106F9000074A90ED083A90ED090A90ED0A2A21EE91
:106FA000033A21EE041A31EE431A20EE020A30EEC3
:106FB000010A90ED0B1A80EE010A80ED0D0A90EDAA
:106FC000103A90ED074A90ED081A90ED090A90EDFD
:106FD0000A2A23EE411A23EE043A31EE431A20EE38
:106FE000020A30EE010A90ED0B1A80EE010A80EDE4
:106FF0000E0A90ED101A90ED074A90ED083A90EDC8
:10700000090A90ED0A2A21EE033A21EE041A31EE24
:10701000031A20EE020A30EE010A90ED0B1A80EE00
:10702000010A80ED0F0A01B07047000080B58CB0F6
:107030000B900B9809900168896A884709988DED33
:10704000040A01688969884709988DED030A016877
:10705000496A884707F05EF809988DED020A0168D1
:10706000C969884709988DED010A0168496A88470E
:1070700007F0F8F89DED012A9DED023A9DED031A07
:107080000998B0EE404A9DED040A22EE042A21EE52
:10709000031A31EE021A20EE010A80ED070A016898
:1070A000896A884709988DED080A016889698847C7
:1070B00009988DED070A0168496A884707F0D2F8F8
:1070C00009988DED060A0168C969884709988DED10
:1070D000050A0168496A884707F01CF89DED051A02
:1070E0009DED063A9DED072A0998B0EE404A9DEDC8
:1070F000080A21EE041A22EE032A31EE421A20EE8B
:10710000010A80ED080A0168C96A884709988DED6F
:107110000A0A0168096A88470998B0EE401A9DED8D
:107120000A0A20EE010A80ED090A0CB080BD0000B9
:1071300080B588B007908DED060ACDED050A8DED7E
:10714000041ACDED031A8DED022A079801909DEDEA
:10715000030A0168C968884701989DED020A016821
:107160000969884701989DED060ADDED050A9DED48
:10717000041A0168896888470198FFF757FF01984A
:10718000FFF7E6FE08B080BD80B586B004908DEDB7
:10719000030ACDED020A04980090059000F070F803
:1071A000009A4FF2E410C0F6000008301060002092
:1071B000D06110625062039991620299D1624FF6D8
:1071C000F451C3F6347111640190FFE7019803286C
:1071D0000BDCFFE70098019900EB810100200863B8
:1071E000FFE7019801300190F0E7059806B080BDF7
:1071F00080B582B001900198009000F007F80098E7
:10720000442103F0CFFB02B080BD000080B582B006
:1072100001900198009000F055F8009802B080BDF0
:1072200082B001908DED000A01990098486102B08A
:107230007047000084B003908DED020ACDED010A85
:107240008DED001A039902984860019888600098B3
:10725000C86004B07047000082B001908DED000A54
:1072600001990098886102B07047000082B00190D7
:107270008DED000A01990098086102B07047000086
:1072800081B0009000984FF21C21C0F60001083137
:107290000160002141608160C16001614FF07E5159
:1072A0004161816101B0704780B582B00190019861
:1072B000009000F007F800981C2103F073FB02B067
:1072C00080BD000081B00090009801B070470000C0
:1072D00080B582B0019001980090FCF7B3FD009951
:1072E000C86002B080BD000082B00190009101989A
:1072F0000099416000218160C1600121016102B0FB
:107300007047000081B00090009864214160002126
:107310008160C1600121016101B0704780B582B018
:10732000019001983430FFF7D3FF02B080BD000018
:1073300080B586B00590049105980390049808B92B
:10734000FFE7B4E00398FFF7E9FF039804990022F0
:1073500002920B23009301F01DFC0146039801F0FB
:1073600089FC009B01460398018004991A4601F0AC
:1073700011FC0146039801F07DFC009B0146039837
:1073800041800499162201F005FC0146039801F0A2
:1073900071FC009B0146039881800499212201F031
:1073A000F9FB0146039801F065FC01460398C18092
:1073B000049A117C527C01F04DFC01460398018136
:1073C00004992C220223019301F0E4FB019B014666
:1073D0000398817204992E2201F0DCFB0299024687
:1073E0000398C2728288A2F580628281C288A2F567
:1073F0008062C2810288A2F5806202824288A2F580
:1074000080624282B0F90C0000F070F80299039893
:1074100080ED080AB0F90E0000F068F802990398B0
:1074200080ED090AB0F9100000F060F802990398A5
:1074300080ED0A0AB0F9120000F058F8029903989A
:1074400080ED0B0AB0F9080000F050F8039880EDC9
:107450000C0A049A9179D27901F0FCFB0146039859
:107460008182049A117A527A01F0F4FB0146039862
:10747000C182049A917AD27A01F0ECFB014603981A
:1074800001830499097B01F0D1FB014603988176C1
:107490000499497B01F0CAFB01460398C176049A1E
:1074A000917BD27B01F0D6FB03998883FFE706B07E
:1074B00080BD000080B584B00390029103980190D4
:1074C0000021018041808180C18001818172C1726F
:1074D0008182C18201838176C176818334300299B1
:1074E000FFF702FF019804B080BD000084B0ADF842
:1074F0000A00ADF80810BDF80A00BDF80810401ADF
:10750000ADF80600BDF9060000EE100AB8EEC00A9C
:107510009FED141A80EE010A8DED000A9DED000A20
:10752000B7EE001AB4EE410AF1EE10FA04DDFFE7FF
:107530004FF07E50039011E09DED000ABFEE001A5F
:10754000B4EE410AF1EE10FA05DAFFE70020CBF6BF
:107550008070039002E000980390FFE79DED030A1E
:1075600004B070470000254480B598B017908DEDA9
:10757000140B8DED121B8DED102B8DED0E3B8DED53
:107580000C4B17980A909DED140B80ED000B9DEDB0
:10759000120B80ED020B9DED100B80ED040B9DEDA9
:1075A0000E0B80ED060B9DED0C0B80ED080B90EDA6
:1075B000080B9FED531B51EC110B53EC102B07F0F4
:1075C000FFF802460A9800920A46009942EC101B06
:1075D00080ED0A0B90ED000B53EC102B9FED4A0B46
:1075E00051EC100B0991089007F0EAF841EC100BF0
:1075F00051EC100B9FED460B53EC102B07F0E0F80D
:1076000041EC100B53EC102B1046194607F024F8F0
:1076100041EC100B51EC100B9FED3F0B53EC102B7A
:1076200007F008FB0A9A034608988C4609994CEC27
:10763000103B82ED0E0B92ED000B53EC102B07F07C
:10764000BFF802460A9801920A46019942EC101BC3
:1076500080ED0C0B90ED001B90ED020B90ED042BD8
:107660008DED022B90ED062B8DED042B51EC110BC3
:1076700053EC102B07F0DEFA9DED020B41EC110BE1
:1076800051EC110B53EC102B07F09AF89DED040B05
:1076900041EC110B51EC110B53EC102B07F0CAFA13
:1076A00002460A9807920A46079942EC101B80EDA1
:1076B000100B90ED040B90ED061B51EC110B53ECED
:1076C000102B07F07DF80A9A034608988C46099912
:1076D0004CEC103B82ED120B92ED000B53EC102B97
:1076E00007F06EF802460A980B920A460B9942EC94
:1076F000101B80ED140B18B080BD00BF00BF00BF91
:107700000000000000807640000000000000F03F14
:107710000000000000004E40182D4454FB21094099
:1077200080B584B00390029103980090029880681D
:10773000ADF8060000208DF80500FFE79DF8050074
:10774000032840DCFFE7009ABDF80600B2F9781183
:107750009DF805301A4492F8A021114488422BD19B
:10776000FFE7009800F5C0719DF805E001EBCE033E
:10777000029AD2F800C0526841F83EC05A609DF8A3
:10778000053031F8332012BA120C21F833209DF85D
:10779000052001EBC2035A8812BA120C5A809DF8D8
:1077A000052001EBC202918809BA090C91809DF86D
:1077B000051000F045F8FFE7FFE79DF805000130F0
:1077C0008DF80500BAE704B080BD000083B00290D8
:1077D000ADF80610009202999DF8070001F5D471EA
:1077E000009A01EB420202F8020CBDF80600009A72
:1077F00001EB420101F8010C03B0704780B588B07D
:1078000007900799D1F8A401039008208DF8100083
:10781000D1F8A801D1F8AC110291019000208DF8A7
:1078200018008DF8190000F00BFB00F02DFC01682A
:107830000A6901A9904708B080BD0000000000005F
:1078400080B5A4B0239022912398129000F5E071A6
:10785000219100F5C07019902299139130F93100EF
:1078600007F046F941EC110B219890ED0A0B51EC11
:10787000110B53EC102B07F0DDF9024612980B4662
:10788000139943EC102B08301A9001EBC10100EB67
:10789000C10181ED000B229901EBC10100EBC10098
:1078A000149090ED000B51EC100B9FEDD30B53ECAB
:1078B000102B07F0BFF9024619980B46149943ECB8
:1078C000102B81ED020B2299159100EBC100B0F94C
:1078D000020007F00DF941EC110B219890ED0E0B11
:1078E00051EC110B53EC102B07F0A4F9159A034639
:1078F00019988C461A994CEC103B02EBC20201EB32
:10790000C20181ED040B2299169100EBC100B0F980
:10791000020007F0EDF841EC110B219890ED0C0BF3
:1079200051EC110B53EC102B07F084F9169A034617
:1079300019988C461A994CEC103B02EBC20201EBF1
:10794000C20181ED060B2299179100EBC100B0F93D
:10795000040007F0CDF841EC110B219890ED120BCB
:1079600051EC110B53EC102B07F064F9179A0346F6
:1079700019988C461A994CEC103B02EBC20201EBB1
:10798000C20181ED080B2299189100EBC100B0F9FA
:10799000040007F0ADF841EC110B219890ED100BAD
:1079A00051EC110B53EC102B07F044F9189A0346D5
:1079B00019988C461A994CEC103B02EBC20201EB71
:1079C000C20181ED0A0B22991B9100EBC100807965
:1079D00007F0A5F802461A980B461B9943EC102BAA
:1079E00001EBC10100EBC10181ED0C0B229901EB10
:1079F000C10100EBC10191ED0E0B8DED1E0B229923
:107A000001EBC10100EBC10090ED000B8DED1C0BF3
:107A10001C981D991E9A1F9B07F00AFA41EC100B47
:107A200051EC100B9FED760B53EC102B07F003FB82
:107A3000002842D1FFE79DED1E0B9FED771B51EC17
:107A4000110B53EC102B07F0F3F941EC110B9DEDEA
:107A50001C0B51EC110B53EC102B06F0FDFD0246F4
:107A600012980D920A460D9942EC111B219991ED45
:107A7000140B229901EBC10100EBC100109090EDB5
:107A8000122B8DED0E2B51EC110B53EC102B07F03C
:107A9000D1F89DED0E0B53EC102B41EC100B51EC7B
:107AA000100B06F0D9FD0246109811920A46119962
:107AB00042EC101B80ED120B8FE01C981D991E9A52
:107AC0001F9B07F0B5F941EC100B51EC100B9FED2B
:107AD0004E0B53EC102B07F0B5FA002844D1FFE70A
:107AE0009DED1C0B51EC100B9FED490B53EC102B33
:107AF00006F0B2FD41EC110B9DED1E0B51EC110B8C
:107B000053EC102B07F094F90246129807920A469C
:107B1000079942EC111B219991ED140B229901EB6D
:107B2000C10100EBC1000B9090ED122B8DED082BE5
:107B300051EC110B53EC102B07F07CF89DED080B6A
:107B400002460B4651EC100B43EC102B53EC102B60
:107B500006F082FD02460B980C920A460C9942EC04
:107B6000101B80ED120B37E09DED1C1B9DED1E0BD5
:107B700051EC110B53EC102B07F05AF902461298F6
:107B800001920A46019942EC111B219991ED140BC7
:107B9000229901EBC10100EBC100059090ED122B81
:107BA0008DED022B51EC110B53EC102B07F042F82A
:107BB0009DED020B53EC102B41EC100B51EC100B14
:107BC00006F04AFD0246059806920A46069942ECDE
:107BD000101B80ED120BFFE7FFE712989DED1C0BC9
:107BE000229901EBC10100EBC10080ED100B24B024
:107BF00080BD00BF00BF00BF172751A246DF913FE5
:107C000000000000008066C00000000000806640A8
:107C100000000000008076C0000000000080764078
:107C200080B588B00DF1280CCDF804C00690ADF8F1
:107C3000161004920393069800900790642100F0B8
:107C40009DF8009801994FF25422C0F600020832C4
:107C50000260BDF81620A0F8782100F5E0705822E7
:107C6000F8F750FC00208DF80B00FFE79DF80B00A3
:107C700003280FDCFFE7009904989DF80B20805C37
:107C8000114481F8A001FFE79DF80B0001308DF849
:107C90000B00EBE700990398C1F8A401079808B01E
:107CA00080BD00000000000080B5B8B03790ADF88E
:107CB000DA103592349337981690BDF8DA001790A1
:107CC00035981890349819901EA81A909FED160BAD
:107CD0009FED171B9FED182B9FED193B9FED1A4B46
:107CE000FFF742FC1A99684658221B921C911D907E
:107CF0001D981C991B9A51F8043B40F8043B043A28
:107D00001B921C911D90F3D11698199B189A1799E4
:107D1000FFF786FF16984FF26021C0F60001083188
:107D2000016038B080BD00BF000000000000F03FDF
:107D3000333333333333D33F000000000000D040EF
:107D40000000000000003440000000000000C040BF
:107D500080B582B001908DF8031001989DF8031052
:107D600001EBC10100EBC10010ED0A0B51EC100B4F
:107D700006F040FC00EE100A02B080BD80B58EB067
:107D80000C900B910C9902910D914FF26C20C0F662
:107D900000000830086001F5947001F5BC71039192
:107DA0000490FFE704980190FFF7ACFA0198039A5A
:107DB00000F11401084691420490F3D1FFE700203E
:107DC0000A90FFE70A98032820DCFFE70B9905A833
:107DD000FFF78AFA02980A9901EB810100EB810111
:107DE0000598069A079BDDF820C0DDF824E0C1F86D
:107DF00038E1C1F834C1C1F83031C1F82C21C1F8E3
:107E00002801FFE70A9801300A90DBE70D980EB0D1
:107E100080BD000081B0009000984FF27821C0F63C
:107E200000010831016001B07047000081B000908E
:107E3000FEDE000081B00090009801B070470000A5
:107E400080B500F069F880BD84B002908DF807100D
:107E5000029800909DF80700022810D8FFE70098CC
:107E60009DF8071000EB8100806840B1FFE70098A3
:107E70009DF8071000EB81008068039003E00098F4
:107E800014300390FFE7039804B0704784B0039068
:107E90008DF80B100192039800909DF80B000228BA
:107EA0000BD8FFE7019840B1FFE7009901989DF8D2
:107EB0000B2001EB82018860FFE704B070470000EF
:107EC00080B584B003900398019000200290FFE7F2
:107ED000029802281DD8FFE70198029900EB810063
:107EE000806888B1FFE7019808300090029950F847
:107EF00021000168896888470098029950F821009C
:107F00000168C9688847FFE7FFE7029801300290DF
:107F1000DEE704B080BD000080B582B040F20440CE
:107F2000C2F200000078BFF35F8FC00708BBFFE715
:107F300040F20440C2F2000004F043F8C8B1FFE789
:107F400040F23460C2F20000019000F02BF8019979
:107F500048F25100C0F6000040F20002C0F60002F4
:107F6000F8F786FA40F20440C2F2000004F03FF84D
:107F7000FFE740F23460C2F200000079C00758B950
:107F8000FFE740F23460C2F200000090FFF798FF74
:107F9000009901200871FFE740F23460C2F200004E
:107FA00002B080BD80B58AB008900898059009900D
:107FB00000F074F805994FF2A420C0F600000830D4
:107FC000086000200871886001F10C0014310691EE
:107FD0000790FFE70799069A002041F8040B08462E
:107FE00091420790F6D1FFE705981430029040F2D5
:107FF000C061C2F20001002301931A4600F07EF92D
:1080000005983430049040F2E861C2F200010E227B
:108010000123039300F072F905980199029AFFF782
:1080200035FF05980399049AFFF730FF09980AB0C5
:1080300080BD000080B582B001900198009000F0F2
:1080400007F80098542102F0ADFC02B080BD00009A
:1080500080B584B00390039802904FF2A421C0F63B
:10806000000101F10802014641F8142B019134305E
:1080700000F072F9019800F06FF9029800F01EF814
:10808000029804B080BD000080B582B001900198D4
:1080900001688A680021904702B080BD81B00090DD
:1080A00000984FF2BC21C0F600010831016001B018
:1080B0007047000081B00090FEDE000081B00090AB
:1080C000009801B07047000080B58CB00B900B9801
:1080D0000121099182680692C268059200220192EC
:1080E000029203920492079208910E210A9140682D
:1080F00001A9FAF7D3FA0CB080BD000080B584B0B6
:10810000009101460098039102900399019101F0BA
:108110000BF830B1FFE700990198143002F0B6F87F
:10812000FFE704B080BD000080B586B005900491E3
:10813000059814300390039802F07EF8029003989B
:1081400002F06EF80190FFE702A801A902F0C0FB5F
:1081500098B1FFE702A800F025FE0090009800F01B
:10816000E3FF28B1FFE70098049900F0D3FFFFE791
:10817000FFE702A801F0B4F9E6E706B080BD000011
:1081800080B582B001900198FFF79EFF02B080BDDC
:1081900080B58CB00A9009910A9801904068FAF76E
:1081A00085FC20B9FFE700208DF82F003AE0099800
:1081B000007B07900998007D00F00100002818BF9F
:1081C000042005900998407D00F00100002818BFA8
:1081D000022006900998006902900998007DC00766
:1081E00030B1FFE70998806804900020039005E013
:1081F00009988068039000200490FFE7019800210F
:108200008DF820104068099A03A902ABFAF79AF991
:1082100020B1FFE700208DF82F0003E001208DF84A
:108220002F00FFE79DF82F000CB080BD80B582B015
:108230000190019800904068FBF768F80098C068CA
:1082400030B9FFE7009840680221FAF751F90BE0D6
:108250000098C068012806D1FFE700984068102107
:10826000FAF746F9FFE7FFE702B080BD80B58CB0B2
:108270000A9009910A9901914868C968FAF7E2FAE7
:1082800020B9FFE700208DF82F0032E001994868FF
:10829000C968099B02AAFAF7FFFA20B1FFE700209C
:1082A0008DF82F0025E0049818B9FFE70298009098
:1082B00002E003980090FFE701980099099A916005
:1082C0000699099A117304990439B1FA81F149099F
:1082D000099A117505990239B1FA81F14909099A8A
:1082E000517509990268126A904701208DF82F0094
:1082F000FFE79DF82F000CB080BD000080B586B070
:10830000059004910392029305980190FFF782FD76
:1083100001984FF2D421C0F60001083101600499A0
:108320004160039981600299C160002101611430AC
:1083300001F0D2FF019806B080BD000080B582B088
:1083400001900198009000F007F80098202102F0B9
:1083500029FB02B080BD000080B582B00190019879
:1083600000904FF2D421C0F60001083140F8141BF0
:1083700001F0C4FF0098FFF75DFD009802B080BDDA
:1083800080B586B00490039104980190039800682A
:1083900020B1FFE70398808820B9FFE700208DF81F
:1083A000170014E001984068039A11689288FDF75D
:1083B00069FA8DF80B009DF80B0020B9FFE701204A
:1083C0008DF8170003E000208DF81700FFE79DF8F7
:1083D000170006B080BD000080B584B00390029104
:1083E00003984068029901226423FDF7ABF98DF8E8
:1083F00007009DF80700B0FA80F0400904B080BD86
:1084000080B586B0049003910498019003980068A9
:1084100020B1FFE70398808820B9FFE700208DF89E
:10842000170014E001984068039A11689288FDF7DC
:1084300021FB8DF80B009DF80B0020B9FFE7012010
:108440008DF8170003E000208DF81700FFE79DF876
:10845000170006B080BD000080B582B001908DF895
:108460000310019840680DF1030101226423FDF718
:1084700069FA8DF802009DF80200B0FA80F0400918
:1084800002B080BD80B584B0039002910398009043
:1084900040680068006800F008010020B0EBD10FD0
:1084A00016D0FFE7FFE700980021019141680968B5
:1084B0000968019140680068406801900198FFE7F1
:1084C00000984068029A11689288FCF77BFDFFE7EC
:1084D00004B080BD80B586B00490039104980190EB
:1084E0000398006820B1FFE70398808820B9FFE770
:1084F00000208DF8170014E001984068039A116875
:108500009288FCF75FFD8DF80B009DF80B0020B9F9
:10851000FFE701208DF8170003E000208DF8170019
:10852000FFE79DF8170006B080BD000080B584B05D
:10853000009101460098039102900399019100F087
:1085400005FE30B1FFE7009901980C3002F03CF8CD
:10855000FFE704B080BD000080B586B005900491AF
:1085600005980C300390039802F004F802900398E9
:1085700001F0F4FF0190FFE702A801A902F0B4F9AD
:1085800098B1FFE702A800F019FC0090009800F0F5
:10859000DDFD28B1FFE70098049900F0CDFDFFE76D
:1085A000FFE702A800F0ACFFE6E706B080BD0000E0
:1085B00081B0009001B0704781B000900098406891
:1085C0000168C86840F02000C86001B07047000032
:1085D00080B586B0049003910498019003980068D8
:1085E00020B1FFE70398808820B9FFE700208DF8CD
:1085F000170014E001984068039A11689288FDF70B
:108600006DF98DF80B009DF80B0020B9FFE70120F4
:108610008DF8170003E000208DF81700FFE79DF8A4
:10862000170006B080BD000080B586B004900391AD
:10863000049801900398006820B1FFE703988088B0
:1086400020B9FFE700208DF8170010E0019840687E
:10865000039A11689288FDF78BFA8DF80B009DF84C
:108660000B00B0FA80F040098DF81700FFE79DF885
:10867000170006B080BD000080B584B00390029161
:108680000398019000F036F801984FF20031C0F6DF
:1086900000010831016002994160002101724172BC
:1086A0008172C1720C3001F0B5FF019804B080BD39
:1086B00080B582B001900198009000F007F8009812
:1086C000182102F06FF902B080BD000080B582B0C1
:1086D0000190019800904FF20031C0F6000108317E
:1086E00040F80C1B01F0A8FF009800F013F8009868
:1086F00002B080BD81B0009000984FF24431C0F6C6
:1087000000010831016001B07047000081B00090A5
:10871000FEDE000081B00090009801B070470000BC
:1087200080B500F065F880BD84B002908DF8071028
:10873000029800909DF8070080B9FFE700989DF827
:10874000071000EB8100806840B1FFE700989DF8BA
:10875000071000EB81008068039003E000980C3064
:108760000390FFE7039804B07047000084B00390C3
:108770008DF80B100192039800909DF80B0058B9EA
:10878000FFE7019840B1FFE7009901989DF80B20A1
:1087900001EB82018860FFE704B0704780B584B0C8
:1087A00003900398019000200290FFE70298E8B937
:1087B000FFE70198029900EB8100806888B1FFE72C
:1087C000019808300090029950F8210001688968EA
:1087D00088470098029950F821000168C9688847C5
:1087E000FFE7FFE7029801300290DFE704B080BDA9
:1087F00080B582B040F20840C2F200000078BFF3BA
:108800005F8FC00708BBFFE740F20840C2F20000DC
:1088100003F0D7FBC8B1FFE740F28860C2F2000066
:10882000019000F02BF8019948F6DD00C0F6000039
:1088300040F20002C0F60002F7F71AFE40F20840CC
:10884000C2F2000003F0D3FBFFE740F28860C2F2FF
:1088500000000079C00758B9FFE740F28860C2F213
:1088600000000090FFF79AFF009901200871FFE7D0
:1088700040F28860C2F2000002B080BD80B584B0D2
:1088800003900398029000F03DF802984FF288316F
:10889000C0F6000108310160002100910171816082
:1088A0000C30019040F61801C2F20001FFF7E4FE1F
:1088B00002980099019AFFF759FF029804B080BD11
:1088C00080B582B001900198009000F007F8009800
:1088D000242102F067F802B080BD000080B582B0AC
:1088E0000190019800904FF28831C0F600010831E4
:1088F00040F80C1BFFF7EAFE009800F013F8009810
:1089000002B080BD81B0009000984FF2A031C0F657
:1089100000010831016001B07047000081B0009093
:10892000FEDE000081B00090009801B070470000AA
:1089300080B588B0079040F20C40C2F20000007889
:10894000BFF35F8FC007D0B9FFE740F20C40C2F21F
:10895000000003F036FB90B1FFE7FFF771FA016802
:108960008A680021904740F2AC61C2F200010860C1
:1089700040F20C40C2F2000003F039FBFFE740F286
:10898000AC60C2F200000068009003A8019001F002
:108990008FFE009801990268D2699047019801F012
:1089A00093FE08B080BD000080B582B00190002029
:1089B0000090FFE7009803281ADCFFE7009945F2D2
:1089C000F400C2F2000000EB8110FEF78BFABDEE5E
:1089D000C00A10EE101A0098421C40F2E810C2F2D1
:1089E0000000FEF7F3FEFFE7009801300090E1E79A
:1089F00040F2E810C2F20000FEF700FF02B080BDB6
:108A000080B58CB00B9040F21040C2F200000078AC
:108A1000BFF35F8FC007D0B9FFE740F21040C2F24A
:108A2000000003F0CEFA90B1FFE7FFF779FE01688E
:108A30008A680021904740F2B061C2F200010860EC
:108A400040F21040C2F2000003F0D1FAFFE74FF20B
:108A5000BC11C0F60001086849680A91099040F20B
:108A6000B060C2F200000190006801688A6A09A93A
:108A7000904701980068029005A8039001F046FE17
:108A8000029803990268D26A9047039801F04AFE5F
:108A90000CB080BD80B582B0019040F28410C2F26B
:108AA000000000F005F9012816D0FFE70020009033
:108AB000FFE7009803280EDCFFE7009945F2F40079
:108AC000C2F2000000EB8110FEF722F9FFE70098E8
:108AD00001300090EDE7FFE702B080BD84B0029066
:108AE000019102980090019800280BD4FFE70198AB
:108AF000032807DCFFE70098019900EB8100006B79
:108B0000039002E000200390FFE79DED030A04B00C
:108B10007047000081B00090009890ED030A01B00A
:108B20007047000081B00090009890ED010A01B0FC
:108B30007047000081B00090009890ED020A01B0EB
:108B40007047000081B00090009890ED050A01B0D8
:108B50007047000081B00090009890ED060A01B0C7
:108B60007047000081B00090009890ED040A01B0B9
:108B70007047000081B00090009890ED080A01B0A5
:108B80007047000081B00090009890ED090A01B094
:108B90007047000086B00590049103928DF80B3069
:108BA0000020ADF808000399C9080191039901F06C
:108BB00007018DF803108DF80200FFE79DF8020011
:108BC0009DF80B1088422DDAFFE704980199405C6C
:108BD0009DF80310C84000F001008DF801009DF8D9
:108BE00001009DF8021000FA01F1BDF808000843E9
:108BF000ADF808009DF8030001308DF803009DF8E2
:108C00000300082807D1FFE700208DF80300019832
:108C100001300190FFE7FFE79DF8020001308DF879
:108C20000200CBE7BDF8080006B0704782B00190A3
:108C30008DF803109DF80300002818BF012002B032
:108C40007047000081B00090009890ED0C0A01B0D0
:108C50007047000082B001908DF803108DF802205B
:108C60009DF803009DF8021040EA012000B202B016
:108C70007047000080B584B00390ADF80A10BDF8CD
:108C80000A00ADF808004FF4B670ADF8060002A86F
:108C90000DF1060101F0F4F840F29461ADF8041012
:108CA00001A901F02DF9B0F9000004B080BD000069
:108CB00081B000900098807A01B0704784B0039032
:108CC0008DF80B10039800909DF80B1000200229DE
:108CD00001900BD8FFE700989DF80B1000EB810086
:108CE0008068002818BF01200190FFE7019800F07C
:108CF000010004B07047000081B000900098406807
:108D000001B0704781B000900098406801B0704792
:108D100084B003908DF80B10039800909DF80B1011
:108D20000020019059B9FFE700989DF80B1000EB67
:108D300081008068002818BF01200190FFE701989A
:108D400000F0010004B0704780B582B0019000913E
:108D5000019882680099904702B080BD81B0009070
:108D60000098C068017A0120884301B07047000074
:108D700080B582B001900091019882680099904777
:108D800002B080BD81B000900098C068017A0120D7
:108D9000884301B07047000081B0009000980068DF
:108DA00001B0704781B000900098006801B0704732
:108DB00081B000900098006801B0704781B00090C9
:108DC0000098006801B0704780B582B001900198AA
:108DD000009000F007F8009900680968401A001137
:108DE00002B080BD80B582B0019001980C3000F0D7
:108DF0002BF802B080BD000080B582B001900198D0
:108E0000009000F007F8009900680968401A001106
:108E100002B080BD80B582B0019001980C3000F0A6
:108E20002BF802B080BD000080B582B0019001989F
:108E300000F036F802B080BD80B582B00190019894
:108E400000F022F802B080BD80B582B00190019898
:108E500000F026F802B080BD80B582B00190019884
:108E600000F024F802B080BD80B582B00190019876
:108E700000F010F802B080BD80B582B0019001987A
:108E800000F014F802B080BD81B00090009801B0ED
:108E90007047000081B00090009801B0704700005A
:108EA00081B00090009801B07047000081B0009040
:108EB000009801B07047000083B0029001910092C9
:108EC000019890ED000A009890ED001A0020B4EE91
:108ED000410AF1EE10FAB8BF012003B0704700005C
:108EE00083B0029001910092019801680098026895
:108EF0000020914238BF012003B0704783B0029038
:108F0000019100920198B0F900100098B0F900208A
:108F100000209142B8BF012003B0704780B588B0EF
:108F2000069005910698019000F058F80490059875
:108F30000499884203D9FFE7019800F025F80198C9
:108F400000F03EF8039003980499B0EB510F03D35F
:108F5000FFE70498079009E003984000029002A8F8
:108F600005A900F06DFF00680790FFE7079808B0BB
:108F700080BD000082B00190009102B070470000F7
:108F800081B0009001B0704782B001904FF29650CE
:108F9000C0F6000000F098FD81B0009000980168D4
:108FA0004068401A001101B07047000080B582B0DF
:108FB000019001980830FFF73FFF02B080BD00002C
:108FC00080B582B001900198009000F01BF80099E4
:108FD00000680968401A001102B080BD80B584B0F5
:108FE00003900398FFF7E2FF00F004FC029000F00A
:108FF000DBFB019002A801A900F062FF006804B049
:1090000080BD000080B582B0019001980830FFF764
:109010000BFF02B080BD000080B588B006900591BE
:109020000698019000F058F8049005980499884239
:1090300003D9FFE7019800F025F8019800F03EF809
:10904000039003980499B0EB510F03D3FFE7049802
:10905000079009E003984000029002A805A900F0DB
:10906000EFFE00680790FFE7079808B080BD00009A
:1090700082B00190009102B07047000081B0009072
:1090800001B0704782B001904FF29650C0F60000D8
:1090900000F01AFD81B00090009801684068401A05
:1090A000001101B07047000080B582B001900198B6
:1090B0000830FFF7D9FE02B080BD000080B582B055
:1090C00001900198009000F01BF800990068096871
:1090D000401A001102B080BD80B584B0039003989F
:1090E000FFF7E2FF00F0BCFB029000F05DFB019097
:1090F00002A801A900F0E4FE006804B080BD0000F1
:1091000080B582B0019001980830FFF7A5FE02B04B
:1091100080BD000080B582B0019000910198009957
:10912000FFF712FE02B080BD80B582B001900198B9
:10913000FFF714FE02B080BD80B582B001900091AF
:1091400001980099FFF714FE02B080BD80B582B08F
:1091500001900198FFF716FE02B080BD81B000902B
:109160006FF0704001B0704781B000906FF07040B8
:1091700001B0704781B00090012001B0704700003D
:1091800081B00090012001B07047000080B584B02C
:109190000290019102980390019A1168526842600E
:1091A00001600199896881600199C968C160C068DE
:1091B000406858B1FFE700F069F90199C860684656
:1091C00000F00AF9019900988860FFE7039804B05D
:1091D00080BD000080B584B002900191029800909B
:1091E0000390019A11685268426001600199896890
:1091F00081600199C968C160C068006848B1FFE733
:109200000098C06801680198006888470099086064
:10921000FFE7039804B080BD80B586B00490039149
:10922000049801900590083000F0D6F800F02EF96F
:109230000199C8600398FFF79DFF78B1FFE700F040
:10924000B7F8019902900298886000F035F901465C
:109250000198C160039900F0F9F8FFE7059806B09E
:1092600080BD000080B584B0029002980190039008
:10927000C068406830B1FFE701990868C96849686B
:109280008847FFE7039804B080BD000080B584B034
:109290000290019102980390019A1168526842600D
:1092A00001600199896881600199C968C160C068DD
:1092B000406858B1FFE700F0E9F80199C8606846D6
:1092C00000F0BAF8019900988860FFE7039804B0AD
:1092D00080BD000080B584B002900191029800909A
:1092E0000390019A1168526842600160019989688F
:1092F00081600199C968C160C068006848B1FFE732
:109300000098C06801680198006888470099086063
:10931000FFE7039804B080BD80B586B00490039148
:10932000049801900590083000F086F800F0AEF83F
:109330000199C8600398FFF723FF78B1FFE700F0B9
:1093400067F8019902900298886000F0BBF8014626
:109350000198C160039900F089F8FFE7059806B00D
:1093600080BD000080B584B0029002980190039007
:10937000C068406830B1FFE701990868C96849686A
:109380008847FFE7039804B080BD000080B584B033
:1093900003900291039801900198029900F05CF803
:1093A00004B080BD82B00190009100F05DFC00002F
:1093B00080B582B049F28D31C0F6000101A800F0FD
:1093C00003F8019802B080BD82B00190009101982D
:1093D0000099016002B0704781B00090009849F296
:1093E000A531C0F60001016001B0704780B584B0BE
:1093F00003900291039801900198029900F03CF8C3
:1094000004B080BD82B00190009100F02DFC0000FE
:1094100080B582B049F2ED31C0F6000101A800F03C
:1094200003F8019802B080BD82B0019000910198CC
:109430000099016002B0704781B00090009849F235
:109440000541C0F60001016001B0704782B0019093
:109450000091019802B0704780B582B001900091F0
:109460000198009900F01CFC02B080BD82B0019010
:109470000091019802B0704780B582B001900091D0
:109480000198009900F016FC02B080BD4FF2B83090
:10949000C0F600007047000081B04FF2C830C0F63F
:1094A000000001B07047000081B04FF2D830C0F624
:1094B000000001B07047000080B582B0FFF7ECFFFC
:1094C00002B080BD80B582B0FFF7EEFF02B080BD74
:1094D00082B00190009101980099016002B070473C
:1094E00081B00090009801681031016001B07047B0
:1094F00082B00190009101980099016002B070471C
:1095000081B00090009801681031016001B070478F
:1095100081B00090009801B07047000081B00090C9
:10952000009801B07047000080B584B003900291AC
:109530000398029900F002F804B080BD80B586B0AF
:109540000490039104980290FFE7029903988968B8
:1095500088420FD0FFE7029800F018F802990190B6
:10956000886810388860FFF7D3FF0146019800F043
:1095700037F9EAE706B080BD80B582B00190019866
:109580004168FFF7D1FF02B080BD000080B582B016
:10959000019001980C3000F0ABF902B080BD0000E2
:1095A00080B582B0019001980C3000F099F902B0BA
:1095B00080BD000080B58AB008900791069205939F
:1095C0000898019009900C3000210491059A04A993
:1095D00000F098F9079820B9FFE70199002008608A
:1095E0000DE00198FFF7D2FF0146079A02A800F0AC
:1095F000F9F901990298086003980790FFE701982C
:109600000168069A01EB0211816041600168079AC6
:1096100001EB02110091FFF7C3FF014600980860BB
:1096200009980AB080BD000080B586B00490049807
:1096300003900590FFF7A0FF0398006880B1FFE753
:109640000398FFF7A3FF0146039802910168019177
:10965000FFF7BAFB01990246029800F0B5F8FFE760
:10966000059806B080BD000080B584B003900291DB
:109670000398029900F002F804B080BD80B586B06E
:109680000490039104980290FFE702990398896877
:1096900088420FD0FFE7029800F018F80299019075
:1096A000886810388860FFF739FF0146019800F09C
:1096B000CDF8EAE706B080BD80B582B00190019890
:1096C0004168FFF7D1FF02B080BD000080B582B0D5
:1096D000019001980C3000F04FF902B080BD0000FD
:1096E00080B582B0019001980C3000F03DF902B0D5
:1096F00080BD000080B58AB008900791069205935E
:109700000898019009900C3000210491059A04A951
:1097100000F03CF9079820B9FFE7019900200860A4
:109720000DE00198FFF7D2FF0146079A02A800F06A
:1097300069F901990298086003980790FFE701987A
:109740000168069A01EB0211816041600168079A85
:1097500001EB02110091FFF7C3FF0146009808607A
:1097600009980AB080BD000080B586B004900498C6
:1097700003900590FFF7A0FF0398006880B1FFE712
:109780000398FFF7A3FF0146039802910168019136
:10979000FFF732FB01990246029800F04BF8FFE711
:1097A000059806B080BD000080B500F039FA80BD94
:1097B00081B00090009801B07047000081B0009027
:1097C000009801B07047000080B584B0039002910A
:1097D000019203980299019A00F0AEFF04B080BD97
:1097E00080B582B0019000910198009900F0B2FF1D
:1097F00002B080BD80B582B001900198FFF7AEFC49
:1098000002B080BD80B584B00390029101920398AC
:109810000299019A00F0C0FF04B080BD80B584B009
:1098200003900291019203980299019A00F0C0FFFF
:1098300004B080BD80B584B003900291019203987A
:109840000299019A00F0CAFF04B080BD80B582B0D1
:10985000019000910198009900F0CEFF02B080BD08
:1098600080B582B001900198FFF77EFC02B080BD08
:1098700080B584B003900291019203980299019AF5
:1098800000F0DCFF04B080BD80B584B0039002918D
:10989000019203980299019A00F0DCFF04B080BDA8
:1098A00080B582B00190019800F04AF902B080BD05
:1098B00080B582B00190019800F022F902B080BD1D
:1098C00080B586B0059004910392059801900499A3
:1098D00000F03CF9019800F019F9019806B080BD3C
:1098E00080B582B00190019800F02AF902B080BDE5
:1098F00080B582B001900198043000F03DF902B0CB
:1099000080BD000080B584B003900291019203985D
:109910000090029900F01AF900980430019900F0C3
:1099200031F9009804B080BD80B582B001900198F3
:1099300000F014F902B080BD80B582B001900198AA
:1099400000F0EEF802B080BD80B586B005900491BD
:10995000039205980190049900F006F9019800F02F
:10996000E5F8019806B080BD80B582B001900198FD
:1099700000F0F4F802B080BD80B582B0019001988B
:10998000043000F007F902B080BD000080B584B05B
:1099900003900291019203980090029900F0E4F87C
:1099A00000980430019900F0FBF8009804B080BDE5
:1099B00080B584B002900191019800F035F940B172
:1099C000FFE7019800900298009900F08FF803904B
:1099D00004E0029800F082F80390FFE7039804B0D7
:1099E00080BD000080B584B001900391029203987D
:1099F000029900F0B9FE019908600298486004B02D
:109A000080BD000080B584B001900391029203985C
:109A1000029900F0FBFE019908600298486004B0CA
:109A200080BD000080B584B0039002910192FFE7F1
:109A30000298019988420ED0FFE70398009002989F
:109A4000FFF766FD01460098FFF7CAFEFFE70298A0
:109A500010300290ECE704B080BD000080B584B007
:109A6000039002910192FFE70298019988420ED07B
:109A7000FFE7039800900298FFF750FD0146009819
:109A8000FFF7E4FEFFE7029810300290ECE704B025
:109A900080BD000080B584B00390029101920198CE
:109AA00000F0C2F840B1FFE70198009003980299D6
:109AB000009A00F0E9F804E00398029900F0DAF85F
:109AC000FFE704B080BD000082B0019001994FF221
:109AD000E740C0F6000000F06BF8000080B582B0EF
:109AE0000190019804F0D8FA02B080BD80B582B030
:109AF000019000910198009904F0D7FA02B080BD5E
:109B000081B00090009801B07047000080B584B02B
:109B100002900298019000F057FE019804B080BDB9
:109B200081B00090009801B07047000080B584B00B
:109B300002900298019000F099FE019804B080BD57
:109B400081B00090009801B07047000082B0019091
:109B5000009101980021016002B0704781B000902F
:109B6000009801B07047000082B001900091019808
:109B70000021016002B0704781B000900098006839
:109B800001B0704782B00190009101980099016086
:109B900002B0704781B000900098006801B0704733
:109BA00082B00190009101980099016002B0704765
:109BB00084B0844601A80EC040F2D00001AAC2F2CF
:109BC000000061460092F6F7CFFDF6F7D2FD0000E7
:109BD00080B588B007900693059204910499059A80
:109BE000069B0393029201910199029A039B00F054
:109BF0008FF808B080BD000080B588B0079006934C
:109C0000059204910499059A069B0393029201918F
:109C10000199029A039B00F093F808B080BD000000
:109C20006FF000407047000081B000900099002064
:109C3000082988BF012001B07047000080B582B0BC
:109C4000019000910198009900F0ACFE02B080BD37
:109C500080B584B003900291019203980299019A11
:109C600000F0A2FE04B080BD4FF26150C0F60000CB
:109C7000FFF79EFF80B582B0019000910198009996
:109C8000FFF7DCFF02B080BD80B584B00390029185
:109C9000019203980299019AFFF7DAFF04B080BDA0
:109CA00080B582B0019000910198009900F0D4FC39
:109CB00002B080BD80B582B00190009101980099FA
:109CC00000F0D4FC02B080BD84B0039002910192F8
:109CD00000930398029901600199416000998160A5
:109CE00004B0704784B003900291019200930398EE
:109CF00002990160019941600099816004B0704748
:109D000081B0009000990120087001B070470000F8
:109D100084B0039302920191009000980021017099
:109D200004B0704781B00090009801B07047000007
:109D300081B0009000990120087001B070470000C8
:109D400084B0039302920191009000980021017069
:109D500004B0704781B00090009801B070470000D7
:109D600080B58CB00B900A910992089308980790DF
:109D70000B9903A807AA08ABFFF7A6FF0399049A5B
:109D8000059B0DF11B00FFF723FF0A980290FFE7E8
:109D90000298099988420CD0FFE70B980899029A1B
:109DA000FFF73CFD029810300290089810300890A0
:109DB000EEE70DF11B000190FFF7A2FF0B980A9947
:109DC000099AFFF72FFE0198FFF7ACFF0CB080BD9A
:109DD00080B58CB00B900A9109920893089807906F
:109DE0000B9903A807AA08ABFFF77CFF0399049A15
:109DF000059B0DF11B00FFF7FFFE0A980290FFE79D
:109E00000298099988420CD0FFE70B980899029AAA
:109E1000FFF73AFD02981030029008981030089031
:109E2000EEE70DF11B000190FFF782FF0B980A99F6
:109E3000099AFFF713FE0198FFF78CFF0CB080BD65
:109E400080B584B0039002910398029900F002F863
:109E500004B080BD80B584B0029001910299019A4E
:109E60000DF10F00FFF73CF818B1FFE701980090E3
:109E700002E002980090FFE7009804B080BD000067
:109E800080B584B0039002910398029900F002F823
:109E900004B080BD80B584B0029001910299019A0E
:109EA0000DF10F00FFF72AF818B1FFE701980090B5
:109EB00002E002980090FFE7009804B080BD000027
:109EC00080B584B0039002910398029900F002F8E3
:109ED00004B080BD80B584B0029001910199029ACE
:109EE0000DF10F00FEF7FCFF18B1FFE7019800909D
:109EF00002E002980090FFE7009804B080BD0000E7
:109F000080B584B0039002910398029900F002F8A2
:109F100004B080BD80B584B0029001910199029A8D
:109F20000DF10F00FEF7EAFF18B1FFE7019800906E
:109F300002E002980090FFE7009804B080BD0000A6
:109F400083B0029001910298006800900198006827
:109F50000299086000980199086003B070470000FA
:109F600083B0029001910298006800900198006807
:109F70000299086000980199086003B070470000DA
:109F800080B584B003900291019203980299019ADE
:109F900000F002F804B080BD80B586B00490039153
:109FA00002920499039A0DF11700FEF785FF18B18C
:109FB000FFE70398019010E00299049A0DF1170051
:109FC000FEF77AFF18B1FFE70298009002E00498CC
:109FD0000090FFE700980190FFE7019806B080BD70
:109FE00080B584B002900191019903A8FFF770FA3F
:109FF000039804B080BD000082B0019000910198E8
:10A000000099016002B0704780B584B00390039856
:10A01000029000680068D0B1FFE70298006800F085
:10A0200021F902980068FEF7ABFF0298006800F083
:10A030000FF9014602980191006801680091FEF74E
:10A04000BFFF009902460198FFF7BEFBFFE704B08F
:10A0500080BD000083B002900191009202980199A6
:10A06000016001994968416001994968009A01EBD2
:10A070000211816003B0704781B0009000980268BF
:10A080004168516001B0704780B58EB00D900C9161
:10A090000D98039000F0DCF8014603980B91FEF751
:10A0A0007BFF014603980131FEF738FF0146039814
:10A0B0000191FEF771FF019902460B9B06A80490DF
:10A0C000FFF778FA0B9802900898FFF721FA0146FB
:10A0D00002980C9AFFF796FB03980499089A10329D
:10A0E000089200F04BF80399049849680591FFF72E
:10A0F0009BFA05980EB080BD80B586B0059004919E
:10A100000598029040680390FFE7049803998842FD
:10A110000ED0FFE7029800F09BF8019003981038EA
:10A120000390FFF7F5F901460198FFF759FBECE7BB
:10A1300002990498486006B080BD000080B588B0E0
:10A14000079006910799009103A802900122FFF75A
:10A1500081FF009800F07CF801900498FFF7D8F98F
:10A1600001460198069AFFF74DFB029804991031B9
:10A170000491FFF781FF08B080BD000080B58AB070
:10A180000990089109980690FEF7FAFE069808993A
:10A190004968024652F8043F04920268D21A1144F8
:10A1A000079100F055F80146069803910068FFF703
:10A1B000AFF90146049801910068FFF7A9F90290F0
:10A1C0000798FFF7A5F90199029A03460398FFF74C
:10A1D000C7FD049A06980799089B596001681160A9
:10A1E00008990431FFF7ACFE049808990831FFF78D
:10A1F000A7FE069800F040F805900898FFF7D0F900
:10A2000001460598FFF79CFE0698089A5168116070
:10A21000FEF7C2FE01460698FEF7ACFE0AB080BD0E
:10A2200080B582B0009000984168FFF7D9FE019098
:10A23000019802B080BD000080B582B00090009807
:10A240000168FFF7CDFE0190019802B080BD0000CB
:10A2500080B582B0019001980830FFF729FB02B069
:10A2600080BD000080B582B0019001980168FFF7C1
:10A2700043FF02B080BD000080B582B0019001981C
:10A280000830FFF70DFB02B080BD000080B586B03E
:10A2900005900491059801904168039103990291FA
:10A2A000FFF7EAFF014602980968884208D2FFE7F3
:10A2B00001980499FFF742FF03981030039005E0DE
:10A2C00001980499FFF7E0FE0390FFE701990398D6
:10A2D000486006B080BD000080B584B0039003984C
:10A2E00000900021016041600830029102A90DF147
:10A2F0000702FFF7E5FA009804B080BD80B584B08E
:10A3000003900399019102A80090FFF775FE009851
:10A31000FFF77AFE019804B080BD000080B584B0DC
:10A3200002900191019903A8FFF7E2F8039804B0A5
:10A3300080BD000082B001900091019800990160F9
:10A3400002B0704780B584B0039003980290006813
:10A350000068D0B1FFE70298006800F021F9029888
:10A360000068FEF78BFE0298006800F00FF90146C6
:10A3700002980191006801680091FEF79FFE009924
:10A3800002460198FFF756FAFFE704B080BD0000CF
:10A3900083B00290019100920298019901600199A5
:10A3A0004968416001994968009A01EB0211816096
:10A3B00003B0704781B00090009802684168516016
:10A3C00001B0704780B58EB00D900C910D98039040
:10A3D00000F0DCF8014603980B91FEF75BFE0146A6
:10A3E00003980131FEF718FE014603980191FEF72C
:10A3F00051FE019902460B9B06A80490FFF77AF9DB
:10A400000B9802900898FFF789F8014602980C9A79
:10A41000FFF72EFA03980499089A1032089200F078
:10A420004BF80399049849680591FFF79DF9059841
:10A430000EB080BD80B586B005900491059802905D
:10A4400040680390FFE70498039988420ED0FFE725
:10A45000029800F09BF80190039810380390FFF7E2
:10A460005DF801460198FFF7F1F9ECE702990498CD
:10A47000486006B080BD000080B588B007900691A6
:10A480000799009103A802900122FFF781FF00982D
:10A4900000F07CF801900498FFF740F8014601981D
:10A4A000069AFFF7E5F90298049910310491FFF735
:10A4B00081FF08B080BD000080B58AB00990089186
:10A4C00009980690FEF7DAFD069808994968024651
:10A4D00052F8043F04920268D21A1144079100F026
:10A4E00055F80146069803910068FFF717F80146F2
:10A4F000049801910068FFF711F802900798FFF7A0
:10A500000DF80199029A03460398FFF761FC049A3B
:10A5100006980799089B59600168116008990431F1
:10A52000FFF71EFD049808990831FFF719FD0698FA
:10A5300000F040F805900898FFF7D2F8014605981A
:10A54000FFF70EFD0698089A51681160FEF7A2FD0C
:10A5500001460698FEF78CFD0AB080BD80B582B03A
:10A56000009000984168FFF7D9FE0190019802B071
:10A5700080BD000080B582B0009000980168FFF7B0
:10A58000CDFE0190019802B080BD000080B582B080
:10A59000019001980830FFF7CFF902B080BD0000AC
:10A5A00080B582B0019001980168FFF743FF02B0C7
:10A5B00080BD000080B582B0019001980830FFF79F
:10A5C000B3F902B080BD000080B586B0059004915B
:10A5D000059801904168039103990291FFF7EAFF02
:10A5E000014602980968884208D2FFE70198049959
:10A5F000FFF742FF03981030039005E0019804999B
:10A60000FFF7E0FE0390FFE701990398486006B06A
:10A6100080BD000080B584B00390039800900021B5
:10A62000016041600830029102A90DF10702FFF7B5
:10A630008BF9009804B080BD80B584B00390039975
:10A64000019102A80090FFF775FE0098FFF77AFECF
:10A65000019804B080BD000080B582B001900091E7
:10A660000198009900F074F902B080BD80B582B005
:10A67000019000910198009900F078F902B080BD36
:10A6800080B584B003900291039801900299FEF77F
:10A690007DFD019804B080BD80B584B00390029127
:10A6A000039801900299FEF795FD019804B080BDD2
:10A6B00080B584B00290029801900DF10F01FEF771
:10A6C000ABFD019804B080BD80B582B001900198C7
:10A6D0000090FEF7C7FD009802B080BD80B584B041
:10A6E00003900291039801900299FEF7CFFD019823
:10A6F00004B080BD80B584B00390029103980190AE
:10A700000299FEF7E7FD019804B080BD80B584B0E2
:10A710000290029801900DF10F01FEF7FDFD0198E6
:10A7200004B080BD80B582B0019001980090FEF722
:10A7300019FE009802B080BD80B584B003900291EC
:10A7400001920298019909010422FFF7A3F904B0CC
:10A7500080BD000080B582B0019000910098FFF7A5
:10A76000B3FF02B080BD000080B584B003900291B9
:10A77000039802990191FFF73DF80146019888423C
:10A7800002D9FFE700F0DEF8029800010421FFF78C
:10A790000FF904B080BD000080B584B00390029131
:10A7A000019202980199FFF777FF04B080BD000085
:10A7B00080B584B003900291019202980199FFF74D
:10A7C0005FFF04B080BD000080B582B001900198A9
:10A7D0000090FEF7EDFF009802B080BD80B584B018
:10A7E0000390029101920298019909010422FFF756
:10A7F00051F904B080BD000080B582B00190009195
:10A800000098FFF78FFF02B080BD000080B584B0D4
:10A8100003900291039802990191FFF721F80146F4
:10A820000198884202D9FFE700F08CF802980001F5
:10A830000421FFF7BDF804B080BD000080B584B0EE
:10A8400003900291019202980199FFF753FF04B01F
:10A8500080BD000080B584B00390029101920298FF
:10A860000199FFF73BFF04B080BD000080B582B0C6
:10A87000019001980090FEF7A1FF009802B080BD02
:10A8800080B584B0039002910398FEF785FA019099
:10A890000298FEF781FA01460198401AB0FA80F05A
:10A8A000400904B080BD000080B584B003900291DF
:10A8B0000398FEF77DFA01900298FEF779FA0146B7
:10A8C0000198401AB0FA80F0400904B080BD000041
:10A8D00080B582B00190009101980099FFF7D0FFF8
:10A8E00080F0010002B080BD80B582B0019000917F
:10A8F00001980099FFF7D8FF80F0010002B080BDF9
:10A9000040F2B460C2F200000068704701A0FFF797
:10A910004FF900BF6261645F616C6C6F63207761A7
:10A9200073207468726F776E20696E202D666E6F6B
:10A930002D657863657074696F6E73206D6F6465E3
:10A94000000000004FF22950C0F60000FFF730F978
:10A9500080B582B001900091009940F2E810C2F2F7
:10A960000000FCF7DDFE02B080BD000080B582B0C3
:10A97000019000910098808812280DD1FFE700987F
:10A98000006848B1FFE70098016840F28410C2F205
:10A990000000FCF7CDFCFFE702B080BDF5F75BBE21
:10A9A000F5F759BEFFF7FABF1146FFF7F9BF0000F0
:10A9B00081B08DF803009DF9030000280ED4FFE755
:10A9C0009DF9031001F01F02012090404A094EF248
:10A9D0000011CEF2000141F82200FFE701B07047FC
:10A9E0004EF60C50CEF200000068C0F30220704713
:10A9F00082B08DF8070000919DF9070000280AD465
:10AA0000FFE7009800019DF907104EF20042CEF2D8
:10AA1000000288540BE0009800019DF8071001F037
:10AA20000F014EF61452CEF200028854FFE702B036
:10AA30007047000082B08DF8070000919DF9070073
:10AA400000280AD4FFE7009800019DF907104EF294
:10AA50000042CEF2000288540BE0009800019DF8FD
:10AA6000071001F00F014EF61452CEF20002885486
:10AA7000FFE702B07047000083B00290029800F038
:10AA8000070000904EF60C51CEF2000108680190CC
:10AA900001984FF6FF02104001900198009A40EA99
:10AAA00002200022C0F2FA5210430190019808607F
:10AAB00003B0704701A001F09EFA00BF50757265A7
:10AAC000207669727475616C2066756E6374696F47
:10AAD0006E2063616C6C65642100000080B582B0FB
:10AAE00040F20040C2F200000078BFF35F8FC00761
:10AAF00028BBFFE740F20040C2F2000001F061FA1B
:10AB0000E8B1FFE701208DF8040002208DF8050070
:10AB100003208DF8060004208DF8070040F218404D
:10AB2000C2F2000001AA4FF400731946FDF7BCF809
:10AB300040F20040C2F2000001F059FAFFE702B013
:10AB400080BD000080B582B040F66000C2F2000017
:10AB50000190F7EE000AB0EE600AFCF715FB0199D0
:10AB600047F20D20C0F6000040F20002C0F60002DD
:10AB7000F5F77EFC02B080BD80B582B001208DF873
:10AB8000040002208DF8050003208DF80600042043
:10AB90008DF8070040F2E810C2F2000001AA4FF45D
:10ABA00000731946FDF780F802B080BD80B540F211
:10ABB0008410C2F200006421FCF77CFC80BD000020
:10ABC00080B586B045F2F400C2F200000090B0EE0D
:10ABD000000A8DED010A9FED231A8DED021ADFEDBB
:10ABE000221ACDED031A9FED212A8DED042ADFED07
:10ABF000202ACDED052AF0EE410AFCF785F90098F0
:10AC00009DED010A9DED021ADDED031A9DED042A6A
:10AC1000DDED052A4030F0EE410AFCF775F90098A9
:10AC20009DED010A9DED021ADDED031A9DED042A4A
:10AC3000DDED052A8030F0EE410AFCF765F9009859
:10AC40009DED010A9DED021ADDED031A9DED042A2A
:10AC5000DDED052AC030F0EE410AFCF755F906B0EB
:10AC600080BD00BF000000000002804600401C457F
:10AC70000000484380B582B000200190F9F7F6F853
:10AC8000FBF7C8F9FBF788F8FBF706F8FAF7B4FF0B
:10AC9000FAF7DAFFFBF7C8F800F020F8FBF726F820
:10ACA00000F040F8FFE7FEE780B584B00290EFF3D4
:10ACB00005800390039820B1FFE76FF00500019035
:10ACC00009E000200190029820B1FFE7029801F00E
:10ACD000DDFBFFE7FFE7019804B080BD82B0EFF332
:10ACE00005800190019820B1FFE76FF0050000900A
:10ACF00014E040F2E410C2F20000006848B9FFE737
:10AD000040F2E411C2F2000101200860002000902E
:10AD100003E04FF0FF300090FFE7FFE7009802B03C
:10AD20007047000080B582B0EFF305800190019874
:10AD300020B1FFE76FF00500009019E040F2E41049
:10AD4000C2F20000006801280DD1FFE7FBF742F9CD
:10AD500040F2E411C2F200010220086001F034FC6C
:10AD60000020009003E04FF0FF300090FFE7FFE786
:10AD7000009802B080BD0000B0B58EB00B900A9173
:10AD8000099200200690EFF305800D900D980028A1
:10AD900040F09980FFE70B98002800F09480FFE7CF
:10ADA0008020079018200590002008904FF0FF3079
:10ADB0000490099800284DD0FFE70998006820B159
:10ADC000FFE7099800680890FFE70998806920B1BB
:10ADD000FFE7099880690590FFE7059848B1FFE70C
:10ADE0000598382805D8FFE709980079C00718B1F9
:10ADF000FFE700200C9069E00998406928B1FFE75F
:10AE00000998406980080790FFE70998806880B139
:10AE1000FFE70998C0685C280BD3FFE70998006931
:10AE200038B1FFE70998406918B1FFE701200490A5
:10AE30000FE00998806858B9FFE70998C06838B9E9
:10AE4000FFE70998006918B9FFE700200490FFE7C1
:10AE5000FFE702E000200490FFE70498012817D1E3
:10AE6000FFE70B980899079A0A9BDDF814C0DDF8F4
:10AE700024E0DEF80850DEF81040EE46CEF8085028
:10AE8000CEF80440CEF800C002F08AF9069019E02E
:10AE90000498B0B9FFE70B980899BDF81C200A9BED
:10AEA000DDF814C0EE4606ACCEF80440CEF800C083
:10AEB00002F026F9012803D0FFE700200690FFE703
:10AEC000FFE7FFE7FFE706980C90FFE70C980EB04E
:10AED000B0BD000080B584B00390029145F2F0202F
:10AEE000C2F200000068009040F69C10C2F2000020
:10AEF0000068043001F082F808B9FFE700E0FFE7DE
:10AF00000398013080B9FFE7029868B1FFE740F687
:10AF10009C10C2F200000068011D45F2C820C2F278
:10AF2000000001F011F93DE00098039908440190F8
:10AF3000019840F69C11C2F200010968486001982E
:10AF4000009988420ED2FFE740F6AC10C2F2000032
:10AF5000006840F69C11C2F200010968043101F05A
:10AF6000BDF81EE040F6A410C2F20000006840F6F2
:10AF70009C11C2F200010968043101F0AFF8019898
:10AF800045F25421C2F200010968884207D2FFE766
:10AF9000019845F25421C2F20001086000E0FFE789
:10AFA000FFE7FFE704B080BD80B582B0019001F0FB
:10AFB000F3F844F62821C2F2000108680130086065
:10AFC00040F69C10C2F20000006898B9FFE70198B3
:10AFD00040F69C11C2F20001086044F62820C2F23B
:10AFE00000000068012803D1FFE700F0F7FA00E055
:10AFF000FFE71CE045F2BC20C2F200000068A0B9E7
:10B00000FFE740F69C10C2F200000068C06A019998
:10B01000C96A884207D8FFE7019840F69C11C2F23E
:10B020000001086000E0FFE700E0FFE7FFE744F60B
:10B030003420C2F20000016801310160006801990A
:10B0400048640198C06A44F63821C2F200010968D8
:10B05000884208D9FFE70198C06A44F63821C2F255
:10B0600000010860FFE70199C86A00EB800240F622
:10B07000B410C2F2000000EB8200043101F064F869
:10B0800001F0B6F845F2BC20C2F200000068C8B179
:10B09000FFE740F69C10C2F200000068C06A019908
:10B0A000C96A88420CD2FFE74EF60451CEF2000185
:10B0B0004FF080500860BFF34F8FBFF36F8F00E0F9
:10B0C000FFE700E0FFE702B080BD000080B584B07C
:10B0D00001F062F845F2F420C2F200000068002896
:10B0E00040D1FFE745F2F410C2F20000029000F0F8
:10B0F000D5FF45F20820C2F20000039000F0CEFF19
:10B100000299039840F6A012C2F20002116040F6C4
:10B11000B011C2F20001086069460020086040F6E4
:10B12000A802C2F2000240F64813C2F200030A204D
:10B13000102101F0EFFB014645F2F420C2F20000BD
:10B140000160006860B1FFE745F2F420C2F2000040
:10B1500000684FF2DA41C0F6000101F03BF900E06F
:10B16000FFE700E0FFE701F043F804B080BD000016
:10B1700080B582B0FFE744F62C20C2F200000068E0
:10B1800008B3FFE701F008F845F2DC20C2F2000046
:10B19000C068C06801900198043000F02FFF44F6A9
:10B1A0002821C2F2000108680138086044F62C2109
:10B1B000C2F2000108680138086001F019F801982E
:10B1C00000F08CF8D7E702B080BD000080B582B0F7
:10B1D000019000910198006CB8B1FFE70199C8682F
:10B1E0000A6C1044C86001988168C068884204D322
:10B1F000FFE701990868C86000E0FFE70098019A3E
:10B20000D168126CF5F739F9FFE702B080BD000094
:10B2100080B586B0059004910392002002900598B5
:10B22000806B01900598006C78B9FFE7059800687D
:10B2300048B9FFE70598806802F022F90290059965
:10B240000020886000E0FFE741E00398B8B9FFE71D
:10B25000059A04995068126CF5F70FF9059948683A
:10B260000A6C10444860059948688968884204D38C
:10B27000FFE705990868486000E0FFE726E0059AC7
:10B280000499D068126CF5F7F8F80599C8680A6C4B
:10B29000801AC86005980168C068884206D2FFE736
:10B2A000059988680A6C801AC86000E0FFE7039877
:10B2B000022809D1FFE7019820B1FFE70198013882
:10B2C000019000E0FFE700E0FFE7FFE7FFE70198FC
:10B2D000013005998863029806B080BD80B582B0C0
:10B2E0000090009890F8590040B9FFE70098006B73
:10B2F00000F0A4FF009800F0A1FF1CE0009890F877
:10B300005900012804D1FFE7009800F097FF11E0F1
:10B31000009890F8590002280BD0FFE74FF050003A
:10B3200080F31188BFF36F8FBFF34F8F0190FFE75A
:10B33000FEE7FFE7FFE702B080BD000082B00190AA
:10B3400040F6A010C2F2000000680068B0FA80F079
:10B350004009019908600198006848B9FFE740F684
:10B36000A010C2F200000068C0680068009002E00F
:10B3700000200090FFE7009802B0704784B04FF4BF
:10B380007050009040F61C60C2F2000001909DF8E1
:10B390000400400788B1FFE7019807300190019849
:10B3A00020F007000190019A40F61C61C2F20001F2
:10B3B0000098891A08440090FFE7019802900299CA
:10B3C00045F2C020C2F200000160002141600298F5
:10B3D000009A10440190019808380190019820F0DB
:10B3E00007000190019A40F6A810C2F20000026026
:10B3F0000268516002681160029903910199039AF1
:10B40000891A51600068039908600398406845F202
:10B410005021C2F2000108600398406845F24821BB
:10B42000C2F20001086045F21C21C2F200014FF097
:10B430000040086004B0704780B582B00190FFE71B
:10B44000FFF796FE40F6B410C2F200000068022832
:10B450000CD3FFE74EF60451CEF200014FF08050BE
:10B460000860BFF34F8FBFF36F8F00E0FFE7E7E7A0
:10B4700080B584B0DDF818C00390029101928DF878
:10B480000330029818B9FFE70698006003E00198BE
:10B4900006990860FFE703980699C8630298069921
:10B4A00008640698012101F0BDFA9DF80300069991
:10B4B00081F84C0004B080BD80B588B0DDF834C0A0
:10B4C000DDF830C0DDF82CC0DDF828C0069005910D
:10B4D000049203930C98006B04998900A522F5F758
:10B4E00043F80C98006B049900EB8100043802903B
:10B4F000029820F0070002909DF80800400758B11C
:10B50000FFE74FF0500080F31188BFF36F8FBFF358
:10B510004F8F0790FFE7FEE70598F8B1FFE700209F
:10B520000190FFE701980F2813D8FFE70598019ACB
:10B53000805C0C99114481F8340005980199405CB5
:10B5400008B9FFE705E0FFE7FFE701980130019048
:10B55000E8E70C99002081F8430004E00C990020F2
:10B5600081F83400FFE70A98382803D3FFE7372033
:10B570000A9000E0FFE70A980C99C8620A980C99B3
:10B58000C8640C990020009008650C98043000F005
:10B590009DFD0C98183000F099FD00980C990961F8
:10B5A0000A99C1F138010C9A91610C9949620C9980
:10B5B00048650C9981F8580002980699039A00F0A2
:10B5C000D1FC0C9908600B9820B1FFE70C980B99FF
:10B5D000086000E0FFE708B080BD000080B584B0DF
:10B5E00000200390FFE70398372810D8FFE703985F
:10B5F00000EB800140F6B410C2F2000000EB8100C5
:10B6000000F04CFDFFE7039801300390EBE745F2B3
:10B610002020C2F20000019000F040FD45F23420ED
:10B62000C2F20000029000F039FD45F26820C2F23B
:10B63000000000F033FD45F2DC20C2F2000000F013
:10B640002DFD45F2C820C2F2000000F027FD01994F
:10B65000029840F6A412C2F20002116040F6AC114A
:10B66000C2F20001086004B080BD000083B0029007
:10B6700045F2C020C2F200000190FFE70198006887
:10B680000299884205D2FFE7FFE701980068019020
:10B69000F4E70198009000980199496808440299DC
:10B6A000884209D1FFE7029842680199486810442E
:10B6B00048600198029000E0FFE70298009000982F
:10B6C00002994968084401990968884220D1FFE736
:10B6D0000198006840F6A811C2F20001096888428A
:10B6E0000DD0FFE70198006842680299486810444D
:10B6F00048600198006800680299086007E040F619
:10B70000A810C2F20000006802990860FFE704E098
:10B710000198006802990860FFE701980299884241
:10B7200004D0FFE702980199086000E0FFE703B04A
:10B730007047000080B586B0059004910392029393
:10B7400000200190049805994860059800610498CC
:10B750000399884216D8FFE703980299401A059981
:10B760008969884203D3FFE70120019009E040F690
:10B77000B010C2F2000000680599043100F0AEFC80
:10B78000FFE717E003980299884208D2FFE7049880
:10B790000299884203D3FFE70120019009E040F6B7
:10B7A000A010C2F2000000680599043100F096FC78
:10B7B000FFE7FFE7019806B080BD000080B582B0CA
:10B7C000019000F0E9FC0198806B18B9FFE70120B7
:10B7D000009002E000200090FFE700F009FD0098D3
:10B7E00002B080BD80B582B0019000F0D5FC019818
:10B7F000806B0199C96B884203D1FFE7012000905B
:10B8000002E000200090FFE700F0F2FC009802B098
:10B8100080BD000008480068006880F308884FF089
:10B82000000080F3148862B661B6BFF34F8FBFF398
:10B830006F8F00DF00BF000008ED00E080B586B02C
:10B840000490039140F6A010C2F200000068C068A6
:10B85000C06801900198043000F0D0FB019890F886
:10B8600028004007002823D5FFE70198049B816941
:10B870001944039AFFF75EFFC0B1FFE70198049AED
:10B88000694600230B60194601F0E6FF029002981A
:10B8900058B9FFE74FF0500080F31188BFF36F8F66
:10B8A000BFF34F8F0590FFE7FEE700E0FFE707E0FB
:10B8B000019991F8280000F0FE0081F82800FFE7C8
:10B8C0000198016A884706B080BD000080B58EB03F
:10B8D000FFE745F2F420C2F20000006807A9002249
:10B8E00001F0BAFA002800F0B880FFE70798B0F13D
:10B8F000FF3F17DCFFE707A804300290029858B911
:10B90000FFE74FF0500080F31188BFF36F8FBFF354
:10B910004F8F0D90FFE7FEE702990A684868896833
:10B92000904700E0FFE70798002800F19580FFE7C7
:10B93000099806900698406928B1FFE706980430F8
:10B9400000F05CFB00E0FFE705A800F0FBF80390C7
:10B9500007980190092800F27D800199DFE801F045
:10B960000505053D456605053D45069991F8280004
:10B9700040F0010081F828000698089B816919446D
:10B98000039AFFF7D7FE30B3FFE70698016A8847AE
:10B99000069890F82800400700281AD5FFE7069877
:10B9A000089982690A44694600230B60194601F030
:10B9B00053FF0490049858B9FFE74FF0500080F30C
:10B9C0001188BFF36F8FBFF34F8F0C90FFE7FEE737
:10B9D00000E0FFE700E0FFE73DE0069991F828006E
:10B9E00000F0FE0081F8280035E0069991F8280063
:10B9F00040F0010081F828000898069988610698AF
:10BA0000806958B9FFE74FF0500080F31188BFF309
:10BA10006F8FBFF34F8F0B90FFE7FEE70698039BF6
:10BA2000816919441A46FFF785FE14E0069890F8DC
:10BA300028008007002804D4FFE7069800F0FEFBEA
:10BA400007E0069991F8280000F0FE0081F8280030
:10BA5000FFE700E0FFE7FFE73BE70EB080BD000037
:10BA600080B584B00390029100F01EFE684600F09D
:10BA700069F801900098D8BBFFE7029860B9FFE72A
:10BA800003980199884207D8FFE701F0D7FD039892
:10BA90000199FFF7D3FE2AE0029858B1FFE740F67C
:10BAA000B010C2F2000000680068B0FA80F04009EF
:10BAB0000290FFE745F2F420C2F20000006803990B
:10BAC000019A891A029A00F0AFFC01F0B7FD60B943
:10BAD000FFE74EF60451CEF200014FF080500860AF
:10BAE000BFF34F8FBFF36F8F00E0FFE7FFE702E088
:10BAF00001F0A4FDFFE704B080BD000081B040F676
:10BB0000A410C2F200000068006840B9FFE745F2E7
:10BB10005421C2F200014FF0FF3008600FE040F600
:10BB2000A410C2F200000068C068C06800900098CD
:10BB3000406845F25421C2F200010860FFE701B0FD
:10BB40007047000080B582B0019001F0ADFB00901D
:10BB5000009840F69811C2F200010968884206D2A6
:10BB6000FFE700F011F801990120086003E0019956
:10BB700000200860FFE7009840F69811C2F200012B
:10BB80000860009802B080BD80B588B0FFE740F63D
:10BB9000A010C2F200000068006800284ED0FFE745
:10BBA00040F6A010C2F200000168C9680968069159
:10BBB0000068C068C06803900398043000F01EFA63
:10BBC0000398016A8847039890F8280040070028E6
:10BBD00032D5FFE7069803998969084405900598CE
:10BBE000069988420FD9FFE70598039948600398A2
:10BBF000006140F6A010C2F2000000680399043111
:10BC000000F06CFA17E00398069A694600230B606F
:10BC1000194601F021FE0290029858B9FFE74FF053
:10BC2000500080F31188BFF36F8FBFF34F8F0790E1
:10BC3000FFE7FEE7FFE700E0FFE7A8E740F6A01216
:10BC4000C2F200021068049040F6B011C2F2000186
:10BC5000086810600498086008B080BD83B00020B8
:10BC6000009040F22000C2F200000068013058B19C
:10BC7000FFE74FF0500080F31188BFF36F8FBFF3E1
:10BC80004F8F0290FFE7FEE74FF0500080F31188DE
:10BC9000BFF36F8FBFF34F8F0190FFE7009808B994
:10BCA000FFE7FBE703B0704780B584B00390FFE780
:10BCB00001A8FFF743FB029002980199FFF7D0FE1D
:10BCC000FFF704FEF4E7000080B582B0019000F0B9
:10BCD00063FA019890F845008DF80300FFE79DF99D
:10BCE0000300012816DBFFE70198406A58B1FFE71F
:10BCF0000198243001F03AFC18B1FFE700F010FC85
:10BD000000E0FFE700E005E09DF8030001388DF852
:10BD10000300E4E70199FF2081F8450000F068FA8C
:10BD200000F03AFA019890F844008DF80200FFE71D
:10BD30009DF90200012816DBFFE70198006980B138
:10BD4000FFE70198103001F011FC18B1FFE700F097
:10BD5000E7FB00E0FFE79DF8020001388DF80200E4
:10BD600000E000E0E4E70199FF2081F8440000F0E2
:10BD70003FFA02B080BD000080B58AB00690002076
:10BD8000029000F091FC40F6A810C2F2000000689A
:10BD900018B9FFE7FFF7F2FA00E0FFE7069845F26F
:10BDA0001C21C2F200010968084240F0C580FFE78B
:10BDB000069800B3FFE70698083006909DF8180033
:10BDC0004007B0B1FFE7069820F007000830069062
:10BDD0009DF81800400758B1FFE74FF0500080F37E
:10BDE0001188BFF36F8FBFF34F8F0990FFE7FEE716
:10BDF00000E0FFE700E0FFE70698002800F09A80E7
:10BE0000FFE7069845F24821C2F20001096888421E
:10BE100000F29080FFE745F2C020C2F200000490DB
:10BE200000680590FFE705984168069A0020914256
:10BE3000019007D2FFE705980068002818BF01208D
:10BE40000190FFE70198C00730B1FFE70598049023
:10BE5000059800680590E6E7059840F6A811C2F23B
:10BE600000010968884263D0FFE704980068083041
:10BE70000290059800680499086005984068069942
:10BE8000401A112821D3FFE705980699084403902A
:10BE90009DF80C00400758B1FFE74FF0500080F3C9
:10BEA0001188BFF36F8FBFF34F8F0890FFE7FEE756
:10BEB000059840680699401A0399486006980599C4
:10BEC00048600398FFF7D2FB00E0FFE7059842685F
:10BED00045F24820C2F200000168891A016000683A
:10BEE00045F25021C2F20001096888420BD2FFE7F7
:10BEF00045F24820C2F20000006845F25021C2F22B
:10BF00000001086000E0FFE745F21C20C2F20000DB
:10BF10000268059948681043486005990020086048
:10BF200045F25C21C2F2000108680130086000E0BF
:10BF3000FFE700E0FFE700E0FFE701F07FFB9DF88F
:10BF40000800400758B1FFE74FF0500080F3118818
:10BF5000BFF36F8FBFF34F8F0790FFE7FEE70298A5
:10BF60000AB080BD83B0029001910092029804381B
:10BF7000029002994FF08070086002980438029095
:10BF8000019820F00100029908600298043802909C
:10BF900002994BF65D40C0F6000008600298143824
:10BFA0000290009802990860029804380290029961
:10BFB0006FF002000860029820380290029803B0E7
:10BFC0007047017809B1002070474178012903D0FA
:10BFD0008A0705D402224270481E18BF012070470C
:10BFE00080B54FF29D50C0F6000000F004F801212A
:10BFF000017041707047F4F7BCFB000082B0019003
:10C0000001980069009001984168806888600199F2
:10C01000486889684860009840680199884205D15D
:10C02000FFE7019880680099486000E0FFE7019908
:10C0300000200861009908680138086000980068CD
:10C0400002B0704783B0029001910092029944F6C9
:10C050003C40C2F200000860019944F63C20C2F264
:10C060000000086000998020086003B0704700005D
:10C0700083B0029001910092029945F29800C2F2B9
:10C0800000000860019944F69840C2F20000086080
:10C0900000994FF48070086003B0704781B0009041
:10C0A000009901F10800486000994FF0FF30886066
:10C0B000009901F10800C860009901F108000861C9
:10C0C00000990020086001B07047000081B0009026
:10C0D00000990020086101B07047000084B003900F
:10C0E00002910298006800900098013020B9FFE7A3
:10C0F00003980069019010E0039808300190FFE771
:10C100000198406800680099884205D8FFE7FFE77A
:10C11000019840680190F3E7FFE7019840680299B1
:10C120004860029841688860019802998860029886
:10C1300001994860039802990861039908680130E1
:10C14000086004B07047000083B00290019102982B
:10C1500040680090009801994860009880680199B3
:10C160008860019800998968486001980099886002
:10C17000029801990861029908680130086003B0CB
:10C1800070470000DFF80C00016841F470010160A5
:10C190007047000088ED00E082B04FF0500080F35F
:10C1A0001188BFF36F8FBFF34F8F019040F22000D3
:10C1B000C2F200000168013101600068012814D159
:10C1C000FFE74EF60450CEF200000068000658B1BA
:10C1D000FFE74FF0500080F31188BFF36F8FBFF37C
:10C1E0004F8F0090FFE7FEE7FFE702B070470000C7
:10C1F00082B040F22000C2F20000006858B9FFE7A8
:10C200004FF0500080F31188BFF36F8FBFF34F8F53
:10C210000090FFE7FEE740F22000C2F20000016854
:10C2200001390160006830B9FFE7002001900198F2
:10C2300080F31188FFE702B07047000080B586B038
:10C24000039003980290039800285CD0FFE70298BF
:10C2500008380290029801900198406845F21C212C
:10C26000C2F20001096808420BD1FFE74FF050000D
:10C2700080F31188BFF36F8FBFF34F8F0590FFE7F7
:10C28000FEE70198006858B1FFE74FF0500080F3D7
:10C290001188BFF36F8FBFF34F8F0490FFE7FEE766
:10C2A0000198406845F21C21C2F200010968084269
:10C2B00027D0FFE70198006808BBFFE745F21C2084
:10C2C000C2F200000268019948689043486000F09B
:10C2D000EBF90198426845F24821C2F20001086872
:10C2E000104408600198FFF7C1F945F26021C2F2DD
:10C2F000000108680130086001F0A0F900E0FFE7E4
:10C3000000E0FFE7FFE706B080BD00004EF210013D
:10C31000CEF20001002008604EF21802CEF20002B8
:10C32000106040F21400C2F20000006844F6D352DC
:10C33000C1F26202A0FB02024FF0FF3000EB92104C
:10C340004EF21402CEF2000210600720086070471F
:10C3500084B0EFF305800190019810281ED3FFE709
:10C3600001984EF2F031CEF20001405C8DF80300EE
:10C370009DF8030044F61C21C2F2000109788842AE
:10C380000BDAFFE74FF0500080F31188BFF36F8F97
:10C39000BFF34F8F0390FFE7FEE7FFE74EF60C5029
:10C3A000CEF20000006800F4E06044F62021C2F202
:10C3B0000001096888420BD9FFE74FF0500080F375
:10C3C0001188BFF36F8FBFF34F8F0290FFE7FEE737
:10C3D00004B0704783B00290019100200090FFE705
:10C3E000009807281DD8FFE7009945F27C20C2F28B
:10C3F000000050F8310070B9FFE70198009A45F24B
:10C400007C21C2F2000141F832000298009A01EB4F
:10C41000C201486005E0FFE7FFE7009801300090A7
:10C42000DEE703B07047000080B584B0039002914E
:10C43000019203980090FFF7AFFE009890F9440036
:10C44000013028B9FFE70099002081F84400FFE798
:10C45000009890F94500013028B9FFE700990020C5
:10C4600081F84500FFE7FFF7C3FE0098806B38B9FD
:10C47000FFE7009824300299019A00F07BF800E071
:10C48000FFE70098FFF720FC04B080BD80B584B0C2
:10C490000290002001900298E0B1FFE744F63020BE
:10C4A000C2F20000006858B1FFE74FF0500080F37F
:10C4B0001188BFF36F8FBFF34F8F0390FFE7FEE745
:10C4C00000F0F2F802980021FEF704FD01F0B6F842
:10C4D000019000E0FFE7019860B9FFE74EF60451D4
:10C4E000CEF200014FF080500860BFF34F8FBFF3D2
:10C4F0006F8F00E0FFE704B080BD000081B00090C6
:10C5000045F25820C2F2000000680099086045F228
:10C51000F020C2F2000000680099486001B0704746
:10C5200045F2FC21C2F200010120086070470000C2
:10C5300080B584B002900191029858B9FFE74FF09E
:10C54000500080F31188BFF36F8FBFF34F8F0390BC
:10C55000FFE7FEE7029840F69C11C2F2000109686D
:10C560001831FFF7BBFD01980121FEF7B3FC04B0C1
:10C5700080BD000080B584B00290019100920298C5
:10C5800058B9FFE74FF0500080F31188BFF36F8F69
:10C59000BFF34F8F0390FFE7FEE7029840F69C1130
:10C5A000C2F2000109681831FFF7CEFD009820B1F2
:10C5B000FFE74FF0FF300190FFE701980099FEF789
:10C5C00089FC04B080BD000080B58AB000200390D3
:10C5D0000690059006A805A904AAFFF733FD039B62
:10C5E000049A0599DDF818C06846C0F808C0416093
:10C5F00003604BF23940C0F600004FF2D541C0F65F
:10C60000000100F0CDFD014645F24C20C2F20000D1
:10C610000160006818B1FFE70120079002E00020E8
:10C620000790FFE70798012804D1FFE701F0CAF857
:10C63000079000E0FFE70798012823D1FFE74FF0BC
:10C64000500080F31188BFF36F8FBFF34F8F0990B5
:10C6500045F25421C2F200014FF0FF30086045F26C
:10C66000BC21C2F200010120086045F2F021C2F2B3
:10C6700000010020086000F083F808B1FFE700E047
:10C68000FFE70FE00798013058B9FFE74FF050007F
:10C6900080F31188BFF36F8FBFF34F8F0890FFE7D0
:10C6A000FEE7FFE70AB080BD44F63021C2F2000188
:10C6B000086801300860704783B044F63020C2F249
:10C6C0000000006838B1FFE745F2FC21C2F200012A
:10C6D0000120086051E045F2FC21C2F20001002077
:10C6E000086044F63820C2F2000000680190FFE7BD
:10C6F000019800EB800140F6B410C2F2000050F83F
:10C70000210090B9FFE7019858B9FFE74FF05000BA
:10C7100080F31188BFF36F8FBFF34F8F0290FFE755
:10C72000FEE7019801380190E2E7019800EB8001F3
:10C7300040F6B410C2F2000000EB810000900099B6
:10C74000486840684860009948680831884205D1C7
:10C75000FFE70099486840684860FFE70098406834
:10C76000C06840F69C11C2F200010860019844F6CE
:10C770003821C2F200010860FFE703B070470000F3
:10C7800080B588B04EF60050CEF2000000684CF242
:10C790007121C4F20F1188420BD1FFE74FF0500016
:10C7A00080F31188BFF36F8FBFF34F8F0790FFE7C0
:10C7B000FEE74EF60050CEF2000000684CF2702109
:10C7C000C4F20F1188420BD1FFE74FF0500080F305
:10C7D0001188BFF36F8FBFF34F8F0690FFE7FEE71F
:10C7E0004EF20040CEF20000039001780491FF2148
:10C7F000017000788DF80B009DF80B0000F05000E0
:10C8000044F61C21C2F20001087044F62021C2F255
:10C81000000107200860FFE79DF80B0000060028D4
:10C820000DD5FFE744F62021C2F200010868013867
:10C8300008609DF80B0040008DF80B00ECE744F613
:10C840002020C2F20000006803280BD0FFE74FF061
:10C85000500080F31188BFF36F8FBFF34F8F0590A7
:10C86000FFE7FEE744F62021C2F20001086800025B
:10C870000860086800F4E060086004984EF2004127
:10C88000CEF2000108704EF62051CEF20001086889
:10C8900040F470000860086840F070400860FFF7DE
:10C8A00035FD40F22001C2F2000100200190086035
:10C8B000FFF768FC4EF63471CEF20001086840F0D4
:10C8C00040400860FEF7A6FFFFF7F6FEFFF7C6F947
:10C8D000019808B080BD000080B582B04FF05000D4
:10C8E00080F31188BFF36F8FBFF34F8F009000F07C
:10C8F000E5FC40B1FFE74EF60451CEF200014FF0E7
:10C9000080500860FFE700200190019880F31188B3
:10C9100002B080BD80B590B084461298CDF828C092
:10C920000991089207938DF81B000A9858B9FFE700
:10C930004FF0500080F31188BFF36F8FBFF34F8F1C
:10C940000F90FFE7FEE7079858B9FFE74FF0500058
:10C9500080F31188BFF36F8FBFF34F8F0E90FFE707
:10C96000FEE708990020039031B1FFE70998B0FA7B
:10C9700080F040090390FFE70398C00758B1FFE734
:10C980004FF0500080F31188BFF36F8FBFF34F8FCC
:10C990000D90FFE7FEE708990020029031B9FFE70C
:10C9A0000998002818BF01200290FFE70298C007ED
:10C9B00058B1FFE74FF0500080F31188BFF36F8F3D
:10C9C000BFF34F8F0C90FFE7FEE7502004900498D0
:10C9D00050280BD0FFE74FF0500080F31188BFF3D1
:10C9E0006F8FBFF34F8F0B90FFE7FEE70498079818
:10C9F0000590059888B1FFE70599012081F8460068
:10CA00000A980999089A9DF81B30DDF814C0EE4683
:10CA1000CEF800C0FEF72CFD00E0FFE7059810B04F
:10CA200080BD000080B584B0029001910298009012
:10CA3000009858B9FFE74FF0500080F31188BFF31A
:10CA40006F8FBFF34F8F0390FFE7FEE7FFF7A4FB65
:10CA500000990B68C86B0A6C00FB02308860009973
:10CA60000020886300990868486000990B68C86BCB
:10CA70000A6C013800FB0230C8600099FF2081F881
:10CA80004400009981F845000198D0B9FFE700986B
:10CA90000069A0B1FFE70098103000F067FD60B1B9
:10CAA000FFE74EF60451CEF200014FF080500860CF
:10CAB000BFF34F8FBFF36F8F00E0FFE700E0FFE7AA
:10CAC00008E000981030FFF7E9FA00982430FFF7EB
:10CAD000E5FAFFE7FFF78CFB012004B080BD000002
:10CAE00080B592B00C900B910A92099300200890A7
:10CAF0000C980490049858B9FFE74FF0500080F369
:10CB00001188BFF36F8FBFF34F8F1190FFE7FEE7E0
:10CB10000B990020039039B9FFE70498006C0028B6
:10CB200018BF01200390FFE70398C00758B1FFE743
:10CB30004FF0500080F31188BFF36F8FBFF34F8F1A
:10CB40001090FFE7FEE7099900200229029007D123
:10CB5000FFE70498C06B013818BF01200290FFE77F
:10CB60000298C00758B1FFE74FF0500080F31188DA
:10CB7000BFF36F8FBFF34F8F0F90FFE7FEE700F01B
:10CB800077FB01460020019031B9FFE70A980028A1
:10CB900018BF01200190FFE70198C00758B1FFE7D7
:10CBA0004FF0500080F31188BFF36F8FBFF34F8FAA
:10CBB0000E90FFE7FEE7FFE7FFF7EEFA0498806BC1
:10CBC0000499C96B884204D3FFE70998022834D13D
:10CBD000FFE704980B99099AFEF71AFB079004984F
:10CBE000406AA0B1FFE70498243000F0BFFC60B1B8
:10CBF000FFE74EF60451CEF200014FF0805008607E
:10CC0000BFF34F8FBFF36F8F00E0FFE710E007988F
:10CC100060B1FFE74EF60451CEF200014FF08050B4
:10CC20000860BFF34F8FBFF36F8F00E0FFE7FFE7B0
:10CC3000FFF7DEFA01200D9065E00A9828B9FFE7BA
:10CC4000FFF7D6FA00200D905DE0089830B9FFE7B5
:10CC500005A8FFF753FC0120089000E0FFE7FFE77D
:10CC6000FFE7FFF7C5FAFFF71FFDFFF795FA0498F6
:10CC700090F94400013028B9FFE70499002081F8B9
:10CC80004400FFE7049890F94500013028B9FFE718
:10CC90000499002081F84500FFE7FFF7A9FA05A8ED
:10CCA0000AA900F0C7F928BBFFE70498FEF79AFD30
:10CCB000C8B1FFE7049810300A99FFF739FC0498CF
:10CCC000FFF702F800F0BAFC60B9FFE74EF6045136
:10CCD000CEF200014FF080500860BFF34F8FBFF3DA
:10CCE0006F8FFFE705E00498FEF7EEFF00F0A6FC6B
:10CCF000FFE707E00498FEF7E7FF00F09FFC002045
:10CD00000D9000E058E70D9812B080BD80B592B04C
:10CD10000B900A91099208930B980590059858B9C1
:10CD2000FFE74FF0500080F31188BFF36F8FBFF320
:10CD30004F8F0E90FFE7FEE70A990020029039B965
:10CD4000FFE70598006C002818BF01200290FFE75C
:10CD50000298C00758B1FFE74FF0500080F31188E8
:10CD6000BFF36F8FBFF34F8F0D90FFE7FEE708997A
:10CD700000200229019007D1FFE70598C06B013818
:10CD800018BF01200190FFE70198C00758B1FFE7E5
:10CD90004FF0500080F31188BFF36F8FBFF34F8FB8
:10CDA0000C90FFE7FEE7FFF7D3FAEFF311814FF0A6
:10CDB000500080F31188BFF36F8FBFF34F8F109136
:10CDC0000F90109806900598806B0599C96B884262
:10CDD00004D3FFE70898022833D1FFE7059890F8BD
:10CDE00045008DF813000598806B039005980A990B
:10CDF000089AFEF70DFA9DF913000130B8B9FFE764
:10CE00000598406A88B1FFE70598243000F0AEFB32
:10CE100048B1FFE7099820B1FFE7099901200860B0
:10CE200000E0FFE700E0FFE700E0FFE706E09DF835
:10CE300013000130059981F84500FFE701200790B4
:10CE400002E000200790FFE706981190119880F308
:10CE50001188079812B080BD80B58EB009900891F6
:10CE600007920020069009980390039858B9FFE7AD
:10CE70004FF0500080F31188BFF36F8FBFF34F8FD7
:10CE80000D90FFE7FEE708990020019039B9FFE710
:10CE90000398006C002818BF01200190FFE701985B
:10CEA000C00758B1FFE74FF0500080F31188BFF37F
:10CEB0006F8FBFF34F8F0C90FFE7FEE700F0D8F9BC
:10CEC00001460020009031B9FFE70798002818BFFD
:10CED00001200090FFE70098C00758B1FFE74FF02E
:10CEE000500080F31188BFF36F8FBFF34F8F0B900B
:10CEF000FFE7FEE7FFE7FFF74FF90398806B02902B
:10CF0000029830B3FFE703980899FEF75FF902989B
:10CF100001380399886303980069A0B1FFE703987B
:10CF2000103000F023FB60B1FFE74EF60451CEF263
:10CF300000014FF080500860BFF34F8FBFF36F8F39
:10CF400000E0FFE700E0FFE7FFF752F901200A9059
:10CF50006DE0079828B9FFE7FFF74AF900200A902B
:10CF600065E0069830B9FFE704A8FFF7C7FA01208B
:10CF7000069000E0FFE7FFE7FFE7FFF739F9FFF76B
:10CF800093FBFFF709F9039890F94400013028B9A1
:10CF9000FFE70399002081F84400FFE7039890F928
:10CFA0004500013028B9FFE70399002081F84500CA
:10CFB000FFE7FFF71DF904A807A900F03BF830BB15
:10CFC000FFE70398FEF7FAFBD0B1FFE703982430A0
:10CFD0000799FFF7ADFA0398FEF776FE00F02EFBF7
:10CFE00060B9FFE74EF60451CEF200014FF08050D9
:10CFF0000860BFF34F8FBFF36F8F00E0FFE705E0DE
:10D000000398FEF761FE00F019FBFFE70EE00398BE
:10D01000FEF75AFE00F012FB0398FEF7CFFB18B1A3
:10D02000FFE700200A9002E0FFE7FFE763E70A98C6
:10D030000EB080BD80B588B005900491059858B9B0
:10D04000FFE74FF0500080F31188BFF36F8FBFF3FD
:10D050004F8F0790FFE7FEE7049858B9FFE74FF0BE
:10D06000500080F31188BFF36F8FBFF34F8F06908E
:10D07000FFE7FEE7FFF790F845F2F020C2F200006C
:10D0800000680290029805994968401A0190049836
:10D090000068013018B9FFE7002003902BE045F24B
:10D0A0005820C2F20000006805990968884209D03A
:10D0B000FFE7029805994968884203D3FFE70120FA
:10D0C000039017E001980499096888420BD2FFE7A2
:10D0D000019A04990868801A08600598FFF70EFA0B
:10D0E0000020039005E004990020086001200390CF
:10D0F000FFE7FFE7FFE7FFF77BF8039808B080BD85
:10D1000070B58CB0DDF844C0DDF840C00B900A91DA
:10D11000ADF826200893BDF826008000FEF72CFE0F
:10D120000590059880B1FFE75C20FEF725FE07908B
:10D13000079820B1FFE705980799086303E0059871
:10D14000FFF77CF8FFE702E000200790FFE7079871
:10D15000F0B1FFE70798002680F859600B980A990C
:10D16000BDF82620089BDDF840C0119C079DEE46C7
:10D17000CEF80C60CEF80850CEF80440CEF800C0CF
:10D18000FEF79AF90798FDF70FFF0120069003E0DC
:10D190004FF0FF300690FFE706980CB070BD00001E
:10D1A000B0B58EB0DDF850C0DDF84CC0DDF848C039
:10D1B0000A90099108920793139858B9FFE74FF026
:10D1C000500080F31188BFF36F8FBFF34F8F0D9026
:10D1D000FFE7FEE7149858B9FFE74FF0500080F3DF
:10D1E0001188BFF36F8FBFF34F8F0C90FFE7FEE7FF
:10D1F0005C20049004985C280BD0FFE74FF05000AF
:10D2000080F31188BFF36F8FBFF34F8F0B90FFE751
:10D21000FEE70498149820B3FFE7139808B3FFE7DC
:10D22000149806901398069908630699022081F8CD
:10D2300059000A980999089A079BDDF848C0069C8E
:10D24000EE460025CEF80C50CEF8084005ACCEF8DE
:10D250000440CEF800C0FEF72FF90698FDF7A4FEB3
:10D2600002E000200590FFE705980EB0B0BD000079
:10D2700081B045F2BC20C2F20000006818B9FFE797
:10D28000012000900DE044F63020C2F2000000685A
:10D2900018B9FFE70220009002E000200090FFE7AD
:10D2A000FFE7009801B0704781B045F2F020C2F26C
:10D2B000000000680090009801B0704780B586B00B
:10D2C0000020029044F63020C2F2000000680028DE
:10D2D00040F0CB80FFE745F2F021C2F20001086880
:10D2E0000130019001980860019858BBFFE740F6B3
:10D2F000A410C2F200000068006858B1FFE74FF0C8
:10D30000500080F31188BFF36F8FBFF34F8F0590EC
:10D31000FFE7FEE740F6A412C2F200021068009098
:10D3200040F6AC11C2F20001086810600098086075
:10D3300045F25821C2F20001086801300860FEF78A
:10D34000DDFB00E0FFE7019845F25421C2F2000145
:10D350000968884268D3FFE7FFE740F6A410C2F2ED
:10D3600000000068006840B9FFE745F25421C2F2AE
:10D3700000014FF0FF30086055E040F6A410C2F203
:10D3800000000068C068C06804900498406803907A
:10D3900001980399884207D2FFE7039845F2542188
:10D3A000C2F2000108603EE0FFE704980430FEF797
:10D3B00025FE0498806A28B1FFE704981830FEF72C
:10D3C0001DFE00E0FFE70498C06A44F63821C2F26F
:10D3D00000010968884208D9FFE70498C06A44F64A
:10D3E0003821C2F200010860FFE70499C86A00EB27
:10D3F000800240F6B410C2F2000000EB820004315B
:10D40000FEF7A2FE0498C06A40F69C11C2F2000129
:10D410000968C96A884203D3FFE70120029000E04F
:10D42000FFE7FFE799E7FFE740F69C10C2F2000034
:10D430000068C06A00EB800140F6B410C2F2000040
:10D4400050F82100022803D3FFE70120029000E0FA
:10D45000FFE745F2FC20C2F20000006818B1FFE7C8
:10D460000120029000E0FFE707E045F26421C2F2EC
:10D470000001086801300860FFE7029806B080BD2F
:10D4800080B586B003900398029000200190039825
:10D49000002867D0FFE7029840F69C11C2F2000115
:10D4A000096888420BD0FFE74FF0500080F31188E5
:10D4B000BFF36F8FBFF34F8F0590FFE7FEE7029832
:10D4C000006D58B9FFE74FF0500080F31188BFF3AB
:10D4D0006F8FBFF34F8F0490FFE7FEE70299086D4F
:10D4E000013808650299C86AC96C884238D0FFE7DC
:10D4F0000298006D90BBFFE702980430FEF77EFDB6
:10D5000008B9FFE700E0FFE70299C86CC86202991A
:10D51000C86AC0F1380088610298C06A44F63821B0
:10D52000C2F200010968884208D9FFE70298C06A80
:10D5300044F63821C2F200010860FFE70299C86A88
:10D5400000EB800240F6B410C2F2000000EB820053
:10D550000431FEF7F9FD0120019000E0FFE700E053
:10D56000FFE700E0FFE7019806B080BD80B584B01A
:10D5700002900298C068C0680190019858B9FFE70E
:10D580004FF0500080F31188BFF36F8FBFF34F8FC0
:10D590000390FFE7FEE701981830FEF72FFD44F6F1
:10D5A0003020C2F20000006820BBFFE70198043081
:10D5B000FEF724FD0198C06A44F63821C2F200014A
:10D5C0000968884208D9FFE70198C06A44F6382103
:10D5D000C2F200010860FFE70199C86A00EB80020F
:10D5E00040F6B410C2F2000000EB82000431FEF7F6
:10D5F000ABFD09E0019800F1180145F26820C2F284
:10D600000000FEF7A1FDFFE70198C06A40F69C11FB
:10D61000C2F200010968C96A884208D9FFE70120FF
:10D62000009045F2FC21C2F20001086002E00020F7
:10D630000090FFE7009804B080BD000080B584B082
:10D6400000200290019044F63020C2F200000068F1
:10D6500058B9FFE74FF0500080F31188BFF36F8F88
:10D66000BFF34F8F0390FFE7FEE7FEF795FD44F60B
:10D670003020C2F200000168013901600068002812
:10D6800040F09980FFE744F62820C2F200000068CD
:10D69000002800F08F80FFE7FFE745F26820C2F224
:10D6A00000000068002842D0FFE745F26820C2F27F
:10D6B0000000C068C068029002981830FEF79EFC17
:10D6C00002980430FEF79AFC0298C06A44F63821AA
:10D6D000C2F200010968884208D9FFE70298C06ACF
:10D6E00044F63821C2F200010860FFE70299C86AD7
:10D6F00000EB800240F6B410C2F2000000EB8200A2
:10D700000431FEF721FD0298C06A40F69C11C2F276
:10D7100000010968C96A884207D3FFE745F2FC2186
:10D72000C2F200010120086000E0FFE7B5E70298BF
:10D7300018B1FFE7FEF7E2F9FFE745F26420C2F215
:10D740000000006800900098E0B1FFE7FFE7FFF7F6
:10D75000B5FD38B1FFE745F2FC21C2F2000101201E
:10D76000086000E0FFE7009801380090FFE70098AC
:10D770000028ECD1FFE745F26421C2F2000100204D
:10D78000086000E0FFE745F2FC20C2F200000068FC
:10D7900070B1FFE7012001904EF60451CEF2000176
:10D7A0004FF080500860BFF34F8FBFF36F8F00E0E2
:10D7B000FFE7FFE700E0FFE7FEF71AFD019804B07E
:10D7C00080BD000080B58AB000200890FDF77EFC87
:10D7D00045F2F420C2F20000006858B3FFE70020D1
:10D7E00004900790069007A806A905AAFEF740FC3A
:10D7F000049B059A0698DDF81CC06946C1F808C06C
:10D800004860022008604BF6A940C0F600004FF2C5
:10D81000DF41C0F60001FFF7C3FC014645F2F820E6
:10D82000C2F200000160006818B1FFE70120089013
:10D83000FFE700E0FFE7089858B9FFE74FF0500016
:10D8400080F31188BFF36F8FBFF34F8F0990FFE70D
:10D85000FEE708980AB080BD80B58AB0DDF830C018
:10D86000089007910692059300200490089858B9F3
:10D87000FFE74FF0500080F31188BFF36F8FBFF3C5
:10D880004F8F0990FFE7FEE745F2F420C2F2000057
:10D890000068A8B3FFE707980090069801900898E1
:10D8A0000290079805281EDCFFE7FFF7E1FC02283D
:10D8B0000CD1FFE745F2F420C2F2000000680C9A98
:10D8C00069460023FFF70CF904900BE045F2F420C1
:10D8D000C2F200000068694600231A46FFF700F90B
:10D8E0000490FFE70BE045F2F420C2F2000000686C
:10D8F000059A69460023FFF709FA0490FFE700E064
:10D90000FFE704980AB080BD5FEA400C08BF91F0C1
:10D91000000F4FEA8C234FEAC12243EA51514FEAEC
:10D920001C5018BF00F5F0404FEA300018BF41F01E
:10D9300000415FEA6C5C00F02980BCF1FF3F08BF4A
:10D9400040F080407047130C06BF12044FF0100CDB
:10D950004FF0000C130E04BF12020CF1080C130F51
:10D9600004BF12010CF1040C930F04BF92000CF1E0
:10D97000020CD30F04BF52000CF1010C11464FF002
:10D980000002A0F11F00A0EB0C00704711F0004F47
:10D9900008BF704731F000413FF4D5AF0B0C06BF14
:10D9A00009044FF0100C4FF0000C0B0E04BF0902DD
:10D9B0000CF1080C0B0F04BF09010CF1040C8B0FC8
:10D9C00004BF89000CF1020CCB0F04BF49000CF11D
:10D9D000010CCCF1200322FA03F341EA030102FA1D
:10D9E0000CF2A0EB0C0000F10100704723F07F4720
:10D9F00020F07F4C80EA030000F00040ACEB07030E
:10DA000003F57C5303F1FF032DE9804909B44FEA84
:10DA1000144324EA03484FEA154B25EA0B4E0FF254
:10DA2000042606EB13273E7803FB0667C7F50007BD
:10DA300007FB06F64FEAD64606F102064FEA5437D0
:10DA400007FB066CCCF1005C4FEA1C472CEA074C44
:10DA50000CFB06F507FB06F404EB15464FEA961699
:10DA600049085FEA320234BF00204FF000404FEA1D
:10DA7000D13706FB07FC4FEA1C4C0CFB0BF7D21B03
:10DA800003FB0CF761EB07010CFB0EF7B0EB074053
:10DA900072EB17420CFB08F734BFA2EB0742B2EB64
:10DAA000074261EB17414FEA0C444FEA910706FB2E
:10DAB00007FC4FEA1C4C0CFB0BF7B0EBC74072EBBA
:10DAC000573203FB0CF734BFA2EBC742B2EBC7429D
:10DAD00061EB57310CFB0EF7B0EBC70072EB5772DE
:10DAE0000CFB08F734BFA2EBC702B2EBC70261EB35
:10DAF00057714FEA816141EA92114FEA826242EA2C
:10DB000090124FEA806004EBCC04039F4FEAD137B8
:10DB100006FB07FC4FEA1C4C0CFB0BF7D21B03FB6C
:10DB20000CF761EB07010CFB0EF7B0EB074072EB53
:10DB300017420CFB08F734BFA2EB0742B2EB0742D7
:10DB400061EB17414FEA8C5504EB9C244FEA910797
:10DB500006FB07FC4FEA1C4C0CFB0BF7B0EBC74075
:10DB600072EB573203FB0CF734BFA2EBC742B2EBA8
:10DB7000C74261EB57310CFB0EF7B0EBC70072EBFD
:10DB800057720CFB08F734BFA2EBC702B2EBC70217
:10DB900061EB57714FEA816141EA92114FEA82626B
:10DBA00042EA90124FEA806015EB4C2544F10004E4
:10DBB0004FEAD13706FB07FC4FEA1C4C0CFB0BF776
:10DBC000D21B03FB0CF761EB07010CFB0EF7B0EB6C
:10DBD000074072EB17420CFB08F734BFA2EB074279
:10DBE000B2EB074261EB17414FEA813141EA9241C2
:10DBF0004FEA823242EA90424FEA80304FEA0C7696
:10DC000015EB1C1544F1000448EA03434EEA0B48A7
:10DC10004FF0000EB2EB080C71EB030724BF624615
:10DC200039464EEB0E0E4FF0000B001852414941A1
:10DC30004BEB0B0BB2EB080C71EB03077BF1000B0A
:10DC400024BF624639464EEB0E0E4FF0000B001813
:10DC5000524149414BEB0B0BB2EB080C71EB030744
:10DC60007BF1000B24BF624639464EEB0E0E51EAA3
:10DC7000020718BF46F0010616EB0E7655F10002BA
:10DC800054F1000103D5BDE88901BDE80088BDE875
:10DC90008901BDE80048B619524141EB0101A3F1E9
:10DCA0000103704780807F7E7D7C7B7A79787776F0
:10DCB00076757473727171706F6E6E6D6C6C6B6A69
:10DCC0006A69686867666665646463636261616007
:10DCD000605F5F5E5E5D5D5C5C5B5B5A5A59595884
:10DCE00058575756565555555454535352525251EE
:10DCF000515050504F4F4F4E4E4D4D4D4C4C4C4B44
:10DD00004B4B4A4A4A49494948484847474747468A
:10DD100046464545454444444443434343424242C6
:10DD2000424141419C46002B30D477002BD04FEA32
:10DD300037071CB503B44FF010004FF01001BAF1D3
:10DD4000000F06D0BCF1000FDCBF40F0080040F02F
:10DD500008014FF000000FBCBDE810400BF1010BB3
:10DD6000BBF1010F08BF5FEA170722BF12F10102E2
:10DD700011F101014FF0004143F1000300F00040B8
:10DD800043EA00007047F9D35708D0E746EA064651
:10DD90004FEA164613F1400F1FDD13F1200FDFBFCE
:10DDA00016430A46002120335B42BED0C3F1200750
:10DDB00046EA06464FEA164602FA07F746EA07061B
:10DDC00022FA03F2C3F1200701FA07F742EA070239
:10DDD00021FA03F14FF00003A7E746EA020646EAFC
:10DDE00006464FEA164646EA0106BCBF46EA064624
:10DDF000360C4FF000034FF000024FF0000194E7A3
:10DE00002DE9804C70B49A46934691E8380007C8D3
:10DE100031EA400C48BF34EA430C03D5FFF7E6FD76
:10DE2000FFF780FFF0BCBDE8008C2DE9804C70B49A
:10DE30009A46934691E8380007C810F0804F08BF13
:10DE400013F0804F03D100F005F8FFF76BFFF0BC33
:10DE5000BDE8008C20F07F4723F07F4C80EA030070
:10DE600000F0004007EB0C03A3F57C53A3F1FE0385
:10DE700092F0000F00F0B38095F0000F00F0778073
:10DE80002DE901494FEA114021EA00484FEA1446C2
:10DE900024EA064700FB06FC08FB06F607FB08F829
:10DEA00018EB06484CEB164C00FB07F718EB07483D
:10DEB0004CEB17404FEA124B22EA0B4E4FEA154645
:10DEC00025EA06470BFB06FC0EFB06F607FB0EFEDB
:10DED0001EEB064E4CEB164C0BFB07F71EEB074EEA
:10DEE0004CEB174B18EB0B0840F1000018EB0E0B36
:10DEF00058EB000840F100008F1A4FF000014FF07E
:10DF000000063CBFC943661B14BFB5EB040C0021DF
:10DF10003CBFC943F61B4FEA174427EA04454FEAC2
:10DF20001C472CEA074C04FB076205FB07F70CFBB8
:10DF300005F616EB074642EB174204FB0CFC16EB0A
:10DF40000C4642EB1C421BEB060658EB0202414119
:10DF50004EEA8E0E46EA9E0601D5BDE80189B61945
:10DF6000524141EB0101A3F10103BDE801894FEAF0
:10DF7000144524EA05464FEA114721EA074C05FB00
:10DF800007F406FB07F70CFB06F111EB074144EB26
:10DF9000174405FB0CFC11EB0C4144EB1C444FEA0D
:10DFA000124722EA074C05FB07F206FB07F70CFBBA
:10DFB00006F616EB074642EB174205FB0CFC16EB88
:10DFC0000C4642EB1C456A1854F1000148BF7047EB
:10DFD000B619524141EB0101A3F10103704795F0DD
:10DFE000000F37D04FEA114221EA02464FEA1447A8
:10DFF00024EA074C02FB07F106FB07F70CFB06F4CB
:10E0000014EB074441EB174102FB0CFC14EB0C44EE
:10E0100041EB1C414FEA154725EA074C02FB07F587
:10E0200006FB07F70CFB06F616EB074645EB174514
:10E0300002FB0CFC16EB0C4645EB1C42121951F18D
:10E04000000148BF7047B619524141EB0101A3F1ED
:10E05000010370474FEA144524EA05464FEA114789
:10E0600021EA074C05FB07F106FB07F70CFB06F25C
:10E0700012EB074241EB174105FB0CFC12EB0C4283
:10E0800051EB1C414FF0000648BF7047921841EB1E
:10E090000101A3F10103704780B5F8F7F5FD00B168
:10E0A00080BDFCF733FCFFF7F7BF80B5F8F700FE43
:10E0B00000B180BDFCF72AFCFFF7F7BF03B401985D
:10E0C0004100009850EAC12018BF04204A0D18BF33
:10E0D00040F0010040F2FF72B2EB515F08BF40F028
:10E0E0000200012808BF052002B070474100080265
:10E0F00018BF04200A0E18BF40F001004FF07F4205
:10E1000032EA010108BF40F00200012808BF0520E3
:10E110007047000010EE101A08B5444A6846B2EB8A
:10E12000410F28D94FF0E640B0EB410F94BF0020DB
:10E130004FF0FF3000900098002861DB60EE000A8D
:10E1400010F0010F45D010F0020FDFED391A9FEDEE
:10E15000391A00EEA11ADFED381A40EE811A21EECD
:10E16000A01AF0EE400A40EE010A08BFF1EE600A84
:10E17000B0EE600A08BD314B21F0004293423CD919
:10E1800011F0004FDFED2E0A20EE201ADFED2D0AF0
:10E1900019BF31EE601A71EE200A31EE201A71EECD
:10E1A000600ABDEEE01A11EE100A9FED271A00F08A
:10E1B000030000EEC10A9FED251A009000EEC10A8F
:10E1C0009FED231A00EEC10A9FED221A00EEC10A4C
:10E1D000B1E79FED211A9FED210A10F0020F00EE2A
:10E1E000810A9FED1F1A00EE801AB7EE000A00EEBA
:10E1F000810A18BFB1EE400A08BD00F00FF99AE796
:10E2000010EE100A4000B0F17F4F3CBFB7EE000A9D
:10E2100008BD07D14FF00100F2F7A0FABDE80840B1
:10E2200000F0ECB8BDE8084000F0E4B8B61F927EFC
:10E23000336D4CB9DA82083CA0AA2ABE490E494681
:10E2400083F9223F0000004B0000C93F00A0FD39C8
:10E250000020A2331A61342CB93AB2BACA9F2A3DBF
:10E26000DDFFFFBE00B510EE101A2DED028B81B060
:10E27000524A6846B2EB410F2ED94FF0E640B0EB60
:10E28000410F94BF00204FF0FF3000900098B0EE97
:10E29000408A00286ADB10F0010F4BD068EE080AB4
:10E2A0009FED471A9FED470A00EE810A9FED461A3F
:10E2B00010F0020F00EE801AB7EE000A00EE810A9D
:10E2C00002BF01B0BDEC028B00BD00BF01B0B1EEDA
:10E2D000400ABDEC028B00BD3C4B21F00042934252
:10E2E00041D911F0004FDFED3A0A20EE201ADFEDA0
:10E2F000390A19BF31EE601A71EE200A31EE201A88
:10E3000071EE600ABDEEE01A11EE100A9FED321AAE
:10E3100000F0030000EEC10A9FED301A009000EEFD
:10E32000C10A9FED2F1A00EEC10A9FED2E1A00EED2
:10E33000C10AABE728EE080A9FED2B1ADFED2B0A86
:10E3400010F0020F40EE010A9FED291A00EE201A8C
:10E3500061EE000AB0EE480A08EE200AB6D101B01C
:10E36000BDEC028B00BD00F059F88FE718EE100AE3
:10E370004000B0F17F4F0DD218EE100AFFF7B6FE45
:10E38000042808BF00F042F8B0EE480A01B0BDEC26
:10E39000028B00BD09D10120F2F7E0F901B0BDEC1C
:10E3A000028B5DF804EB00F029B801B0B0EE480A2A
:10E3B000BDEC028B5DF804EB00F01CB8B61F927E3A
:10E3C000B93AB2BACA9F2A3DDDFFFFBE490E49469F
:10E3D00083F9223F0000004B0000C93F00A0FD3937
:10E3E0000020A2331A61342C336D4CB9DA82083C18
:10E3F000A0AA2ABE30EE000A70470000DFED020A34
:10E4000080EEA00A70470000000000009FED020AA5
:10E4100020EE000A70470000000000102DE9F00116
:10E420004FF07F42B2EB410F9FBF4FF0FF310160D1
:10E43000BDE8F00170474FF0004242EA0123C1F30A
:10E44000C752783A551112F01F0C434CCCF12006FC
:10E450007C44C1F3C752A2F178024FEA621204EB86
:10E46000820254F8254008BFD2E9015612D05568FF
:10E4700004FA0CF425FA06F73C43976805FA0CF504
:10E4800027FA06F8D26807FA0CFCF24045EA0805BC
:10E490004CEA0206A4FB034CA5FB0352A6FB036354
:10E4A0001D449D4234BF012600261319334416B182
:10E4B000934202D903E0934201D2012200E00022FC
:10E4C000624402F1200C9206DC0C42EA443200EE77
:10E4D000102A5B03DFED210AF8EEC01A00EE103AB5
:10E4E0004FEA9C1C11F0004FB8EE400AC0F800C083
:10E4F00020EE201A00EE105ADFED190AB8EE400A9D
:10E5000020EE200A71EE810A70EE800A10EE902A49
:10E5100002F500626FF30B0200EE902A70EEE11A32
:10E5200031EEC11ADFED101A30EE411A9FED0D0ADF
:10E5300020EE800A01EE210A9FED0C1A00EE810AFE
:10E5400004BFBDE8F0017047CCF180510160BDE827
:10E55000F001B1EE400A7047380C000000000036B0
:10E560000000802C22AAFD29DB0FC92F0000C92F33
:10E5700030380A2801D201207047002070478A688D
:10E58000002A02DC0022F3F7C9BB521E8A604A68E7
:10E59000C0B2531C4B6010707047000010B50029CA
:10E5A0000AD00878002807D005487844F3F74CFED5
:10E5B000002801D0002010BD0248784410BD0000A2
:10E5C000A61000009E10000010B500290AD008789F
:10E5D000002807D005487844F3F736FE002801D01C
:10E5E000002010BD0248784410BD000096100000C5
:10E5F0008E10000021F0004201F00043A2F16052B1
:10E60000B2F5801F28BFD2F17F6C0BD95FEA001CE6
:10E6100043EAC20242EB507018BF704728BF20F097
:10E6200001007047B2F5801FBCBF184670474FEA23
:10E63000410C1CF5001F02D2084600F01EBD70B54B
:10E6400000F0A2FB00000089FFF7F6BF4FF000408A
:10E65000A0F580007047000010B591EA030F48BF95
:10E6600083F0004300F1EC83841A71EB030C05D2B4
:10E67000121943EB0C03001B61EB0C014FEA115420
:10E68000A4EB135CDFF81CE11EEA430F18BF9EEAFF
:10E69000445F00F0748021EA045123EA0E0343F43E
:10E6A0008013DCF1200E32D322FA0CFE10EB0E00A8
:10E6B00023FA0CFE41EB0E01CCF1200E03FA0EFE04
:10E6C00010EB0E00CCF1200E51F10001B1F5801FCE
:10E6D00032D201EB045112FA0EF2BDE8104058BFDD
:10E6E0007047401C38BF5FEA420218BF70470028DD
:10E6F00014BF20F0010041F100014FEA410313F57E
:10E70000001F38BF7047A1F1C04100F08BBB012A48
:10E7100043EB0302ACF1200CDCF11F0E32BF4FF0D3
:10E72000000E23FA0CF310EB030041EB0451B4EBA1
:10E73000115FD0D0A1EB045101F58011490801EB24
:10E7400004515FEA30000ED350F1000038BF12FAD6
:10E750000EFE08D1BDE81040C9E7401C38BF5FEA93
:10E760004202CAD1C3E7BDE810404FEA410313F5A6
:10E77000001F38BF7047A1F1C04100F053BB9EEAB3
:10E78000445F08D011EA5E0FBDE8104004BF01F0FD
:10E79000004100207047BDE8104070B500F0F4FA69
:10E7A00064FBBE3E0000E0FF491058BFC1F140418C
:10E7B0005B1058BFC3F140438B42EFF300807047BA
:10E7C0002DE9C04130B4DFF8A8C23CEA111418BFEB
:10E7D0003CEA131400F0F0801CEA111481EA0305EE
:10E7E00044EAD57418BF1CEA131500F0CB80A4EBE3
:10E7F000050404F17F7404F500344FF0004545EA48
:10E80000C12145EAC32341EA505143EA52534FEA3A
:10E81000C0204FEAC222994208BF904200F0A08077
:10E820004FEA13650FF24816765D4FEA134506FB73
:10E8300005F7C7F1807706FB07F74FEAD737A7FB45
:10E8400003687642A7FB06CEC8F5803838BFA8F12A
:10E85000010807FB08E6A6FB028C4FF0000EE6FB62
:10E8600003CED8F100086FEA0C0C5CF1000C6FEAE3
:10E870000E0E4EF1004EA6FB0C584FF00007E6FBC3
:10E880000E87A1FB08C6A0FB07CE16EB0E064FF0C5
:10E89000000545F10005E1FB076515F1E04E7EBF7F
:10E8A000A4F580345FEA46066D4116F1800745F114
:10E8B00000054FEA172747EA05674FEA15254FEA93
:10E8C0000666A6F1DE46B6F1805F20D9384605EB34
:10E8D000C47124F0010C01EB0C11BCF1FE6F02D8E5
:10E8E000F0BCBDE8008124425CBF01F5801E9EEAB9
:10E8F000C47F02D4F0BCBDE80081244200F139801D
:10E90000A1F1C041F0BCBDE8004100F08BBA4FEA74
:10E91000D02040EA41504FEAD1214FEAD22242EAC8
:10E9200043524FEAD323A7FB028607FB036605FB8E
:10E9300002661EEA0E0F58BFA6EB0056B6EB005655
:10E940004FEA520E4EEAC37E18EB0E0E56EB530EF4
:10E95000BCD518EB02085E417F1C55F10005B5E7F8
:10E960004FF480154FF000074FF000064FF00008FD
:10E97000ACE701F1C04101F000414FF00000F0BCF4
:10E98000BDE800810CEA131511EA0C1F00D00CE061
:10E9900013EA0C1F00F025804FF0000081EA03010C
:10E9A00001F00041F0BCBDE80081F0BCBDE80041D1
:10E9B00081EA030100F036BAF0BCBDE8004170B551
:10E9C00000F0E2F9097EFC3E00F007B84FF00000CD
:10E9D00081EA030101F00041704781EA030100F080
:10E9E00021BAF0BCBDE8004122494FF00000704759
:10E9F000FFFDFBF9F7F5F4F2F0EEEDEBE9E8E6E404
:10EA0000E3E1E0DEDDDBDAD8D7D5D4D3D1D0CFCD8A
:10EA1000CCCBCAC8C7C6C5C4C2C1C0BFBEBDBCBBC3
:10EA2000BAB9B8B7B6B5B4B3B2B1B0AFAEADACABBE
:10EA3000AAA9A8A8A7A6A5A4A3A3A2A1A09F9F9E98
:10EA40009D9C9C9B9A99999897979695959493934A
:10EA5000929191908F8F8E8E8D8C8C8B8B8A8989E1
:10EA60008888878786858584848383828281818064
:10EA70000000FF070000F87F51EA030C17D41CF5D3
:10EA8000801F58BFBCF5801F00F10680994218BF57
:10EA9000704708BF9042704707D711F5801F58BFD5
:10EAA00013F5801F19D499427047894270471CF5AD
:10EAB000801F08D5BCF5801FF7D58B4218BF704763
:10EAC00008BF824270474FF4001C1CEB410F38BF57
:10EAD0001CEB430F01D28B42704770B500F054F924
:10EAE000922449004FF000514FF08053FFF75CBE75
:10EAF00010F0004248BF4042B0FA80F310FA03F130
:10EB00000AD0C3F11D0303F5806302EB03524FEA01
:10EB1000415002EBD12170474FF000007047B0FA2E
:10EB200080F310FA03F10AD0C3F11D0303F58063EB
:10EB30004FEA03524FEA415002EBD12170474FF0A8
:10EB40000000704751EA030C17D41CF5801F58BF12
:10EB5000BCF5801F00F10680994218BF704708BFBE
:10EB60009042704707D711F5801F58BF13F5801FDB
:10EB700019D499427047894270471CF5801F08D507
:10EB8000BCF5801FF7D58B4218BF704708BF824283
:10EB900070474FF4001C1CEB410F38BF1CEB430FB8
:10EBA00001D28B42704770B500F0EEF89224490014
:10EBB0004FF080514FF00053FFF7F6BD51EA030CC0
:10EBC00017D41CF5801F58BFBCF5801F00F10680CC
:10EBD000994218BF704708BF9042704707D711F598
:10EBE000801F58BF13F5801F19D49942704789427E
:10EBF00070471CF5801F08D5BCF5801FF7D58B42E8
:10EC000018BF704708BF824270474FF4001C1CEBCE
:10EC1000410F38BF1CEB430F01D28B42704770B5D8
:10EC200000F0B2F8922449004FF000514FF08053A9
:10EC3000FFF7BABD70B5DFF848C11CEA111E1EBF50
:10EC40001CEA13159EEA0C0F95EA0C0F00F06F807A
:10EC500081EA03044EEAD47EAE4421EA4C1123EA51
:10EC60004C1341F4801143F48013AEF17F7EA1FB7D
:10EC7000024CA0FB0365361955EB0C05A1FB034CB8
:10EC80004CF10003A0FB021C16EB0C06654153F18E
:10EC90000003094218BF46F0010613F4007F0BD1B0
:10ECA0004FEA03314FEA053041EA155140EA165068
:10ECB00034036FF003020AE04FEAC3214FEAC52094
:10ECC00041EA555140EA5650F4026FF0020202EB5D
:10ECD0002E4201EB025585EACE710AD05FEA440C60
:10ECE00018BF24F0004450F1000041F1000120EA77
:10ECF000D47040F2FE7C624500D270BDA84214BFC1
:10ED00004FF080444FF04044002E08BF0024BEF175
:10ED1000806FA8BFA1F1C041BDE8704080F2828041
:10ED200001F1C04101F000414FF0000070470CEAD2
:10ED300013159EEA0C0F18BF95EA0C0F06D081EA56
:10ED4000030E4FF000000EF0004170BD00F01CF803
:10ED50008900013E00F007B800F009B84FEA430C03
:10ED60005FEA5C5C08D081EA030100F05BB84FEA1F
:10ED7000410C5FEA5C5CF6D102494FF0000070473D
:10ED80000000FF070000F87F0EF1020E2EF0030EC8
:10ED90005EF8046B364205D4012A43EB030515F5F2
:10EDA000001F12D8012841EB010C1CF5001F0CD8E4
:10EDB0000ED14FEAD17C0CEB4C0C0CF1020C15F58A
:10EDC000001F08BF4CEBD37C04E04FF0080C01E0BF
:10EDD0004FEAD37C0CEB4C0526FA05F606F0070645
:10EDE000B6F1040C06D20EEB860CBDE870404CF078
:10EDF000010C6047DFE80CF0090B02024FF0004104
:10EE0000A1F500214FF0000070BD19461046012801
:10EE100051EB010418BFD4F5001484BF002001F0A9
:10EE2000004170BD0808A0F500114FEA310170479C
:10EE300010B591EA030F48BF83F000433FF514ACCF
:10EE4000841A71EB030C07D28CF0004C121943EBBF
:10EE50000C03001B61EB0C014FEA1154A4EB135C93
:10EE6000DFF8A4E11EEA430F18BF9EEA445F00F0FA
:10EE7000B48021EA045123EA6E035242C3EB6E03CD
:10EE800038BF5B1EDCF1200E25D322FA0CFE10EBFE
:10EE90000E0043FA0CFE41EB0E01CCF1200E03FAFA
:10EEA0000EFE10EB0E00CCF1200E51F1000129D422
:10EEB00001EB045112FA0EF2BDE8104058BF704742
:10EEC000401C1CBFB2F1004F704700280CBF491C0A
:10EED00020F00100704712EB020E43EB030218BF53
:10EEE0004FF0010E4EEA4202ACF1200CDCF11E0E96
:10EEF00056D943FA0CFE10EB0E00CCF11E0E51F168
:10EF0000FF31D5D50EF1010E12FA0EFE404141EB54
:10EF1000010101EB445C5FEA5C5C10D901EB045138
:10EF200010EBDE7038BFBEF1004FBDE8104018BFD7
:10EF3000704700280CBF491C20F00100704734D2F4
:10EF40004FEAD42C24F4006411F500111BD0B1FA5F
:10EF500081F20B3AA41AA41ED2F12003914030FA98
:10EF600003F31943904001EBCC7101EB0451002CE9
:10EF7000BDE81040A8BF704701F1C04101F0004159
:10EF80004FF000007047B0FA80F310FA03F102D19D
:10EF9000BDE810407047E41A173C4805C90AE2E78B
:10EFA00001EB0451BDE81040704749104FEA3000B2
:10EFB00001EB0451BDE8104002E04FF00001704742
:10EFC0004A0008BF0042F8D0B2F5001F28BF7047C2
:10EFD00001F000414FF0000070479EEA445F07D007
:10EFE00011EA5E0FBDE8104004BF00210020704709
:10EFF000BDE8104070B5FFF7C7FE00BF40DFF63E2A
:10F00000104683F0004170470000E0FF10B5FFF7A5
:10F0100033FD0CBF0120002010BD10B5FFF72CFD03
:10F0200014BF0120002010BD10B5FFF78BFD8CBF71
:10F030000120002010BD10B5FFF784FD2CBF01207A
:10F04000002010BD10B5FFF7B9FD94BF01200020CE
:10F0500010BD10B5FFF7B2FD34BF0120002010BD78
:10F06000F1EE100A4FF6FF71C0F2C03120EA010044
:10F0700040F04070E1EE100A7047FF2141EAD050A5
:10F08000C0057047F2F742B9F2F776BA0000000007
:10F090006E83F9A22915444ED15727FCC0DD34F503
:10F0A000999562DB4190433CAB6351FE0000000048
:10F0B00000000000303132333435363738394142C0
:10F0C00043444546403058003031323334353637CA
:10F0D0003839616263646566403078000400000876
:10F0E000000000000000000200010000103A7474EB
:10F0F000003A7474003A7474003031323334353667
:10F100003738396162636465667870003031323354
:10F11000343536373839414243444546585000006B
:10F1200002400000000000A00000000005400000B8
:10F13000000000C8000000000C4000000000409CDF
:10F1400000000000194000000020BCBE00000000CC
:10F1500034400000BFC91B8E00000004B540000011
:10F16000504BCFD06607E2CF010000006C41000099
:10F170003E8251AADFEEA73401000000D942000010
:10F18000DCB5A0E23A301F97FFFFFFFFB445000057
:10F19000FD25A0C8E9A3C14FFFFFFFFFFF3F00000F
:10F1A0000000008000000000FF3F00000000008021
:10F1B00000000000CC01002012000000CC01002063
:10F1C0001200000000000000000000000102030423
:10F1D00006070809000000000102030400061016DB
:10F1E0000006101600000000000000000D7200086C
:10F1F000F1710008357200086D7200082172000874
:10F2000059720008258B0008358B0008158B000803
:10F21000658B0008458B0008558B00080000000036
:10F2200000000000C5720008A972000835720008CD
:10F230006D7200082172000859720008258B0008C1
:10F24000358B0008158B0008658B0008458B00087E
:10F25000558B000800000000000000002177000826
:10F2600000000000000000002177000800000000FE
:10F2700000000000B5AA0008000000000000000027
:10F28000357E00082D7E0008B5AA0008B5AA000842
:10F29000B5AA0008B5AA0008B5AA0008B5AA0008D2
:10F2A000B5AA00080000000000000000518000081E
:10F2B00035800008497E0008BD8C00080000000071
:10F2C00000000000BD800008B5800008B5AA000855
:10F2D000B5AA0008000000000000000059830008E3
:10F2E0003D830008818100082D820008918100087B
:10F2F0006D820008F98C0008FD8000082981000853
:10F300000000000000000000CD860008B186000863
:10F31000B1850008B985000829860008D185000854
:10F3200059840008D98300080184000881830008FB
:10F33000D58400082D8500085985000885840008BB
:10F34000058D00080000000000000000158700087F
:10F350000D870008B5AA0008B5AA0008B5AA0008DC
:10F36000B5AA0008B5AA0008B5AA0008B5AA000801
:10F37000B5AA0008B5AA0008B5AA0008B5AA0008F1
:10F38000B5AA0008B5AA00080000000000000000AF
:10F39000DD880008C188000829870008118D000851
:10F3A0000000000000000000258900081D890008F9
:10F3B000B5AA0008B5AA000800000000000000007F
:10F3C000010000000000000000000000000000003C
:10F3D000000000000000000000000000000000002D
:10F3E0000000000000000000C9F400080000000058
:10F3F0000000000000000000000000000008000005
:10F400003100000000000000000000009CF4000833
:10F4100000000000000000000000000000000000EC
:10F4200000020000180000000000000000000000C2
:10F43000BFF4000800000000000000000000000011
:10F440000000000000080000300000000000000084
:10F4500000000000A8F40008000000000000000008
:10F460000000000000000000000800002F00000065
:10F470000000000000000000B4F4000800000000DC
:10F480000000000000000000000000000008000074
:10F490002E000000000000000000000064656661AE
:10F4A000756C745461736B00726566657265657422
:10F4B00061736B0072656D6F74657461736B006D61
:10F4C0006F746F727461736B0063686173736973D7
:10F4D0007461736B0049444C4500546D7251005483
:10F4E0006D7220537663006C656E6774685F657239
:10F4F000726F7220776173207468726F776E206903
:10F500006E202D666E6F2D657863657074696F6E01
:10F5100073206D6F64652077697468206D657373FF
:10F520006167652022257322006261645F617272E7
:10F5300061795F6E65775F6C656E6774682077616F
:10F5400073207468726F776E20696E202D666E6FFF
:10F550002D657863657074696F6E73206D6F646577
:10F56000006261645F66756E6374696F6E5F63618C
:10F570006C6C20776173207468726F776E20696E8F
:10F58000202D666E6F2D657863657074696F6E737C
:10F59000206D6F646500766563746F72005F5F63F2
:10F5A00078615F67756172645F61637175697265C7
:10F5B0002064657465637465642072656375727335
:10F5C00069766520696E697469616C697A617469CC
:10F5D0006F6E3A20646F20796F75206861766520C0
:10F5E000612066756E6374696F6E2D6C6F63616CFC
:10F5F00020737461746963207661726961626C65FD
:10F600002077686F736520696E697469616C697AC7
:10F610006174696F6E20646570656E6473206F6ECF
:10F6200020746861742066756E6374696F6E3F0044
:10F6300090F70008000000202800000010020008D9
:10F64000B8F7000828000020D85800003002000851
:10F650001C00000043000000F8FFFFFF0C0000004A
:10F660000E0000000F0000002E000000100100003E
:10F6700043000000F8FFFFFF004040404040404092
:10F680004040414141414140404040404040404075
:10F690004040404040404040400502020202020219
:10F6A0000202020202020202022020202020202068
:10F6B000202020020202020202029090909090907C
:10F6C000101010101010101010101010101010103A
:10F6D00010101010020202020202888888888888AE
:10F6E000080808080808080808080808080808089A
:10F6F00008080808020202024000000000000000A2
:10F7000000000000000000000000000000000000F9
:10F7100000000000000000000000000000000000E9
:10F7200000000000000000000000000000000000D9
:10F7300000000000000000000000000000000000C9
:10F7400000000000000000000000000000000000B9
:10F7500000000000000000000000000000000000A9
:10F760000000000000000000000000000000000099
:10F770000000000000000000000000003174FFFFE6
:10F780005DB3FFFF3574FFFF3974FFFF0000000019
:10F790000000000000000000000000000000000069
:10F7A000000000000024F400010000001000000030
:08F7B000AAAAAAAA00000000A9
:04000005080001AD41
:00000001FF
