:020000040800F2
:10000000D08800204103000821670008AD62000885
:10001000F9660008E92200080D78000800000000D9
:10002000000000000000000000000000316800082F
:100030004525000800000000916700087568000869
:100040005B0300085B0300085B0300085B03000818
:100050005B0300085B0300085B0300085B03000808
:100060005B0300085B0300085B0300084D230008E6
:100070005B0300085B0300085B0300085B030008E8
:100080005B0300085D2300085B0300080D230008E4
:10009000ED220008FD2200085B0300085B03000856
:1000A0005B0300085B0300085B0300085B030008B8
:1000B0005B0300085B030008756900085B03000828
:1000C0005B0300085B0300085B0300085B03000898
:1000D0005B030008B17700085B0300085B030008BE
:1000E0005B0300085B0300085B03000885690008E8
:1000F0005B0300085B0300085B0300085B03000868
:100100005B0300085B0300085B0300085B03000857
:100110005B0300085B0300085B0300085B03000847
:100120005B0300086D2300087D2300085B030008C3
:100130005B0300085B0300085B0300083D23000825
:100140001D2300082D2300085B0300085B03000843
:100150005B0300088D2300089D230008C177000879
:100160005B0300085B0300085B0300085B030008F7
:100170005B0300085B0300085B030008000000004D
:100180005B0300085B0300085B030008B16E000816
:100190005B0300085B0300085B0300085B030008C7
:1001A00000000000000000005B03000800F002F8FF
:1001B00000F0B7F814A696E8000CB244B344DA4550
:1001C00001D100F0AEF8BAE80F000FA696E83000B3
:1001D000A5EB040504EB0607AAEB0704A7F101074A
:1001E0004FEA15154FEA3414A4F10104AC4201D3CF
:1001F00000F097F813F0010F18BFFB1A43F001034A
:1002000000F001F8DBE71847B8580100D8580100A2
:10021000103A24BF78C878C1FAD8520724BF30C832
:1002200030C144BF04680C60704700007047000094
:100230000023002400250026103A28BF78C1FBD8EF
:10024000520728BF30C148BF0B6070476E2900F0CD
:10025000B183702900F0E784662915F02E816529A5
:1002600015F02B81672915F02881612915F0278168
:1002700003681B0A28BF41F08001692900F05E83F2
:10028000642900F05B83752900F058836F2900F022
:100290007584782900F0B384E92900F00F84E429FB
:1002A00000F00C84F52900F00984EF2900F0728435
:1002B000F82900F0B2840368DB0928BF41F080010F
:1002C000632901F0EB82732901F0F082E32901F048
:1002D000FB82F32901F00083002070471FB515F061
:1002E000DAF89DE8030000F091FA01F053FC0400F5
:1002F0000020002114F0FAFA401C60600020002168
:1003000014F0DEFAE06000F02BFE00F05BFD00F080
:100310002BF91FBD10B5002000F0F0FD00F0BBFD73
:1003200010BD00F030FE1146FFF7D8FF10F0E0FFDF
:1003300001F0C0FB03B4FFF7EDFF03BC00F03EFA91
:100340000948804709480047FEE7FEE7FEE7FEE769
:10035000FEE7FEE7FEE7FEE7FEE7FEE704480549A5
:10036000054A064B7047000061690008AD010008AE
:10037000D0820020D0880020D0840020D0840020AB
:1003800053EA020C00F069802DE9F04B4FF00006B3
:10039000002B1FBFB3FA83F503FA05F424FA05F620
:1003A0005E4012BF1643B2FA82F502FA05F4C5F1B7
:1003B00020051EBF22FA05FC44EA0C04203556EA4B
:1003C000044C4FEA144418BF641C4FF000084FF06F
:1003D0000009904271EB030C39D3002919BFB1FA1F
:1003E00081F701FA07F6B0FA80F700FA07F6C7F1CD
:1003F00020071EBF20FA07FC46EA0C062037B6FB92
:10040000F4FCA7EB0507103F07F01F0BCBF120060C
:100410002CFA06F60CFA0BFB44BFB3460026202F3D
:10042000A4BF5E464FF0000B5BEA060C08BF4FF01E
:10043000010B19EB0B0948EB0608ABFB027C06FB32
:1004400002CC0BFB03CCC01B71EB0C01C1E70B46CC
:10045000024641464846BDE8F08B13B5084318BF35
:100460004FF0FF300146AFF30080BDE81C407047FD
:100470000B460146184600F04BB9032A40F2308083
:1004800010F0030C00F0158011F8013BBCF1020FD5
:10049000624498BF11F801CB00F8013B38BF11F856
:1004A000013BA2F1040298BF00F801CB38BF00F86D
:1004B000013B11F0030300F04F81083AC0F00880BF
:1004C00051F8043B083A51F804CBA0E80810F5E7CE
:1004D000121D5CBF51F8043B40F8043BAFF30080B1
:1004E000D20724BF11F8013B11F801CB48BF11F826
:1004F000012B24BF00F8013B00F801CB48BF00F8F6
:10050000012B704702F0FF0343EA032242EA024252
:1005100000F002B84FF0000200B51346944696462C
:10052000203922BFA0E80C50A0E80C50B1F1200106
:10053000BFF4F7AF090728BFA0E80C5048BF0CC0B4
:100540005DF804EB890028BF40F8042B08BF704712
:1005500048BF20F8022B11F0804F18BF00F8012B84
:10056000704770477047704708487CB578440090E2
:1005700007487844009C0546019004E02046016845
:1005800008448047241DAC42F8D17CBD9C56010034
:10059000A256010070B5064600F018F9056806F18C
:1005A0000B0020F00704B4429CBF002070BD2B4616
:1005B0006A68BAB11068A04210D304F108018842F9
:1005C0003CBF5068586007D35168101941601168EA
:1005D000091B016058601460101D70BD13465268FD
:1005E000002AE7D12146284600F0FCF80028DED199
:1005F00070BD70B50446051F00F0E8F80068002CD7
:1006000014BF446870BD002C18BFAC423CBF2046EC
:100610006468F8D301680A18AA4218BF456003D17C
:100620002A6805461144016028684119A1421CBF8F
:100630006C6070BD6168696021680844286070BDA5
:100640002DE9F04791460C46804600F0BFF8076858
:10065000604234EA000001D1042C02D20520BDE83A
:10066000F087601E40F0070609F10B0020F0070537
:100670004D4539D93B467A6882B31468101D404213
:1006800006EA000C644525D9A4EB0C00854221D86C
:10069000BCF1000F0BD0104601686244A1EB0C01C5
:1006A000116041685160C0F800C05860034611688D
:1006B00005F10800814205D35019491B01601560FE
:1006C0005860034652F8040F58600020C8F8002014
:1006D000BDE8F08713465268002ACED12946384635
:1006E00000F080F80028C5D10620BDE8F0870B4651
:1006F0000146184600F072B910B5002000F036FC33
:10070000FFF708FEBDE81040012000F057B80000D8
:100710002DE9F041074615460E461020FFF73AFF37
:10072000040013D06760C4E902650948AFF3008094
:1007300000F050F80168216006490460002008605C
:100740000348AFF300800020BDE8F0810120FBE703
:10075000100000200C00002010B5203AC0F00B80E3
:10076000B1E81850A0E81850B1E81850A0E81850A7
:10077000203ABFF4F5AF5FEA027C24BFB1E818501D
:10078000A0E8185044BF18C918C0BDE810405FEA7F
:10079000827C24BF51F8043B40F8043B08BF7047FB
:1007A000D20728BF31F8023B48BF11F8012B28BF00
:1007B00020F8023B48BF00F8012B70470149182080
:1007C000ABBEFEE7260002000020704700487047DD
:1007D0002C010020004870475C01002070477047E2
:1007E0007047704738B504460A4600206946AFF3A3
:1007F0000080002808BF38BD02460099204600F05E
:10080000E7FB012038BD012001F081B9F8B5AFF355
:100810000080054600200C460C2000BF0646A819A3
:10082000A0420DD9324669460020AFF30080070090
:1008300008BF01F06CF90098A04218BF0546C41922
:10084000FFF7C4FF05600746F01D20F007004619BA
:10085000284600F00AF8B44208BFF8BDA21B314692
:100860003868BDE8F84000F0B3BB0021016041608A
:1008700070470C20704770B5044685690068C10652
:1008800001D5302600E02026C00707D070BDD4E98E
:10089000012130469047206A401C20626D1EF6D52B
:1008A00070BD70B5044685690078C00707D170BD7A
:1008B000D4E9012120209047206A401C20626D1E4F
:1008C000F6D570BD09684A0501D540B27047C90523
:1008D000FCD500B2704709684A0501D5C0B270471F
:1008E000C905FCD580B2704770B50C460546012A93
:1008F00005D02878800600D5EA69002302E00123AC
:1009000005E05B1C934202D2E05C0028F9D1A869A3
:10091000E618C01AA861286A184428622846FFF71A
:10092000AAFF04E0D5E9012114F8010B9047B44275
:10093000F8D32846FFF7B5FF70BD00002DE9F04160
:100940000646002410687529314616A510D0FFF719
:10095000B9FF002802DA404213A507E031688A0790
:1009600001D512A502E0490704D511A5012401E033
:10097000FFF7B1FF00210A2206F1240709E0B0FBCE
:10098000F2FCB0FBF2F302FB1C0030307854184646
:10099000491C0028F3D123462A463046BDE8F041E1
:1009A00000F075BB000000002D0000002B000000CF
:1009B0002000000011680268006A530501D5087024
:1009C0000AE0D30501D5088006E0130603D5C21757
:1009D000C1E9000200E0086001207047074B70B5D4
:1009E0000D467B4400F03DFF0446284600F078FFAA
:1009F00010B14FF0FF3070BD204670BDBD3E01000C
:100A00002DE9FF5F15468A460446DFF8AC80F844BE
:100A10000027D8E900103E46CDE9001010E03AF872
:100A200016106A4602A801F021F8411C07D021786F
:100A3000890603D5E269391891420DD80744761C1E
:100A40002078800602D5E069B84205DDAE42E6DBDB
:100A50003AF816000028E2D1A069C01BA061204628
:100A6000FFF709FFD8E90010CDE90010002017E0DA
:100A70003AF818106A4602A800F0F8FFB0F1FF3FFC
:100A800081460BD000250DF1080B05E0D4E90121CA
:100A90001BF8050090476D1C4D45F7D308F1010088
:100AA000B0428046E4DB206A384420622046FFF7EB
:100AB000F8FEBDE8FF9F0000B24A01002DE9F041B9
:100AC0008046D21D22F007020025D2E90002F52956
:100AD00015A614D0011E72F1000106DA0023D0EB36
:100AE000030063EB020211A608E0D8F800108B07A0
:100AF00001D50FA602E0490701D50EA60125114632
:100B0000002408F1240704E000F07CFA30323A5562
:100B1000641C50EA0102F7D12B463246214640467A
:100B2000BDE8F04100F0B3BA000000002D00000065
:100B30002B0000002000000030B4002100F124044C
:100B400008E002F00705D208303542EA4372DB08BC
:100B50006554491C52EA0305F3D10468002310A22E
:100B6000250708D504F020040C4304D0C4690123F0
:100B70000CA2641EC46130BC00F089BA10B50446F2
:100B800021461068FFF7A7FE02462046BDE8104048
:100B90000023D1E7D21D22F00701D1E90023CBE7E2
:100BA0000000000030000000F0B40D460188090587
:100BB00002D5214C7C4402E01F4C7C440E340021C1
:100BC00000F1240608E002F00F071209E75D42EA8F
:100BD00003721B097754491C52EA0307F3D10278C8
:100BE0000023120704D5702D06D009B10223113459
:100BF0002246F0BC00F04BBA01231034F8E770B580
:100C000004460D4621461068FFF765FE0246294658
:100C10002046BDE870400023C6E7D21D22F007033E
:100C2000D3E90023C0E70368126843F020030360A0
:100C30000823C3610023B7E7144901002DE9F05FE1
:100C4000894604464FF0000ADFF874B1FB44C0F84F
:100C500020A02046E1688847002874D0252806D0C7
:100C6000D4E901219047206A401C2062F1E7002668
:100C70005F462046E16888472028054607DB312D7E
:100C800005D2781910F8200C08B10643F1E7B00737
:100C900001D526F00406C4F81CA00027C4F818A04B
:100CA0002A2D09D0284613F0F5FD38B304EB870848
:100CB000303DC8F8185019E059F8041B204604EBE1
:100CC00087029161E1688847012F054618D1E069E4
:100CD000002820DA26F020061DE0D8F8180000EBE6
:100CE000800005EB40003038C8F818002046E16865
:100CF0008847054613F0CEFD0028EED1012F0AD01B
:100D00002E2D08D12046E16888477F1C0546022F1A
:100D100046F02006C4DBA069002803DA404246F012
:100D20000106A061F00701D026F010066C2D0BD053
:100D3000682D09D04C2D39D06A2D35D0742D35D081
:100D40007A2D33D016E038E0E1682F4620468847F8
:100D5000B842054609D16C2F26D04FF48060E16877
:100D6000064320468847054604E06C2F1AD04FF40E
:100D7000807006430DB3A5F14100192802D8203533
:100D800046F400664A462946204626604E46FFF74E
:100D90005DFA80B101280BD0F61D26F0070000F1A6
:100DA000080956E74020E4E78020D8E70020D6E78E
:100DB00006F104094DE7284652E7206ABDE8F09F96
:100DC000A448010010B542485421FFF7A3FB414855
:100DD0005421FFF79FFB40485421FFF79BFB3F49FD
:100DE0003B483C4A3F4B08603D490A603A4919601C
:100DF000531C0365481C1065012008653B48344AB4
:100E000039A1784400F094FD20B9384878440A3874
:100E100000F076FE37482F4A35A1784400F088FD6F
:100E200020B9344878440A3800F06AFE32482A4A29
:100E30002FA1784400F07CFD20B92F4878440A386F
:100E400000F05EFE40232248DC000021224600F034
:100E50004BFD20B125487844543800F051FE1D4820
:100E600022464023002100F03FFD20B12148784474
:100E7000543800F045FE184822461023002100F0A7
:100E800033FD002806D01C487844BDE81040563891
:100E900000F036BE10BD104870B5006D20F00104A2
:100EA0000B4800F0BDFD0B4800F0BAFD0A4800F009
:100EB000B7FD09E0206D20F00105204600F0B0FDEF
:100EC0002046FFF796FB2C46002CF3D170BD0000A6
:100ED000280000207C000020D0000020000000201E
:100EE000040000200800002072000000FF460100FE
:100EF00077000000EB460100D74601002DE9F843DA
:100F000006461548AFF30080FFF764FC134F814697
:100F1000E8464D4616E026B1E068B04201D02546CD
:100F200010E0206828600C48C7F80080AFF300800C
:100F3000D4E9010188470848AFF30080396841458A
:100F400000D04D462C68002CE5D1002038600248C6
:100F5000AFF30080BDE8F883100000200C000020F3
:100F60000148FFF731BC00001000002010B500F070
:100F7000AFFDBDE8104000F0A6BD0000004870477E
:100F80002401002070477546FFF7F8FFAE460500C4
:100F90006946534620F00700854618B020B5FFF794
:100FA000DDF9BDE820404FF000064FF000074FF09C
:100FB00000084FF0000BAC46ACE8C009ACE8C00933
:100FC000ACE8C009ACE8C00921F007018D467047C4
:100FD000034640688C46002818BF88423CBF034641
:100FE0004068F8D318681844884207D00CF1030011
:100FF00020F00700001D411A521A0146081D0A6020
:10100000FFF7F7BA30B5B0F10A0271F100034FEA09
:10101000900E4EEA817EB0EB0E0061EB91014FEA3B
:10102000101E4EEA017E10EB0E0041EB11114FEA4B
:10103000102E4EEA016E10EB0E0041EB11214FEA2B
:10104000104E4EEA014E10EB0E0041EB11414018DC
:1010500041F100014FEAD00040EA41704FEAD1016E
:101060004FEA810444EA907410EB800544EB0104DC
:101070006D1944EB0404521BA3414FF0000348BF19
:101080000A3200D530BD401C41F1000130BD2DE9D0
:10109000F0470D4699469246044600F1240801683F
:1010A000880604D5E06921F01001216000E00120EC
:1010B000A84201DD471B00E00027A1697A1902EB75
:1010C0000900081AA0612078C00602D42046FFF764
:1010D000D2FB002608E0D4E901211AF80600904767
:1010E000206A401C761C20624E45F4DB2078C00646
:1010F0000AD52046FFF7BFFB06E0D4E901213020E6
:101100009047206A401C2062381EA7F10107F4DCDA
:1011100007E0D4E9012118F805009047206A401C37
:101120002062281EA5F10105F3DC2046FFF7B9FB7C
:101130002078000602D50220BDE8F0870120FBE7F9
:101140002DE9FF4F0C461E464FF0FF378BB0D2E91A
:101150000001DDF860800A908A46C1F30A5505B99E
:101160003D46002108464FF00000BAF1000F00F4A0
:10117000400005DA00EB80004FF4400101EA500026
:101180004FEA9059B9F1010F00DDB9460A9850EACB
:101190004A000ED044F61050A5F2FF3545432F14F7
:1011A000B8F1000F1ED07542291E1EDDC9F10002E4
:1011B0001CE0B8F1010F4FF0000001D0302103E036
:1011C000F24305E02154401CB042FBDB30460022D4
:1011D000002121540B99C1F80880C1E900200FB00B
:1011E000BDE8F08FBD1B6D1CDEE74A4600DA6942A0
:1011F00006A800F013FD06AB93E8070003AB83E8F5
:10120000070050460A9912F053FF8DE80700A0F539
:1012100000501F3800900398002D0ADD42F21F0194
:101220004A460844002303A90390684613F0BCF91A
:1012300009E0A0F500504A461F38002303A9039097
:10124000684613F0C6F98DE807000004000C03D0CF
:101250004FF0FF30410800E01046B8F1000F03D016
:101260000022009215461EE0751E05D4FFF7CAFE47
:10127000303262556D1EF9D5B3460122084302D0C3
:1012800000227F1C04E02078302801D100227F1E3C
:10129000002A099784D01DE0112D07DAFFF7B2FE6E
:1012A000303262556D1C50EA0102F5D1084302D07C
:1012B0000098C8B10EE00021681E05E0235C625C66
:1012C00063542254401E491C8142F7DBAB46A81BE5
:1012D000401E0990002004F80B000B98099AC0F8F2
:1012E0000880C0E9002B7AE711264FF0000857E785
:1012F0002DE9F04F88460446D21D22F0070191B037
:10130000D1E90001CDE90A0113F0ACFA02460B98CD
:10131000C00F01D02D2007E02068810701D52B20C8
:1013200002E0202101EAC000032A099001D0072A27
:1013300005DB03464146204600F030FC0BE12078F7
:10134000800601D5E06900E00620B8F1650F81460E
:1013500006D0B8F1660F18D0B8F1670F70D131E040
:101360000020B9F1110F009001DB112301E009F118
:1013700001030AAA01A90CA8FFF7E2FEDDE90C703F
:10138000002609F10105834647E001204B46009005
:101390004FF000470AAA01A90CA8FFF7D1FEDDE92A
:1013A0000DB00C995D46002610B909F101000D1829
:1013B000B9EB050003D4C0F1FF3609F10105A5EB37
:1013C00009002BE0B9F1010F01DA4FF0010900200B
:1013D000B9F1110F0090484601DD112300E00346EA
:1013E0000AAA01A90CA8FFF7ABFEDDE90C704D4677
:1013F00000268346207800070AD4AB4500DA5D4614
:1014000001A8012D04DD411911F8011C302907D074
:101410004F4502DA17F1040F04DA012082460FE08B
:101420006D1EEEE7002F02DCED1B3E4403E0781C4E
:10143000A84200DD7D1CB81B00F1010A4FF00047F7
:101440002078000703D4AA4501DB4FF0FF3A0021C2
:10145000B7F1004F0DF143088DF8431024D002205E
:101460002B23002F01DA7F422D230A21021EA0F137
:10147000010000DC5FB197FBF1FC97FBF1F201FB8F
:101480001C7C17460CF1300C08F801CDEEE7A8F1F2
:10149000010003702188090501D5452100E065217F
:1014A000A0F1010800F8011C09980FA9A1EB080799
:1014B000FF1D00B10120411901EBEA70A169384418
:1014C000081A401EA0612078C00602D42046FFF70B
:1014D000D2F9099828B1D4E901219047206A401C2B
:1014E00020622078C00622D52046FFF7C4F91EE00E
:1014F000002E04DBB34502DD01A8805D00E0302052
:10150000D4E901219047206A401C2062761CAAF190
:1015100001005FEA000A0AD100F03CFBC0680168E4
:10152000405CD4E901219047206A401C2062281EBB
:10153000A5F10105DCDC07E0D4E9012118F8010B75
:101540009047206A401C2062381EA7F10107F3DC97
:101550002046FFF7A6F9032011B041E62DE9F04F30
:1015600004460D46D21D22F0070089B0D0E900974D
:101570004846394613F076F90246F80F01D02D237C
:1015800007E02068810701D52B2302E0202101EA32
:10159000C0038DF820300BB1012000E00020032AA9
:1015A000824601D0072A04DB2946204600F0F6FADD
:1015B0003FE12078800601D40D2500E0E569C7F3FE
:1015C0000A560D2D49DA00214FEA175B08464FF005
:1015D0000000002F00F4400007DA00EB80004FF419
:1015E000400100EBD07001EA60008115012901DDA6
:1015F0004FF0FF3100224FEA850CBCF1180F06D3E3
:101600001346ACF118004FF08052C24003E04FF493
:10161000801323FA0CF30CF10C0CBCF1200F04D353
:10162000ACF1200C09FA0CF001E007FA0CF00029EB
:101630004FF0004801DD18B90FE00ED140450CD342
:1016400019EB02095F4121B9404502D19F4329EAC4
:101650000209BBEB175F00D0761C2088000502D57D
:101660007B48784402E07A487844193808AA302345
:1016700002F80A30037C0AF10101002E0AF1020A85
:1016800053546A4602DC4FF0300101E04FF0310163
:101690004FF001088DF8001002D0A6F2FF3603E0EB
:1016A00059EA470100D06B4E002D02DC2178090772
:1016B00004D54FF002082E218DF80110C4460021F8
:1016C0000BE0C7F303433F01C35C491C6D1E02F8E6
:1016D0000830052908F1010801DA002DF1DC0021AC
:1016E0000CE000EB1973491C1B786D1E082902F8E9
:1016F00008304FEA091908F1010801DA002DF0DC81
:1017000021688B0602D516E0A8F10108E04505DD49
:1017100002EB080313F8013C302BF5D0B8F1000FB1
:1017200009DD02EB080313F8013C2E2B03D1090756
:1017300001D4A8F10108002D05DD3E2102F80810B2
:101740006D1E08F10108407C002E02F8080008F127
:10175000010804DA2D20764202F8080002E02B206E
:1017600002F808000A214FF47A70864208F1010855
:101770000BDB96FBF0F3303302F8083096FBF0F306
:1017800008F1010800FB136601E0642E0CDB642005
:1017900096FBF0F3303302F8083096FBF0F308F1D3
:1017A000010800FB136601E00A2E06DB96FBF1F050
:1017B000303002F8080008F1010896FBF1F001FB57
:1017C0001060303002F80800A16908F1010808EB48
:1017D000050202EB0A00081AA0612078C00602D4B4
:1017E0002046FFF748F8216A08AE01EB0A002062A4
:1017F00004E0D4E9012116F8010B9047BAF1010A7F
:10180000F7D22078C00602D52046FFF734F86E469E
:1018100009E016F8010B3E280FD0D4E901219047CA
:10182000206A401C2062B8F10108F2D22046FFF77E
:1018300038F809B00320BDE8F08F206A2844206200
:1018400003E0D4E90121302090476D1EEBD3F8E787
:10185000BE3E010002FCFFFF01694A1C02610878DC
:10186000704700B58FB0CDE90131002105910549E0
:101870007944CDE9031011466846FFF7DFF90FB050
:1018800000BD0000E5FFFFFF10B5436913B1AFF3E2
:10189000008001E0FFF728F8012010BD127800F168
:1018A00024010A7000224A700122EDE711684FF00E
:1018B000FF32E9E710B5436913B1AFF3008001E0EF
:1018C000FFF79EF8012010BD128800F124018284E8
:1018D0000022C2840122EDE711684FF0FF32E9E7F0
:1018E000007B00F08000704770B5C468A50713D076
:1018F000650211D4B2F5807F09D0B2F5007F06D021
:10190000B2F5806F08D1012300F1240106E05D1ECD
:101910006FF07F46B54201D3012070BD0161C36104
:10192000416024F470611143C160002070BD00006B
:101930002DE9F0410C461646070047D0104600F04E
:101940006FF82078611C61280AD0722802D07728AD
:101950003CD102E00125002405E00225042402E038
:10196000082448F2020511F8010B2B2806D0622842
:1019700009D011F8010C74280AD00BE045F00305DA
:1019800044F00204EFE745F0040544F00104EAE7FF
:1019900044F010043846214600F0C0F8411C15D030
:1019A0000021316171604FF40071F560F161706187
:1019B000200704D530460222002100F093FA306D52
:1019C00040F0010030653046BDE8F0810020FBE7C3
:1019D0002DE9F0410D460646104C206DC10704D09C
:1019E000410804D020F00104F7E722460EE054201D
:1019F000FEF7D0FD07000ED0206D47F0010108432F
:101A0000542120653846FEF785FD3A462946304682
:101A1000BDE8F0418CE70020D6E700002800002058
:101A20002DE9F04704464FF0FF380026C568D4E999
:101A30000497A80718D0204600F010FB384600F0A5
:101A400077F8002800DA4646280502D54846FEF712
:101A5000D0FD4C212046FEF75DFD206D20F00100F9
:101A600020653046BDE8F0874046FBE72DE9F041B0
:101A700016460C46054600F085F8036893F8010108
:101A8000012807D0FF2C12D8185D80B101202C70DE
:101A9000BDE8F081D3F807013246214603F207136F
:101AA000C7182846BC46BDE8F041002360474FF008
:101AB000FF30EDE710B50446AFF300802046BDE8E7
:101AC0001040FEF737BC002801D0FEF777BE704704
:101AD00010B5002102A000F005FB012010BD0000A0
:101AE000534947414252543A2041626E6F726D61D0
:101AF0006C207465726D696E6174696F6E000000B0
:101B000010B500F009FBBDE81040FFF7DCBF10B5D1
:101B100000F01CFBBDE81040FFF7D5BF0EB5CDE9C6
:101B2000000100F063FB029069460120ABBE0EBDD0
:101B300008B5694600900220ABBE08BD1FB58DE810
:101B4000070069460520ABBE04B010BD1FB58DE887
:101B50000F0069460620ABBEF6E708B5694600905F
:101B60000920ABBE08BD1CB5CDE9000169460A20BD
:101B7000ABBE1CBD704708B5694600900C20ABBEDB
:101B800008BD000010B500F005F8001D10BD00BF35
:101B90005D2D010000487047440100202DE9F0410F
:101BA0001F46044603260168072A01F4006004DB8F
:101BB00008B116A505E016A503E008B115A500E0DB
:101BC00015A521F010002060A069C01EA0610FB112
:101BD000401EA0612046FEF74EFE4FB1D4E9012120
:101BE00038469047206A401C2062C01C206206E0F4
:101BF000206AFAE7D4E9012115F8010B9047761E17
:101C0000F8D22046FEF74DFEBDE8F0814E414E0071
:101C10006E616E00494E4600696E66002DE9F04720
:101C2000814616468AB0354878440DC88DE80D00C7
:101C300032487844801C03AC0DC884E80D0041F69E
:101C40009B300844372190FBF1F290FBF1F5A5F1B0
:101C5000800501FB12041B3C02D56442012000E018
:101C60000020DFF898A080460027FA44AAF1BE0AB7
:101C70000EE0E0070AD03246684607EB4701012331
:101C80000AEB810112F0A5FC8DE8070064107F1CAF
:101C9000002CEED1194F7F44AE3F19E0E80715D074
:101CA00007EB04100DF1180A90E80E008AE80E0008
:101CB000C068F04201D1981908903246012306A964
:101CC00003A812F086FC03AB83E807006D10641CC8
:101CD000002DE3D14FF0010332466946B8F1000F01
:101CE00003A802D012F060FC01E012F072FCC9E916
:101CF0000001C9F808200AB0BDE8F0878839010062
:101D00002DE9F05F054617460C46C86820F4201000
:101D100040F48000C860800602D5084600F0C1F992
:101D2000E06841F282014FF0FF3A0140022903D0FE
:101D3000204600F053F9B9E000F42041B1F5004F1E
:101D40000FD1C00306D56168E06A884200D8084612
:101D5000606006E02069E06260606069FFF70BFF89
:101D6000A061A0680022EEB200280DDAE1688B05C0
:101D70000AD4C043A06041F490302260E060606803
:101D8000411C61600670AAE0E0689146226040F460
:101D90000050E060206978BB6069FFF7DEFE04F167
:101DA00024054FF00108A8B1A08910F4407F08D0A5
:101DB000E069FEF7EFFB206118B1E06840F40060D5
:101DC00017E0C4F81C802561E06820F4407040F4FE
:101DD00080600EE0E069FEF7DDFB00282061F0D0B6
:101DE000E06840F4006010F4407FE06002D140F40D
:101DF0008070E06020696060E06825696FF0010B29
:101E0000C1051ED56168E06A884200D80846411BBA
:101E100004D02246284600F0EBF8E8BB1FB1E5628B
:101E2000C4E9015959E0681CE0626060E069401E45
:101E3000A060E06840F48030E06030462E70BDE87D
:101E4000F09F17B100F480320AE06068411C6160C5
:101E50000670E0680A2E40F48030E06006D0002270
:101E6000E16A6068814203D90B4602E00122F7E78C
:101E70000346B4F80CC05B1B5FEA4C5C04D4D4F896
:101E80001CC09C4500DD02B3814200D80146002BF6
:101E9000A1EB0008E56200E008E0C4E9015907DDB4
:101EA00022461946284600F0A3F808B15046C6E776
:101EB000B8F1000F09D0A169E5626560A1EB0800E7
:101EC000A061E06840F01000E06047B16168A0697F
:101ED000E562491B08446560A0615846AFE730469B
:101EE000ADE700002DE9F041044616460D4647696E
:101EF000007B80072ED03846FFF72FFE50BB3EB345
:101F0000012E02D0022E25D104E0204600F04DF92A
:101F100005441DE03846FFF72EFEE168002841F039
:101F20001001E16005DA204600F058F80120BDE814
:101F3000F081C9030BD56268E16A914200D811466D
:101F4000A26911442269891A814200DD08460544CC
:101F5000002D01DA0220EAE7E16A6068E268814266
:101F600006D29103E06203D522F4003141F0100261
:101F7000A6690027AE4213DCE16A814201D90B4613
:101F800000E0034603EB060C2369ACEB030CAC4505
:101F900006DD814201D98C4600E084469C4505D18E
:101FA000A760276042F02000A5620DE0AD1BE66946
:101FB000AE1B8142A66000D90846C01A281A2060CC
:101FC0005819606022F0200003490840E0600020BA
:101FD00084F84870ABE70000BFCFD7FFC16821F499
:101FE000001141F08001C1600021816001607047F3
:101FF0002DE9F74F15460C464FF0FF3B3848D768A0
:10200000D2F814A0074209D05046A969FFF7ABFDEA
:10201000002819DB3248C0430740EF604FF0004909
:102020006FF000484C4501D3464600E02646009933
:102030003B4650463246FFF781FDA96920F0004239
:10204000B21A1144A96128B12846FFF7C7FF5846C4
:10205000BDE8FE8FA41BE5D10020F9E770B504466A
:102060000569C06A6168884200D80846E16821F4C1
:102070002011E160C90312D5A84208D02246411BB5
:102080002846FFF7B5FF10B14FF0FF3070BD0020BC
:10209000E562C4E90150E06820F48030E06000208F
:1020A00070BD10B50446C06820F02000E060A16A51
:1020B000A06988420DD02046FFF7D0FFE06820F4E9
:1020C000405040F01000E060A06AA0612069E0622A
:1020D000606044F24001E0688843E06010BD0000A9
:1020E0001000020070B505460C460A2000E06D1C89
:1020F00000F054F835B128780028F8D102E0641CCB
:1021000000F04CF814B120780028F8D1BDE87040F8
:102110000A2000F043B8000010B5014602A0FFF706
:10212000E1FF012010BD000053494752545245447D
:102130003A2052656469726563743A2063616E2760
:1021400074206F70656E3A200000000010B5012801
:1021500005D0002103A0FFF7C5FF012010BD09A194
:10216000F8E7000053494752544D454D3A204F750A
:1021700074206F662068656170206D656D6F72797F
:10218000000000003A2048656170206D656D6F7237
:102190007920636F727275707465640008B5694662
:1021A0008DF800000320ABBE08BD10B50146C26823
:1021B000900703D0900607D5886A0AE000F076F809
:1021C00001210160881E10BD8B69486818440B69A5
:1021D000C01A91F848301BB191F84910401A10BD4F
:1021E0001103FCD50028FADD401E10BD10B5431CBC
:1021F00002E010F8011B71B18107FAD14FF00132F2
:1022000002C88C1A8C4314EAC211F9D0C01A0A060B
:1022100003D0C01E10BDC01A10BD0A0401D0801E1C
:1022200010BD0902FCD0401E10BD000000000000DF
:1022300030B44FF0013C50F8042B51F8043BCCFA79
:1022400052F4D51A20D1FCB950F8042B51F8043BB4
:10225000CCFA52F4D51A17D1B4B950F8042B51F86E
:10226000043BCCFA52F4D51A0ED16CB950F8042BB9
:1022700051F8043BCCFA52F4D51A05D1002CDAD02F
:1022800030BC4FF00000704729BAB1FA81F111F06B
:102290001801D1F120008440F2D1CA40CB4012F0A5
:1022A000FF0213F0FF0330BCD01A7047004870479C
:1022B0002401002080B582B0019011F0C9FB00908C
:1022C00006F0D4FA06F016FCFFE706F0CFFA06F0A7
:1022D0001BFC42F2A870C2F200000BF097FB6846AC
:1022E000012110F055FCF0E7FFE7FEE780B543F26F
:1022F000F030C2F2000000F041FC80BD80B543F236
:10230000F030C2F2000000F039FC80BD80B543F22D
:10231000F030C2F2000000F031FC80BD80B543F225
:102320001840C2F2000000F029FC80BD80B543F2E5
:102330001840C2F2000000F021FC80BD80B543F2DD
:102340001840C2F2000000F019FC80BD80B543F2D5
:10235000A040C2F2000001F027F980BD80B543F231
:102360004040C2F2000001F01FF980BD80B543F289
:10237000C050C2F2000001F017F980BD80B543F2F1
:102380000050C2F2000001F00FF980BD80B543F2A9
:102390002060C2F2000001F007F980BD80B543F271
:1023A0006050C2F2000001F0FFF880BD82B00190E1
:1023B0000198007810384AF6AB21CAF6AA21A0FB92
:1023C000011000090090009945F20460C0F6010078
:1023D000405C0199C8650098042807D3FFE701997C
:1023E0000868042262F30900886506E0019908681C
:1023F00040F2FF3290438865FFE70198806D02B09C
:102400007047000086B0059000208DF813000598F5
:10241000806A03900598806910BBFFE703980290DB
:1024200003281BD80299DFE801F0020D0218059875
:1024300090F82F00C00720B1FFE701208DF81300AE
:10244000FFE70CE00598C06AB0F1C07F04D1FFE758
:1024500001208DF81300FFE701E000E0FFE745E011
:1024600005988069B0F5005F25D1FFE703980190DA
:1024700003281ED80199DFE801F0020602110120AD
:102480008DF8130016E0059890F82F00C00720B1D2
:10249000FFE701208DF81300FFE70BE00598C06A05
:1024A000B0F1C07F04D1FFE701208DF81300FFE7F2
:1024B00000E0FFE719E003980090032804D3FFE74A
:1024C0000098032804D00EE001208DF813000BE0E3
:1024D000059890F82F00C00720B1FFE701208DF884
:1024E0001300FFE700E0FFE7FFE7FFE79DF81300B9
:1024F00006B0704784B00390029101920093039854
:102500000168086820F48020086000980399096831
:10251000486003988068402809D1FFE70198039933
:1025200009688860029803990968C86008E0029801
:10253000039909688860019803990968C860FFE7F2
:1025400004B070477047000072B6FFE7FEE7000076
:1025500084B002900191029890F820008DF8030059
:102560009DF80300012805D0FFE79DF8030002282D
:102570000AD1FFE7019A029801684869104348614F
:1025800000208DF80F0008E00299486A40F480208E
:10259000486201208DF80F00FFE79DF80F0004B09E
:1025A0007047000088B00690059104920393069846
:1025B00090F820008DF80700069800688068009069
:1025C0000598806808B9FFE700E0FFE79DF807007D
:1025D000012806D0FFE79DF80700022840F0808020
:1025E000FFE79DF80300400700280CD4FFE79DF8A3
:1025F00003000007002806D4FFE79DF80300C0068B
:10260000002864D5FFE70098C0F3016002900299AA
:1026100001208840039908600598806868B9FFE741
:1026200005980168C06840EA415006990968029A15
:1026300001EB0211C1F880010EE005994A68886833
:10264000C96840EAC200084306990968029A01EB8A
:102650000211C1F88001FFE7059800690699096831
:10266000029A01EB0211C1F884010598007D01284E
:102670000CD1FFE706980068029900EB0111D1F830
:10268000840140F48070C1F88401FFE70498406839
:1026900006990968029A01EB0211C1F88C010498AD
:1026A000006806990968029A01EB0211C1F88801D5
:1026B00006980068029900EB0111D1F8800140F002
:1026C0000100C1F8800100208DF81F0011E006997B
:1026D000486A40F40010486201208DF81F0008E0AD
:1026E0000699486A40F48020486201208DF81F0056
:1026F000FFE79DF81F0008B07047000086B0049007
:102700000391049890F820008DF803009DF80300D1
:10271000012806D0FFE79DF80300022840F0B080B2
:10272000FFE746F20040C4F2000001900199D1F8A1
:10273000000240F00100C1F800020199D1F8000246
:1027400020F47C50C1F800020398426A0199D1F844
:10275000000240EA0220C1F800020398406900F03C
:102760001F01012088400290029A0199D1F81C02B1
:102770009043C1F81C020398C069F0B9FFE7029AC0
:102780000199D1F80C029043C1F80C02039A908889
:10279000D168526940EA0140019901EBC201C1F8D8
:1027A0004002039A10889168526940EA01400199F9
:1027B00001EBC201C1F84402FFE70398C069012898
:1027C0001ED1FFE7029A0199D1F80C021043C1F81B
:1027D0000C02039A90881168526940EA01400199FD
:1027E00001EBC201C1F84002039A908991685269D5
:1027F00040EA0140019901EBC201C1F84402FFE740
:102800000398806940B9FFE7029A0199D1F8040260
:102810009043C1F8040207E0029A0199D1F804023A
:102820001043C1F80402FFE70398006940B9FFE7CD
:10283000029A0199D1F814029043C1F8140207E0FA
:10284000029A0199D1F814021043C1F81402FFE76B
:102850000398006A012808D1FFE7029A0199D1F88C
:102860001C021043C1F81C02FFE70199D1F80002D5
:1028700020F00100C1F8000200208DF8170008E0E8
:102880000499486A40F48020486201208DF81700BE
:10289000FFE79DF8170006B07047000081B0009078
:1028A00001B0704784B0039002910020019003981A
:1028B00090F820008DF803009DF80300012805D052
:1028C000FFE79DF80300022812D1FFE7029838B90C
:1028D000FFE703980068C06800F00300019006E07D
:1028E00003980068006900F003000190FFE7FFE72C
:1028F000019804B07047000086B0049003910292E2
:102900000193049890F820008DF803009DF80300CF
:10291000012806D0FFE79DF80300022840F0E88078
:10292000FFE7039880B9FFE704980068C068800754
:1029300048B9FFE70499486A40F400104862012052
:102940008DF81700DDE00FE004980068006980074B
:1029500048B9FFE70499486A40F400104862012032
:102960008DF81700CDE0FFE704980068039900EBAD
:102970000110D0F8B00100F00400029988600298BC
:10298000806858B9FFE704980068039900EB0110CC
:10299000D0F8B001400D029908600AE00498006880
:1029A000039900EB0110D0F8B001C008029948600B
:1029B000FFE704980068039900EB0110D0F8B0011C
:1029C00000F002000299C86004980068039900EBC7
:1029D0000110D0F8B40100F00F00082804D3FFE77D
:1029E0000299082008610BE004980068039900EB45
:1029F0000110D0F8B40100F00F0002990861FFE760
:102A000004980068039900EB0110D0F8B40180B27B
:102A1000000A0299886104980068039900EB01108C
:102A2000D0F8B401000C0299486104980068039939
:102A300000EB0110D0F8B801019908700498006803
:102A4000039900EB0110D0F8B801000A0199487011
:102A500004980068039900EB0110D0F8B801000C4D
:102A60000199887004980068039900EB0110D0F870
:102A7000B801000E0199C87004980068039900EB32
:102A80000110D0F8BC0101990871049800680399FD
:102A900000EB0110D0F8BC01000A019948710498BC
:102AA0000068039900EB0110D0F8BC01000C0199FB
:102AB000887104980068039900EB0110D0F8BC01FC
:102AC000000E0199C871039838B9FFE704980168AE
:102AD000C86840F02000C86006E0049801680869F2
:102AE00040F020000861FFE700208DF8170008E0A3
:102AF0000499486A40F48020486201208DF817004C
:102B0000FFE79DF8170006B07047000083B0029001
:102B100000200190029890F820008DF803009DF8A5
:102B20000300012805D0FFE79DF80300022822D109
:102B3000FFE70298006880684001002804D5FFE79D
:102B4000019801300190FFE7029800688068000159
:102B5000002804D5FFE7019801300190FFE70298B3
:102B600000688068C000002804D5FFE701980130A4
:102B70000190FFE7FFE7019803B0704780B58AB086
:102B8000099000200890099800684069079009980A
:102B90000068406806900998006880680590099868
:102BA0000068C0680490099800680069039009985B
:102BB0000068806902909DF81C00C007002800F0A2
:102BC0009480FFE79DF81400C00758B3FFE7099809
:102BD0000168012088609DF814008007002804D552
:102BE000FFE7099800F030FC1BE09DF81400400757
:102BF000002805D5FFE7089840F4006008900FE032
:102C00009DF814000007002805D5FFE7089840F458
:102C10008050089003E0099800F012FCFFE7FFE7FE
:102C2000FFE7FFE79DF81500C00760B3FFE70998CD
:102C300001684FF4807088609DF8150080070028B7
:102C400004D5FFE7099800F007FC1BE09DF815008C
:102C50004007002805D5FFE7089840F40050089089
:102C60000FE09DF815000007002805D5FFE708983C
:102C700040F48040089003E0099800F0E9FBFFE78A
:102C8000FFE7FFE7FFE79DF81600C00760B3FFE727
:102C9000099801684FF4803088609DF8160080071D
:102CA000002804D5FFE7099800F0DEFB1BE09DF843
:102CB00016004007002805D5FFE7089840F40040BB
:102CC00008900FE09DF816000007002805D5FFE7E3
:102CD000089840F48030089003E0099800F0C0FBA9
:102CE000FFE7FFE7FFE7FFE7FFE79DF81C000007AE
:102CF000002810D5FFE79DF81000C006002809D570
:102D0000FFE7089840F400700890099801681020C7
:102D1000C860FFE7FFE79DF81C00400700280FD5BB
:102D2000FFE79DF810000007002808D5FFE7099885
:102D300001680820C860099800F0F4FAFFE7FFE78F
:102D40009DF81C00800700280BD5FFE70998006854
:102D5000C068800720B1FFE7099800F0E7FAFFE7B5
:102D6000FFE79DF81C004006002810D5FFE79DF8FE
:102D70000C00C006002809D5FFE7089840F48060E1
:102D800008900998016810200861FFE7FFE79DF8A7
:102D90001C00800600280FD5FFE79DF80C000007F7
:102DA000002808D5FFE709980168082008610998FC
:102DB00000F0DAFAFFE7FFE79DF81C00C0060028E4
:102DC0000BD5FFE7099800680069800720B1FFE78D
:102DD000099800F0CDFAFFE7FFE79DF81E00800795
:102DE00000280FD5FFE79DF81800C006002808D579
:102DF000FFE70998016810204860099800F0D6FAAA
:102E0000FFE7FFE79DF81E00C00778B1FFE79DF8D8
:102E100018000007002808D5FFE709980168082076
:102E20004860099800F024FBFFE7FFE79DF81D00CC
:102E30000006002840F18D80FFE79DF8180040074C
:102E4000002840F18180FFE79DF81D00C00750B1C8
:102E5000FFE79DF80800C00728B1FFE7089840F099
:102E600001000890FFE79DF81D00800700280BD5A2
:102E7000FFE79DF808008007002805D5FFE70898C0
:102E800040F002000890FFE79DF81D004007002871
:102E90000BD5FFE79DF808004007002805D5FFE7A0
:102EA000089840F004000890FFE79DF81D00000717
:102EB000002848D5FFE79DF8080010F0700F42D0B9
:102EC000FFE7029800F0700001460191102814D02D
:102ED000FFE70198202815D0FFE70198302816D089
:102EE000FFE70198402817D0FFE70198502818D035
:102EF000FFE70198602819D01DE0089840F008000D
:102F0000089019E0089840F01000089014E0089824
:102F100040F0200008900FE0089840F04000089032
:102F20000AE0089840F08000089005E0089840F416
:102F30008070089000E0FFE709980168886920F038
:102F400070008861FFE7FFE7099801680420486086
:102F5000FFE7089848B1FFE7089A0999486A1043C3
:102F600048620998FFF79AFCFFE70AB080BD0000AD
:102F700080B584B00290029820B9FFE701208DF857
:102F80000F00E0E0029890F8200020B9FFE70298D7
:102F900000F0DEF8FFE702980168086840F00100E1
:102FA000086000F0A3FF0190FFE702980068406806
:102FB000C007A8B9FFE700F099FF0199401A0B2854
:102FC0000DD3FFE70299486A40F400304862029945
:102FD000052081F8200001208DF80F00B3E0E4E720
:102FE00002980168086820F00200086000F07EFF87
:102FF0000190FFE70298006840688007002815D517
:10300000FFE700F073FF0199401A0B280DD3FFE78B
:103010000299486A40F4003048620299052081F81C
:10302000200001208DF80F008DE0E3E70298007E7C
:10303000012807D1FFE702980168086840F0800086
:10304000086006E002980168086820F080000860C7
:10305000FFE70298407E012807D1FFE70298016848
:10306000086840F04000086006E0029801680868BF
:1030700020F040000860FFE70298807E012807D119
:10308000FFE702980168086840F02000086006E049
:1030900002980168086820F020000860FFE70298A5
:1030A000C07E012807D1FFE702980168086820F078
:1030B0001000086006E002980168086840F01000FF
:1030C0000860FFE70298007F012807D1FFE7029818
:1030D0000168086840F00800086006E0029801688E
:1030E000086820F008000860FFE70298407F012888
:1030F00007D1FFE702980168086840F00400086003
:1031000006E002980168086820F004000860FFE704
:10311000029B19685A689868D3F80CC040EA0C0002
:10312000D3F810C040EA0C005B691843013A104321
:10313000C861029900204862029A012182F8201099
:103140008DF80F00FFE79DF80F0004B080BD000070
:1031500080B596B0159000201490139012901190A5
:1031600010901598006846F20041C4F200018842B0
:103170005CD1FFE740F21020C2F20000016801318B
:1031800001600068012812D1FFE7FFE700200F90DF
:1031900043F64000C4F20200016841F00071016092
:1031A000006800F000700F900F98FFE7FFE7FFE75F
:1031B00000200E9043F63000C4F20200016841F096
:1031C00008010160006800F008000E900E98FFE70B
:1031D0000320109002211191002109911291139066
:1031E0000920149040F60040C4F2020010A900F03B
:1031F00085FC099A132006900521089100F054FFE0
:10320000069800F047FF0899099A1420079000F0EB
:103210004BFF079800F03EFF0899099A15200A9085
:1032200000F042FF0A9800F035FF78E0159800683A
:1032300046F60001C4F2000188426FD1FFE7FFE7C4
:1032400000200D9043F64000C4F20200016841F0F6
:1032500080610160006800F080600D900D98FFE7CC
:1032600040F21020C2F200000168013101600068E4
:10327000012812D1FFE7FFE700200C9043F6400041
:10328000C4F20200016841F000710160006800F0C2
:1032900000700C900C98FFE7FFE7FFE700200B9011
:1032A00043F63000C4F20200016841F002010160FF
:1032B000006800F002000B900B98FFE74FF44050BD
:1032C000109002201190002004901290032013907F
:1032D0000920149040F20040C4F2020010A900F04E
:1032E0000DFC049A3F2001900521039100F0DCFEC3
:1032F000019800F0CFFE0399049A4020029000F05C
:10330000D3FE029800F0C6FE0399049A412005906E
:1033100000F0CAFE059800F0BDFEFFE7FFE716B01B
:1033200080BD000081B0009001B0704780B58AB0C8
:10333000099008F08DFA01688A6800219047029090
:1033400009980190029801688969884701460198A7
:10335000884206D1FFE7029801684A6903A99047AD
:10336000FFE70AB080BD000081B0009001B0704757
:1033700080B58AB0099008F06BFA01688A6801216B
:1033800090470290099801900298016889698847DE
:1033900001460198884206D1FFE7029801684A6910
:1033A00003A99047FFE70AB080BD000081B00090FC
:1033B00001B0704780B584B00290029890F8200068
:1033C00001282FD1FFE70299022081F820000298FE
:1033D0000168086820F00100086000F087FD019096
:1033E000FFE7029800684068C007A8B1FFE700F057
:1033F0007DFD0199401A0B280DD3FFE70299486A19
:1034000040F4003048620299052081F82000012034
:103410008DF80F000FE0E4E70299002048628DF874
:103420000F0008E00299486A40F400204862012039
:103430008DF80F00FFE79DF80F0004B080BD00007D
:1034400081B0009001B0704781B0009001B070472A
:1034500081B0009001B0704781B0009001B070471A
:1034600081B0009001B0704781B0009001B070470A
:1034700081B0009001B0704780B584B0029002988E
:10348000806D019000F032FD0090029890F83500B8
:1034900002280DD0FFE7029980204865FFE70299D6
:1034A000002081F83400FFE701208DF80F0055E07F
:1034B00002980168086820F0160008600298016808
:1034C000486920F0800048610298006C20B9FFE74D
:1034D0000298806C38B1FFE702980168086820F014
:1034E00008000860FFE702980168086820F0010002
:1034F0000860FFE7029800680068C007C8B1FFE7EE
:1035000000F0F4FC0099401A062811D3FFE7029955
:10351000202048650299032081F83500FFE70299D1
:10352000002081F83400FFE703208DF80F0015E03C
:10353000E0E70298C16D3F208840019988600299B8
:10354000012081F83500FFE70299002081F834005E
:10355000FFE7FFE700208DF80F00FFE79DF80F0061
:1035600004B080BD82B00090009890F83500022829
:1035700007D0FFE700998020486501208DF80700FB
:103580000EE00099052081F8350000980168086870
:1035900020F001000860FFE700208DF80700FFE73A
:1035A0009DF8070002B0704780B586B005900020F6
:1035B000039040F21400C2F20000006848F2B51116
:1035C000C1F64E31A0FB0110800A02900598806D73
:1035D000019001980068049004980599C96DC8404D
:1035E000000700281AD5FFE7059800680068400723
:1035F000002812D5FFE705980168086820F004004C
:1036000008600598C16D0820884001998860059977
:10361000486D40F001004865FFE7FFE70498059911
:10362000C96DC840C007A0B1FFE7059800684069B0
:10363000000600280CD5FFE70598C16D01208840E1
:10364000019988600599486D40F002004865FFE7E0
:10365000FFE704980599C96DC8404007002814D5B4
:10366000FFE7059800680068800700280CD5FFE791
:103670000598C16D04208840019988600599486DBE
:1036800040F004004865FFE7FFE704980599C96D1D
:10369000C840C006002847D5FFE7059800680068C5
:1036A000000700283FD5FFE70598C16D102088402E
:1036B00001998860059800680068400300281AD5C1
:1036C000FFE70598006800680003002809D4FFE7B9
:1036D0000598006C20B1FFE70598016C8847FFE76B
:1036E00008E00598806C20B1FFE70598816C884759
:1036F000FFE7FFE716E0059800680068C0050028AE
:1037000007D4FFE705980168086820F00800086002
:10371000FFE70598006C20B1FFE70598016C88472A
:10372000FFE7FFE7FFE7FFE704980599C96DC84089
:103730008006002840F18D80FFE70598006800684A
:10374000C006002840F18480FFE70598C16D202065
:10375000884001998860059890F83500052834D193
:10376000FFE705980168086820F0160008600598D2
:103770000168486920F0800048610598006C20B914
:10378000FFE70598806C38B1FFE705980168086885
:1037900020F008000860FFE70598C16D3F208840D1
:1037A000019988600599012081F83500FFE70599A6
:1037B000002081F83400FFE70598006D20B1FFE795
:1037C0000598016D8847FFE77BE005980068006871
:1037D000400300281AD5FFE7059800680068000339
:1037E000002809D4FFE70598406C20B1FFE7059851
:1037F000416C8847FFE708E00598C06B20B1FFE700
:103800000598C16B8847FFE7FFE720E0059800684F
:103810000068C005002811D4FFE705980168086812
:1038200020F0100008600599012081F83500FFE7BD
:103830000599002081F83400FFE7FFE70598C06B89
:1038400020B1FFE70598C16B8847FFE7FFE7FFE777
:10385000FFE70598406DA0B3FFE70598406DC007EE
:1038600030B3FFE70599052081F835000598016818
:10387000086820F001000860FFE70398013003901A
:103880000299884201D9FFE707E0FFE70598006841
:103890000068C0070028F0D1FFE70599012081F8F2
:1038A0003500FFE70599002081F83400FFE7FFE7C6
:1038B0000598C06C20B1FFE70598C16C8847FFE709
:1038C000FFE706B080BD000080B586B00490002000
:1038D000039000F00BFB0290049820B9FFE7012051
:1038E0008DF81700A3E00498406A08B1FFE7FFE7EE
:1038F0000499022081F83500FFE70499002081F83F
:103900003400FFE704980168086820F001000860AF
:10391000FFE7049800680068C00790B1FFE700F077
:10392000E5FA0299401A06280AD3FFE704992020F5
:1039300048650499032081F835008DF8170076E07A
:10394000E7E70498006800680390039848F23F0195
:10395000CFF2100108400390049900914868D1F813
:1039600008C0CB680A6940EA0C00184310434A6952
:1039700010438A691043CA691043096A01430398D6
:10398000084303900498406A042808D1FFE704998B
:10399000C86A096B0143039808430390FFE7039843
:1039A00004990968086004980068406903900398C6
:1039B00020F0070003900498416A0398084303909D
:1039C0000498406A04281AD1FFE70498816A039892
:1039D000084303900498C06A80B1FFE70498FEF79B
:1039E00011FD50B1FFE7049940204865049901207A
:1039F00081F835008DF8170019E0FFE7FFE703981D
:103A00000499096848610498FEF7D0FC0190049875
:103A1000C16D3F2088400199886004990020486565
:103A2000049A012182F835108DF81700FFE79DF800
:103A3000170006B080BD000080B588B006900591E3
:103A40000492039300208DF80B000698806D01907E
:103A5000FFE7069890F83400012804D1FFE7022020
:103A60008DF81F0045E00699012081F83400FFE73A
:103A7000FFE7069890F8350001282BD1FFE706995B
:103A8000022081F8350006990020486506980599BE
:103A9000049A039BFEF72EFD0698C16D3F208840D7
:103AA0000199886006980168086840F0160008606F
:103AB0000698006C38B1FFE706980168086840F086
:103AC00008000860FFE706980168086840F00100F8
:103AD000086009E0FFE70699002081F83400FFE75D
:103AE00002208DF80B00FFE79DF80B008DF81F00FA
:103AF000FFE79DF81F0008B080BD000090B00F9058
:103B00000E9100200C900B900A900D90FFE70D98FD
:103B10000F2800F2E881FFE70D99012088400C9002
:103B20000E9800680C9908400B900B980C998842ED
:103B300040F0D481FFE70E98406800F003000128B0
:103B400007D0FFE70E98406800F0030002282FD14D
:103B5000FFE70F9880680A900D984100032000FA53
:103B600001F10A9888430A900E98C0680D9949009F
:103B700000FA01F10A9808430A900A980F998860A0
:103B80000F9840680A900D99012000FA01F10A98F7
:103B900088430A900E984068C0F300100D9900FA0F
:103BA00001F10A9808430A900A980F994860FFE7C4
:103BB0000E98406800F00300032818D0FFE70F9824
:103BC000C0680A900D984100032000FA01F10A989C
:103BD00088430A900E9880680D99490000FA01F117
:103BE0000A9808430A900A980F99C860FFE70E9850
:103BF000406800F00300022826D1FFE70F980D99D6
:103C00006FF0030202EA51010844006A0A900D981D
:103C100000F0070081000F2000FA01F10A988843A4
:103C20000A900E9800690D9901F00701890000FAC9
:103C300001F10A9808430A900A980F990D9B02EA2D
:103C4000530211440862FFE70F9800680A900D982C
:103C50004100032000FA01F10A9888430A900E9867
:103C6000406800F003000D99490000FA01F10A983C
:103C700008430A900A980F9908600E988079800787
:103C8000002800F02A81FFE7FFE70020099043F6B3
:103C90004400C4F20200016841F480410160006800
:103CA00000F4804009900998FFE70D9820F0030088
:103CB00043F60801C4F2010140580A900D9800F043
:103CC000030081000F2000FA01F10A9888430A904E
:103CD0000F980021C4F20201884203D1FFE70020BF
:103CE00008907AE00F9840F20041C4F20201884245
:103CF00003D1FFE7012007906CE00F9840F6000128
:103D0000C4F20201884203D1FFE7022006905EE080
:103D10000F9840F60041C4F20201884203D1FFE748
:103D20000320059050E00F9841F20001C4F2020117
:103D3000884203D1FFE70420049042E00F9841F24B
:103D40000041C4F20201884203D1FFE7052003903D
:103D500034E00F9841F60001C4F20201884203D119
:103D6000FFE70620029026E00F9841F60041C4F2DA
:103D70000201884203D1FFE70720019018E00F9865
:103D800042F20001C4F20201884203D1FFE7082099
:103D900000900AE00F9942F20042C4F202020A20A7
:103DA000914208BF09200090FFE700980190FFE7CB
:103DB00001980290FFE702980390FFE703980490B0
:103DC000FFE704980590FFE705980690FFE706983F
:103DD0000790FFE707980890FFE70898C0B20D9991
:103DE00001F00301890000FA01F10A9808430A90E2
:103DF0000A980D9921F0030143F60802C4F201026A
:103E0000885043F60840C4F2010000680A900B99FC
:103E10000A9888430A900E988079C006002805D534
:103E2000FFE70B990A9808430A90FFE70A9843F6C0
:103E30000841C4F20101086043F60C40C4F20100DD
:103E400000680A900B990A9888430A900E98807926
:103E50008006002805D5FFE70B990A9808430A90C9
:103E6000FFE70A9843F60C41C4F20101086043F6EB
:103E70000440C4F2010000680A900B990A98884334
:103E80000A900E9880798007002805D5FFE70B99E6
:103E90000A9808430A90FFE70A9843F60441C4F2DF
:103EA0000101086043F60040C4F2010000680A9076
:103EB0000B990A9888430A900E988079C00728B118
:103EC000FFE70B990A9808430A90FFE70A9843F620
:103ED0000041C4F201010860FFE7FFE7FFE70D982A
:103EE00001300D9013E610B07047000047F6F42043
:103EF000C2F200000068704740F21800C2F20000F1
:103F0000027847F6F421C2F2000108681044086004
:103F10007047000080B543F60041C4F20201086812
:103F200040F400700860086840F480600860086829
:103F300040F480700860032000F0D0F80F2000F0FB
:103F400005F800F07BF8002080BD000080B58CB043
:103F50000B90002004900390FFE70020009043F6B0
:103F60004000C4F20200016841F0040101600068F1
:103F700000F0040000900098FFE706A802A900F0F6
:103F800047FA09980490049820B9FFE700F070FA06
:103F9000059004E000F06CFA40000590FFE70598FA
:103FA0004DF68361C4F21B31A0FB01014FF0FF30DD
:103FB00000EB9140039043F2C860C2F2000040F66B
:103FC0000001C4F20001016040F2E731C1600399D1
:103FD0004160002101618160816100F049FE8DF83E
:103FE00007009DF8070028BBFFE743F2C860C2F254
:103FF000000000F08FFE8DF807009DF80700C0B9A3
:10400000FFE71E2000F046F80B980F280CD8FFE7BA
:104010000B991E20002200F047F80B9840F21C017B
:10402000C2F20001086003E001208DF80700FFE7FD
:10403000FFE7FFE79DF807000CB080BD80B582B0B8
:10404000FFE70020019043F64400C4F2020001683B
:1040500041F480410160006800F4804001900198C3
:10406000FFE7FFE70020009043F64000C4F20200A3
:10407000016841F080510160006800F080500090BC
:104080000098FFE76FF001000F21002200F00CF80C
:1040900002B080BD80B582B08DF807009DF90700A1
:1040A0000CF0A6FF02B080BD80B586B08DF8170079
:1040B00004910392002002900CF0B2FF02909DF94F
:1040C0001700019002980499039A02F02BFB014615
:1040D00001980CF0ADFF06B080BD000080B582B045
:1040E000019001980CF0E8FF02B080BD80B584B06B
:1040F00000200290FFE70020019043F64000C4F248
:104100000200016841F080510160006800F08050B9
:1041100001900198FFE74021C4F20E2101200860C0
:10412000FFF7E4FE0290FFE747F20400C4F200004C
:10413000006800F48030B0F5803F0DD0FFE7FFF756
:10414000D5FE0299401AB0F57A7F04D9FFE7032023
:104150008DF80F0025E0E7E74421C4F20E2101208D
:104160000860FFF7C3FE0290FFE747F20400C4F2C5
:104170000000006800F40030B0F5003F0DD0FFE70C
:10418000FFF7B4FE0299401AB0F57A7F04D9FFE731
:1041900003208DF80F0004E0E7E700208DF80F0002
:1041A000FFE79DF80F0004B080BD000080B584B02B
:1041B00002900191029820B9FFE701208DF80F00CD
:1041C00021E1019843F60041C4F20201096801F0BF
:1041D0000F01884212D9FFE7019943F60040C4F26B
:1041E00002000170006800F00F000199884204D0BD
:1041F000FFE701208DF80F0005E1FFE70298007846
:10420000800700282AD5FFE7029800784007002899
:1042100009D5FFE743F60801C4F20201086840F43B
:10422000E0500860FFE7029800780007002809D5F1
:10423000FFE743F60801C4F20201086840F4604059
:104240000860FFE743F60801C4F20201086820F0A5
:10425000F000029A926810430860FFE70298007825
:10426000C00700286ED0FFE702984068012811D1EE
:10427000FFE743F60000C4F20200006800F40031DA
:104280000020B0EB514F04D1FFE701208DF80F0063
:10429000B9E02CE002984068022805D0FFE70298B8
:1042A0004068032811D1FFE743F60000C4F2020082
:1042B000006800F000710020B0EB516F04D1FFE7FF
:1042C00001208DF80F009EE010E043F60000C4F2DC
:1042D0000200006800F002010020B0EB510F04D191
:1042E000FFE701208DF80F008DE0FFE7FFE743F6C1
:1042F0000801C4F20201086820F00300029A526823
:1043000010430860FFF7F2FD0090FFE743F6080056
:10431000C4F20200006800F00C0002994968B0EB9A
:10432000810F0ED0FFE7FFF7E1FD0099401A41F23F
:104330008931884204D3FFE703208DF80F0062E043
:10434000E4E7FFE7019843F60041C4F2020109687F
:1043500001F00F01884212D2FFE7019943F60040B5
:10436000C4F202000170006800F00F000199884259
:1043700004D0FFE701208DF80F0044E0FFE702982A
:104380000078400700280CD5FFE743F60801C4F287
:104390000201086820F4E050029AD26810430860D5
:1043A000FFE702980078000700280DD5FFE743F6E5
:1043B0000801C4F20201086820F46040029A126900
:1043C00040EAC2000860FFE700F076F843F6080113
:1043D000C4F202010968C9B20A0945F2EC51C0F6FB
:1043E0000101895CC84040F21401C2F2000108607A
:1043F00040F21C00C2F200000068FFF7A7FD002099
:104400008DF80F00FFE79DF80F0004B080BD00009D
:1044100082B00190009101990F20086043F60800D6
:10442000C4F20200016801F00301019A51600168C1
:1044300001F0F001019A9160016801F4E051019AE4
:10444000D160006800F46040C0080199086143F63B
:104450000040C4F20200006800F00F0000990860FC
:1044600002B0704740F21400C2F2000000687047CA
:1044700080B5FFF7F7FF43F60801C4F202010968AF
:10448000C1F3822245F2FC51C0F60101895CC840AB
:1044900080BD000080B5FFF7E5FF43F60801C4F2D8
:1044A0000201096889B24A0B45F2FC51C0F60101CC
:1044B000895CC84080BD000080B586B000200590B2
:1044C00004900390029043F60800C4F202000068D2
:1044D00000F00C000146019140B1FFE7019804286B
:1044E0000AD0FFE7019808280CD04FE042F20040C4
:1044F000C0F2F40002904FE041F60030C0F2B70085
:10450000029049E043F60400C4F20200016801F0A1
:104510003F01059100684002002813D5FFE743F6EC
:104520000400C4F202000068C0F3881041F60031B4
:10453000C0F2B701A0FB0101059A0023FBF720FFA1
:10454000049012E043F60400C4F202000068C0F3D5
:10455000881042F20041C0F2F401A0FB0101059A6B
:104560000023FBF70DFF0490FFE743F60400C4F2BD
:104570000200006800F44031022000EBD1300390CB
:1045800004980399B0FBF1F0029005E042F200407C
:10459000C0F2F4000290FFE7029806B080BD000070
:1045A00080B586B00490049820B9FFE701208DF80B
:1045B000170050E304980078C007002800F0A58099
:1045C000FFE743F60800C4F20200006800F00C00A8
:1045D000042813D0FFE743F60800C4F20200006885
:1045E00000F00C0008281ED1FFE743F60400C4F2D7
:1045F000020000684002002815D5FFE743F60000DE
:10460000C4F20200006800F400310020B0EB514F0A
:1046100008D0FFE70498406820B9FFE701208DF833
:10462000170018E370E0FFE704984068B0F5803F9A
:1046300009D1FFE743F60001C4F20201086840F423
:104640008030086020E004984068B0F5A02F0DD1BC
:10465000FFE743F60001C4F20201086840F480203D
:104660000860086840F4803008600CE043F6000100
:10467000C4F20201086820F480300860086820F461
:1046800080200860FFE7FFE7FFE704984068E8B193
:10469000FFE7FFF72BFC0390FFE743F60000C4F2AF
:1046A0000200006800F400310020B0EB514F0CD143
:1046B000FFE7FFF71BFC0399401A652804D3FFE7C7
:1046C00003208DF81700C6E2E7E71CE0FFF70EFCB9
:1046D0000390FFE743F60000C4F20200006800F414
:1046E00000310020B0EB514F0CD0FFE7FFF7FEFB8D
:1046F0000399401A652804D3FFE703208DF81700BB
:10470000A9E2E7E7FFE7FFE7FFE704980078800703
:10471000002840F19680FFE743F60800C4F202004B
:10472000006810F00C0F13D0FFE743F60800C4F246
:104730000200006800F00C0008282CD1FFE743F6C7
:104740000400C4F2020000684002002823D4FFE7FE
:1047500043F60000C4F20200006800F002010020ED
:10476000B0EB510F09D0FFE70498C068012804D0CE
:10477000FFE701208DF817006DE243F60001C4F257
:104780000201086820F0F800049A126940EAC200A9
:104790000860FFE754E00498C06870B3FFE70021A9
:1047A000C4F2472101200860FFF7A0FB0390FFE758
:1047B00043F60000C4F20200006800F0020100208D
:1047C000B0EB510F0CD1FFE7FFF790FB0399401AB4
:1047D000032804D3FFE703208DF817003BE2E7E747
:1047E00043F60001C4F20201086820F0F800049AC0
:1047F000126940EAC200086021E00021C4F24721AA
:1048000000200860FFF772FB0390FFE743F600000B
:10481000C4F20200006800F002010020B0EB510F6A
:104820000CD0FFE7FFF762FB0399401A032804D37B
:10483000FFE703208DF817000DE2E7E7FFE7FFE74A
:10484000FFE704980078000700284BD5FFE704989D
:10485000406918B3FFE740F68061C4F247210120A8
:104860000860FFF743FB0390FFE743F67400C4F2D0
:104870000200006800F002010020B0EB510F0CD1E3
:10488000FFE7FFF733FB0399401A032804D3FFE740
:1048900003208DF81700DEE1E7E722E040F68061B3
:1048A000C4F2472100200860FFF720FB0390FFE7D8
:1048B00043F67400C4F20200006800F00201002018
:1048C000B0EB510F0CD0FFE7FFF710FB0399401A34
:1048D000032804D3FFE703208DF81700BBE1E7E7C7
:1048E000FFE7FFE7049800784007002840F1CE80FA
:1048F000FFE700208DF8070043F64000C4F20200F5
:104900000068C000002815D4FFE7FFE700200090F2
:1049100043F64000C4F20200016841F0805101609A
:10492000006800F0805000900098FFE701208DF8AB
:104930000700FFE747F20000C4F200000068C0056E
:10494000002822D4FFE747F20001C4F20001086802
:1049500040F480700860FFF7C9FA0390FFE747F260
:104960000000C4F200000068C00500280CD4FFE776
:10497000FFF7BCFA0399401A032804D3FFE703208A
:104980008DF8170067E1EAE7FFE7FFE70498806822
:10499000012809D1FFE743F67001C4F2020108685B
:1049A00040F0010008601FE00498806805280DD1E0
:1049B000FFE743F67001C4F20201086840F004000A
:1049C0000860086840F0010008600CE043F67001E0
:1049D000C4F20201086820F001000860086820F0B5
:1049E00004000860FFE7FFE7FFE704988068F8B17C
:1049F000FFE7FFF77BFA0390FFE743F67000C4F28E
:104A00000200006800F002010020B0EB510F0ED14F
:104A1000FFE7FFF76BFA0399401A41F289318842A8
:104A200004D3FFE703208DF8170014E1E5E71EE04B
:104A3000FFF75CFA0390FFE743F67000C4F2020050
:104A4000006800F002010020B0EB510F0ED0FFE72C
:104A5000FFF74CFA0399401A41F28931884204D396
:104A6000FFE703208DF81700F5E0E5E7FFE79DF885
:104A70000700012809D1FFE743F64001C4F2020113
:104A8000086820F080500860FFE7FFE7049880691D
:104A9000002800F0DC80FFE743F60800C4F20200C3
:104AA000006800F00C00082800F08580FFE70498FB
:104AB000806902285CD1FFE76021C4F24721002011
:104AC0000860FFF713FA0390FFE743F60000C4F213
:104AD0000200006800F000710020B0EB516F0CD0B4
:104AE000FFE7FFF703FA0399401A032804D3FFE70F
:104AF00003208DF81700AEE0E7E70499C869D1F804
:104B000020C04B6A8A6A40EA0C0040EA8310D20354
:104B10004FF6FF739A43A2F580321043C96A40EA08
:104B2000016043F60401C4F2020108606021C4F28E
:104B3000472101200860FFF7D9F90390FFE743F60A
:104B40000000C4F20200006800F000710020B0EB29
:104B5000516F0CD1FFE7FFF7C9F90399401A0328F9
:104B600004D3FFE703208DF8170074E0E7E721E0A6
:104B70006021C4F2472100200860FFF7B7F90390D5
:104B8000FFE743F60000C4F20200006800F0007185
:104B90000020B0EB516F0CD0FFE7FFF7A7F90399A6
:104BA000401A032804D3FFE703208DF8170052E0D2
:104BB000E7E7FFE74AE004988069012804D1FFE7AE
:104BC00001208DF8170046E043F60400C4F202000D
:104BD0000068029004988069012831D0FFE70298AC
:104BE00000F480000499C969884229D1FFE702983E
:104BF00000F03F000499096A884221D1FFE702983A
:104C000047F6C07108400499496AB0EB811F17D17B
:104C1000FFE7029800F440300499896AC9034FF60F
:104C2000FF729143A1F58031884209D1FFE70298D4
:104C300000F070600499C96AB0EB016F04D0FFE71F
:104C400001208DF8170006E0FFE7FFE7FFE70020EF
:104C50008DF81700FFE79DF8170006B080BD000033
:104C600081B0009001B0704781B0009001B07047F2
:104C700080B582B00090009820B9FFE701208DF840
:104C800007003FE0009890F83D0040B9FFE7009929
:104C9000002081F83C00009800F038F8FFE7009908
:104CA000022081F83D00009951F8040B01F072FEDA
:104CB0000099012081F84600FFE70099012081F862
:104CC0003E00009981F83F00009981F8400000996A
:104CD00081F84100FFE7FFE70099012081F84200D9
:104CE000009981F84300009981F84400009981F807
:104CF0004500FFE70099012081F83D0000208DF874
:104D00000700FFE79DF8070002B080BD81B000906A
:104D100001B0704783B00190019890F83D000128E0
:104D200004D0FFE701208DF80B006AE00199022012
:104D300081F83D0001980168C86840F00100C86032
:104D4000019800680021C4F2010188423CD0FFE7CD
:104D500001980068B0F1804F36D0FFE701980068F5
:104D600040F20041C4F2000188422DD0FFE70198D3
:104D7000006840F60001C4F20001884224D0FFE739
:104D80000198006840F60041C4F2000188421BD03F
:104D9000FFE70198006840F20041C4F20101884237
:104DA00012D0FFE70198006844F20001C4F201014B
:104DB000884209D0FFE70198006841F60001C4F27B
:104DC0000001884212D1FFE701980068806800F076
:104DD000070000900098062807D0FFE701980168B7
:104DE000086840F001000860FFE706E001980168EC
:104DF000086840F001000860FFE700208DF80B0014
:104E0000FFE79DF80B0003B07047000081B00090F1
:104E100001B0704780B584B0039003980068C06803
:104E2000029003980068006901909DF804008007D3
:104E3000002824D5FFE79DF80800800700281DD52D
:104E4000FFE7039801686FF00200086103990120F1
:104E50000877039800688069800720B1FFE703980E
:104E6000FFF7D4FF06E0039800F018F9039800F06C
:104E700033FAFFE7039900200877FFE7FFE79DF883
:104E800004004007002825D5FFE79DF808004007EB
:104E900000281ED5FFE7039801686FF00400086141
:104EA00003990220087703980068806910F4407F16
:104EB00004D0FFE70398FFF7A9FF06E0039800F08E
:104EC000EDF8039800F008FAFFE70399002008774F
:104ED000FFE7FFE79DF804000007002824D5FFE75F
:104EE0009DF80800000700281DD5FFE7039801681A
:104EF0006FF00800086103990420087703980068A0
:104F0000C069800720B1FFE70398FFF77FFF06E045
:104F1000039800F0C3F8039800F0DEF9FFE7039967
:104F200000200877FFE7FFE79DF80400C00600288F
:104F300025D5FFE79DF80800C00600281ED5FFE72D
:104F4000039801686FF01000086103990820087742
:104F500003980068C06910F4407F04D0FFE703980D
:104F6000FFF754FF06E0039800F098F8039800F06C
:104F7000B3F9FFE7039900200877FFE7FFE79DF803
:104F80000400C00778B1FFE79DF80800C00748B1EA
:104F9000FFE7039801686FF001000861039800F0D3
:104FA0009FF9FFE7FFE79DF804000006002810D5F1
:104FB000FFE79DF808000006002809D5FFE70398E1
:104FC00001686FF0800008610398FFF749FEFFE772
:104FD000FFE79DF804004006002810D5FFE79DF884
:104FE00008004006002809D5FFE7039801686FF024
:104FF00040000861039800F085F9FFE7FFE79DF89E
:1050000004008006002810D5FFE79DF80800800600
:10501000002809D5FFE7039801686FF020000861B8
:105020000398FFF721FEFFE7FFE704B080BD000013
:1050300080B588B0079000200690059004900390FA
:1050400002900798006841F60001C4F2000188420E
:1050500022D1FFE7FFE70020019043F63000C4F2C1
:105060000200016841F080010160006800F08000EA
:1050700001900198FFE74020029002200390002059
:10508000049005900920069041F60040C4F2020009
:1050900002A9FEF733FDFFE708B080BD81B00090A4
:1050A00001B0704780B586B0049003910292002051
:1050B0008DF80700FFE7049890F83C00012804D120
:1050C000FFE702208DF8170089E00499012081F89C
:1050D0003C00FFE7FFE7029800900C2800F2708088
:1050E0000099DFE801F0076D6D6D206D6D6D3A6D13
:1050F0006D6D530004980068039901F01DFD04983C
:105100000168886940F0080088610498016888692E
:1051100020F0040088610398026904980168886996
:105120001043886150E004980068039901F07AFD0B
:1051300004980168886940F40060886104980168F7
:10514000886920F480608861039802690498016886
:10515000886940EA0220886136E004980068039973
:1051600001F0DAFD04980168C86940F00800C861E0
:1051700004980168C86920F00400C86103980269B6
:1051800004980168C8691043C8611DE0049800686C
:10519000039901F03BFE04980168C86940F400607F
:1051A000C86104980168C86920F48060C8610398E8
:1051B000026904980168C86940EA0220C86103E0F6
:1051C00001208DF80700FFE7FFE70499002081F830
:1051D0003C00FFE79DF807008DF81700FFE79DF8FA
:1051E000170006B080BD000080B582B00090009826
:1051F00020B9FFE701208DF807003FE0009890F804
:105200003D0040B9FFE70099002081F83C0000987C
:1052100000F038F8FFE70099022081F83D0000997E
:1052200051F8040B01F0B6FB0099012081F846000B
:10523000FFE70099012081F83E00009981F83F00C6
:10524000009981F84000009981F84100FFE7FFE7ED
:105250000099012081F84200009981F843000099EB
:1052600081F84400009981F84500FFE7009901208A
:1052700081F83D0000208DF80700FFE79DF807004A
:1052800002B080BD80B584B003900398006841F6F9
:105290000001C4F2000188421BD1FFE7FFE70020B4
:1052A000029043F64000C4F20200016841F0400160
:1052B0000160006800F0400002900298FFE72B2098
:1052C000019005210022FEF7EFFE0198FEF7E2FEB5
:1052D000FFE704B080BD000081B0009001B07047CE
:1052E00080B582B001900198006840F60001C4F2D8
:1052F0000001884203D1FFE7FEF7FEFDFFE702B0A1
:1053000080BD000081B0009001B0704780B586B0CC
:1053100004900391ADF80A20049890F842002028E8
:1053200048D1FFE7039820B1FFE7BDF80A0020B994
:10533000FFE701208DF8170040E004990120086381
:1053400004990020486304980399BDF80A2002F0EC
:10535000ADF88DF809000498006B012821D1FFE712
:10536000FFE700200190049800680068019004980D
:105370000068406801900198FFE7FFE7FFE70498A5
:10538000006850E8030F40F010000090FFE700991C
:105390000498026842E803100028F0D1FFE7FFE715
:1053A00003E001208DF80900FFE79DF809008DF862
:1053B000170003E002208DF81700FFE79DF81700A3
:1053C00006B080BD80B58AB00990ADF8221009986A
:1053D000006841F20041C4F20101884235D1FFE783
:1053E00006F0C0FE01688A6801219047079009987D
:1053F000029007980168896B8847014602988842A5
:1054000022D1FFE740F2FC10C2F200000590BDF887
:105410002200ADF81800079801680A6B05A99047AB
:1054200045F2CC51C0F60101086849680491039027
:10543000079801688A6A03A9019190470199079822
:105440000268526B9047FFE7FFE70998006847F64C
:105450000041C4F20001884212D1FFE742F6B420B5
:10546000C2F20000006850B1FFE742F6B420C2F279
:1054700000000068BDF8221007F05EF9FFE7FFE7C3
:105480000AB080BD80B584B003900398006847F6E9
:105490000041C4F20001884237D1FFE7FFE7002056
:1054A00002900398006800680290039800684068C2
:1054B00002900298FFE7FFE7002001900398006840
:1054C0000068019003980068406801900198FFE728
:1054D000FFE70020009003980068006800900398A0
:1054E0000068406800900098FFE742F6B420C2F2DE
:1054F0000000006840B1FFE742F6B420C2F20000AD
:10550000006807F05DF9FFE7FFE704B080BD000029
:1055100080B592B0119011980068006810901198B1
:105520000068C0680F901198006840690E900020D4
:105530000D900C90109800F00F000D900D9888B908
:10554000FFE79DF84000800600280AD5FFE79DF898
:105550003C008006002804D5FFE7119801F054FEB6
:1055600002E2FFE70D98002800F0C280FFE79DF8F7
:105570003800C00738B9FFE7BDF83C0010F4907F51
:1055800000F0B680FFE79DF84000C00758B1FFE784
:105590009DF83D00C00730B1FFE71199486C40F01D
:1055A00001004864FFE79DF84000400700280BD544
:1055B000FFE79DF83800C00730B1FFE71199486C4C
:1055C00040F002004864FFE79DF840008007002893
:1055D0000BD5FFE79DF83800C00730B1FFE7119900
:1055E000486C40F004004864FFE79DF84000000765
:1055F000002811D5FFE79DF83C008006002805D45F
:10560000FFE79DF83800C00730B1FFE71199486CFB
:1056100040F008004864FFE71198406C002866D00D
:10562000FFE79DF84000800600280AD5FFE79DF8B7
:105630003C008006002804D5FFE7119801F0E4FD46
:10564000FFE7119800684069C0F380100C90119832
:10565000406C0007002804D4FFE70C9800283ED0D7
:10566000FFE7119801F056FD119800684069400667
:1056700000282FD5FFE7FFE7FFE71198006850E803
:10568000050F20F040000B90FFE70B99119802687E
:1056900042E805100028F0D1FFE7FFE71198C06B42
:1056A00098B1FFE71198C16B46F6C160C0F60000E3
:1056B00008651198C06BFDF755FF28B1FFE71198F9
:1056C000C06B016D8847FFE703E01198FFF7DAFE32
:1056D000FFE703E01198FFF7D5FEFFE706E011981A
:1056E000FFF7D0FE119900204864FFE7FFE73BE198
:1056F0001198006B012840F01781FFE79DF84000EA
:10570000C006002840F11081FFE79DF83C00C0066C
:10571000002840F10981FFE7FFE700200A90119877
:10572000006800680A901198006840680A900A981A
:10573000FFE71198006840694006002840F19A8010
:10574000FFE71198C06B00684068ADF82600BDF80F
:105750002600002875D0FFE7BDF826001199898D35
:1057600088426EDAFFE7BDF826001199C8851198C6
:10577000C06BC069B0F5807F58D0FFE7FFE7FFE757
:105780001198006850E8030F20F480700890FFE73C
:1057900008991198026842E803100028F0D1FFE749
:1057A000FFE7FFE7FFE71198006850E8050F20F0DA
:1057B00001000790FFE707991198026842E8051079
:1057C0000028F0D1FFE7FFE7FFE7FFE71198006847
:1057D00050E8050F20F040000690FFE70699119869
:1057E000026842E805100028F0D1FFE7FFE71199B1
:1057F000202081F84200119900200863FFE7FFE7AD
:105800001198006850E8030F20F010000590FFE7A2
:1058100005991198026842E803100028F0D1FFE7CB
:10582000FFE71198C06BFDF727FEFFE711990220F3
:1058300048631198818DC28D891A89B2FFF7C2FD24
:1058400017E0BDF826001199898D884210D1FFE735
:105850001198C06BC069B0F5807F08D1FFE711993E
:10586000022048631198818DFFF7ACFDFFE7FFE749
:10587000FFE779E01199888DC98D401AADF81200C3
:105880001198C08D00284ED0FFE7BDF81200002807
:1058900049D0FFE7FFE7FFE71198006850E8030FE2
:1058A00020F490700390FFE703991198026842E892
:1058B00003100028F0D1FFE7FFE7FFE7FFE71198AB
:1058C000006850E8050F20F001000290FFE7029900
:1058D0001198026842E805100028F0D1FFE7FFE7C1
:1058E0001199202081F84200119900200863FFE7F8
:1058F000FFE71198006850E8030F20F010000190B6
:10590000FFE701991198026842E803100028F0D1DE
:10591000FFE7FFE71199022048631198BDF81210C4
:10592000FFF750FDFFE71FE09DF84000000600284C
:105930000AD5FFE79DF83C000006002804D5FFE7E4
:10594000119801F07DFE0FE09DF840004006002810
:105950000AD5FFE79DF83C004006002804D5FFE784
:10596000119801F021FCFFE712B080BD80B582B034
:105970000090009820B9FFE701208DF8070040E073
:105980000098806908B1FFE700E0FFE7009890F811
:10599000410040B9FFE70099002081F840000098DD
:1059A00000F034F8FFE70099242081F841000098C6
:1059B0000168C86820F40050C860009801F0D8FC65
:1059C00000980168086920F4904008610098016817
:1059D000486920F02A00486100980168C86840F4CE
:1059E0000050C860009900204864009A202182F885
:1059F0004110009A82F84210009948638DF8070020
:105A0000FFE79DF8070002B080BD000080B598B0A8
:105A100017900020169015901490139012901798DC
:105A2000006847F60041C4F20001884240F09180CE
:105A3000FFE7FFE70020119043F64000C4F20200A8
:105A4000016841F000410160006800F000401190E1
:105A50001198FFE7FFE70020109043F63000C4F2F2
:105A60000200016841F010010160006800F01000C0
:105A700010901098FFE7032012900221139100214B
:105A80000A91149115900820169041F20000C4F27A
:105A9000020012A9FEF732F80A9943F2A040C2F2BE
:105AA00000000B9046F21002C4F2020202604FF0B6
:105AB0002062426040228260C1604FF480620261D5
:105AC00041618161C16101624162FDF7FDFE18B172
:105AD000FFE7FCF739FDFFE7FFE7179843F2A04126
:105AE000C2F20001816317988863FFE743F24040E8
:105AF000C2F20000099046F2A001C4F20201016066
:105B00004FF02061416000218160C1604FF48062EC
:105B1000026141618161C16101624162FDF7D4FEB0
:105B200018B1FFE7FCF710FDFFE7FFE7179843F216
:105B30004041C2F20001C16317988863FFE7532018
:105B4000089005210022FEF7AFFA0898FEF7A2FAA6
:105B500038E11798006841F20001C4F2010188425F
:105B600040F09280FFE7FFE700200F9043F64400EB
:105B7000C4F20200016841F010010160006800F009
:105B800010000F900F98FFE7FFE700200E9043F6FC
:105B90003000C4F20200016841F0020101600068B7
:105BA00000F002000E900E98FFE7C0201290022035
:105BB0001390002006901490032015900720169053
:105BC00040F20040C4F2020012A9FDF797FF0699C7
:105BD00043F20050C2F20000079046F24042C4F285
:105BE000020202604FF0006242608160C1604FF4C7
:105BF0008062026141618161C16101624162FDF7C0
:105C000063FE18B1FFE7FCF79FFCFFE7FFE717987B
:105C100043F20051C2F20001C16317988863FFE7A5
:105C200043F26050C2F20000059046F2B841C4F25F
:105C3000020101604FF0006141604021816000215C
:105C4000C1604FF48062026141618161C1610162A2
:105C50004162FDF739FE18B1FFE7FCF775FCFFE77D
:105C6000FFE7179843F26051C2F200018163179871
:105C70008863FFE72520049005210022FEF714FA2F
:105C80000498FEF707FA9CE01798006841F200417B
:105C9000C4F20101884240F09380FFE7FFE7002053
:105CA0000D9043F64400C4F20200016841F0200167
:105CB0000160006800F020000D900D98FFE7FFE7FD
:105CC00000200C9043F63000C4F20200016841F05D
:105CD00040010160006800F040000C900C98FFE764
:105CE0004FF48440129002201390002002901490F0
:105CF000032015900820169041F60000C4F202001F
:105D000012A9FDF7FBFE029943F2C050C2F2000057
:105D1000039046F22842C4F2020202604FF0206271
:105D200042608160C1604FF48062026141618161C3
:105D3000C16101624162FDF7C7FD18B1FFE7FCF7E1
:105D400003FCFFE7FFE7179843F2C051C2F20001DE
:105D5000C16317988863FFE743F22060C2F2000036
:105D6000019046F2A041C4F2020101604FF02061AF
:105D70004160402181600021C1604FF48062026176
:105D800041618161C16101624162FDF79DFD18B110
:105D9000FFE7FCF7D9FBFFE7FFE7179843F2206125
:105DA000C2F20001816317988863FFE747200090E3
:105DB00005210022FEF778F90098FEF76BF9FFE75E
:105DC000FFE7FFE718B080BD80B58AB00890079163
:105DD000ADF81A20059300200290089890F8420030
:105DE000202840F08880FFE7079820B1FFE7BDF842
:105DF0001A0020B9FFE701208DF827007FE00899FD
:105E000000204864089A222182F842100899086309
:105E1000FEF76CF80290BDF81A0008998885BDF865
:105E20001A000899C88508988068B0F5805F09D184
:105E3000FFE70898006928B9FFE700200490079859
:105E4000039004E00798049000200390FFE7FFE729
:105E50000898C08D002846D0FFE70898029B059956
:105E60006A4611602021002201F034FC40B1FFE7B6
:105E70000899202081F8420003208DF827003EE099
:105E8000049858B9FFE70898006840686FF35F20EE
:105E9000039908800398023003901FE008988068F7
:105EA000B0F5805F08D0FFE70898806850B9FFE739
:105EB0000898006930B9FFE70898006840680499BD
:105EC000087007E008980068406800F07F000499B7
:105ED0000870FFE7049801300490FFE70899C88D27
:105EE0000138C885B4E70899202081F842000020D5
:105EF0008DF8270003E002208DF82700FFE79DF8CA
:105F000027000AB080BD000080B584B002900191E6
:105F1000ADF80220029890F84200202817D1FFE740
:105F2000019820B1FFE7BDF8020020B9FFE701208A
:105F30008DF80F000FE00299002008630298019984
:105F4000BDF8022001F0B2FA8DF80F0003E0022044
:105F50008DF80F00FFE79DF80F0004B080BD000032
:105F600080B584B002900191ADF80220029890F8BB
:105F70004200202817D1FFE7019820B1FFE7BDF8C4
:105F8000020020B9FFE701208DF80F000FE0029911
:105F90000020086302980199BDF8022001F01EFB61
:105FA0008DF80F0003E002208DF80F00FFE79DF849
:105FB0000F0004B080BD000081B0009001B07047B8
:105FC00081B0009001B0704780B58AB00890079109
:105FD000ADF81A20059300200290089890F841002F
:105FE000202840F08180FFE7079820B1FFE7BDF847
:105FF0001A0020B9FFE701208DF8270078E0089902
:10600000002048640899212081F84100FDF76EFFC7
:106010000290BDF81A0008998884BDF81A00089902
:10602000C88408988068B0F5805F09D1FFE70898B8
:10603000006928B9FFE7002004900798039004E066
:106040000798049000200390FFE7FFE70898C08CB2
:1060500078B3FFE70898029B05996A461160802192
:10606000002201F037FB40B1FFE70899202081F8BA
:10607000410003208DF827003AE0049858B9FFE763
:10608000039800886FF35F200899096848600398B7
:106090000230039008E00498007808990968486085
:1060A000049801300490FFE70899C88C0138C8842F
:1060B000CCE70898029B05996A46116040210022AE
:1060C00001F008FB40B1FFE70899202081F841006A
:1060D00003208DF827000BE00899202081F841006B
:1060E00000208DF8270003E002208DF82700FFE74D
:1060F0009DF827000AB080BD80B586B0049003915A
:10610000ADF80A20049890F8410020286AD1FFE7F2
:10611000039820B1FFE7BDF80A0020B9FFE701208E
:106120008DF8170062E0039804990862BDF80A0030
:1061300004998884BDF80A000499C8840499002051
:106140004864049A212182F8411004998A6B47F22D
:106150008101C0F60001D16304998A6B47F2FD0109
:10616000C0F60001116404998A6B46F6DD61C0F641
:106170000001D1640499896B086503A80190049813
:106180000268806B019909680432BDF80A30FDF796
:1061900053FC58B1FFE7049910204864049920206B
:1061A00081F8410001208DF817001FE00498016874
:1061B0006FF040000860FFE7FFE70498006850E8D0
:1061C000050F40F080000090FFE7009904980268F6
:1061D00042E805100028F0D1FFE7FFE700208DF826
:1061E000170003E002208DF81700FFE79DF8170065
:1061F00006B080BD84B002900191ADF802200298F3
:1062000090F84100202826D1FFE7019820B1FFE750
:10621000BDF8020020B9FFE701208DF80F001EE055
:10622000019802990862BDF8020002998884BDF8BD
:1062300002000299C884029900204864029A212130
:1062400082F8411002990A68D16841F08001D1605A
:106250008DF80F0003E002208DF80F00FFE79DF896
:106260000F0004B07047000080B582B00190019823
:10627000006847F60041C4F2000188420FD1FFE7F1
:1062800042F6B420C2F20000006840B1FFE742F6D7
:10629000B420C2F20000006806F05CFAFFE702B02A
:1062A00080BD000081B0009001B07047FFE7FEE7BD
:1062B00080B582B043F2F030C2F20000009046F2A6
:1062C0000041C4F2000101600921416000210191F7
:1062D0008160C1604FF4803202614FF480124261EC
:1062E000017641768176C17601774177FCF740FEF1
:1062F00018B1FFE7FCF728F9FFE702B080BD000006
:1063000080B582B043F21840C2F20000009046F619
:106310000001C4F2000101600921416000210191E6
:106320008160C1604FF4803202614FF4801242619B
:10633000017641768176C17601774177FCF718FEC8
:1063400018B1FFE7FCF700F9FFE702B080BD0000DD
:1063500080B58AB0FFE70020099043F63000C4F210
:106360000200016841F480010160006800F48000CF
:1063700009900998FFE7FFE70020089043F63000F6
:10638000C4F20200016841F400110160006800F4E9
:10639000001008900898FFE70B2000900521059158
:1063A00000220692FDF780FE0098FDF773FE059926
:1063B000069A11200190FDF777FE0198FDF76AFE1D
:1063C0000599069A39200290FDF76EFE0298FDF7B6
:1063D00061FE0599069A3A200390FDF765FE039841
:1063E000FDF758FE0599069A45200490FDF75CFEDE
:1063F0000498FDF74FFE0599069A46200790FDF791
:1064000053FE0798FDF746FE0AB080BD80B582B006
:1064100046F66500C0F6000045F63802C0F60102F7
:10642000002101910AF0F2FF019942F68422C2F2A2
:106430000002106046F61500C0F6000045F6A40202
:10644000C0F601020AF0E2FF019943F6C462C2F20B
:106450000002106042F2B520C0F6000045F61402BA
:10646000C0F601020AF0D2FF019942F67422C2F28C
:106470000002106047F2D170C0F6000045F69C2281
:10648000C0F601020AF0C2FF019943F6E862C2F2C7
:106490000002106046F2F570C0F6000045F680027A
:1064A000C0F601020AF0B2FF019943F6C062C2F2DF
:1064B0000002106046F2FD60C0F6000045F65C0286
:1064C000C0F601020AF0A2FF43F6FC01C2F200018D
:1064D000086002B080BD000086B0FFE70020059094
:1064E00043F63000C4F20200016841F0100101607F
:1064F000006800F0100005900598FFE7FFE7002016
:10650000049043F63000C4F20200016841F04001FB
:106510000160006800F0400004900498FFE7FFE786
:106520000020039043F63000C4F20200016841F0FD
:1065300001010160006800F0010003900398FFE78B
:10654000FFE70020029043F63000C4F20200016829
:1065500041F002010160006800F002000290029820
:10656000FFE7FFE70020019043F63000C4F202008D
:10657000016841F008010160006800F00800019026
:106580000198FFE7FFE70020009043F63000C4F2D7
:106590000200016841F080010160006800F08000A5
:1065A00000900098FFE706B07047000080B588B003
:1065B00000210091079106910591049103910291A8
:1065C000019143F28060C2F2000041F60002C4F281
:1065D00000020260B3224260816040F28F12C2600A
:1065E00001618161FEF700FE18B1FFE7FBF7ACFF28
:1065F000FFE760200190002202920392059243F28D
:106600008060C2F2000001A9FEF74CFD18B1FFE75F
:10661000FBF79AFFFFE743F28060C2F20000FEF74B
:1066200007FD08B080BD000080B582B043F2A070C5
:10663000C2F20000019047F60041C4F2000101607F
:106640004EF6D841C0F20D01416000218160C16069
:1066500001610C2242618161C161FFF787F918B1C4
:10666000FFE7FBF771FFFFE702B080BD80B582B0A6
:1066700043F21070C2F20000019041F20001C4F236
:106680000101016048F2A061C0F2010141604FF4D4
:10669000805181600021C1604FF4806202610C2250
:1066A00042618161C161FFF761F918B1FFE7FBF752
:1066B0004BFFFFE702B080BD80B582B043F2587057
:1066C000C2F20000019041F20041C4F201010160F8
:1066D0004FF4E131416000218160C16001610C2211
:1066E00042618161C161FFF741F918B1FFE7FBF732
:1066F0002BFFFFE702B080BDFFE7FEE780B582B069
:1067000001900DF0A5F9009001F034FD01F092F830
:10671000FFE701F0CDF901200AF010FEF9E70000D3
:10672000FFE7FEE788B0079006910592079800F012
:10673000070004900498C0F10700052803D3FFE781
:106740000420019004E00498C0F107000190FFE7E5
:106750000198039004980430062803D8FFE700202E
:10676000009003E0049803380090FFE7009802903F
:1067700006980399012202FA01F101390840029BAF
:10678000984005999A40013A1140084308B0704773
:10679000EFF30980BFF36F8F154B1A681EF0100FCF
:1067A00008BF20ED108A20E9F04F10602DE90900A4
:1067B0004FF0500080F31188BFF34F8FBFF36F8FFE
:1067C0000CF04EFB4FF0000080F31188BDE809008B
:1067D00019680868B0E8F04F1EF0100F08BFB0EC61
:1067E000108A80F30988BFF36F8F704700BF00BF26
:1067F000483A002080B584B003900DF029F902904A
:10680000FFE702A8012101910CF0C2F901980AF0FA
:1068100095FDF6E780B582B001900DF019F9009072
:1068200001F078F8FFE7684605210CF0B1F9FAE7C6
:10683000074B19680868B0E8F04F80F30988BFF388
:106840006F8F4FF0000080F31188704700BF00BFCA
:10685000483A002080B56FF0040000210AF00AFCDD
:1068600080BD000080B582B00190FFE701200AF0F2
:1068700065FDFBE780B54EF21000CEF20000006827
:106880000DF0CAF8012803D0FFE70CF0F9FBFFE791
:1068900080BD000080B594B008A83021F9F73AFE19
:1068A000002007900690059004900390FFE70020D9
:1068B000029043F64000C4F20200016841F08051AA
:1068C0000160006800F0805002900298FFE7FFE747
:1068D0000020019047F20000C4F20000016841F47A
:1068E00040410160006800F4404001900198FFE7DA
:1068F000012008904FF48030099002200E904FF450
:1069000080010F9106211091B4211191129008205D
:10691000139008A8FDF744FE18B1FFE7FBF714FE3B
:10692000FFE7FDF7E3FB18B1FFE7FBF70DFEFFE71D
:106930000F20039002200490002005904FF4A050F7
:1069400006904FF48050079003A80521FDF72EFC18
:1069500018B1FFE7FBF7F8FDFFE714B080BD0000BA
:106960004EF68851CEF20001086840F470000860CD
:106970007047000080B543F2C860C2F20000FEF725
:1069800049FA80BD80B543F28060C2F20000FEF794
:1069900041FA80BD83B00290019102980068009096
:1069A00002980021C4F20101884225D0FFE7029835
:1069B000B0F1804F20D0FFE7029840F20041C4F2CE
:1069C0000001884218D0FFE7029840F60001C4F2A7
:1069D0000001884210D0FFE7029840F60041C4F25F
:1069E0000001884208D0FFE7029840F20041C4F25B
:1069F000010188420AD1FFE7009820F07000009062
:106A000001984168009808430090FFE70298002130
:106A1000C4F20101884255D0FFE70298B0F1804FDF
:106A200050D0FFE7029840F20041C4F200018842D2
:106A300048D0FFE7029840F60001C4F20001884206
:106A400040D0FFE7029840F60041C4F200018842BE
:106A500038D0FFE7029840F20041C4F201018842B9
:106A600030D0FFE7029844F20001C4F201018842ED
:106A700028D0FFE7029844F20041C4F201018842A5
:106A800020D0FFE7029844F60001C4F201018842D9
:106A900018D0FFE7029841F60001C4F200018842D5
:106AA00010D0FFE7029841F60041C4F2000188428D
:106AB00008D0FFE7029842F20001C4F200018842C8
:106AC0000AD1FFE7009820F4407000900198C16857
:106AD000009808430090FFE7009820F0800001999B
:106AE000496908430090019880680299C86201983A
:106AF00000680299886202980021C4F2010188426C
:106B000008D0FFE7029840F20041C4F20101884238
:106B100005D1FFE70198006902990863FFE7029930
:106B2000086840F00400086002990120486100985C
:106B30000299086003B0704785B0049003910498EF
:106B4000006A01900499086A20F001000862049824
:106B500040680090049880690290029820F07000CC
:106B60000290029820F003000290039801680298B6
:106B700008430290019820F0020001900398816878
:106B800001980843019004980021C4F20101884251
:106B900008D0FFE7049840F20041C4F201018842A6
:106BA0000ED1FFE7019820F0080001900398C1681A
:106BB000019808430190019820F004000190FFE73C
:106BC00004980021C4F20101884208D0FFE704982C
:106BD00040F20041C4F20101884213D1FFE700985E
:106BE00020F480700090009820F4007000900398CA
:106BF0004169009808430090039881690098084310
:106C00000090FFE700980499486002980499886111
:106C1000039840680499486301980499086205B094
:106C20007047000085B0049003910498006A0190B9
:106C30000499086A20F010000862049840680090E7
:106C4000049880690290029820F4E0400290029833
:106C500020F44070029003980168029840EA0120F5
:106C60000290019820F0200001900398816801981B
:106C700040EA0110019004980021C4F20101884209
:106C800008D0FFE7049840F20041C4F201018842B5
:106C90000FD1FFE7019820F0800001900398C168B0
:106CA000019840EA01100190019820F04000019005
:106CB000FFE704980021C4F20101884208D0FFE7F1
:106CC000049840F20041C4F20101884215D1FFE767
:106CD000009820F480600090009820F400600090FC
:106CE00003984169009840EA810000900398816907
:106CF000009840EA81000090FFE7009804994860FE
:106D000002980499886103984068049988630198FF
:106D10000499086205B0704785B004900391049807
:106D2000006A01900499086A20F48070086204984F
:106D3000406800900498C0690290029820F07000AA
:106D40000290029820F003000290039801680298D4
:106D500008430290019820F4007001900398816824
:106D6000019840EA0120019004980021C4F2010139
:106D7000884208D0FFE7049840F20041C4F20101C4
:106D800088420FD1FFE7019820F40060019003983A
:106D9000C168019840EA01200190019820F48060C8
:106DA0000190FFE704980021C4F20101884208D055
:106DB000FFE7049840F20041C4F20101884215D176
:106DC000FFE7009820F480500090009820F40050D5
:106DD000009003984169009840EA011000900398E0
:106DE0008169009840EA01100090FFE7009804993B
:106DF000486002980499C861039840680499C86380
:106E000001980499086205B07047000085B00490AD
:106E100003910498006A01900499086A20F4805054
:106E200008620498406800900498C0690290029833
:106E300020F4E0400290029820F440700290039801
:106E40000168029840EA01200290019820F4005065
:106E5000019003988168019840EA013001900498FC
:106E60000021C4F20101884208D0FFE7049840F2F3
:106E70000041C4F2010188420BD1FFE7009820F4E1
:106E80008040009003984169009840EA811000908A
:106E9000FFE700980499486002980499C861039834
:106EA00040680499086401980499086205B0704725
:106EB00080B543F2A070C2F20000FEF729FB80BD4E
:106EC00080B582B001900198806B009000990020FD
:106ED000C8850098FEF7D6FA02B080BD80B584B0B0
:106EE0000390002002900398806B01900198006845
:106EF0004069C0B2C0090290019890F84100212871
:106F00000AD1FFE7029838B1FFE701990020C88451
:106F1000019800F05DF9FFE7019800684069C0F34F
:106F200080100290019890F8420022280AD1FFE7D1
:106F3000029838B1FFE701990020C885019800F058
:106F4000E9F8FFE70199486C40F0100048640198A7
:106F5000FEF798FA04B080BD80B586B0059005981C
:106F6000806B0490059800680068C00500285AD41A
:106F7000FFE704990020C885FFE7FFE70498006851
:106F800050E8030F20F480700390FFE70399049802
:106F9000026842E803100028F0D1FFE7FFE7FFE7AF
:106FA000FFE70498006850E8050F20F00100029008
:106FB000FFE702990498026842E805100028F0D122
:106FC000FFE7FFE7FFE7FFE70498006850E8050FD9
:106FD00020F040000190FFE701990498026842E820
:106FE00005100028F0D1FFE7FFE70499202081F881
:106FF00042000498006B012814D1FFE7FFE7FFE788
:107000000498006850E8030F20F010000090FFE79C
:1070100000990498026842E803100028F0D1FFE7C5
:10702000FFE7FFE7FFE70499002048630498006B3F
:10703000012805D1FFE70498818DFEF7C3F903E02D
:107040000498FEF7B9FFFFE706B080BD80B582B0B7
:1070500001900198806B009000990120486300988E
:10706000006B012806D1FFE70098818D4908FEF7E3
:10707000A9F903E00098FEF7A3FFFFE702B080BD87
:1070800080B584B003900398806B029003980068E9
:107090000068C00500282AD4FFE702990020C884B0
:1070A000FFE7FFE70298006850E8050F20F0800036
:1070B0000190FFE701990298026842E80510002854
:1070C000F0D1FFE7FFE7FFE7FFE70298006850E82D
:1070D000030F40F040000090FFE70099029802681B
:1070E00042E803100028F0D1FFE7FFE703E0029831
:1070F000FFF7BAF8FFE704B080BD000080B582B0AA
:1071000001900198806B00900098FFF7CBF802B0D7
:1071100080BD000084B00390FFE7FFE7039800689C
:1071200050E8030F20F490700290FFE70299039853
:10713000026842E803100028F0D1FFE7FFE7FFE70D
:10714000FFE70398006850E8050F20F00100019068
:10715000FFE701990398026842E805100028F0D182
:10716000FFE7FFE70398006B012814D1FFE7FFE773
:10717000FFE70398006850E8030F20F0100000902C
:10718000FFE700990398026842E803100028F0D155
:10719000FFE7FFE7FFE70399202081F8420003990A
:1071A0000020086304B0704780B582B00190019858
:1071B0000168C86820F04000C8600199202081F86B
:1071C00041000198FFF750F8002002B080BD000098
:1071D00082B00190FFE7FFE70198006850E8030FD5
:1071E00020F0C0000090FFE700990198026842E893
:1071F00003100028F0D1FFE7FFE70199202081F874
:10720000410002B07047000080B586B004900020B5
:1072100003900290049890F84200222840F0A08049
:10722000FFE704988068B0F5805F13D1FFE704980A
:10723000006978B9FFE70498806A029004980068B2
:1072400040686FF35F20029908800499886A0230D1
:10725000886223E00498806A039004988068B0F5FF
:10726000805F08D0FFE70498806850B9FFE7049872
:10727000006930B9FFE70498006840680399087016
:1072800007E004980068406800F07F0003990870E8
:10729000FFE70499886A01308862FFE70499C88D86
:1072A0000138C8850004002856D1FFE7049801681A
:1072B000C86820F02000C86004980168C86820F4FD
:1072C0008070C86004980168486920F00100486136
:1072D0000499202081F84200049900204863049812
:1072E000006B012830D1FFE7049900200863FFE715
:1072F000FFE70498006850E8030F20F010000190A9
:10730000FFE701990498026842E803100028F0D1D1
:10731000FFE7FFE7049800680068C00600280ED564
:10732000FFE7FFE7002000900498006800680090E5
:1073300004980068406800900098FFE7FFE7049811
:10734000818DFEF73FF803E00498FEF735FEFFE776
:1073500000208DF8170007E000208DF8170003E0EB
:1073600002208DF81700FFE79DF8170006B080BDDA
:1073700080B586B0059005980068006920F44050FB
:10738000059A1168D26810430861059988680B69ED
:107390004A69C96918431043084304900598006876
:1073A000C06849F20C61884304990843059909684B
:1073B000C86005980068406920F44070059A11681B
:1073C0009269104348610598006841F20001C4F2D7
:1073D0000101884209D0FFE70598006841F20041A9
:1073E000C4F20101884204D1FFE7FDF753F803908E
:1073F00003E0FDF73DF80390FFE70598C069B0F59D
:10740000004F29D1FFE703981921A0FB0101059A3C
:107410001368029353685A00DB0FF8F7B1FF029923
:10742000864648F21F53C5F2EB13AEFB0320420918
:1074300010014FF0640C02FB1CEC322202EBCC0278
:10744000A2FB0332F82303EA521300EB4300C2F31A
:1074500042121044886026E003981921A0FB010124
:10746000059A1368019353689A009B0FF8F788FFF9
:107470000199844648F21F52C5F2EB12ACFB023070
:107480004309642003FB10CC322000EB0C10A0FB5E
:107490000202F02000EA521000EB0310C2F3431284
:1074A00010448860FFE706B080BD000080B58AB058
:1074B00008900791ADF81A20079808998862BDF8DE
:1074C0001A0008998885089900204864089A2221A2
:1074D00082F842100899CA6B46F65971C0F600014D
:1074E000D1630899CA6B47F24D01C0F600011164DF
:1074F0000899CA6B46F6DD61C0F60001D1640899AF
:10750000C96B086507A8059008980168C06B04312D
:10751000059A1268BDF81A30FCF78EFA58B1FFE7E9
:107520000899102048640899202081F84200012021
:107530008DF827004EE0FFE70020049008980068CF
:107540000068049008980068406804900498FFE779
:1075500008980069A0B1FFE7FFE7FFE70898006817
:1075600050E8030F40F480700390FFE703990898F8
:10757000026842E803100028F0D1FFE7FFE7FFE7C9
:10758000FFE7FFE70898006850E8050F40F00100AA
:107590000290FFE702990898026842E80510002867
:1075A000F0D1FFE7FFE7FFE7FFE70898006850E842
:1075B000050F40F040000190FFE70199089802682C
:1075C00042E805100028F0D1FFE7FFE700208DF822
:1075D0002700FFE79DF827000AB080BD83B0029026
:1075E0000191ADF80220019802998862BDF802006D
:1075F00002998885BDF802000299C8850299002089
:1076000048640299222081F842000298006938B14A
:10761000FFE702980168C86840F48070C860FFE71F
:1076200002980168486940F00100486102980168C9
:10763000C86840F02000C860002003B07047000018
:1076400083B00190019890F8410021283AD1FFE7DA
:1076500001988068B0F5805F13D1FFE70198006959
:1076600078B9FFE70198006A0090009800886FF3EE
:107670005F200199096848600199086A0230086230
:1076800008E0019A106A411C1162007801990968AA
:107690004860FFE70199C88C0138C884000468B9C4
:1076A000FFE701980168C86820F08000C860019871
:1076B0000168C86840F04000C860FFE700208DF80E
:1076C0000B0003E002208DF80B00FFE79DF80B0094
:1076D00003B0704780B586B0DDF820C004900391F8
:1076E0008DF80B200193FFE7049800680068039968
:1076F0000840401AB0FA80F040099DF80B1088420B
:107700004DD1FFE708980130002847D0FFE7FCF78C
:10771000EDFB0199401A0899884203D8FFE70898C1
:1077200020B9FFE703208DF817003CE004980068BB
:10773000C0684007002830D5FFE7039880282CD088
:10774000FFE70398402828D0FFE704980068006806
:1077500000F008010120B0EBD10F1DD1FFE7FFE7DA
:107760000020009004980068006800900498006869
:10777000406800900098FFE70498FFF7CBFC04995D
:1077800008204864FFE70499002081F84000FFE7E3
:1077900001208DF8170006E0FFE7FFE7A4E70020CF
:1077A0008DF81700FFE79DF8170006B080BD0000B8
:1077B00080B543F21070C2F20000FDF7A9FE80BD53
:1077C00080B543F25870C2F20000FDF7A1FE80BD03
:1077D00080B584B0039000F0D5F80CF039F9029030
:1077E000FFE700F0ADFB00F0BBF800F0F7F88DF814
:1077F00007009DF80700C00718B9FFE700F0B0F8D0
:10780000FFE702A801210BF0C3F9EAE7FFE7FEE773
:1078100080B509F0AFFC09F0C1FC09F0D7FC09F014
:10782000E9FC09F0FBFC09F017FD80BD80B509F00B
:1078300097FC80BD80B58EB042F28C70C2F2000021
:107840000078BFF35F8FC007D0B9FFE742F28C70BA
:10785000C2F200000AF0FFFE90B1FFE703F0F8FF6C
:1078600001688A680021904742F66C01C2F200016B
:10787000086042F28C70C2F200000AF002FFFFE7DB
:1078800042F29070C2F200000078BFF35F8FC00731
:10789000D0B9FFE742F29070C2F200000AF0DBFEBE
:1078A00090B1FFE703F0D4FF01688A680121904797
:1078B00042F67001C2F20001086042F29070C2F21A
:1078C00000000AF0DEFEFFE742F66C00C2F20000A4
:1078D000006800900AA8019009F020F90098019929
:1078E0000268D2699047019809F030F942F67000B9
:1078F000C2F200000068029005A8039009F01AF98E
:10790000029803990268D2699047039809F01EF91A
:107910000EB080BD80B58AB004F024FC01688A688E
:1079200001219047099045F2D451C0F60101086841
:10793000496808910790099801688A6A07A99047E1
:107940000998009003A8019009F022F90098019984
:107950000268D26A9047019809F026F90AB080BD02
:1079600080B542F6B420C2F20000006840B1FFE7E3
:1079700042F6B420C2F20000006804F013FFFFE7F3
:1079800080BD000080B58AB004F0ECFB01688A6815
:10799000022190470990099942F6B820C2F20000EE
:1079A000009004F017FF009942F6B420C2F20000E4
:1079B000039001600068019005A8029009F01EF98B
:1079C0000198029904F0CEFE029809F023F9039879
:1079D000006804F0DDFE0AB080BD000080B588B00C
:1079E00042F6B420C2F20000006820B9FFE7002090
:1079F0008DF81F0057E000200690FFE70698062844
:107A000041DCFFE7069942F2A870C2F20000019043
:107A100006F010F800F074FB01460198ADF816105E
:107A200000210291ADF81410069906F00FF800F04D
:107A300067FBADF81200069800EB400040008DF89F
:107A400011009DF8111040F28410C2F20000039062
:107A50000844BDF9161000F0DBFB0299039A9DF86B
:107A600011001044023000F0D3FB03999DF811007F
:107A700008440430BDF9121000F0CAFBFFE7069875
:107A800001300690BAE742F6B420C2F20000006866
:107A900040F28412C2F2000202212A2304F03CFECA
:107AA0008DF81F00FFE79DF81F0008B080BD0000A3
:107AB00080B59AB042F2A470C2F20000007800F0E3
:107AC00001008DF8670040F2B010C2F2000016907D
:107AD00001F072F8014616988DF8661006F0C8F8A5
:107AE000014616988DF8651006F0C8F88DF8640008
:107AF0009DF8651000200129179008D1FFE79DF837
:107B000064000138B0FA80F040091790FFE7179839
:107B100000F001008DF863009DF865100020012938
:107B2000159012D1FFE79DF86410012002291490EE
:107B300008D0FFE79DF864000338B0FA80F04009F0
:107B40001490FFE714981590FFE7159800F00100D6
:107B50008DF862009DF866100020C907139021B1CE
:107B6000FFE79DF863001390FFE7139800F0010012
:107B70008DF861009DF867100020C907129021B9A7
:107B8000FFE79DF862001290FFE7129800F00100F5
:107B90008DF860009DF86100C00738B9FFE79DF8D7
:107BA0006000C007002800F00381FFE79DF8630034
:107BB000C007002800F0C480FFE742F67400C2F25C
:107BC0000000017801310170007800F00300012805
:107BD0001FD1FFE740F22850C2F2000042F67702C0
:107BE000C2F20002109243F2F033C2F2000301210C
:107BF000119100F0E7FB10981199021D40F28040AE
:107C0000C2F2000043F21843C2F2000300F0A0FBEE
:107C100073E042F67400C2F20000007800F0030046
:107C200002281FD1FFE742F67700C2F200000F9052
:107C3000421C40F22850C2F2000043F2F033C2F27C
:107C40000003022100F0BEFB0F98421D40F2C0204D
:107C5000C2F2000043F21843C2F20003012100F017
:107C60003DFB49E042F67400C2F20000007800F0EB
:107C7000030003281FD1FFE742F67700C2F200009D
:107C80000E90821C40F22850C2F2000043F2F03302
:107C9000C2F20003032100F095FB0E98821D40F212
:107CA000C020C2F2000043F21843C2F200030221D6
:107CB00000F014FB1FE042F67700C2F200000C90C7
:107CC000C21C40F2D830C2F2000043F2F033C2F2DC
:107CD000000301210D9100F03BFB0C980D99C21D92
:107CE00040F21820C2F2000043F21843C2F200032F
:107CF00000F0BAFAFFE7FFE7FFE742F67601C2F2CB
:107D000000010020087040F22850C2F200000A90E2
:107D1000022103F023FC0A988DED0B0A032103F0E6
:107D20001DFCDDED0B0AF0EE401ADFED842AB0EE0B
:107D3000620AB0EE621AB0EE622A00F02FFAFAE0A0
:107D400042F67600C2F200000078C00738B9FFE7BB
:107D500042F2A870C2F2000005F040FEFFE742F6D2
:107D60007601C2F200010120087042F2A870C2F24E
:107D7000000004F0F7FF40F22850C2F20000089023
:107D8000022103F0EBFB08988DED090A032103F0B3
:107D9000E5FBDDED090AF0EE401ADFED682AB0EEF2
:107DA000620AB0EE621AB0EE622A00F0F7F9C2E0A1
:107DB00042F67601C2F200010020087042F675001A
:107DC000C2F20000017801310170007800F0030078
:107DD00001281FD1FFE740F22850C2F2000042F60E
:107DE0007702C2F20002069243F2F033C2F20003BD
:107DF0000121079100F066FC06980799021D40F2E8
:107E00008040C2F2000043F21843C2F2000300F0C7
:107E1000F9FB73E042F67500C2F20000007800F052
:107E2000030002281FD1FFE742F67700C2F20000EC
:107E30000590421C40F22850C2F2000043F2F03399
:107E4000C2F20003022100F03DFC0598421D40F201
:107E5000C020C2F2000043F21843C2F20003012125
:107E600000F070FB49E042F67500C2F200000078B5
:107E700000F0030003281FD1FFE742F67700C2F2AB
:107E800000000490821C40F22850C2F2000043F22D
:107E9000F033C2F20003032100F014FC0498821DA9
:107EA00040F2C020C2F2000043F21843C2F20003C5
:107EB000022100F047FB1FE042F67700C2F200000B
:107EC0000290C21C40F2D830C2F2000043F2F033FC
:107ED000C2F200030121039100F094FB0298039980
:107EE000C21D40F21820C2F2000043F21843C2F251
:107EF000000300F0C7FAFFE7FFE7FFE740F2285072
:107F0000C2F200000090022103F028FB00988DEDE2
:107F1000010A032103F022FBDDED010AF0EE401A15
:107F2000DFED062AB0EE620AB0EE621AB0EE622A07
:107F300000F034F9FFE71AB080BD00BF0000000078
:107F400080B594B042F6B220C2F200000078C007BB
:107F500008B9FFE7CCE072B642F68821C2F2000110
:107F60000DF126002A22F8F788FA42F6B221C2F271
:107F700000010020087062B642F2A870C2F2000050
:107F800005F02AFF08B9FFE7B2E000200890FFE7FC
:107F90000898062800F39A80FFE7089800EB400055
:107FA0004000079007990DF12600084406900698B6
:107FB00000F03CF9ADF816000698023000F036F9F2
:107FC000ADF814000698043000F030F9ADF8120056
:107FD000BDF9160000EE100AB8EEC00A9FED451A72
:107FE00020EE010A8DED030ABDF9140000EE100A1F
:107FF000B8EEC00A9FED401A20EE010A8DED020A8C
:10800000BDF9120000EE100AB8EEC00A9FED3B1A4F
:1080100020EE010A8DED010A0398089A43F2E871F7
:10802000C2F2000141F822000298089A43F62001AA
:10803000C2F2000141F822000198089A43F60401B7
:10804000C2F2000141F822000398089A43F6001199
:10805000C2F2000141F822000298089A01EB820264
:10806000D0610198089A01EB82018863039842F677
:108070008001C2F200010A88C2EBC20340F2B8627A
:10808000C2F2000202EB8302089B42F8230002982E
:108090000A88C2EBC20341F69842C2F2000202EB28
:1080A0008302089B42F8230001980988C1EBC102B2
:1080B00041F2A811C2F2000101EB8201089A41F8D5
:1080C0002200FFE708980130089061E742F680013E
:1080D000C2F200010888013049F69A12C1F69912DD
:1080E000A0FB023202EB8202A0EB42000880FFE715
:1080F00014B080BD6801B43B40012039E001703A02
:1081000080B582B08DED010A01980DF029F941EC9E
:10811000100B9FED0F1B53EC112B51EC100B0CF0BF
:10812000E1FC41EC100B51EC100B9FED0B0B53ECF1
:10813000102B0CF029FF41EC100B51EC100B0CF044
:1081400069FEADF80200BDF9020002B080BD00BFBB
:10815000000000000080664000000000C0FFDF401B
:1081600081B08DED000A9DED000AB0EEC00A01B0AD
:108170007047000080B584B003F0F4FF01688A689E
:1081800001219047039045F2DC51C0F601010868D7
:1081900049680291019004B080BD000080B58AB0AA
:1081A0008DED090ACDED080A8DED071ACDED061A01
:1081B0008DED052ACDED042A04208DF80F000998D5
:1081C00043F6C861C2F20001086008984860079849
:1081D00088600698C86005980861049848614FF067
:1081E000FF40886103F0BEFF01688A680121904763
:1081F000029045F2E451C0F6010108684968019116
:108200000090029801680A6A694690470AB080BDEA
:1082100082B00190ADF80210BDF80200019908701B
:108220009DF803000199487002B0704781B000903A
:1082300000990878497840EA012000B201B07047FF
:1082400010B50446012898BF012400BF2046F8F766
:10825000A1F9002818BF10BD08F030FE08B1804712
:10826000F4E7002010BD000080B584B003908DF8C5
:108270000B100192009303989DF80B1002F000FF81
:10828000B8B9FFE7039800999DF80B20002300F090
:10829000BDFE03989DF80B1001F042F9012807D1AB
:1082A000FFE703989DF80B10012202F04DFFFFE756
:1082B00010E0039800999DF80B209FED072AB0EE7F
:1082C000420AF0EE420AB0EE421AF0EE421A01F013
:1082D0006FF8FFE704B080BD0000000080B584B0F7
:1082E00003908DF80B100192009303989DF80B10EA
:1082F00002F0FEFFB8B9FFE7039800999DF80B2044
:10830000002301F075FB03989DF80B1001F000FEAF
:10831000012807D1FFE703989DF80B10012203F015
:108320004BF8FFE710E0039800999DF80B209FEDB4
:10833000072AB0EE420AF0EE420AB0EE421AF0EE20
:10834000421A01F02DFDFFE704B080BD00000000DF
:1083500080B584B003908DF80B10019200930398C0
:108360009DF80B1002F08CFEB8B9FFE70398009956
:108370009DF80B20002300F049FE03989DF80B1098
:1083800001F0CEF8012807D1FFE703989DF80B1004
:10839000012202F0D9FEFFE710E0039800999DF852
:1083A0000B209FED072AB0EE420AF0EE420AB0EE33
:1083B000421AF0EE421A00F0FBFFFFE704B080BD66
:1083C0000000000080B584B003908DF80B1001927E
:1083D000009303989DF80B1003F0ECF8B8B9FFE791
:1083E000039800999DF80B20002301F0FBFF0398F0
:1083F0009DF80B1002F086FA012807D1FFE70398D9
:108400009DF80B10012203F039F9FFE710E0039803
:1084100000999DF80B209FED072AB0EE420AF0EE7E
:10842000420AB0EE421AF0EE421A02F0B3F9FFE748
:1084300004B080BD00000000F0B581B00C460546D8
:10844000012898BF0125042998BF04240027684605
:1084500021462A460097F8F7F3F8009878B96E4657
:1084600008F02CFD50B18047304621462A4600973F
:10847000F8F7E6F800980028F2D000E0002001B0FC
:10848000F0BD000080B586B005908DF81310039202
:10849000029305989DF8131002F0F2FDA0B9FFE7D2
:1084A000039900200870059802999DF813209FED0C
:1084B000242AB0EE420AF0EE420AB0EE421AF0EE82
:1084C000421A00F075FF39E00398007801460191E7
:1084D00040B1FFE7019801280FD0FFE7019802287B
:1084E00016D027E0059802999DF81320002300F08C
:1084F000FBFD03990120087020E0059802999DF882
:108500001320002300F0E6FE03990220087015E016
:1085100005989DF8131001F003F838B9FFE70598A6
:108520009DF81310002202F00FFEFFE703990020D0
:10853000087003E0039900200870FFE706B080BDD3
:108540000000000080B586B005908DF813100392EE
:10855000029305989DF8131002F0CAFEA0B9FFE738
:10856000039900200870059802999DF813209FED4B
:10857000242AB0EE420AF0EE420AB0EE421AF0EEC1
:10858000421A01F00DFC39E0039800780146019190
:1085900040B1FFE7019801280FD0FFE701980228BA
:1085A00016D027E0059802999DF81320002301F0CA
:1085B0008FFA03990120087020E0059802999DF830
:1085C0001320002301F07CFB03990220087015E0C2
:1085D00005989DF8131001F09BFC38B9FFE705984A
:1085E0009DF81310002202F0E7FEFFE70399002038
:1085F000087003E0039900200870FFE706B080BD13
:108600000000000080B586B005908DF8131003922D
:10861000029305989DF8131002F032FDA0B9FFE710
:10862000039900200870059802999DF813209FED8A
:10863000242AB0EE420AF0EE420AB0EE421AF0EE00
:10864000421A00F0B5FE39E0039800780146019126
:1086500040B1FFE7019801280FD0FFE701980228F9
:1086600016D027E0059802999DF81320002300F00A
:108670003BFD03990120087020E0059802999DF8C0
:108680001320002300F026FE03990220087015E055
:1086900005989DF8131000F043FF38B9FFE70598DF
:1086A0009DF81310002202F04FFDFFE70399002010
:1086B000087003E0039900200870FFE706B080BD52
:1086C0000000000080B586B005908DF8131003926D
:1086D000029305989DF8131002F06CFFA0B9FFE714
:1086E000039900200870059802999DF813209FEDCA
:1086F000242AB0EE420AF0EE420AB0EE421AF0EE40
:10870000421A02F047F839E00398007801460191D7
:1087100040B1FFE7019801280FD0FFE70198022838
:1087200016D027E0059802999DF81320002301F048
:10873000C9FE03990120087020E0059802999DF870
:108740001320002301F0B6FF03990220087015E002
:1087500005989DF8131002F0D5F838B9FFE7059891
:108760009DF81310002202F089FFFFE70399002013
:10877000087003E0039900200870FFE706B080BD91
:108780000000000083B002908DED010ACDED000ADB
:108790000298002101604160019A8260009AC260E3
:1087A0000161416103B0704780B582B001900198CA
:1087B0000090FBF79BFB0099886002B080BD000031
:1087C00083B00290029900918868C968401A0190AC
:1087D0000198B0F1FF3F04DCFFE70099002008603A
:1087E00003E0009901980860FFE70099086849686C
:1087F000884209D3FFE70098006920B9FFE7009994
:1088000001200861FFE709E000980069012804D110
:10881000FFE7009900200861FFE7FFE703B070471A
:1088200080B582B0019001980090FBF75FFB009942
:10883000C86002B080BD000082B001900091019834
:108840000099416000218160C1600121016102B095
:108850007047000081B000900098642141600021C1
:108860008160C1600121016101B0704780B542F2B1
:108870009470C2F200000078BFF35F8FC007A8B900
:10888000FFE742F29470C2F2000009F0E4FE68B122
:10889000FFE742F68400C2F2000000F083F942F2E2
:1088A0009470C2F2000009F0ECFEFFE742F684008B
:1088B000C2F2000080BD000080B586B005908DF842
:1088C0001310059803909DF81300FF2811D1FFE7BE
:1088D0000398012100F082F84FF4FA70029008F03A
:1088E0002DFD0398002100F079F8029808F026FD8C
:1088F00072E09DF81300FE2829D1FFE700208DF8D3
:108900001200FFE79DF8120001281CDCFFE7039826
:10891000012100F063F84FF4FA7008F00FFD03989E
:10892000002100F05BF89DF81200002804DCFFE74E
:10893000642008F003FDFFE7FFE79DF81200013017
:108940008DF81200DEE7C82008F0F8FC43E09DF83F
:108950001300FD2811D1FFE70398012100F03EF834
:108960004FF47A70019008F0E9FC0398002100F0C0
:1089700035F8019808F0E2FC2CE000208DF8110099
:10898000FFE79DF811009DF8131088421EDAFFE7FB
:108990000398012100F022F8642008F0CFFC03982E
:1089A000002100F01BF89DF811009DF8131001390B
:1089B000884204DAFFE7642008F0C0FCFFE7FFE725
:1089C0009DF8110001308DF81100DAE7C82008F099
:1089D000B5FCFFE7FFE7FFE706B080BD82B001907E
:1089E0008DF803109DF80300C00740B1FFE743F284
:1089F0008060C2F200000168EE20486307E043F2A5
:108A00008060C2F20000016800204863FFE702B006
:108A10007047000083B002908DF807100298009014
:108A20009DF80700012805DBFFE79DF807000928EE
:108A300001DBFFE729E00098007B0C2801DBFFE762
:108A400023E000208DF80600FFE700999DF806005E
:108A5000097B884211DAFFE700989DF80610405C18
:108A60009DF80710884201D1FFE70EE0FFE79DF86F
:108A7000060001308DF80600E7E700999DF8070031
:108A80000A7B531C0B738854FFE703B07047000048
:108A900083B0029002980090FF218DF80710007BB0
:108AA0000C2801DBFFE723E000208DF80600FFE73C
:108AB00000999DF80600097B884211DAFFE70098CB
:108AC0009DF80610405C9DF80710884201D1FFE731
:108AD0000EE0FFE79DF8060001308DF80600E7E79D
:108AE00000999DF807000A7B531C0B738854FFE71D
:108AF00003B0704781B000900099002008730861AE
:108B0000087501B07047000080B584B003900398E9
:108B10000090FBF7EBF9014600980291007DC00739
:108B200008B1FFE73BE0009902980969401A800804
:108B30007C2801D8FFE732E00098007B01282EDB7B
:108B4000FFE7009800788DF8070001208DF80600F7
:108B5000FFE700999DF80600097B88420EDAFFE7DF
:108B600000989DF806208118805C01F8010CFFE751
:108B70009DF8060001308DF80600EAE70098017BB9
:108B800001390173012101759DF80710FFF794FE6B
:108B9000FBF7ACF90099086100200875FFE704B005
:108BA00080BD000081B00090009800210173016138
:108BB000017501B07047000080B584B00390039840
:108BC000019034300290FFF7EFFD0298FFF7F8FDB7
:108BD000029804F0B9FF012805D1FFE7FFF746FE30
:108BE000FFF756FFFFE70198343004F0ADFFB0FA0D
:108BF00080F0400904B080BD80B582B0019001983A
:108C00003430FFF70DFE02B080BD000080B584B0A7
:108C100003908DED020A039801909DED020AFFF783
:108C20009FFA019890ED121AB4EE410AF1EE10FA93
:108C300003DAFFE700200290FFE79DED020A04B08F
:108C400080BD000080B586B0059004910598039022
:108C5000049808B9FFE7F4E00398FFF7CDFF039805
:108C60000499002202920B23009304F073FF014643
:108C7000039804F0DFFF009B0146039801800499EC
:108C80001A4604F067FF0146039804F0D3FF009BE7
:108C90000146039841800499162204F05BFF0146C7
:108CA000039804F0C7FF009B014603988180049954
:108CB000212204F04FFF0146039804F0BBFF014658
:108CC0000398C180049A117C527C04F0A3FF0146F2
:108CD0000398018104992E220223019304F03AFFA4
:108CE000019B01460398817204992C2204F032FF03
:108CF00001460398C172B0F90410A1F5806100EE3D
:108D0000101AB8EEC00AFFF781FF0398BDEEC00A43
:108D100010EE101A8181B0F90610A1F5806100EE05
:108D2000101AB8EEC00AFFF771FF0398BDEEC00A33
:108D300010EE101AC181B0F90010A1F5806100EEAB
:108D4000101AB8EEC00AFFF761FF0398BDEEC00A23
:108D500010EE101A0182B0F90210A1F5806100EE48
:108D6000101AB8EEC00AFFF751FF0398BDEEC00A13
:108D700010EE101A4182B0F90810A1F5806100EEE2
:108D8000101AB8EEC00AFFF741FF02990398BDEE32
:108D9000C00A10EE102A8282B0F90C0000F072F8BE
:108DA0000299039880ED080AB0F90E0000F06AF805
:108DB0000299039880ED090AB0F9100000F062F8FA
:108DC0000299039880ED0A0AB0F9120000F05AF8EF
:108DD0000299039880ED0B0AB0F9140000F052F8E4
:108DE000039880ED0C0A049A9179D27904F012FF6D
:108DF00001460398C182049A117A527A04F00AFF5C
:108E0000014603980183049A917AD27A04F002FF12
:108E10000146039841830499097B04F0E7FE01466B
:108E2000039801770499497B04F0E0FE014603981A
:108E30004177049A917BD27B04F0ECFE0399C883BE
:108E4000FFE706B080BD000080B584B003900291BA
:108E50000398009000210191018041808180C180B0
:108E600001818172C172C18201834183017741779F
:108E7000C18334300299FFF7DFFC009801998164C7
:108E800004B080BD84B0ADF80A00ADF80810BDF89C
:108E90000A00BDF80810401AADF80600BDF906003A
:108EA00000EE100AB8EEC00A9FED141A80EE010A17
:108EB0008DED000A9DED000AB7EE001AB4EE410AEE
:108EC000F1EE10FA04DDFFE74FF07E50039011E061
:108ED0009DED000ABFEE001AB4EE410AF1EE10FA61
:108EE00005DAFFE70020CBF68070039002E00098DF
:108EF0000390FFE79DED030A04B07047000025448E
:108F00008BB00A908DED090ACDED080A8DED071A98
:108F1000CDED061A8DED052ACDED042A8DED033A2F
:108F2000CDED023A8DED014ACDED004A0A9809993E
:108F3000016008994160079981600699C1600599AF
:108F4000016104994161039981610299C1610199AB
:108F50000162009941620BB07047000087B0069033
:108F60008DED050ACDED040A8DED031A02919DEDFC
:108F7000030A9DED041A30EE410A8DED010A0498B2
:108F800000909DED050A9DED001A30EE410A029910
:108F900001208840013801EE100AB8EEC11A20EE17
:108FA000010A9DED011A80EE010ABDEEC00A10EE25
:108FB000100A07B07047000087B0069005918DED4C
:108FC000040ACDED030A02929DED030A9DED041AF9
:108FD00030EE410A8DED010A049800909DED050ADE
:108FE000B8EEC00A9DED011A20EE010A0299012097
:108FF0008840013801EE100AB8EEC11A80EE010A6D
:109000009DED001A30EE010A07B0704780B58CB0B4
:109010000B900A918DF827208DF826300B98009040
:109020006FF0407008904FF0FF3007909DF82600D9
:1090300040B9FFE700989DF8271000EB8100806E93
:1090400003901FE09DF8260001280AD1FFE7009851
:109050009DF8271000EB8100806E00F58070039072
:109060000FE09DF8260002280AD1FFE700989DF83E
:10907000271000EB8100806E00F500700390FFE781
:10908000FFE7FFE708208DF8100007980899029184
:10909000019000208DF818008DF819000A9843F20D
:1090A000F031C2F20001884209D1FFE702F0D0FBA3
:1090B00002F0F2FC01680A6901A9904711E00A98E0
:1090C00043F21841C2F20001884209D1FFE702F0E1
:1090D000BFFB02F0EBFC01680A6901A99047FFE7BA
:1090E000FFE70CB080BD000080B58CB00B900A91FA
:1090F0008DF827208DF826300B9800906FF00070C7
:1091000008904FF0FF3007909DF8260040B9FFE728
:1091100000989DF8271000EB8100806E03901FE0FF
:109120009DF8260001280AD1FFE700989DF8271036
:1091300000EB8100806E00F5807003900FE09DF8D9
:10914000260002280AD1FFE700989DF8271000EBBF
:109150008100806E00F500700390FFE7FFE7FFE7F6
:1091600008208DF8100007980899029101900020BE
:109170008DF818008DF819000A9843F2F031C2F208
:109180000001884209D1FFE702F062FB02F084FC93
:1091900001680A6901A9904711E00A9843F2184151
:1091A000C2F20001884209D1FFE702F051FB02F050
:1091B0007DFC01680A6901A99047FFE7FFE70CB051
:1091C00080BD000080B586B005900491059801909F
:1091D00000208DF80F00FFE79DF80F00002877DCD6
:1091E000FFE7019A04988068B2F966109DF80F3085
:1091F0001A4492F868201144884262D1FFE701982E
:10920000049902910299097801F00F0C00F17002A3
:1092100000929DF80F100B01D15C01F0F001614448
:10922000D154029991F800C09DF80F100B01D15C48
:109230000CF0F00C01F00F016144D15402994B780D
:10924000897841EA03219DF80F3002EB031359801E
:10925000029BD9781B79090141EA131C9DF80F1074
:1092600002EB0113998801F47041614499800299DD
:109270000B79497903F00F0341EA032C9DF80F1095
:1092800002EB0113D98801F470416144D98002993D
:1092900089799DF80F3002EB031319720299C9798D
:1092A0009DF80F3002EB031251729DF80F1000F081
:1092B00047F901989DF80F100131C9B201F082FF02
:1092C000FFE7FFE79DF80F0001308DF80F0083E7FF
:1092D00006B080BD80B58CB00B900A918DF8272028
:1092E0008DF826300B9800906FF0806008904FF05A
:1092F000FF3007909DF8260040B9FFE700989DF8E1
:10930000271000EB8100806E03901FE09DF826007F
:1093100001280AD1FFE700989DF8271000EB810093
:10932000806E00F5807003900FE09DF82600022803
:109330000AD1FFE700989DF8271000EB8100806EAE
:1093400000F500700390FFE7FFE7FFE708208DF8C6
:109350001000079808990291019000208DF81800DC
:109360008DF819000A9843F2F031C2F200018842E8
:1093700009D1FFE702F06CFA02F08EFB01680A697E
:1093800001A9904711E00A9843F21841C2F2000186
:10939000884209D1FFE702F05BFA02F087FB01681F
:1093A0000A6901A99047FFE7FFE70CB080BD000004
:1093B00080B596B0159014918DF84F208DED120A5E
:1093C000CDED110A8DED101ACDED0F1A8DED0E2A8F
:1093D000159802909DED120AD0ED200A90ED211A09
:1093E0001021FFF7BBFD01460298ADF836109DED48
:1093F000110AD0ED220A90ED231A0C210191FFF7FA
:10940000ADFD019902460298ADF834209DED100A99
:10941000D0ED260A90ED271AFFF7A0FD019902462C
:109420000298ADF832209DED0F0AD0ED280A90ED9C
:10943000291AFFF793FD019902460298ADF83020F2
:109440009DED0E0AD0ED240A90ED251AFFF786FD5A
:1094500001460298ADF82E109DF837108DF82610B1
:109460009DF836108DF82710BDF8341009098DF8D5
:109470002810BDF834209DF8331041EA02118DF810
:1094800029109DF832108DF82A10BDF83010090906
:109490008DF82B10BDF830209DF82F1041EA0211F5
:1094A0008DF82C109DF82E108DF82D109DF84F1072
:1094B00000EB8100806E059008208DF81800DDF823
:1094C0002600DDF82A100491039000208DF820007A
:1094D0008DF82100149843F2F031C2F20001884265
:1094E00009D1FFE702F0B4F902F0D6FA01680A697F
:1094F00003A9904711E0149843F21841C2F2000109
:10950000884209D1FFE702F0A3F902F0CFFA01681F
:109510000A6903A99047FFE7FFE716B080BD000086
:1095200082B001908DF8031001989DF8031000EBB4
:10953000011090F86000000902B0704700000000C0
:1095400080B598B01790169117980C9000F1800193
:10955000159100F170010D91169A01EB02114988E5
:10956000159A92ED000AD2ED010A1022FFF724FDB0
:1095700010EE100A0BF0F4FE02460C9809920A460F
:10958000099942EC101B08300E90169901EBC101AD
:1095900000EBC10181ED020B169901EBC10100EB5B
:1095A000C1000A9090ED020B51EC100B9FED9A0B4D
:1095B00053EC102B0BF0E8FC0A9A03460C988C46EF
:1095C0000D994CEC103B82ED000B169A01EB021149
:1095D00089886FF31F31159A92ED020AD2ED030AC2
:1095E0000C220B92FFF7E8FC10EE100A0BF0B8FE0D
:1095F0000B9A0E9B84460C988E460D994EEC10CB20
:10960000DDF858C00CEBCC0C03EBCC0383ED040B62
:10961000169B01EB0311C9886FF31F31159B93ED66
:10962000040AD3ED050AFFF7C7FC10EE100A0BF091
:1096300097FE02460D980B460E9943EC102B169A96
:1096400002EBC20201EBC20181ED0A0B16990F91E8
:1096500000EB0110007A0BF00CFC02460E980B4652
:109660000F9943EC102B01EBC10100EBC10181ED1F
:109670000C0B169901EBC10100EBC10191ED0E0B32
:109680008DED120B169901EBC10100EBC10090EDBD
:10969000000B8DED100B10981199129A139B0BF083
:1096A00071FD41EC100B51EC100B9FED5D0B53EC79
:1096B000102B0BF095FE98BBFFE79DED120B9FED75
:1096C0005E1B51EC110B53EC102B0BF05BFD41ECCE
:1096D000110B9DED100B51EC110B53EC102B0BF0FB
:1096E0004DF902460C9806920A46069942EC101B68
:1096F000169901EBC10100EBC100079090ED121B20
:1097000051EC110B53EC102B0BF038F90246079873
:1097100008920A46089942EC101B80ED120B6EE08D
:1097200010981199129A139B0BF02CFD41EC100B21
:1097300051EC100B9FED3C0B53EC102B0BF057FE34
:1097400098BBFFE79DED100B51EC100B9FED380B14
:1097500053EC102B0BF012F941EC110B9DED120B99
:1097600051EC110B53EC102B0BF00CFD02460C9836
:1097700003920A46039942EC101B169901EBC101B2
:1097800000EBC100049090ED121B51EC110B53EC57
:10979000102B0BF0F3F80246049805920A4605993F
:1097A00042EC101B80ED120B28E09DED101B9DED8F
:1097B000120B51EC110B53EC102B0BF0E3FC024697
:1097C0000C9800920A46009942EC101B169901EB86
:1097D000C10100EBC100019090ED121B51EC110B87
:1097E00053EC102B0BF0CAF80246019802920A467D
:1097F000029942EC101B80ED120BFFE7FFE70C987B
:109800009DED100B169901EBC10100EBC10080ED3D
:10981000100B18B080BD00BFAE19661ADCA54C4015
:1098200000000000008066C000000000008066406C
:1098300000000000008076C000000000008076403C
:109840002DE9F04F93B00191DDF894B0DDF890A0D0
:10985000DDF88C90DDF88880219F209E1F9D1E9C46
:10986000DDF874E0DDF870C00199CDF844B0CDF8B2
:1098700040A0CDF83C90CDF838800D970C960B9514
:109880000A94CDF824E0CDF820C00790ADF81A1066
:1098900005920493079802901290642101F0C6FC8F
:1098A000029945F20C60C0F6010008300860BDF86E
:1098B0001A00A1F866000898099A0A9BDDF82CC0E6
:1098C000DDF830E00D9CC1F89440C1F890E0C1F89B
:1098D0008CC0C1F88830C1F88420C1F880000E988F
:1098E0000F9A109BDDF844C0C1F8A4C0C1F8A030A5
:1098F000C1F89C20C1F8980000208DF80F00FFE708
:109900009DF80F00002817DCFFE7029905989DF8E5
:109910000F20805C0A4482F8680004989DF80F20AC
:1099200050F8220001EB8201C866FFE79DF80F00A6
:1099300001308DF80F00E3E7129813B0BDE8F08F07
:1099400087B006908DED050ACDED040A8DED031A62
:1099500002919DED030A9DED041A30EE410A8DED52
:10996000010A049800909DED050A9DED001A30EE65
:10997000410A029901208840013801EE100AB8EE30
:10998000C11A20EE010A9DED011A80EE010ABDEE1A
:10999000C00A10EE100A07B07047000087B00690AA
:1099A00005918DED040ACDED030A02929DED030AA7
:1099B0009DED041A30EE410A8DED010A04980090E5
:1099C0009DED050AB8EEC00A9DED011A20EE010AD0
:1099D000029901208840013801EE100AB8EEC11A40
:1099E00080EE010A9DED001A30EE010A07B07047C3
:1099F00080B58CB00B900A918DF827208DF8263019
:109A00000B9800906FF0407008904FF0FF30079077
:109A10009DF8260048B9FFE700989DF8271000EB55
:109A20008100D0F8C400039021E09DF826000128B1
:109A30000BD1FFE700989DF8271000EB8100D0F8CC
:109A4000C40000F58070039010E09DF82600022805
:109A50000BD1FFE700989DF8271000EB8100D0F8AC
:109A6000C40000F500700390FFE7FFE7FFE7082060
:109A70008DF81000079808990291019000208DF848
:109A800018008DF819000A9843F2F031C2F2000173
:109A9000884209D1FFE701F0DBFE01F0FDFF01681C
:109AA0000A6901A9904711E00A9843F21841C2F2ED
:109AB0000001884209D1FFE701F0CAFE01F0F6FF7C
:109AC00001680A6901A99047FFE7FFE70CB080BD74
:109AD00080B58CB00B900A918DF827208DF8263038
:109AE0000B9800906FF0007008904FF0FF300790D7
:109AF0009DF8260048B9FFE700989DF8271000EB75
:109B00008100D0F8C400039021E09DF826000128D0
:109B10000BD1FFE700989DF8271000EB8100D0F8EB
:109B2000C40000F58070039010E09DF82600022824
:109B30000BD1FFE700989DF8271000EB8100D0F8CB
:109B4000C40000F500700390FFE7FFE7FFE708207F
:109B50008DF81000079808990291019000208DF867
:109B600018008DF819000A9843F2F031C2F2000192
:109B7000884209D1FFE701F06BFE01F08DFF01681B
:109B80000A6901A9904711E00A9843F21841C2F20C
:109B90000001884209D1FFE701F05AFE01F086FF7B
:109BA00001680A6901A99047FFE7FFE70CB080BD93
:109BB00080B586B0059004910598019000208DF83D
:109BC0000F00FFE79DF80F00012877DCFFE7019AFF
:109BD00004988068B2F9C2109DF80F301A4492F8C8
:109BE000C4201144884262D1FFE701980499029190
:109BF0000299097801F00F0C00F1D00200929DF853
:109C00000F100B01D15C01F0F0016144D1540299B5
:109C100091F800C09DF80F100B01D15C0CF0F00C16
:109C200001F00F016144D15402994B78897841EADF
:109C300003219DF80F3002EB03135980029BD97862
:109C40001B79090141EA131C9DF80F1002EB011367
:109C5000998801F470416144998002990B7949799E
:109C600003F00F0341EA032C9DF80F1002EB0113E0
:109C7000D98801F470416144D980029989799DF8AD
:109C80000F3002EB031319720299C9799DF80F3056
:109C900002EB031251729DF80F1000F049F9019880
:109CA0009DF80F100131C9B201F0C4FBFFE7FFE7D7
:109CB0009DF80F0001308DF80F0083E706B080BDDE
:109CC00080B58CB00B900A918DF827208DF8263046
:109CD0000B9800906FF0806008904FF0FF30079075
:109CE0009DF8260048B9FFE700989DF8271000EB83
:109CF0008100D0F8C400039021E09DF826000128DF
:109D00000BD1FFE700989DF8271000EB8100D0F8F9
:109D1000C40000F58070039010E09DF82600022832
:109D20000BD1FFE700989DF8271000EB8100D0F8D9
:109D3000C40000F500700390FFE7FFE7FFE708208D
:109D40008DF81000079808990291019000208DF875
:109D500018008DF819000A9843F2F031C2F20001A0
:109D6000884209D1FFE701F073FD01F095FE01681B
:109D70000A6901A9904711E00A9843F21841C2F21A
:109D80000001884209D1FFE701F062FD01F08EFE7B
:109D900001680A6901A99047FFE7FFE70CB080BDA1
:109DA00080B596B0159014918DF84F208DED120A64
:109DB000CDED110A8DED101ACDED0F1A8DED0E2A95
:109DC000159802909DED120AD0ED3C0A90ED3D1AD7
:109DD0001021FFF7B5FD01460298ADF836109DED54
:109DE000110AD0ED3E0A90ED3F1A0C210191FFF7C8
:109DF000A7FD019902460298ADF834209DED100AA6
:109E0000D0ED420A90ED431AFFF79AFD0199024600
:109E10000298ADF832209DED0F0AD0ED440A90ED86
:109E2000451AFFF78DFD019902460298ADF83020E2
:109E30009DED0E0AD0ED400A90ED411AFFF780FD2E
:109E400001460298ADF82E109DF837108DF82610B7
:109E50009DF836108DF82710BDF8341009098DF8DB
:109E60002810BDF834209DF8331041EA02118DF816
:109E700029109DF832108DF82A10BDF8301009090C
:109E80008DF82B10BDF830209DF82F1041EA0211FB
:109E90008DF82C109DF82E108DF82D109DF84F1078
:109EA00000EB8100D0F8C400059008208DF8180060
:109EB000DDF82600DDF82A100491039000208DF8CB
:109EC00020008DF82100149843F2F031C2F2000115
:109ED000884209D1FFE701F0BBFC01F0DDFD01681C
:109EE0000A6903A9904711E0149843F21841C2F29D
:109EF0000001884209D1FFE701F0AAFC01F0D6FD7C
:109F000001680A6903A99047FFE7FFE716B080BD23
:109F100082B001908DF8031001989DF8031000EBBA
:109F2000011090F8C000000902B070470000000066
:109F300080B598B01790169117980C9000F1F00129
:109F4000159100F1D0010D91169A01EB021149888B
:109F5000159A92ED000AD2ED010A1022FFF71EFDBC
:109F600010EE100A0BF0FCF902460C9809920A4612
:109F7000099942EC101B08300E90169901EBC101B3
:109F800000EBC10181ED020B169901EBC10100EB61
:109F9000C1000A9090ED020B51EC100B9FED9A0B53
:109FA00053EC102B0AF0F0FF0A9A03460C988C46EB
:109FB0000D994CEC103B82ED000B169A01EB02114F
:109FC00089886FF31F31159A92ED020AD2ED030AC8
:109FD0000C220B92FFF7E2FC10EE100A0BF0C0F916
:109FE0000B9A0E9B84460C988E460D994EEC10CB26
:109FF000DDF858C00CEBCC0C03EBCC0383ED040B69
:10A00000169B01EB0311C9886FF31F31159B93ED6C
:10A01000040AD3ED050AFFF7C1FC10EE100A0BF09D
:10A020009FF902460D980B460E9943EC102B169A99
:10A0300002EBC20201EBC20181ED0A0B16990F91EE
:10A0400000EB0110007A0AF014FF02460E980B464E
:10A050000F9943EC102B01EBC10100EBC10181ED25
:10A060000C0B169901EBC10100EBC10191ED0E0B38
:10A070008DED120B169901EBC10100EBC10090EDC3
:10A08000000B8DED100B10981199129A139B0BF089
:10A0900079F841EC100B51EC100B9FED5D0B53EC7C
:10A0A000102B0BF09DF998BBFFE79DED120B9FED78
:10A0B0005E1B51EC110B53EC102B0BF063F841ECD1
:10A0C000110B9DED100B51EC110B53EC102B0AF002
:10A0D00055FC02460C9806920A46069942EC101B63
:10A0E000169901EBC10100EBC100079090ED121B26
:10A0F00051EC110B53EC102B0AF040FC0246079870
:10A1000008920A46089942EC101B80ED120B6EE093
:10A1100010981199129A139B0BF034F841EC100B24
:10A1200051EC100B9FED3C0B53EC102B0BF05FF937
:10A1300098BBFFE79DED100B51EC100B9FED380B1A
:10A1400053EC102B0AF01AFC41EC110B9DED120B95
:10A1500051EC110B53EC102B0BF014F802460C9839
:10A1600003920A46039942EC101B169901EBC101B8
:10A1700000EBC100049090ED121B51EC110B53EC5D
:10A18000102B0AF0FBFB0246049805920A4605993B
:10A1900042EC101B80ED120B28E09DED101B9DED95
:10A1A000120B51EC110B53EC102B0AF0EBFF024693
:10A1B0000C9800920A46009942EC101B169901EB8C
:10A1C000C10100EBC100019090ED121B51EC110B8D
:10A1D00053EC102B0AF0D2FB0246019802920A4679
:10A1E000029942EC101B80ED120BFFE7FFE70C9881
:10A1F0009DED100B169901EBC10100EBC10080ED44
:10A20000100B18B080BD00BFAE19661ADCA54C401B
:10A2100000000000008066C0000000000080664072
:10A2200000000000008076C0000000000080764042
:10A230002DE9F04F93B00191DDF894B0DDF890A0D6
:10A24000DDF88C90DDF88880219F209E1F9D1E9C4C
:10A25000DDF874E0DDF870C00199CDF844B0CDF8B8
:10A2600040A0CDF83C90CDF838800D970C960B951A
:10A270000A94CDF824E0CDF820C00790ADF81A106C
:10A2800005920493079802901290642101F006F958
:10A29000029945F21860C0F6010008300860BDF868
:10A2A0001A00A1F8C2000898099A0A9BDDF82CC090
:10A2B000DDF830E00D9CC1F80441C1F800E1C1F8BF
:10A2C000FCC0C1F8F830C1F8F420C1F8F0000E98D5
:10A2D0000F9A109BDDF844C0C1F814C1C1F81031C9
:10A2E000C1F80C21C1F8080100208DF80F00FFE72C
:10A2F0009DF80F00012818DCFFE7029905989DF8EA
:10A300000F20805C0A4482F8C40004989DF80F2056
:10A3100050F8220001EB8201C1F8C800FFE79DF868
:10A320000F0001308DF80F00E2E7129813B0BDE87E
:10A33000F08F000087B006908DED050ACDED040A80
:10A340008DED031A02919DED030A9DED041A30EE86
:10A35000410A8DED010A049800909DED050A9DEDDE
:10A36000001A30EE410A029901208840013801EEBE
:10A37000100AB8EEC11A20EE010A9DED011A80EE16
:10A38000010ABDEEC00A10EE100A07B070470000C7
:10A3900087B0069005918DED040ACDED030A029277
:10A3A0009DED030A9DED041A30EE410A8DED010A80
:10A3B000049800909DED050AB8EEC00A9DED011AC3
:10A3C00020EE010A029901208840013801EE100AAE
:10A3D000B8EEC11A80EE010A9DED001A30EE010AB6
:10A3E00007B0704780B58CB00B900A918DF827208C
:10A3F0008DF826300B9800906FF0407008904FF069
:10A40000FF3007909DF8260048B9FFE700989DF8B7
:10A41000271000EB8100D0F82401039021E09DF883
:10A42000260001280BD1FFE700989DF8271000EBCC
:10A430008100D0F8240100F58070039010E09DF8B1
:10A44000260002280BD1FFE700989DF8271000EBAB
:10A450008100D0F8240100F500700390FFE7FFE7CA
:10A46000FFE708208DF810000798089902910190E5
:10A4700000208DF818008DF819000A9843F2F03189
:10A48000C2F20001884209D1FFE701F0E1F901F0D1
:10A4900003FB01680A6901A9904711E00A9843F299
:10A4A0001841C2F20001884209D1FFE701F0D0F95A
:10A4B00001F0FCFA01680A6901A99047FFE7FFE78C
:10A4C0000CB080BD80B58CB00B900A918DF8272020
:10A4D0008DF826300B9800906FF0007008904FF0C8
:10A4E000FF3007909DF8260048B9FFE700989DF8D7
:10A4F000271000EB8100D0F82401039021E09DF8A3
:10A50000260001280BD1FFE700989DF8271000EBEB
:10A510008100D0F8240100F58070039010E09DF8D0
:10A52000260002280BD1FFE700989DF8271000EBCA
:10A530008100D0F8240100F500700390FFE7FFE7E9
:10A54000FFE708208DF81000079808990291019004
:10A5500000208DF818008DF819000A9843F2F031A8
:10A56000C2F20001884209D1FFE701F071F901F060
:10A5700093FA01680A6901A9904711E00A9843F229
:10A580001841C2F20001884209D1FFE701F060F9E9
:10A5900001F08CFA01680A6901A99047FFE7FFE71B
:10A5A0000CB080BD80B586B00590049105980190EF
:10A5B00000208DF80F00FFE79DF80F00022877DCE0
:10A5C000FFE7019A04988068B2F920119DF80F30D6
:10A5D0001A4492F822211144884262D1FFE701987F
:10A5E000049902910299097801F00F0C00F59C7210
:10A5F00000929DF80F100B01D15C01F0F001614455
:10A60000D154029991F800C09DF80F100B01D15C54
:10A610000CF0F00C01F00F016144D15402994B7819
:10A62000897841EA03219DF80F3002EB031359802A
:10A63000029BD9781B79090141EA131C9DF80F1080
:10A6400002EB0113998801F47041614499800299E9
:10A650000B79497903F00F0341EA032C9DF80F10A1
:10A6600002EB0113D98801F470416144D980029949
:10A6700089799DF80F3002EB031319720299C97999
:10A680009DF80F3002EB031251729DF80F1000F08D
:10A6900047F901989DF80F100131C9B201F02CF86B
:10A6A000FFE7FFE79DF80F0001308DF80F0083E70B
:10A6B00006B080BD80B58CB00B900A918DF8272034
:10A6C0008DF826300B9800906FF0806008904FF066
:10A6D000FF3007909DF8260048B9FFE700989DF8E5
:10A6E000271000EB8100D0F82401039021E09DF8B1
:10A6F000260001280BD1FFE700989DF8271000EBFA
:10A700008100D0F8240100F58070039010E09DF8DE
:10A71000260002280BD1FFE700989DF8271000EBD8
:10A720008100D0F8240100F500700390FFE7FFE7F7
:10A73000FFE708208DF81000079808990291019012
:10A7400000208DF818008DF819000A9843F2F031B6
:10A75000C2F20001884209D1FFE701F079F801F067
:10A760009BF901680A6901A9904711E00A9843F230
:10A770001841C2F20001884209D1FFE701F068F8F0
:10A7800001F094F901680A6901A99047FFE7FFE722
:10A790000CB080BD80B596B0159014918DF84F2007
:10A7A0008DED120ACDED110A8DED101ACDED0F1AB7
:10A7B0008DED0E2A159802909DED120AD0ED5A0AE1
:10A7C00090ED5B1A1021FFF7B5FD01460298ADF838
:10A7D00036109DED110AD0ED5C0A90ED5D1A0C214A
:10A7E0000191FFF7A7FD019902460298ADF83420C8
:10A7F0009DED100AD0ED600A90ED611AFFF79AFD09
:10A80000019902460298ADF832209DED0F0AD0ED75
:10A81000620A90ED631AFFF78DFD019902460298D6
:10A82000ADF830209DED0E0AD0ED5E0A90ED5F1A76
:10A83000FFF780FD01460298ADF82E109DF8371005
:10A840008DF826109DF836108DF82710BDF83410BD
:10A8500009098DF82810BDF834209DF8331041EA1D
:10A8600002118DF829109DF832108DF82A10BDF8CC
:10A87000301009098DF82B10BDF830209DF82F10ED
:10A8800041EA02118DF82C109DF82E108DF82D1034
:10A890009DF84F1000EB8100D0F8240105900820AE
:10A8A0008DF81800DDF82600DDF82A1004910390D9
:10A8B00000208DF820008DF82100149843F2F0312B
:10A8C000C2F20001884209D1FFE700F0C1FF01F0A8
:10A8D000E3F801680A6903A9904711E0149843F26C
:10A8E0001841C2F20001884209D1FFE700F0B0FF31
:10A8F00001F0DCF801680A6903A99047FFE7FFE768
:10A9000016B080BD82B001908DF8031001989DF8BB
:10A91000031000EB011090F82801000902B0704705
:10A9200080B598B01790169117980C9000F5B471F7
:10A93000159100F59C710D91169A01EB0211498851
:10A94000159A92ED000AD2ED010A1022FFF720FDC0
:10A9500010EE100A0AF004FD02460C9809920A460D
:10A96000099942EC101B08300E90169901EBC101B9
:10A9700000EBC10181ED020B169901EBC10100EB67
:10A98000C1000A9090ED020B51EC100B9FED9A0B59
:10A9900053EC102B0AF0F8FA0A9A03460C988C46EE
:10A9A0000D994CEC103B82ED000B169A01EB021155
:10A9B00089886FF31F31159A92ED020AD2ED030ACE
:10A9C0000C220B92FFF7E4FC10EE100A0AF0C8FC10
:10A9D0000B9A0E9B84460C988E460D994EEC10CB2C
:10A9E000DDF858C00CEBCC0C03EBCC0383ED040B6F
:10A9F000169B01EB0311C9886FF31F31159B93ED73
:10AA0000040AD3ED050AFFF7C3FC10EE100A0AF0A2
:10AA1000A7FC02460D980B460E9943EC102B169A94
:10AA200002EBC20201EBC20181ED0A0B16990F91F4
:10AA300000EB0110007A0AF01CFA02460E980B4651
:10AA40000F9943EC102B01EBC10100EBC10181ED2B
:10AA50000C0B169901EBC10100EBC10191ED0E0B3E
:10AA60008DED120B169901EBC10100EBC10090EDC9
:10AA7000000B8DED100B10981199129A139B0AF090
:10AA800081FB41EC100B51EC100B9FED5D0B53EC77
:10AA9000102B0AF0A5FC98BBFFE79DED120B9FED74
:10AAA0005E1B51EC110B53EC102B0AF06BFB41ECCD
:10AAB000110B9DED100B51EC110B53EC102B09F009
:10AAC0005DFF02460C9806920A46069942EC101B5E
:10AAD000169901EBC10100EBC100079090ED121B2C
:10AAE00051EC110B53EC102B09F048FF024607986C
:10AAF00008920A46089942EC101B80ED120B6EE09A
:10AB000010981199129A139B0AF03CFB41EC100B20
:10AB100051EC100B9FED3C0B53EC102B0AF067FC33
:10AB200098BBFFE79DED100B51EC100B9FED380B20
:10AB300053EC102B09F022FF41EC110B9DED120B91
:10AB400051EC110B53EC102B0AF01CFB02460C9835
:10AB500003920A46039942EC101B169901EBC101BE
:10AB600000EBC100049090ED121B51EC110B53EC63
:10AB7000102B09F003FF0246049805920A46059936
:10AB800042EC101B80ED120B28E09DED101B9DED9B
:10AB9000120B51EC110B53EC102B0AF0F3FA024696
:10ABA0000C9800920A46009942EC101B169901EB92
:10ABB000C10100EBC100019090ED121B51EC110B93
:10ABC00053EC102B09F0DAFE0246019802920A4675
:10ABD000029942EC101B80ED120BFFE7FFE70C9887
:10ABE0009DED100B169901EBC10100EBC10080ED4A
:10ABF000100B18B080BD00BFAE19661ADCA54C4022
:10AC000000000000008066C0000000000080664078
:10AC100000000000008076C0000000000080764048
:10AC20002DE9F04F93B00191DDF894B0DDF890A0DC
:10AC3000DDF88C90DDF88880219F209E1F9D1E9C52
:10AC4000DDF874E0DDF870C00199CDF844B0CDF8BE
:10AC500040A0CDF83C90CDF838800D970C960B9520
:10AC60000A94CDF824E0CDF820C00790ADF81A1072
:10AC700005920493079802901290642100F070FDF1
:10AC8000029945F22460C0F6010008300860BDF862
:10AC90001A00A1F820010898099A0A9BDDF82CC037
:10ACA000DDF830E00D9CC1F87C41C1F878E1C1F8D5
:10ACB00074C1C1F87031C1F86C21C1F868010E98F7
:10ACC0000F9A109BDDF844C0C1F88CC1C1F88831DF
:10ACD000C1F88421C1F8800100208DF80F00FFE742
:10ACE0009DF80F00022818DCFFE7029905989DF8EF
:10ACF0000F20805C0A4482F8220104989DF80F20FE
:10AD000050F8220001EB8201C1F82801FFE79DF80D
:10AD10000F0001308DF80F00E2E7129813B0BDE884
:10AD2000F08F00002DE9F04F9DB01C90ADF86E1033
:10AD30001A9219931C980E90BDF86E000B901A98F9
:10AD40000C9019980D900FA89FED240ADFED240AAE
:10AD5000BBEE0E1AF3EE0E1ABAEE042AF2EE042A35
:10AD6000DFED203A9FED204AF1EE044AB0EE443A7E
:10AD7000FEF7C6F80B990C9A0D9BDDF83CC0109CB1
:10AD8000119D129E139FDDF85080DDF85490DDF880
:10AD900058A0DDF85CB01898EE46CEF824000E9866
:10ADA000CEF820B0CEF81CA0CEF81890CEF81480C3
:10ADB000CEF81070CEF80C60CEF80850CEF80440F3
:10ADC000CEF800C0FEF73CFD0E9845F23061C0F6AB
:10ADD0000101083101601DB0BDE8F08FC3F548C026
:10ADE000C3F548400000FA43000000002DE9F04F91
:10ADF0009DB01C90ADF86E101A9219931C980E908D
:10AE0000BDF86E000B901A980C9019980D900FA831
:10AE10009FED240ADFED240ABBEE0E1AF3EE0E1AA4
:10AE2000BAEE042AF2EE042ADFED203A9FED204A22
:10AE3000F1EE044AB0EE443AFEF762F80B990C9A30
:10AE40000D9BDDF83CC0109C119D129E139FDDF8F8
:10AE50005080DDF85490DDF858A0DDF85CB018980B
:10AE6000EE46CEF824000E98CEF820B0CEF81CA006
:10AE7000CEF81890CEF81480CEF81070CEF80C6092
:10AE8000CEF80850CEF80440CEF800C0FFF7D0F955
:10AE90000E9845F23C61C0F60101083101601DB019
:10AEA000BDE8F08FC3F548C0C3F548400000FA4341
:10AEB000000000002DE9F04F9DB01C90ADF86E1021
:10AEC0001A9219931C980E90BDF86E000B901A9868
:10AED0000C9019980D900FA89FED240ADFED240A1D
:10AEE000BAEE041AF2EE041ABBEE0C2AF3EE0C2AA8
:10AEF000DFED203A9FED204AF1EE044AB0EE443AED
:10AF0000FDF7FEFF0B990C9A0D9BDDF83CC0109CE1
:10AF1000119D129E139FDDF85080DDF85490DDF8EE
:10AF200058A0DDF85CB01898EE46CEF824000E98D4
:10AF3000CEF820B0CEF81CA0CEF81890CEF8148031
:10AF4000CEF81070CEF80C60CEF80850CEF8044061
:10AF5000CEF800C0FEF774FC0E9845F24861C0F6CA
:10AF60000101083101601DB0BDE8F08FC3F548C094
:10AF7000C3F548400000FA43000000002DE9F04FFF
:10AF80009DB01C90ADF86E101A9219931C980E90FB
:10AF9000BDF86E000B901A980C9019980D900FA8A0
:10AFA0009FED240ADFED240A9FED241ADFED241A19
:10AFB0009FED242ADFED242ADFED243A9FED244A79
:10AFC000F1EE044AB0EE443AFDF79AFF0B990C9A61
:10AFD0000D9BDDF83CC0109C119D129E139FDDF867
:10AFE0005080DDF85490DDF858A0DDF85CB018987A
:10AFF000EE46CEF824000E98CEF820B0CEF81CA075
:10B00000CEF81890CEF81480CEF81070CEF80C6000
:10B01000CEF80850CEF80440CEF800C0FFF700FE8E
:10B020000E9845F25461C0F60101083101601DB06F
:10B03000BDE8F08FC3F548C0C3F54840000034C2F6
:10B0400000003442000058C2000058420000FA4399
:10B050000000000080B582B001908DF803100198C7
:10B060009DF8031001EBC10100EBC10010ED0E0BC8
:10B0700051EC100B09F050FC00EE100A02B080BD3C
:10B0800082B001908DF8031001999DF803000844E7
:10B0900090F8630000F0010002B0704780B586B000
:10B0A00004908DF80F108DF80E20049802909DF8F2
:10B0B0000F0001283FDBFFE79DF80F0001283ADC75
:10B0C000FFE70298503001909DF80F1001EB8101CD
:10B0D00000EB81001438FDF767FB01989DF80F1015
:10B0E00001EB810100EB81001438FDF769FB019849
:10B0F0009DF80F1001EB810100EB8100143802F084
:10B1000023FD012807D1FFE7FDF7B0FB9DF80E10E6
:10B11000FDF780FCFFE702989DF80F1001EB81011D
:10B1200000EB81003C3002F00FFDB0FA80F04009E6
:10B130008DF8170003E000208DF81700FFE79DF859
:10B14000170006B080BD000082B001908DF803109A
:10B150008DF80220019A9DF802009DF80310114419
:10B1600000F0010081F8630002B0704780B582B042
:10B1700001908DF8031001989DF8031001EBC101B7
:10B1800000EBC10090ED000B51EC100B09F0C4FB7B
:10B1900000EE100A02B080BD80B582B001908DF83B
:10B1A000031001989DF8031001EBC10100EBC100F1
:10B1B00010ED0C0B51EC100B09F0AEFB00EE100A79
:10B1C00002B080BD80B584B003908DF80B10039859
:10B1D00001909DF80B00012810DBFFE79DF80B00A4
:10B1E00001280BDCFFE701989DF80B1001EB8101B2
:10B1F00000EB81003C30FDF713FBFFE704B080BD9E
:10B2000080B582B001908DF8031001989DF803106D
:10B2100001EBC10100EBC10010ED060B51EC100B6E
:10B2200009F07AFB00EE100A02B080BD80B58EB046
:10B230000C900B910C9802900D9045F26061C0F655
:10B24000010101F10802014641F8642B50300391DD
:10B250000490FFE704980190FDF7FCFA0198039A27
:10B2600000F11401084691420490F3D1FFE70299DE
:10B27000002081F864000A90FFE70A9800281DDC8E
:10B28000FFE70B9905A8FDF7D7FA02980A9901EB99
:10B29000810100EB81010598069A079BDDF820C02B
:10B2A000DDF824E0C1F860E0C1F85CC08B654A6558
:10B2B0000865FFE70A9801300A90DEE70D980EB0A6
:10B2C00080BD000080B582B001908DF80310019818
:10B2D0009DF8031001EBC10100EBC10010ED0E0B56
:10B2E00051EC100B09F018FB00EE100A02B080BD03
:10B2F00082B001908DF8031001999DF80300084475
:10B3000090F8BF0000F0010002B0704780B586B031
:10B3100004908DF80F108DF80E20049802909DF87F
:10B320000F0001283FDBFFE79DF80F0002283ADC01
:10B33000FFE70298983001909DF80F1001EB810112
:10B3400000EB81001438FDF72FFA01989DF80F10DB
:10B3500001EB810100EB81001438FDF731FA01980F
:10B360009DF80F1001EB810100EB8100143802F011
:10B37000EBFB012807D1FFE7FDF778FA9DF80E10E7
:10B38000FDF748FBFFE702989DF80F1001EB8101E4
:10B3900000EB8100843002F0D7FBB0FA80F0400966
:10B3A0008DF8170003E000208DF81700FFE79DF8E7
:10B3B000170006B080BD000082B001908DF8031028
:10B3C0008DF80220019A9DF802009DF803101144A7
:10B3D00000F0010081F8BF0002B0704780B582B074
:10B3E00001908DF8031001989DF8031001EBC10145
:10B3F00000EBC10090ED000B51EC100B09F08CFA42
:10B4000000EE100A02B080BD80B582B001908DF8C8
:10B41000031001989DF8031001EBC10100EBC1007E
:10B4200010ED0C0B51EC100B09F076FA00EE100A3F
:10B4300002B080BD80B584B003908DF80B100398E6
:10B4400001909DF80B00012810DBFFE79DF80B0031
:10B4500002280BDCFFE701989DF80B1001EB81013E
:10B4600000EB81008430FDF7DBF9FFE704B080BD1D
:10B4700080B582B001908DF8031001989DF80310FB
:10B4800001EBC10100EBC10010ED060B51EC100BFC
:10B4900009F042FA00EE100A02B080BD80B590B00B
:10B4A0000E900D910E9804900F9045F26C61C0F6CD
:10B4B000010101F10802014641F8C02B98300591C5
:10B4C0000690FFE706980390FDF7C4F90398059AE4
:10B4D00000F11401084691420690F3D1FFE7049968
:10B4E000002081F8C00001F1C100C2310191029039
:10B4F000FFE70299019A002001F8010B08469142EA
:10B500000290F6D1FFE700200C90FFE70C9801288D
:10B5100020DCFFE70D9907A8FDF78EF904980C9938
:10B5200001EB810100EB81010798089A099BDDF886
:10B5300028C0DDF82CE0C1F8A8E0C1F8A4C0C1F82B
:10B54000A030C1F89C20C1F89800FFE70C980130AA
:10B550000C90DBE70F9810B080BD000080B582B082
:10B5600001908DF8031001989DF8031001EBC101C3
:10B5700000EBC10010ED100B51EC100B09F0CCF9F1
:10B5800000EE100A02B080BD80B582B001908DF847
:10B59000031001989DF8031001EBC10100EBC100FD
:10B5A00010ED0E0B51EC100B09F0B6F900EE100A7D
:10B5B00002B080BD82B001908DF8031001999DF812
:10B5C0000300084490F81B0100F0010002B070472E
:10B5D00080B586B004908DF80F108DF80E20049879
:10B5E00002909DF80F0001283FDBFFE79DF80F0058
:10B5F00003283ADCFFE70298E03001909DF80F1035
:10B6000001EB810100EB81001438FDF7CDF80198C2
:10B610009DF80F1001EB810100EB81001438FDF75C
:10B62000CFF801989DF80F1001EB810100EB81002C
:10B63000143802F089FA012807D1FFE7FDF716F95F
:10B640009DF80E10FDF7E6F9FFE702989DF80F1040
:10B6500001EB810100EB8100CC3002F075FAB0FA09
:10B6600080F040098DF8170003E000208DF81700E6
:10B67000FFE79DF8170006B080BD000082B0019082
:10B680008DF803108DF80220019A9DF802009DF8B4
:10B690000310114400F0010081F81B0102B0704753
:10B6A00080B582B001908DF8031001989DF80310C9
:10B6B00001EBC10100EBC10090ED000B51EC100B50
:10B6C00009F02AF900EE100A02B080BD80B582B000
:10B6D00001908DF8031001989DF8031001EBC10152
:10B6E00000EBC10010ED0C0B51EC100B09F014F93C
:10B6F00000EE100A02B080BD80B584B003908DF8D2
:10B700000B10039801909DF80B00012810DBFFE758
:10B710009DF80B0003280BDCFFE701989DF80B1048
:10B7200001EB810100EB8100CC30FDF779F8FFE7F8
:10B7300004B080BD80B582B001908DF803100198EF
:10B740009DF8031001EBC10100EBC10010ED060BE9
:10B7500051EC100B09F0E0F800EE100A02B080BDC9
:10B7600080B590B00E900D910E9904910F9145F215
:10B770007860C0F6010000F10802084640F8E02BAE
:10B7800001F58E7105910690FFE706980390FDF78D
:10B7900061F80398059A00F1140108469142069059
:10B7A000F3D1FFE70499002081F81C0101F21D107C
:10B7B00001F21F1101910290FFE70299019A002006
:10B7C00001F8010B084691420290F6D1FFE70020F4
:10B7D0000C90FFE70C98022820DCFFE70D9907A8E2
:10B7E000FDF72AF804980C9901EB810100EB810127
:10B7F0000798089A099BDDF828C0DDF82CE0C1F80D
:10B80000F0E0C1F8ECC0C1F8E830C1F8E420C1F8BC
:10B81000E000FFE70C9801300C90DBE70F9810B0C8
:10B8200080BD000081B00090009845F28461C0F6B0
:10B8300001010831016001B07047000081B0009043
:10B84000FEDE000081B00090009801B0704700005B
:10B8500080B500F069F880BD84B002908DF80710C3
:10B86000029800909DF80700022810D8FFE7009882
:10B870009DF8071000EB8100806840B1FFE7009859
:10B880009DF8071000EB81008068039003E00098AA
:10B8900014300390FFE7039804B0704784B003901E
:10B8A0008DF80B100192039800909DF80B00022870
:10B8B0000BD8FFE7019840B1FFE7009901989DF888
:10B8C0000B2001EB82018860FFE704B070470000A5
:10B8D00080B584B003900398019000200290FFE7A8
:10B8E000029802281DD8FFE70198029900EB810019
:10B8F000806888B1FFE7019808300090029950F8FD
:10B9000021000168896888470098029950F8210051
:10B910000168C9688847FFE7FFE702980130029095
:10B92000DEE704B080BD000080B582B042F29870BE
:10B93000C2F200000078BFF35F8FC00708BBFFE7CB
:10B9400042F29870C2F2000006F085FEC8B1FFE72F
:10B9500042F69C00C2F20000019000F02BF8019921
:10B960004BF66120C0F6000040F20002C0F6000273
:10B97000F4F77EFD42F29870C2F2000006F081FEFC
:10B98000FFE742F69C00C2F200000079C00758B9F8
:10B99000FFE742F69C00C2F200000090FFF798FF1C
:10B9A000009901200871FFE742F69C00C2F20000F6
:10B9B00002B080BD80B58AB00890089805900990C3
:10B9C00000F07EF8059945F2B060C0F6010008303D
:10B9D000086000200871886001F10C0014310691A4
:10B9E0000790FFE70799069A002041F8040B0846E4
:10B9F00091420790F6D1FFE705981430029043F288
:10BA0000F031C2F20001002301931A4600F098F9C8
:10BA100005983430049043F21841C2F200010E221E
:10BA20000123039300F08CF905980199029AFFF71E
:10BA300035FF05980399049AFFF730FF09980AB07B
:10BA400080BD000080B582B001900198009000F0A8
:10BA500007F80098542105F0C5FA02B080BD000037
:10BA600080B584B003900398029045F2B061C0F6AF
:10BA7000010101F10802014641F8142B0191343013
:10BA800000F08CF9019800F089F9029800F028F88C
:10BA9000029804B080BD000080B582B0019001988A
:10BAA00001688A680021904702B080BD80B582B0ED
:10BAB0000190019801688A680121904702B080BD19
:10BAC00081B00090009845F2C861C0F601010831CC
:10BAD000016001B07047000081B00090FEDE000000
:10BAE00081B00090009801B07047000080B58CB024
:10BAF0000B900B980121099182680692C268059209
:10BB000000220192029203920492079208910E2160
:10BB10000A91406801A9F6F7F1FD0CB080BD000064
:10BB200080B584B00091014600980391029003997A
:10BB3000019102F0CBFB30B1FFE70099019814307E
:10BB400004F090FCFFE704B080BD000080B586B033
:10BB500005900491059814300390039804F058FC64
:10BB60000290039804F048FC0190FFE702A801A9A5
:10BB700005F08CF998B1FFE702A802F075F9009082
:10BB8000009802F0A3FB28B1FFE70098049902F0A7
:10BB900093FBFFE7FFE702A802F0DCFEE6E706B052
:10BBA00080BD000080B582B001900198FFF79EFF34
:10BBB00002B080BD80B58CB00A9009910A980090BF
:10BBC0004FF6FF70ADF82200FFE700984068F6F7E7
:10BBD0009DFF68B9FFE7BDF822000138ADF82200EB
:10BBE000000420B9FFE700208DF82F003BE0ECE7D0
:10BBF0000998007B06900998007D00F0010000285C
:10BC000018BF042004900998407D00F0010000282E
:10BC100018BF022005900998006901900998007DDD
:10BC2000C00730B1FFE709988068039000200290B8
:10BC300005E009988068029000200390FFE70098D3
:10BC400000218DF81C104068099A02A901ABF6F793
:10BC5000A9FC20B1FFE700208DF82F0003E00120B0
:10BC60008DF82F00FFE79DF82F000CB080BD00007D
:10BC700080B582B00190019800904068F7F79AFB78
:10BC80000098C06830B9FFE7009840680221F6F7D5
:10BC90005FFC0BE00098C068012806D1FFE7009820
:10BCA00040681021F6F754FCFFE7FFE702B080BDC3
:10BCB00080B58CB00A9009910A9901914868C968C9
:10BCC000F6F7F0FD20B9FFE700208DF82F0032E0F5
:10BCD00001994868C968099B02AAF6F70DFE20B1D0
:10BCE000FFE700208DF82F0025E0049818B9FFE742
:10BCF0000298009002E003980090FFE701980099F5
:10BD0000099A91600699099A117304990439B1FA54
:10BD100081F14909099A117505990239B1FA81F140
:10BD20004909099A517509990268126A90470120D8
:10BD30008DF82F00FFE79DF82F000CB080BD0000AC
:10BD400080B586B005900491039202930598019006
:10BD5000FFF768FD019845F2E061C0F60101083186
:10BD6000016004994160039981600299C1600021DA
:10BD70000161143004F09CFB019806B080BD000006
:10BD800080B582B001900198009000F007F800980B
:10BD9000202105F027F902B080BD000080B582B0F7
:10BDA00001900198009045F2E061C0F60101083170
:10BDB00040F8141B04F08EFB0098FFF743FD009839
:10BDC00002B080BD80B586B00490039104980190C4
:10BDD0000398006820B1FFE70398808820B9FFE747
:10BDE00000208DF8170014E001984068039A11684C
:10BDF0009288FAF789F88DF80B009DF80B0020B9AE
:10BE0000FFE701208DF8170003E000208DF81700F0
:10BE1000FFE79DF8170006B080BD000080B584B034
:10BE20000390029103984068029901226423F9F774
:10BE3000CBFF8DF807009DF80700B0FA80F04009AD
:10BE400004B080BD80B586B0049003910498019041
:10BE50000398006820B1FFE70398808820B9FFE7C6
:10BE600000208DF8170014E001984068039A1168CB
:10BE70009288FAF741F98DF80B009DF80B0020B974
:10BE8000FFE701208DF8170003E000208DF8170070
:10BE9000FFE79DF8170006B080BD000080B582B0B6
:10BEA00001908DF80310019840680DF10301012203
:10BEB0006423FAF789F88DF802009DF80200B0FAC1
:10BEC00080F0400902B080BD80B584B0039002913B
:10BED0000398009040680068006800F008010020A6
:10BEE000B0EBD10F16D0FFE7FFE7009800210191DA
:10BEF00041680968096801914068006840680190DC
:10BF00000198FFE700984068029A11689288F9F753
:10BF1000FDF9FFE704B080BD80B586B004900391C1
:10BF2000049801900398006820B1FFE70398808887
:10BF300020B9FFE700208DF8170014E00198406851
:10BF4000039A11689288F9F7E1F98DF80B009DF8D2
:10BF50000B0020B9FFE701208DF8170003E0002057
:10BF60008DF81700FFE79DF8170006B080BD0000B0
:10BF700080B584B000910146009803910290039926
:10BF8000019102F0B5F930B1FFE7009901980C304A
:10BF900004F006FCFFE704B080BD000080B586B069
:10BFA0000590049105980C300390039804F0CEFBA3
:10BFB0000290039804F0BEFB0190FFE702A801A9DC
:10BFC00004F070FF98B1FFE702A801F059FF00905C
:10BFD000009802F08DF928B1FFE70098049902F06B
:10BFE0007DF9FFE7FFE702A802F0C4FCE6E706B030
:10BFF00080BD000081B0009001B0704781B000901A
:10C00000009840680168C86840F02000C86001B02E
:10C010007047000080B586B00490039104980190A9
:10C020000398006820B1FFE70398808820B9FFE7F4
:10C0300000208DF8170014E001984068039A1168F9
:10C040009288F9F78DFF8DF80B009DF80B0020B951
:10C05000FFE701208DF8170003E000208DF817009E
:10C06000FFE79DF8170006B080BD000080B586B0E0
:10C0700004900391049801900398006820B1FFE7B1
:10C080000398808820B9FFE700208DF8170010E0A2
:10C0900001984068039A11689288FAF7ABF88DF816
:10C0A0000B009DF80B00B0FA80F040098DF81700E6
:10C0B000FFE79DF8170006B080BD000080B584B092
:10C0C000039002910398019000F036F8019845F230
:10C0D0000C71C0F601010831016002994160002134
:10C0E000017241728172C1720C3004F07FFB0198C1
:10C0F00004B080BD80B582B001900198009000F03E
:10C1000007F80098182104F06DFF02B080BD000010
:10C1100080B582B001900198009045F20C71C0F694
:10C120000101083140F80C1B04F072FB009800F08C
:10C1300013F8009802B080BD81B00090009845F2DD
:10C140005071C0F601010831016001B07047000074
:10C1500081B00090FEDE000081B00090009801B038
:10C160007047000080B500F069F880BD84B002908F
:10C170008DF80710029800909DF80700022810D84B
:10C18000FFE700989DF8071000EB8100806840B140
:10C19000FFE700989DF8071000EB8100806803908E
:10C1A00003E0009814300390FFE7039804B0704751
:10C1B00084B003908DF80B100192039800909DF8C5
:10C1C0000B0002280BD8FFE7019840B1FFE7009968
:10C1D00001989DF80B2001EB82018860FFE704B015
:10C1E0007047000080B584B0039003980190002050
:10C1F0000290FFE7029802281DD8FFE701980299F4
:10C2000000EB8100806888B1FFE70198083000905A
:10C21000029950F8210001688968884700980299BE
:10C2200050F821000168C9688847FFE7FFE70298D6
:10C2300001300290DEE704B080BD000080B582B01E
:10C2400042F29C70C2F200000078BFF35F8FC0071B
:10C2500008BBFFE742F29C70C2F2000006F0FBF957
:10C26000C8B1FFE742F6F000C2F20000019000F012
:10C270002BF801994CF28530C0F6000040F2000224
:10C28000C0F60002F4F7F4F842F29C70C2F200002B
:10C2900006F0F7F9FFE742F6F000C2F2000000797D
:10C2A000C00758B9FFE742F6F000C2F20000009064
:10C2B000FFF798FF009901200871FFE742F6F000B0
:10C2C000C2F2000002B080BD80B588B0069006982A
:10C2D0000390079000F076F8039945F29470C0F649
:10C2E00001000830086000200871886001F10C002E
:10C2F000143104910590FFE70599049A002041F854
:10C30000040B084691420590F6D1FFE703981430DC
:10C31000009043F21071C2F20001FFF7CFFE0398C4
:10C320002C30019043F25871C2F20001FFF7C6FEB3
:10C3300003984430029043F2A071C2F20001FFF76B
:10C34000BDFE0398009A0021FFF732FF019A03987F
:10C350000121FFF72DFF0398029A0221FFF728FF22
:10C36000079808B080BD000080B582B001900198A8
:10C37000009000F007F800985C2104F033FE02B052
:10C3800080BD000080B584B003900398029045F210
:10C390009471C0F6010101F10802014641F8142B25
:10C3A00001914430FFF7B4FE02982C30FFF7B0FE45
:10C3B0000198FFF7ADFE029800F014F8029804B05F
:10C3C00080BD000081B00090009845F2AC71C0F6CD
:10C3D00001010831016001B07047000081B0009098
:10C3E000FEDE000081B00090009801B070470000B0
:10C3F00080B584B0029001910298009001F0D6FCC3
:10C4000020B1FFE700208DF80F0015E00098D0F86C
:10C410000414415C019A1170D0F8041401316FF3D7
:10C420009F21C0F8041400F58160002102F02AFB6E
:10C4300001208DF80F00FFE79DF80F0004B080BDCC
:10C4400080B584B0029001910298009001F06EFCDA
:10C4500020B1FFE700208DF80F0015E0009801994A
:10C460000978D0F800248154D0F8001401316FF31A
:10C470009F21C0F8001400F58160002102F00EFB3E
:10C4800001208DF80F00FFE79DF80F0004B080BD7C
:10C4900080B582B00190019800900021C0F800148E
:10C4A000C0F8041400F5816003F07AFE009802B031
:10C4B00080BD000080B5CAB001904991489248986B
:10C4C000062804D8FFE7019804F0C4FB73E04998FC
:10C4D0000078AA2805D1FFE749984078BB2804D006
:10C4E000FFE7019804F0B6FB65E006A800F01CFC2D
:10C4F000499880788DF81A004998C0788DF81B000B
:10C50000499800798DF81C009DF81B0007300590B4
:10C5100048980599884204D2FFE7019804F09AFBF5
:10C5200049E09DF81B00012813DBFFE79DF81B0085
:10C53000B0F5807F04DBFFE7019804F08BFB3AE065
:10C5400006A80530499905319DF81B20F3F795FFA2
:10C55000FFE749994898084410F8020C8DF811003B
:10C5600049994898084410F8010C8DF810009DF87E
:10C5700011109DF8100040EA0120ADF80E00499816
:10C580004899023989B200F037F9ADF80C00BDF8CE
:10C590000C00BDF80E10884204D0FFE7019804F0AB
:10C5A00059FB08E00198BDF80E10ADF81C1106A962
:10C5B00004F05AFBFFE74AB080BD000080B5C8B068
:10C5C00001904A9847918DF81B2145934798029016
:10C5D0000DF10E0000F0A8FB029A1078411C1170BA
:10C5E0008DF810009DF81B018DF812004A98B0F5E7
:10C5F000807F0AD3FFE7FF228DF811200DF10E0096
:10C6000005304599F3F739FF0AE04A988DF8110093
:10C610000DF10E00053045994A9AF3F72EFFFFE71A
:10C6200001980DF10E0100F003F848B080BD000044
:10C6300080B582B00090019100F08CFB0099002041
:10C64000C1F8080101980078D1F80821531CC1F8FD
:10C650000831885401984078D1F80821531CC1F85A
:10C660000831885401988078D1F80821531CC1F80A
:10C67000083188540198C078D1F80821531CC1F8BA
:10C680000831885401980079D1F80821531CC1F869
:10C69000083188540198C078012812DBFFE7009820
:10C6A000D0F808110844019A511DD278F3F7E5FE3D
:10C6B00000990198C278D1F808011044C1F8080126
:10C6C000FFE70098D0F8080148B1FFE70098B0F8FC
:10C6D000081100F091F80199A1F80401FFE7009911
:10C6E000019890F80501D1F80821531CC1F80831D0
:10C6F00088540198B0F80401D1F80821531CC1F8FE
:10C700000831885402B080BD81B0009000980021AB
:10C71000017001B07047000080B584B003908DF8BF
:10C720000B100192009303989DF80B10019A009B47
:10C7300000F0F4F904B080BD80B582B00190ADF88E
:10C740000210019800F58360BDF8021000F088F92E
:10C7500002B080BD80B582B00190019800F0AAFAC5
:10C7600002B080BD80B588B007900691079800F5AB
:10C770008360009002A8019004F034FA00980199B7
:10C7800000F098F9019804F045FA08B080BD000067
:10C7900080B582B00190019800F5836000F074F8D4
:10C7A00002B080BD80B582B001900198009000F089
:10C7B00091FA009800F5836000F086F902B080BD20
:10C7C00080B582B00190019800F5836000F02CF9EB
:10C7D00002B080BD80B584B00390029103980190AF
:10C7E000029900F07FFA019800F58360029900F049
:10C7F00081F9019804B080BD84B00390ADF80A10AF
:10C800004FF6FF70ADF808000020ADF80600FFE716
:10C81000BDF80600BDF80A10884230DAFFE7039839
:10C82000BDF80610415CBDF808004840ADF80800AE
:10C8300000200090FFE70098072819DCFFE7BDF80B
:10C840000800C00748B1FFE7BDF808104AF2010030
:10C8500080EA5100ADF8080005E0BDF80800400886
:10C86000ADF80800FFE7FFE7009801300090E2E72D
:10C87000FFE7BDF806000130ADF80600C8E7BDF8D7
:10C88000080004B07047000080B584B0039003989E
:10C8900000F1140101914FF48071ADF808100068A7
:10C8A00001688A6A01A9904704B080BD80B5D6B0FE
:10C8B00054905498079000F58A7001F02DFA0628DC
:10C8C00004D8FFE700208DF85701A9E0079800F58C
:10C8D0008A70069000210DF24F1201F037FA069887
:10C8E00001210DF5A77201F031FA9DF84F01AA2838
:10C8F00005D1FFE79DF84E01BB2813D0FFE707984D
:10C9000000F58A7005900DF24D11FFF771FD059845
:10C9100001F002FA01460020062988BF01208DF8A7
:10C9200057017DE0079800F58A700490032153AA0F
:10C9300001F00CFA04989DF84C110731529101F066
:10C94000EBF95299884204D2FFE700208DF8570195
:10C9500066E052994FA804F055F800204E90FFE78A
:10C960004E985299884213D2FFE7079800F58A70D3
:10C9700003904E9902914FA804F086F8029902465E
:10C98000039801F0E3F9FFE74E9801304E90E7E796
:10C990004FA804F00FF80146529A0CA80190FFF737
:10C9A00089FD019801F01CFB50B3FFE700200A90BD
:10C9B000FFE70A98529988420CD2FFE7079800F5E2
:10C9C0008A700DF12F01FFF713FDFFE70A98013080
:10C9D0000A90EEE70798043001F09CFC58B1FFE79D
:10C9E0000798043000900CA801F0B4FC01460098B0
:10C9F00001F086FCFFE701208DF8570109900BE05C
:10CA0000079800F58A700DF12301FFF7F1FC012072
:10CA10008DF857010990FFE74FA804F025F8FFE7CC
:10CA20009DF8570156B080BD80B584B0039003983F
:10CA3000009000680168896B8847406C70B1FFE71F
:10CA4000009800F1140101914FF48071ADF80810C5
:10CA5000006801684A6B01A99047FFE704B080BDF8
:10CA600080B584B00390ADF80A10039801900020BF
:10CA7000ADF80800FFE7BDF80800BDF80A108842CD
:10CA800010DAFFE7019901F58A70BDF8082011441A
:10CA90001431FFF7D5FCFFE7BDF808000130ADF811
:10CAA0000800E8E70198FFF7EFFE019800F00CF8A6
:10CAB00004B080BD80B582B001900091019804302F
:10CAC00004F0B2F802B080BD80B584B00390039842
:10CAD000019001208DF80B00FFE79DF80B00C007C7
:10CAE00030B1FFE70198FFF7E1FE8DF80B00F4E7A6
:10CAF00004B080BD80B584B003900291039801908A
:10CB0000029940F8041B04F063F8019800F58A705C
:10CB1000FFF7BEFC019804B080BD000080B5D2B024
:10CB200051908DF843114F924E9351980390011DEF
:10CB30009DF843214F9B4E98EC46CCF800000BA883
:10CB40000690FFF73BFD039800218DF82B1008306D
:10CB5000049001F025F901460498059101F0DCF8F4
:10CB6000059902460698891A079101F02DF90146A8
:10CB70000798884221D3FFE70BA800F0E5F8099059
:10CB800000200890FFE7089802900BA801F01CF91C
:10CB90000146029888420CD2FFE7039808300999B1
:10CBA000089A1144FFF74CFCFFE708980130089001
:10CBB000E9E701208DF82B00FFE79DF82B00C00767
:10CBC00020B1FFE7039800F007F8FFE79DF82B007E
:10CBD00000F0010052B080BD80B588B00790079882
:10CBE000019000218DF81B1000F214400DF11B0183
:10CBF0000122052301F0D8FE08B9FFE757E00198AC
:10CC0000083001F0D3F838B1FFE7019800F2144082
:10CC1000002103F0B1FA4AE000200590FFE70198F7
:10CC2000083001F0C3F801460020009041B9FFE749
:10CC300005990020B1F5807F38BF01200090FFE703
:10CC40000098C00788B1FFE7019808300DF1130183
:10CC5000FFF7CEFB9DF81300059A511C059142F693
:10CC60004C11C2F200018854D9E70598C0B1FFE722
:10CC7000019842F64C11C2F2000102910599ADF8FB
:10CC80000C10006801680A6A02A9904738B9FFE7EA
:10CC9000019800F21440002103F06EFAFFE706E06D
:10CCA000019800F21440002103F066FAFFE708B093
:10CCB00080BD000080B582B001900198009000F224
:10CCC0001440002103F058FA0098FFF785FF02B0E6
:10CCD00080BD000080B582B001900198FFF77CFF15
:10CCE00002B080BD80B586B0059004910598039090
:10CCF000049A014641F8082B01910430FFF704FD26
:10CD00000198FFF7C5FB039800F21440002102913F
:10CD100003F022FA0398029900F2154003F01CFA7E
:10CD2000039806B080BD000081B0009000980021FB
:10CD30008170C1700171A0F80411AA210170BB219A
:10CD4000417001B07047000081B00090009801B0C0
:10CD50007047000081B0009000980021C0F80811D1
:10CD600001B0704780B5C0B03F903F98109042F638
:10CD70006C21C2F2000108780130087040F228509E
:10CD8000C2F200000C9001210F91FEF7FDFB0C9800
:10CD90008DED370A02210E91FEF7F6FB0C988DED12
:10CDA000380A0321FEF7F0FB0F998DED390A40F2A6
:10CDB000D830C2F20000FEF74DF90F998DED3A0A16
:10CDC00040F28040C2F20000FEF744F90F998DED69
:10CDD0003B0A40F2C020C2F200000D90FEF772FA4A
:10CDE0000D980E998DED3C0AFEF76CFA0F998DEDBA
:10CDF0003D0A40F21820C2F20000FEF72BF910980D
:10CE00008DED3E0A00211191369135913491339187
:10CE10003291319130912F912E912D912C912B9116
:10CE20002A91299128912791269125912491239146
:10CE30002291219120911F910022C4F2A0221E92E2
:10CE40000021C4F28C211D911C920022C4F22022E8
:10CE50001B921A910021C4F20C2119910021C4F2F5
:10CE6000A01118911791006A012840F00C81FFE78A
:10CE700042F2A570C2F200000078C007A0BBFFE735
:10CE80003E9942F2A070C2F20000016090ED000AEB
:10CE9000B5EE400AF1EE10FA07DDFFE742F2A071AD
:10CEA000C2F2000100200860FFE742F2A070C2F267
:10CEB000000090ED000A9FEDE01AB4EE410AF1EE99
:10CEC00010FA0ADAFFE742F2A071C2F2000146F25C
:10CED000F360CBF6DF700860FFE742F2A571C2F2A3
:10CEE000000101200870FFE740F2B010C2F200001C
:10CEF00000F088FE42F2A070C2F2000090ED001A2D
:10CF00009FEDCE2A20EE020A30EE010A80ED000AE3
:10CF100090ED000AB5EE400AF1EE10FA07DDFFE7EA
:10CF200042F2A071C2F2000100200860FFE742F265
:10CF3000A070C2F2000090ED000A9FEDBF1AB4EE9F
:10CF4000410AF1EE10FA0ADAFFE742F2A071C2F2EA
:10CF5000000146F2F360CBF6DF700860FFE743F2B2
:10CF6000E870C2F200000A9090ED000A9FEDB41A3A
:10CF700020EE410A8DED2F0A90ED010A20EE410AC4
:10CF80008DED300A90ED010A90ED023A9FEDAD2A49
:10CF900020EE020A30EE430A20EE010A8DED310A3E
:10CFA00090ED030A20EE410A8DED320A90ED040A5D
:10CFB00020EE010A8DED330A90ED050A20EE010AFC
:10CFC0008DED340A90ED060A20EE410A8DED350A0A
:10CFD00042F2A070C2F200000068369043F62000D2
:10CFE000C2F200000B9090ED000AB1EE400A8DED08
:10CFF000270A90ED010AB1EE400A8DED280A90ED66
:10D00000010A90ED021A20EE020A30EE410A8DED7F
:10D01000290A90ED030AB1EE400A8DED2A0A016952
:10D020002B9141692C9190ED060AB1EE400A8DEDED
:10D030002D0A00202E9043F60401C2F2000191ED6A
:10D04000000AB1EE400A8DED1F0A91ED011A91ED33
:10D05000020A9FED7D2A20EE020A30EE410A8DED94
:10D06000200A91ED020AB1EE400A8DED210A91ED00
:10D07000030AB1EE400A8DED220A0969239124903A
:10D080002590269006E042F2A571C2F20001002030
:10D090000870FFE71098006A002840F08680FFE7DC
:10D0A000109890F8C000C00708BBFFE7002016905A
:10D0B000FFE7169807280EDCFFE71099169A37A8A5
:10D0C00050F8220001EB8201C1F8A000FFE716989A
:10D0D00001301690EDE71099D1F8BC0042F2A07231
:10D0E000C2F200021060012081F8C000FFE740F2A8
:10D0F000B010C2F2000000F085FD42F2A070C2F252
:10D10000000090ED001A9FED4D2A20EE020A30EE4D
:10D11000010A80ED000A90ED000AB5EE400AF1EE3A
:10D1200010FA07DDFFE742F2A071C2F20001002011
:10D130000860FFE742F2A070C2F2000090ED000A22
:10D140009FED3D1AB4EE410AF1EE10FA0ADAFFE75C
:10D1500042F2A071C2F2000146F2F360CBF6DF703A
:10D160000860FFE700201590FFE71598062811DCFE
:10D17000FFE71098159A00EB8200D0F8A00042F665
:10D180004C21C2F2000141F82200FFE7159801305E
:10D190001590EAE742F2A070C2F20000006842F681
:10D1A0004C21C2F20001C86119E01099002081F8F9
:10D1B000C0001490FFE7149807280FDCFFE7149ACB
:10D1C0002FA850F8220042F64C21C2F2000141F88B
:10D1D0002200FFE7149801301490ECE7FFE7109865
:10D1E00090ED000A9FED191A30EE010A80ED000A59
:10D1F00090ED000A9FED161AB4EE410AF1EE10FA16
:10D2000006DDFFE710990020C4F2A0200860FFE7C8
:10D21000109890ED010A9FED0D1A30EE010A80ED95
:10D22000010A90ED010A9FED0B1AB4EE410AF1EEEE
:10D2300010FA1BDD14E000BFF366DFBFA69B443B82
:10D2400035FA8E3C7F6A7C3F7F6A7CBFCDCC4C3EFA
:10D250000000A04200008C420000204200000C426E
:10D2600010990020C4F28C204860FFE7109890EDE0
:10D27000020A1FED0A1A30EE010A80ED020A90ED53
:10D28000020A1FED0D1AB4EE410AF1EE10FA06DDA6
:10D29000FFE710990020C4F2A0208860FFE71098F3
:10D2A00090ED030A1FED171A30EE010A80ED030A14
:10D2B00090ED030A1FED181AB4EE410AF1EE10FAD0
:10D2C00006DDFFE710990020C4F22020C860FFE7C8
:10D2D000109890ED040A1FED231A30EE010A80ED3C
:10D2E000040A90ED040A1FED251AB4EE410AF1EE8E
:10D2F00010FA06DDFFE710990020C4F28C200861C7
:10D30000FFE7109890ED050A1FED301A30EE010A84
:10D3100080ED050A90ED050A1FED301AB4EE410AC2
:10D32000F1EE10FA06DDFFE710990020C4F20C20A0
:10D330004861FFE7109890ED060A1FED3C1A30EEA9
:10D34000010A80ED060A90ED060AB3EE041AB4EE67
:10D35000410AF1EE10FA06DDFFE710990020C4F251
:10D36000A0108861FFE7109890ED070A1FED491A99
:10D3700030EE010A80ED070A90ED070AB3EE041AB9
:10D38000B4EE410AF1EE10FA06DDFFE71099002035
:10D39000C4F2A010C861FFE71098006A002840F0AE
:10D3A000B280FFE7109890ED000A00209FEDD91A97
:10D3B000B4EE410AF1EE10FA09904FDBFFE7109846
:10D3C00090ED010A00209FEDD41AB4EE410AF1EE6F
:10D3D00010FA099042DBFFE7109890ED020A002056
:10D3E0009FEDCC1AB4EE410AF1EE10FA099035DB4C
:10D3F000FFE7109890ED030A00209FEDC81AB4EEE5
:10D40000410AF1EE10FA099028DBFFE7109890ED41
:10D41000040A00209FEDC01AB4EE410AF1EE10FAA2
:10D4200009901BDBFFE7109890ED050A00209FEDA7
:10D43000BC1AB4EE410AF1EE10FA09900EDBFFE7D8
:10D44000109890ED060AB3EE041A0020B4EE410ADB
:10D45000F1EE10FAA8BF01200990FFE7099800F04B
:10D4600001008DF84F0001208DF84E000020129031
:10D47000FFE71298062823DCFFE71098129900EBCB
:10D48000810090ED130A43F2E870C2F2000000EB55
:10D49000810090ED001A30EE410AB0EEC00AB7EEFE
:10D4A000001AB4EE410AF1EE10FA04DDFFE70020A5
:10D4B0008DF84E0004E0FFE7129801301290D8E793
:10D4C0009DF84F00C007C0B1FFE79DF84E00C007B0
:10D4D00098B1FFE71098B0F8C2100131A0F8C2105F
:10D4E000B0F8C200322807DBFFE71099012008627C
:10D4F0000020A1F8C200FFE704E010990020A1F885
:10D50000C200FFE7FFE7209842F67821C2F200014F
:10D510000860219842F67C21C2F20001086023983D
:10D5200042F68021C2F20001086042F66C20C2F28D
:10D530000000007800F00300012836D1FFE71098C2
:10D5400042F64C21C2F20001069191ED000ADDED98
:10D55000270A90ED001A9DED1F2A40F22850C2F2D2
:10D56000000043F2F031C2F2000101220792F1EE15
:10D57000041ACDED081AFDF70DF906991098079ACF
:10D58000DDED081A91ED040ADDED2B0A90ED041A89
:10D590009DED232A40F28040C2F2000043F2184180
:10D5A000C2F20001FBF704FFB1E042F66C20C2F2C8
:10D5B0000000007800F00300022833D1FFE7109844
:10D5C00042F64C21C2F20001059191ED010ADDED18
:10D5D000280A90ED011A9DED202A40F22850C2F24F
:10D5E000000043F2F031C2F200010222F1EE041A0F
:10D5F000FDF7D0F80599109891ED050ADDED2C0A9C
:10D6000090ED051A9DED242A40F2C020C2F20000E0
:10D6100043F21841C2F200010122F0EE001AFCF7B9
:10D62000BFFB73E042F66C20C2F20000007800F00D
:10D630000300032833D1FFE7109842F64C21C2F2D1
:10D640000001049191ED020ADDED290A90ED021A24
:10D650009DED212A40F22850C2F2000043F2F03141
:10D66000C2F200010322F1EE041AFDF793F80499C7
:10D67000109891ED060ADDED2D0A90ED061A9DED4C
:10D68000252A40F2C020C2F2000043F21841C2F243
:10D6900000010222F0EE001AFCF782FB35E0109840
:10D6A00042F64C21C2F20001019191ED030ADDED39
:10D6B0002A0A90ED031A9DED222A40F2D830C2F2D8
:10D6C000000043F2F031C2F2000101220292F0EEBA
:10D6D000001ACDED031AFBF76BFE01991098029A20
:10D6E000DDED031A91ED070ADDED2E0A90ED071A24
:10D6F0009DED262A40F21820C2F2000043F21841A4
:10D70000C2F20001FBF754FEFFE7FFE7FFE740B07E
:10D7100080BD00BF0000A04200008C4200002042FB
:10D7200000000C4280B582B0009040F22850C2F256
:10D73000000001221146FDF74BFF00284FD0FFE704
:10D7400040F22850C2F2000002210322FDF740FF00
:10D75000002844D0FFE740F22850C2F20000032125
:10D760000522FDF735FFD0B3FFE740F2D830C2F213
:10D77000000001210722FDF791FC80B3FFE740F292
:10D780008040C2F2000001221146FDF787FC30B351
:10D79000FFE740F2C020C2F2000001210322FDF7A2
:10D7A000B5FDE0B1FFE740F2C020C2F20000022167
:10D7B0000522FDF7ABFD90B1FFE740F21820C2F261
:10D7C000000001210722FDF769FC40B1FFE740F2AC
:10D7D000B010C2F20000FBF7EFF920B9FFE700201C
:10D7E0008DF8070003E001208DF80700FFE79DF8A2
:10D7F000070002B080BD000080B58EB00D900D987E
:10D80000089040F22850C2F20000009001210591DA
:10D81000FDF746FF00980899B1EE400A81ED130A22
:10D8200002210791FDF73CFF00980899B1EE400AEC
:10D8300081ED140A03210191FDF732FF0599089843
:10D840008DED0C0A9DED0C1A90ED140A9FED622AE5
:10D850008DED022A20EE020A30EE410A80ED150A13
:10D8600040F2D830C2F200000390FDF77FFC05992A
:10D870000898B1EE400A80ED160A40F28040C2F2EC
:10D8800000000490FDF772FC0599089880ED170AD6
:10D8900040F2C020C2F200000690FDF79FFD0698FE
:10D8A0000799089A82ED180AFDF798FD00980599E6
:10D8B000089AB1EE400A82ED190AFDF73BFF009885
:10D8C0000799089AB1EE400A82ED1A0AFDF732FF75
:10D8D000009801998DED0B0AFDF72CFF9DED022AB2
:10D8E00003980599089A8DED0A0A9DED0B1A9DED96
:10D8F0000A0A20EE020A30EE410A82ED1B0A9DED73
:10D900000A0AB1EE400A82ED1C0AFDF779FC049880
:10D910000599089AB1EE400A82ED1D0AFDF770FCE8
:10D9200005990698089AB1EE400A82ED1E0AFDF7A5
:10D930009FFD06980799089A82ED1F0AFDF798FD4A
:10D9400000980599089AB1EE400A82ED200AFDF789
:10D95000BDFE00980799089AB1EE400A82ED210AAF
:10D96000FDF7B4FE00980199089AB1EE400A82EDE5
:10D97000220AFDF7ABFE9DED022A03980599089A4D
:10D980008DED090A9DED091A92ED220A20EE020A98
:10D9900030EE410A82ED230AFDF7FEFB049805995B
:10D9A000089AB1EE400A82ED240AFDF7F5FB0599CD
:10D9B0000698089A82ED250AFDF726FD0698079934
:10D9C000089A82ED260AFDF71FFD0898B1EE400A7D
:10D9D00080ED270A0EB080BD7F6A7C3F81B0009049
:10D9E00000990020086242F2A572C2F20002107093
:10D9F00081F8C000A1F8C200086048608860C86073
:10DA0000086148618861C86101B0704780B582B023
:10DA1000019001980090FFF785FE0146009881F083
:10DA2000010142F2A472C2F200021170FFF7E4FE9B
:10DA300002B080BD82B0019000910198009900EB86
:10DA4000810090ED130A02B07047000082B001908F
:10DA500000910198009900EB810090ED210A02B03D
:10DA6000704700008CB00A900A9906910B91002033
:10DA70000790086048608860C860086148618861F4
:10DA8000C861086281F824008862C862086348633C
:10DA90008863C8630864486481F84800C86401F179
:10DAA0005000683108910990FFE70999089A002011
:10DAB00041F8040B084691420990F6D1FFE7069918
:10DAC0000020886601F16C00843104910590FFE725
:10DAD0000599049A002041F8040B084691420590EC
:10DAE000F6D1FFE706990020C1F8840001F1880013
:10DAF000A03102910390FFE70399029A002041F8B8
:10DB0000040B084691420390F6D1FFE706990020E6
:10DB1000C1F8A00001F1A400C03100910190FFE71D
:10DB20000199009A002041F8040B084691420190A7
:10DB3000F6D1FFE70699002081F8C000A1F8C200E5
:10DB40000B980CB07047000081B0009000980069FD
:10DB500001B0704786B00590049103928DF80B30A8
:10DB60000020ADF808000399C9080191039901F05C
:10DB700007018DF803108DF80200FFE79DF8020001
:10DB80009DF80B1088422DDAFFE704980199405C5C
:10DB90009DF80310C84000F001008DF801009DF8C9
:10DBA00001009DF8021000FA01F1BDF808000843D9
:10DBB000ADF808009DF8030001308DF803009DF8D2
:10DBC0000300082807D1FFE700208DF80300019823
:10DBD00001300190FFE7FFE79DF8020001308DF86A
:10DBE0000200CBE7BDF8080006B0704782B0019094
:10DBF0008DF803109DF80300002818BF012002B023
:10DC00007047000081B00090009890ED0C0A01B0C0
:10DC10007047000082B001908DF803108DF802204B
:10DC20009DF803009DF8021040EA012000B202B006
:10DC30007047000080B584B00390ADF80A10BDF8BD
:10DC40000A00ADF808004FF4B670ADF8060002A85F
:10DC50000DF1060102F0CAF940F29461ADF804102A
:10DC600001A902F003FAB0F9000004B080BD000081
:10DC700081B000900098807A01B0704781B0009028
:10DC80000098C07A01B0704784B003908DF80B10F3
:10DC9000039800909DF80B100020022901900BD8EA
:10DCA000FFE700989DF80B1000EB810080680028CA
:10DCB00018BF01200190FFE7019800F0010004B0B7
:10DCC0007047000081B000900098406801B0704734
:10DCD00081B000900098406801B0704784B0039014
:10DCE0008DF80B10039800909DF80B10002002296E
:10DCF00001900BD8FFE700989DF80B1000EB810016
:10DD00008068002818BF01200190FFE7019800F00B
:10DD1000010004B07047000080B582B00190019806
:10DD200000F5816000F0BEF802B080BD80B582B021
:10DD30000190019800F5816000F0B4F8A0F58060D2
:10DD4000B0FA80F0400902B080BD000080B588B014
:10DD5000069005910492069801900599029100F5AC
:10DD6000816000F09FF801460298884204D3FFE7E3
:10DD700000208DF81F000FE00198D0F80414059AD8
:10DD800011446FF39F2103910399405C049908703B
:10DD900001208DF81F00FFE79DF81F0008B080BD2F
:10DDA00081B000904FF4806001B0704780B582B0C0
:10DDB0000190019800F5816000F074F8B0FA80F0ED
:10DDC000400902B080BD000081B000900098D0F8FA
:10DDD000080101B07047000081B00090012001B03F
:10DDE0007047000080B582B0019000910198826870
:10DDF0000099904702B080BD81B000900098C06843
:10DE0000017A0120884301B07047000080B582B0DC
:10DE100001900091019882680099904702B080BDFE
:10DE200081B000900098C068017A0120884301B059
:10DE30007047000080B582B001900091019882681F
:10DE40000099904702B080BD81B000900098C068F2
:10DE5000017A0120884301B07047000081B0009032
:10DE60000098006801B0704781B000900098006889
:10DE700001B0704781B000900098006801B0704711
:10DE800081B000900098006801B0704780B582B002
:10DE900001908DF8031001989DF8031001F0B8F877
:10DEA00002B080BD80B582B0019001980521FFF7D6
:10DEB000EDFF02B080BD000080B582B001900198F6
:10DEC000009000F007F8009900680968401A0011F6
:10DED00002B080BD80B582B0019001980C3000F096
:10DEE0002BF802B080BD000080B582B0019001988F
:10DEF000009000F007F8009900680968401A0011C6
:10DF000002B080BD80B582B0019001980C3000F065
:10DF10002BF802B080BD000080B582B0019001985E
:10DF200000F04CF802B080BD80B582B0019001983D
:10DF300000F032F802B080BD80B582B00190019847
:10DF400000F03CF802B080BD80B582B0019001982D
:10DF500000F03AF802B080BD80B582B0019001981F
:10DF600000F020F802B080BD80B582B00190019829
:10DF700000F02AF802B080BD80B582B0019001980F
:10DF800000F028F802B080BD80B582B00190019801
:10DF900000F00EF802B080BD81B00090009801B092
:10DFA0007047000081B00090009801B070470000F9
:10DFB00081B00090009801B07047000081B00090DF
:10DFC000009801B07047000081B00090009801B047
:10DFD0007047000081B00090009801B070470000C9
:10DFE00081B00090009890F8060100F0010001B0A7
:10DFF0007047000083B0029001910092019801687F
:10E00000009802680020914238BF012003B0704799
:10E0100083B00290019100920198B0F9001000982D
:10E02000B0F9002000209142B8BF012003B0704732
:10E0300080B588B0069005910698019000F058F8D8
:10E04000049005980499884203D9FFE7019800F0ED
:10E0500025F8019800F03EF8039003980499B0EB7E
:10E06000510F03D3FFE70498079009E0039840009D
:10E07000029002A805A901F099FF00680790FFE748
:10E08000079808B080BD000082B00190009102B0F6
:10E090007047000081B0009001B0704782B00190DD
:10E0A00045F6C910C0F6010001F0ECF881B000900F
:10E0B000009801684068401A001101B070470000E4
:10E0C00080B582B0019001980830FFF72DFF02B0B3
:10E0D00080BD000080B582B001900198009000F0F2
:10E0E0001BF8009900680968401A001102B080BD51
:10E0F00080B584B003900398FFF7E2FF00F046FE7E
:10E10000029000F017FE019002A801A901F08EFF15
:10E11000006804B080BD000080B582B00190019815
:10E120000830FFF7F9FE02B080BD000080B588B06E
:10E13000069005910698019000F058F80490059813
:10E140000499884203D9FFE7019800F025F8019867
:10E1500000F03EF8039003980499B0EB510F03D3FD
:10E16000FFE70498079009E003984000029002A896
:10E1700005A901F01BFF00680790FFE7079808B0AA
:10E1800080BD000082B00190009102B07047000095
:10E1900081B0009001B0704782B0019045F6C9107F
:10E1A000C0F6010001F06EF881B00090009801689F
:10E1B0004068401A001101B07047000080B582B07D
:10E1C000019001980830FFF7C7FE02B080BD000043
:10E1D00080B582B001900198009000F01BF8009982
:10E1E00000680968401A001102B080BD80B584B093
:10E1F00003900398FFF7E2FF00F0FEFD029000F0AD
:10E2000099FD019002A801A901F010FF006804B077
:10E2100080BD000080B582B0019001980830FFF702
:10E2200093FE02B080BD000082B00190009102B068
:10E230007047000081B0009001B0704782B001903B
:10E2400045F6C910C0F6010001F01CF880B582B097
:10E25000019001980830FFF797FE02B080BD0000E2
:10E2600080B582B001900198009000F01BF80099F1
:10E2700000680968401A02B080BD000080B584B013
:10E2800003900398FFF7E2FF00F0ECFD029000F02E
:10E2900051FD019002A801A901F0C8FE006804B078
:10E2A00080BD000080B582B0019001980830FFF772
:10E2B00063FE02B080BD000080B582B00190009185
:10E2C00001980099FFF78EFD02B080BD80B582B045
:10E2D00001900198FFF790FD02B080BD80B582B03B
:10E2E0000190009101980099FFF790FD02B080BD68
:10E2F00080B582B001900198FFF792FD02B080BD19
:10E3000080B582B00190009101980099FFF792FDCD
:10E3100002B080BD80B582B001900198FFF794FDF6
:10E3200002B080BD81B000906FF0704001B07047C6
:10E3300081B000906FF0704001B0704781B00090E4
:10E340004FF0FF3001B0704781B00090009801B0ED
:10E350007047000080B582B0019001980090FFF7EF
:10E360003FFE10B9FFE701F095FA0098FFF7ECFFC8
:10E3700002B080BD81B00090012001B07047000064
:10E3800081B00090012001B07047000081B0009082
:10E39000012001B07047000081B00090012001B061
:10E3A0007047000080B584B00290019102980390FC
:10E3B000019A116852684260016001998968816020
:10E3C0000199C968C160C068406858B1FFE700F0B2
:10E3D0007BFA0199C860684600F0CCF90199009871
:10E3E0008860FFE7039804B080BD000080B584B06A
:10E3F00002900191029800900390019A116852686E
:10E40000426001600199896881600199C968C160B1
:10E41000C068006848B1FFE70098C06801680198CB
:10E420000068884700990860FFE7039804B080BD42
:10E4300080B586B00490039104980190059008304F
:10E4400000F098F900F040FA0199C8600398FFF7CE
:10E4500091FF78B1FFE700F06DF901990290029801
:10E46000886000F057FA01460198C160039900F0F6
:10E47000EBF9FFE7059806B080BD000080B586B0D7
:10E4800004900391049801900590083000F072F90F
:10E4900000F01AFA0199C8600398FFF771FF78B18C
:10E4A000FFE700F053F9019902900298886000F0AC
:10E4B00037FA01460198C160039900F0D5F9FFE7EA
:10E4C000059806B080BD000080B584B00290029827
:10E4D00001900390C068406830B1FFE70199086877
:10E4E000C96849688847FFE7039804B080BD000009
:10E4F00080B584B00290019102980390019A11684E
:10E500005268426001600199896881600199C96817
:10E51000C160C068406858B1FFE700F0D5F90199C3
:10E52000C860684600F056F9019900988860FFE7D6
:10E53000039804B080BD000080B584B002900191C2
:10E54000029800900390019A11685268426001603D
:10E550000199896881600199C968C160C0680068D3
:10E5600048B1FFE70098C0680168019800688847D3
:10E5700000990860FFE7039804B080BD80B586B0BD
:10E5800004900391049801900590083000F022F95E
:10E5900000F09AF90199C8600398FFF7F7FE78B187
:10E5A000FFE700F003F9019902900298886000F0FB
:10E5B000BDF901460198C160039900F065F9FFE7D4
:10E5C000059806B080BD000080B584B00290029826
:10E5D00001900390C068406830B1FFE70199086876
:10E5E000C96849688847FFE7039804B080BD000008
:10E5F00080B584B00390029103980190083002998D
:10E60000083101F053FD01980C3002990C3101F0F2
:10E6100073FD0198029901F059FD04B080BD00001E
:10E6200080B584B002900191029800900390019A05
:10E63000116852684260016001998968816001999E
:10E64000C968C160C068006848B1FFE70098C06849
:10E65000016801980068884700990860FFE70398FF
:10E6600004B080BD80B582B0019001980090083060
:10E6700000F0E0F800F028F901460098C16002B00F
:10E6800080BD000080B586B004900391049801908D
:10E690000590083000F0CEF800F016F90199C86036
:10E6A0000398FFF779FE78B1FFE700F0AFF8019922
:10E6B00002900298886000F03FF901460198C1601D
:10E6C000039900F0F1F8FFE7059806B080BD00005F
:10E6D00080B584B00290029801900390C0684068B1
:10E6E00030B1FFE701990868C96849688847FFE7C2
:10E6F000039804B080BD000080B584B003900291FF
:10E70000039801900198029900F0A4F804B080BD2C
:10E7100080B584B00390029103980190019802990A
:10E7200000F0A8F804B080BD82B00190009101F023
:10E7300069F8000080B582B04EF2F961C0F60001C0
:10E7400001A800F00FF8019802B080BD80B582B03A
:10E750004EF21171C0F6000101A800F003F8019813
:10E7600002B080BD82B001900091019800990160D3
:10E7700002B0704781B0009000984EF22971C0F647
:10E780000001016001B0704780B584B00390029130
:10E79000039801900198029900F07CF804B080BDC4
:10E7A00082B00190009101F02DF8000080B582B098
:10E7B0004EF28971C0F6000101A800F003F801983B
:10E7C00002B080BD82B00190009101980099016073
:10E7D00002B0704781B0009000984EF2A171C0F66F
:10E7E0000001016001B0704780B584B003900291D0
:10E7F000039801900198029900F05CF804B080BD84
:10E8000082B00190009100F0FDFF000080B582B061
:10E810004EF2E971C0F6000101A800F003F801987A
:10E8200002B080BD82B00190009101980099016012
:10E8300002B0704781B0009000984EF60101C0F61A
:10E840000001016001B0704782B001900091019811
:10E8500002B0704780B582B0019000910198009994
:10E8600001F01EF802B080BD82B0019000910198C5
:10E8700002B0704780B582B0019000910198009974
:10E8800001F018F802B080BD82B0019000910198AB
:10E8900002B0704780B582B0019000910198009954
:10E8A00001F012F802B080BD82B001900091019891
:10E8B00002B0704780B582B0019000910198009934
:10E8C00001F00CF802B080BD45F2C470C0F6010042
:10E8D0007047000081B045F2D470C0F6010001B06D
:10E8E0007047000081B045F2E470C0F6010001B04D
:10E8F0007047000081B045F2F470C0F6010001B02D
:10E900007047000081B045F60400C0F6010001B078
:10E910007047000080B582B0FFF7DCFF02B080BD19
:10E9200080B582B0FFF7DEFF02B080BD80B582B057
:10E93000FFF7E0FF02B080BD80B582B0FFF7E2FFD5
:10E9400002B080BD82B001900091019800990160F1
:10E9500002B0704781B000900098016810310160EA
:10E9600001B0704782B00190009101980099016058
:10E9700002B0704781B000900098016810310160CA
:10E9800001B0704781B00090009801B0704700005E
:10E9900081B00090009801B07047000081B00090F5
:10E9A000009801B07047000080B584B003900291D8
:10E9B0008DF807208DF80630039802999DF80630EF
:10E9C0009DF80720EC46CCF8003002F0010201F07F
:10E9D00061F804B080BD000080B582B001908DF870
:10E9E00003108DF8022001989DF802209DF8031075
:10E9F00001F0010100F04AFB02B080BD80B584B097
:10EA000003908DF80B10039801909DF80B1001F006
:10EA1000010100F0E1FA019804B080BD80B584B036
:10EA20000390029103980190029900F0E5FA019891
:10EA300004B080BD80B584B0039002918DF80720AA
:10EA4000039802999DF8072000F0C2FC04B080BD35
:10EA500080B584B0039002918DF807200398029945
:10EA60009DF8072000F074FD04B080BD80B584B02F
:10EA700003900291039801900299FFF7CFFF01984C
:10EA800004B080BD80B582B0019000910198012151
:10EA90000522FFF7DDFF02B080BD000080B582B027
:10EAA00001900091019801210522FFF7C3FF02B0F8
:10EAB00080BD000080B584B0039002910398029954
:10EAC00000F002F804B080BD80B586B004900391D8
:10EAD00004980290FFE702990398896888420FD052
:10EAE000FFE7029800F018F8029901908868103842
:10EAF0008860FFF747FF0146019800F03DF9EAE71B
:10EB000006B080BD80B582B0019001984168FFF7E2
:10EB1000D1FF02B080BD000080B582B001900198A5
:10EB20000C3000F0D9F902B080BD000080B582B091
:10EB3000019001980C3000F0C7F902B080BD0000D0
:10EB400080B58AB0089007910692059308980190C5
:10EB500009900C3000210491059A04A900F0C6F92F
:10EB6000079820B9FFE70199002008600DE001989F
:10EB7000FFF7D2FF0146079A02A800F0D5FA0199E3
:10EB80000298086003980790FFE701980168069AC9
:10EB900001EB0211816041600168079A01EB0211EB
:10EBA0000091FFF7C3FF01460098086009980AB07A
:10EBB00080BD000080B586B0049004980390059055
:10EBC000FFF7A0FF0398006880B1FFE70398FFF705
:10EBD000A3FF01460398029101680191FFF76CF9C8
:10EBE00001990246029800F0BBF8FFE7059806B0CD
:10EBF00080BD000080B584B0039002910398029913
:10EC000000F002F804B080BD80B586B00490039196
:10EC100004980290FFE702990398896888420FD010
:10EC2000FFE7029800F018F8029901908868103800
:10EC30008860FFF7ADFE0146019800F0D3F8EAE7DF
:10EC400006B080BD80B582B0019001984168FFF7A1
:10EC5000D1FF02B080BD000080B582B00190019864
:10EC60000C3000F07DF902B080BD000080B582B0AC
:10EC7000019001980C3000F06BF902B080BD0000EB
:10EC800080B58AB008900791069205930898019084
:10EC900009900C3000210491059A04A900F06AF94A
:10ECA000079820B9FFE70199002008600DE001985E
:10ECB000FFF7D2FF0146079A02A800F045FA019932
:10ECC0000298086003980790FFE701980168069A88
:10ECD00001EB0211816041600168079A01EB0211AA
:10ECE0000091FFF7C3FF01460098086009980AB039
:10ECF00080BD000080B586B0049004980390059014
:10ED0000FFF7A0FF0398006880B1FFE70398FFF7C3
:10ED1000A3FF01460398029101680191FFF7E4F80F
:10ED200001990246029800F051F8FFE7059806B0F5
:10ED300080BD000080B500F00FFD80BD81B0009067
:10ED4000009801B07047000081B00090009801B0B9
:10ED50007047000081B00090009801B0704700003B
:10ED600080B584B003900291019203980299019AB0
:10ED700001F086FF04B080BD80B582B001900091A3
:10ED80000198009901F08AFF02B080BD80B582B081
:10ED900001900198FFF7C6FA02B080BD80B584B03B
:10EDA00003900291019203980299019A01F098FF51
:10EDB00004B080BD80B584B00390029101920398A5
:10EDC0000299019A01F098FF04B080BD80B584B02B
:10EDD00003900291019203980299019A01F0A2FF17
:10EDE00004B080BD80B582B0019000910198009977
:10EDF00001F0A6FF02B080BD80B582B001900198FD
:10EE0000FFF796FA02B080BD80B584B003900291FE
:10EE1000019203980299019A01F0B4FF04B080BDF9
:10EE200080B584B003900291019203980299019AEF
:10EE300001F0B4FF04B080BD80B584B003900291AE
:10EE4000019203980299019A01F0BEFF04B080BDBF
:10EE500080B582B0019000910198009901F0C0FF47
:10EE600002B080BD80B582B001900198FFF766FACC
:10EE700002B080BD80B582B00190009101980099E8
:10EE800001F0CAFF02B080BD80B582B00190019848
:10EE900000F044FA02B080BD80B582B001900198C4
:10EEA00000F00CFA02B080BD80B586B005900491E8
:10EEB000039205980190049900F036FA019800F049
:10EEC00003FA019806B080BD80B582B00190019828
:10EED00000F024FA02B080BD80B582B001900198A4
:10EEE000043000F045FA02B080BD000080B584B067
:10EEF00003900291019203980090029900F014FA95
:10EF000000980430019900F039FA009804B080BDEF
:10EF100080B582B00190019800F00EFA02B080BD79
:10EF200080B582B00190019800F0D8F902B080BDA0
:10EF300080B586B0059004910392059801900499DC
:10EF400000F000FA019800F0CFF9019806B080BDFA
:10EF500080B582B00190019800F0EEF902B080BD5A
:10EF600080B582B001900198043000F00FFA02B031
:10EF700080BD000080B584B0039002910192039897
:10EF80000090029900F0DEF900980430019900F039
:10EF900003FA009804B080BD80B582B0019001985A
:10EFA00000F0D8F902B080BD80B582B00190019820
:10EFB00000F0A4F902B080BD80B586B00590049140
:10EFC000039205980190049900F0CAF9019800F0A5
:10EFD0009BF9019806B080BD80B584B003908DF890
:10EFE0000B10039801909DF80B1001F0010100F047
:10EFF000DBF9019804B080BD80B584B00390029124
:10F0000003980190029900F0DBF9019804B080BDEB
:10F0100085B004908DF80F10049800909DF80F10A3
:10F02000481E0191022808D3FFE7019805280AD05D
:10F03000FFE70098006802900BE000980068BFF3BB
:10F040005F8F029005E000980068BFF35F8F029029
:10F05000FFE7029805B0704780B584B00290019137
:10F06000019800F093FB40B1FFE7019800900298EF
:10F07000009900F019F9039004E0029800F00CF9EF
:10F080000390FFE7039804B080BD000084B00390B4
:10F090008DF80B108DF80A20039800909DF80A0057
:10F0A0009DF80B1001F001018DF809100146019146
:10F0B000032809D0FFE7019805280CD0FFE7009945
:10F0C0009DF8090008700FE000999DF80900BFF352
:10F0D0005F8F087008E000999DF80900BFF35F8F0B
:10F0E0000870BFF35F8FFFE704B0704783B08DF8FF
:10F0F0000B009DF80B00032803D1FFE700200190CF
:10F100000EE09DF80B00042803D1FFE702200090D9
:10F1100003E09DF80B000090FFE700980190FFE7E7
:10F120000198C0B203B0704780B584B001900391DC
:10F1300002920398029901F0BBFD019908600298C0
:10F14000486004B080BD000080B584B00190039198
:10F1500002920398029901F0FDFD0199086002985E
:10F16000486004B080BD000080B584B00190039178
:10F1700002920398029901F039FE01990860029801
:10F18000486004B080BD000080B584B00390029157
:10F190000192FFE70298019988420ED0FFE7039899
:10F1A00000900298FFF7EEFB01460098FFF7E4FDA0
:10F1B000FFE7029810300290ECE704B080BD000039
:10F1C00080B584B0039002910192FFE70298019903
:10F1D00088420ED0FFE7039800900298FFF7D8FB13
:10F1E00001460098FFF7FEFDFFE7029810300290FD
:10F1F000ECE704B080BD000080B584B003900291BC
:10F200000192019800F0C2FA40B1FFE70198009026
:10F2100003980299009A00F005FB04E00398029914
:10F2200000F0F6FAFFE704B080BD000080B582B0C0
:10F2300001900198009000F093FA009802B080BD10
:10F2400080B584B00290019102980090019900F07D
:10F2500091FA009804B080BD80B582B00190019809
:10F260000090FFF7E3FF009802B080BD80B584B046
:10F2700002900191029800900199FFF7E1FF009838
:10F2800004B080BD82B00190019945F61A10C0F615
:10F29000010000F01DFA000080B582B001900198D5
:10F2A00005F0CEFA02B080BD80B582B00190009129
:10F2B0000198009905F0CDFA02B080BD81B00090B0
:10F2C000009801B07047000080B584B002900298A9
:10F2D000019001F01DFD019804B080BD81B0009047
:10F2E000009801B07047000080B584B00290029889
:10F2F000019001F05FFD019804B080BD81B00090E5
:10F30000009801B07047000080B584B00290029868
:10F31000019001F089FD019804B080BD81B000909A
:10F32000009801B07047000082B0019000910198F0
:10F330000021016002B0704781B00090009801B0D8
:10F340007047000082B00190009101980021016097
:10F3500002B0704781B00090009801B07047000083
:10F3600082B00190009101980021016002B07047C5
:10F3700081B000900098006801B0704782B00190A1
:10F38000009101980099016002B0704781B000902F
:10F390000098006801B0704782B001900091019818
:10F3A0000099016002B0704782B001908DF803109F
:10F3B00001989DF8031001F00101017002B070473F
:10F3C00082B00190009101980099016002B07047ED
:10F3D00096B0159014918DF84F2015980F909DF8C8
:10F3E0004F0014991291013801461091042805D854
:10F3F0001099DFE801F02222436487000F981299E8
:10F400000D9100680E90FFE70E990F9B0D9801EB90
:10F41000000C53E8000F084503D143E800C2002A5E
:10F42000F7D10C90411AB1FA81F1490901290E90E6
:10F43000EAD1FFE70C98119087E00F9812990A9192
:10F4400000680B90FFE70B990F9B0A9801EB000CEB
:10F4500053E8000F084503D143E800C2002AF7D162
:10F460000990411AB1FA81F1490901290B90EAD1B9
:10F47000FFE70998BFF35F8F119066E00F9812992C
:10F480000791BFF35F8F00680890FFE708990F9B13
:10F49000079801EB000C53E8000F084503D143E83F
:10F4A00000C2002AF7D10690411AB1FA81F1490948
:10F4B00001290890EAD1FFE70698119045E00F98DE
:10F4C00012990491BFF35F8F00680590FFE70599DB
:10F4D0000F9B049801EB000C53E8000F084503D183
:10F4E00043E800C2002AF7D10390411AB1FA81F132
:10F4F000490901290590EAD1FFE70398BFF35F8F1F
:10F50000119022E00F9812990191BFF35F8F00686C
:10F510000290FFE702990F9B019801EB000C53E862
:10F52000000F084503D143E800C2002AF7D100903C
:10F53000411AB1FA81F1490901290290EAD1FFE7A4
:10F540000098BFF35F8F1190FFE7119816B07047D6
:10F5500096B0159014918DF84F2015980F909DF846
:10F560004F0014991291013801461091042805D8D2
:10F570001099DFE801F02222436487000F98129966
:10F580000D9100680E90FFE70E990F9B0D98A1EB6F
:10F59000000C53E8000F084503D143E800C2002ADD
:10F5A000F7D10C90411AB1FA81F1490901290E9065
:10F5B000EAD1FFE70C98119087E00F9812990A9111
:10F5C00000680B90FFE70B990F9B0A98A1EB000CCA
:10F5D00053E8000F084503D143E800C2002AF7D1E1
:10F5E0000990411AB1FA81F1490901290B90EAD138
:10F5F000FFE70998BFF35F8F119066E00F981299AB
:10F600000791BFF35F8F00680890FFE708990F9B91
:10F610000798A1EB000C53E8000F084503D143E81D
:10F6200000C2002AF7D10690411AB1FA81F14909C6
:10F6300001290890EAD1FFE70698119045E00F985C
:10F6400012990491BFF35F8F00680590FFE7059959
:10F650000F9B0498A1EB000C53E8000F084503D161
:10F6600043E800C2002AF7D10390411AB1FA81F1B0
:10F67000490901290590EAD1FFE70398BFF35F8F9D
:10F68000119022E00F9812990191BFF35F8F0068EB
:10F690000290FFE702990F9B0198A1EB000C53E841
:10F6A000000F084503D143E800C2002AF7D10090BB
:10F6B000411AB1FA81F1490901290290EAD1FFE723
:10F6C0000098BFF35F8F1190FFE7119816B0704755
:10F6D00084B0844601A80EC040F2D00001AAC2F254
:10F6E000000061460092F1F702F8F1F705F800001A
:10F6F00080B588B007900693059204910499059A05
:10F70000069B0393029201910199029A039B00F0D8
:10F7100013F908B080BD000080B588B0079006934B
:10F72000059204910499059A069B03930292019114
:10F730000199029A039B00F017F908B080BD000000
:10F7400080B584B00390029102990191019900F073
:10F7500023F904B080BD00006FF000407047000046
:10F7600080B582B001900198009000F02FF80098C9
:10F7700002B080BD80B584B00290019102980090E3
:10F78000019900F02DF8009804B080BD81B0009080
:10F7900000990020082988BF012001B070470000AF
:10F7A00080B582B0019000910198009901F01AFC97
:10F7B00002B080BD80B584B003900291019203989D
:10F7C0000299019A01F010FC04B080BD81B0009054
:10F7D00000980021017080F8061101B07047000008
:10F7E00080B584B0029001910298009001994FF485
:10F7F0008372F0F742FE0098012180F8061104B0F0
:10F8000080BD000045F69410C0F60100FFF760FFD0
:10F8100080B582B00190009101980099FFF7C0FF78
:10F8200002B080BD80B584B003900291019203982C
:10F830000299019AFFF7BEFF04B080BD80B582B087
:10F84000019001980090FFF707FD009802B080BD7D
:10F8500080B584B002900191029800900199FFF761
:10F8600005FD009804B080BD80B582B0019001987C
:10F870000090FFF7E3FF009802B080BD80B584B030
:10F8800002900191029800900199FFF7E1FF009822
:10F8900004B080BD45F6D010C0F60100FFF718FF98
:10F8A00080B582B0019000910198009901F0F6F8BE
:10F8B00002B080BD80B582B001900091019800999E
:10F8C00001F0F6F802B080BD80B582B001900091E1
:10F8D0000198009901F0F6F802B080BD80B582B0C1
:10F8E000019000910198009901F0F6F802B080BDF6
:10F8F00084B00390029101920093039802990160F1
:10F90000019941600099816004B0704784B0039010
:10F91000029101920093039802990160019941605C
:10F920000099816004B0704781B000900099012077
:10F93000087001B07047000084B0039302920191F7
:10F94000009000980021017004B0704781B00090D1
:10F95000009801B07047000081B00090009901202C
:10F96000087001B07047000084B0039302920191C7
:10F97000009000980021017004B0704781B00090A1
:10F98000009801B07047000081B0009000990120FC
:10F99000087001B07047000082B00191009000989B
:10F9A0000021017002B0704781B00090009801B052
:10F9B0007047000080B58CB00B900A9109920893B3
:10F9C000089807900B9903A807AA08ABFFF790FFC8
:10F9D0000399049A059B0DF11B00FFF789FE0A9815
:10F9E0000290FFE70298099988420CD0FFE70B9834
:10F9F0000899029AFFF7DEF90298103002900898F1
:10FA000010300890EEE70DF11B000190FFF78CFF1E
:10FA10000B980A99099AFFF7B7FB0198FFF796FF31
:10FA20000CB080BD80B58CB00B900A910992089300
:10FA3000089807900B9903A807AA08ABFFF766FF81
:10FA40000399049A059B0DF11B00FFF765FE0A98C8
:10FA50000290FFE70298099988420CD0FFE70B98C3
:10FA60000899029AFFF7DCF9029810300290089882
:10FA700010300890EEE70DF11B000190FFF76CFFCE
:10FA80000B980A99099AFFF79BFB0198FFF776FFFD
:10FA90000CB080BD80B5A8B084462A98CDF89CC033
:10FAA00026918DF897208DF896308DF8950027983F
:10FAB0001F909DF896002190269820909DF8970021
:10FAC00000F001008DF894009DF89500FFF70EFB03
:10FAD000014621982291013801462391042805D836
:10FAE0002399DFE801F00C0C17222D002298013831
:10FAF00002284DD3FFE72298052862D031E02298F2
:10FB000001380228C0F0B080FFE72298052800F0F5
:10FB1000C48090E0229801380228C0F01181FFE7EC
:10FB20002298052800F02781F1E022980138022868
:10FB3000C0F07681FFE72298052800F08C8154E11F
:10FB4000229801380228C0F0DB81FFE722980528BF
:10FB500000F0F181B9E19DF8930000F0010028B0B8
:10FB600080BD1F9B209801789DF894C0C9B2D3E84E
:10FB70004F0F084503D1C3E842CF002AF7D11D90AB
:10FB8000401AB0FA80F0400901461E91C8BB34E02B
:10FB90001F9B209801789DF894C0C9B2D3E84F0FFD
:10FBA000084503D1C3E842CF002AF7D11B90401A81
:10FBB000B0FA80F04009BFF35F8F01461C9150BB43
:10FBC00025E01F9B209801789DF894C0BFF35F8FBC
:10FBD000C9B2D3E84F0F084503D1C3E842CF002A8A
:10FBE000F7D11990401AB0FA80F04009BFF35F8F47
:10FBF00001461A91C8B914E0ADE71D982099087024
:10FC0000FFE71E9800F001008DF89300F4E71B98C1
:10FC100020990870FFE71C9800F001008DF8930010
:10FC2000EAE7199820990870FFE71A9800F0010098
:10FC30008DF89300E0E71F9B209801789DF894C011
:10FC4000C9B2D3E84F0F084503D1C3E842CF002A19
:10FC5000F7D11790401AB0FA80F04009BFF35F8FD8
:10FC600001461891C8BB34E01F9B209801789DF88D
:10FC700094C0C9B2D3E84F0F084503D1C3E842CFBF
:10FC8000002AF7D11590401AB0FA80F04009BFF36E
:10FC90005F8F0146169150BB25E01F9B209801788D
:10FCA0009DF894C0BFF35F8FC9B2D3E84F0F0845EA
:10FCB00003D1C3E842CF002AF7D11390401AB0FA1B
:10FCC00080F04009BFF35F8F01461491C8B914E07A
:10FCD00041E7179820990870FFE7189800F0010095
:10FCE0008DF89300F4E7159820990870FFE71698AF
:10FCF00000F001008DF89300EAE71398209908704E
:10FD0000FFE7149800F001008DF89300E0E71F9BD7
:10FD1000209801789DF894C0BFF35F8FC9B2D3E8F3
:10FD20004F0F084503D1C3E842CF002AF7D1119005
:10FD3000401AB0FA80F0400901461291D8BB36E073
:10FD40001F9B209801789DF894C0BFF35F8FC9B2C4
:10FD5000D3E84F0F084503D1C3E842CF002AF7D1BB
:10FD60000F90401AB0FA80F04009BFF35F8F014650
:10FD7000109150BB25E01F9B209801789DF894C0FE
:10FD8000BFF35F8FC9B2D3E84F0F084503D1C3E873
:10FD900042CF002AF7D10D90401AB0FA80F0400906
:10FDA000BFF35F8F01460E91C8B914E0D3E61198F6
:10FDB00020990870FFE7129800F001008DF8930079
:10FDC000F4E70F9820990870FFE7109800F0010001
:10FDD0008DF89300EAE70D9820990870FFE70E98D8
:10FDE00000F001008DF89300E0E71F9B2098017858
:10FDF0009DF894C0BFF35F8FC9B2D3E84F0F084599
:10FE000003D1C3E842CF002AF7D10B90401AB0FAD1
:10FE100080F04009BFF35F8F01460C91D8BB36E0FC
:10FE20001F9B209801789DF894C0BFF35F8FC9B2E3
:10FE3000D3E84F0F084503D1C3E842CF002AF7D1DA
:10FE40000990401AB0FA80F04009BFF35F8F014675
:10FE50000A9150BB25E01F9B209801789DF894C023
:10FE6000BFF35F8FC9B2D3E84F0F084503D1C3E892
:10FE700042CF002AF7D10790401AB0FA80F040092B
:10FE8000BFF35F8F01460891C8B914E063E60B9891
:10FE900020990870FFE70C9800F001008DF893009E
:10FEA000F4E7099820990870FFE70A9800F001002C
:10FEB0008DF89300EAE7079820990870FFE7089803
:10FEC00000F001008DF89300E0E71F9B2098017877
:10FED0009DF894C0BFF35F8FC9B2D3E84F0F0845B8
:10FEE00003D1C3E842CF002AF7D10590401AB0FAF7
:10FEF00080F04009BFF35F8F01460691D8BB36E022
:10FF00001F9B209801789DF894C0BFF35F8FC9B202
:10FF1000D3E84F0F084503D1C3E842CF002AF7D1F9
:10FF20000390401AB0FA80F04009BFF35F8F01469A
:10FF3000049150BB25E01F9B209801789DF894C048
:10FF4000BFF35F8FC9B2D3E84F0F084503D1C3E8B1
:10FF500042CF002AF7D10190401AB0FA80F0400950
:10FF6000BFF35F8F01460291C8B914E0F3E505982D
:10FF700020990870FFE7069800F001008DF89300C3
:10FF8000F4E7039820990870FFE7049800F0010057
:10FF90008DF89300EAE7019820990870FFE702982E
:10FFA00000F001008DF89300E0E7000080B584B018
:10FFB000039002910398029900F002F804B080BD0A
:10FFC00080B584B0029001910299019A0DF10F0061
:10FFD000FEF710F818B1FFE70198009002E00298D0
:10FFE0000090FFE7009804B080BD000080B584B0A9
:10FFF000039002910398029900F002F804B080BDCA
:020000040801F1
:1000000080B584B0029001910299019A0DF10F0020
:10001000FDF7FEFF18B1FFE70198009002E002989B
:100020000090FFE7009804B080BD000080B584B068
:10003000039002910398029900F002F804B080BD89
:1000400080B584B0029001910199029A0DF10F00E0
:10005000FDF7D0FF18B1FFE70198009002E0029889
:100060000090FFE7009804B080BD000080B584B028
:10007000039002910398029900F002F804B080BD49
:1000800080B584B0029001910199029A0DF10F00A0
:10009000FDF7BEFF18B1FFE70198009002E002985B
:1000A0000090FFE7009804B080BD000083B002908C
:1000B0000191029800680090019802990068086018
:1000C00001990098086003B07047000084B0039065
:1000D000029103990868496801910090029A039976
:1000E000106852684A60086002990098019A4A6054
:1000F000086004B07047000083B00290019102983C
:1001000000680090019800680299086000980199C1
:10011000086003B07047000083B00290019102981C
:1001200000680090019800680299086000980199A1
:10013000086003B07047000083B0029001910298FC
:100140000068009001980068029908600098019981
:10015000086003B07047000080B584B003908DF84C
:100160000B10039801909DF80B1001F00101FEF7B0
:1001700045FC019804B080BD80B582B001908DF837
:10018000031001989DF8031001F001010522FEF70C
:1001900023FC9DF8030000F0010002B080BD0000C8
:1001A00080B584B003900291039801900299FEF704
:1001B0005DFC019804B080BD80B584B002900191CF
:1001C000019903A8FEF7BEFB039804B080BD0000B0
:1001D00082B00190009101980099016002B07047CF
:1001E00080B584B003900398029000680068D0B195
:1001F000FFE70298006800F021F902980068FDF717
:1002000049FF0298006800F00FF901460298019139
:10021000006801680091FDF75DFF009902460198B2
:10022000FEF79EFDFFE704B080BD000083B00290A2
:100230000191009202980199016001994968416019
:1002400001994968009A01EB0211816003B070477F
:1002500081B00090009802684168516001B0704719
:1002600080B58EB00D900C910D98039000F0DCF8E5
:10027000014603980B91FDF719FF014603980131E0
:10028000FDF7D6FE014603980191FDF70FFF019996
:1002900002460B9B06A80490FEF752FC0B980290B6
:1002A0000898FEF76FFB014602980C9AFEF776FD60
:1002B00003980499089A1032089200F04BF80399B9
:1002C000049849680591FEF775FC05980EB080BD4D
:1002D00080B586B00590049105980290406803901F
:1002E000FFE70498039988420ED0FFE7029800F0D8
:1002F0009BF80190039810380390FEF743FB0146EA
:100300000198FEF739FDECE702990498486006B0C1
:1003100080BD000080B588B00790069107990091D4
:1003200003A802900122FFF781FF009800F07CF8FB
:1003300001900498FEF726FB01460198069AFEF705
:100340002DFD0298049910310491FFF781FF08B048
:1003500080BD000080B58AB0099008910998069088
:10036000FDF798FE069808994968024652F8043F3E
:1003700004920268D21A1144079100F055F8014620
:10038000069803910068FEF7FDFA01460498019172
:100390000068FEF7F7FA02900798FEF7F3FA019962
:1003A000029A03460398FFF705FB049A06980799FB
:1003B000089B59600168116008990431FFF7ACFE91
:1003C000049808990831FFF7A7FE069800F040F856
:1003D00005900898FEF7AAFB01460598FFF79CFEDA
:1003E0000698089A51681160FDF760FE014606986C
:1003F000FDF74AFE0AB080BD80B582B0009000983B
:100400004168FFF7D9FE0190019802B080BD00005D
:1004100080B582B0009000980168FFF7CDFE019092
:10042000019802B080BD000080B582B001900198B3
:100430000830FEF731FD02B080BD000080B582B00B
:10044000019001980168FFF743FF02B080BD0000F2
:1004500080B582B0019001980830FEF715FD02B01A
:1004600080BD000080B586B005900491059801908C
:100470004168039103990291FFF7EAFF0146029850
:100480000968884208D2FFE701980499FFF742FF04
:1004900003981030039005E001980499FFF7E0FEFF
:1004A0000390FFE701990398486006B080BD000003
:1004B00080B584B0039003980090002101604160F2
:1004C0000830029102A90DF10702FEF7EDFC009839
:1004D00004B080BD80B584B003900399019102A857
:1004E0000090FFF775FE0098FFF77AFE019804B0C0
:1004F00080BD000080B584B002900191019903A8ED
:10050000FEF730FA039804B080BD000082B001907D
:10051000009101980099016002B0704780B584B0E5
:1005200003900398029000680068D0B1FFE702983A
:10053000006800F021F902980068FDF729FE029892
:10054000006800F00FF90146029801910068016807
:100550000091FDF73DFE009902460198FEF736FC3A
:10056000FFE704B080BD000083B0029001910092CB
:1005700002980199016001994968416001994968AF
:10058000009A01EB0211816003B0704781B00090C6
:10059000009802684168516001B0704780B58EB024
:1005A0000D900C910D98039000F0DCF80146039833
:1005B0000B91FDF7F9FD014603980131FDF7B6FDFA
:1005C000014603980191FDF7EFFD019902460B9B4F
:1005D00006A80490FEF754FB0B9802900898FEF7CB
:1005E000D7F9014602980C9AFEF70EFC039804997D
:1005F000089A1032089200F04BF803990498496861
:100600000591FEF777FB05980EB080BD80B586B0EA
:10061000059004910598029040680390FFE70498C4
:10062000039988420ED0FFE7029800F09BF80190F2
:10063000039810380390FEF7ABF901460198FEF7D6
:10064000D1FBECE702990498486006B080BD000039
:1006500080B588B0079006910799009103A8029091
:100660000122FFF781FF009800F07CF801900498C8
:10067000FEF78EF901460198069AFEF7C5FB02982F
:10068000049910310491FFF781FF08B080BD00008C
:1006900080B58AB00990089109980690FDF778FD19
:1006A000069808994968024652F8043F0492026885
:1006B000D21A1144079100F055F8014606980391AB
:1006C0000068FEF765F90146049801910068FEF79D
:1006D0005FF902900798FEF75BF90199029A0346C9
:1006E0000398FFF79FF9049A06980799089B5960A9
:1006F0000168116008990431FFF71EFD04980899FC
:100700000831FFF719FD069800F040F805900898A9
:10071000FEF7ACFA01460598FFF70EFD0698089A19
:1007200051681160FDF740FD01460698FDF72AFD6E
:100730000AB080BD80B582B0009000984168FFF794
:10074000D9FE0190019802B080BD000080B582B052
:10075000009000980168FFF7CDFE0190019802B06B
:1007600080BD000080B582B0019001980830FEF78E
:10077000D7FB02B080BD000080B582B00190019827
:100780000168FFF743FF02B080BD000080B582B072
:10079000019001980830FEF7BBFB02B080BD00005D
:1007A00080B586B005900491059801904168039149
:1007B00003990291FFF7EAFF01460298096888420F
:1007C00008D2FFE701980499FFF742FF0398103021
:1007D000039005E001980499FFF7E0FE0390FFE71E
:1007E00001990398486006B080BD000080B584B0D0
:1007F000039003980090002101604160083002914D
:1008000002A90DF10702FEF793FB009804B080BD2A
:1008100080B584B003900399019102A80090FFF77E
:1008200075FE0098FFF77AFE019804B080BD0000C5
:1008300080B588B0079006910798029006990391B9
:10084000FDF71CFD01460398884203D9FFE7029893
:10085000FDF7F4FC029800F0B7F80146069A04A8E8
:10086000FEF782FC029804990160049941600168D6
:10087000059A1144019100F0BBF8019902460298D3
:1008800011600021FDF7D0FC08B080BD82B001905E
:10089000009101980099016002B0704780B584B062
:1008A00003900398029000680068D0B1FFE70298B7
:1008B000006800F093F802980068FDF7BBFC02980E
:1008C000006800F081F80146029801910068016813
:1008D0000091FDF7C5FC009902460198FEF7ACFABD
:1008E000FFE704B080BD000080B58AB00990089190
:1008F00009990291089A05A800F020F80798049039
:1009000006980390FFE703980499884211D0FFE707
:10091000029800F059F801900398FEF73FF801465D
:100920000198FEF7A7FAFFE70398013003900690BD
:10093000E9E705A800F014F80AB080BD83B0029082
:100940000191009202980199016001994968416002
:1009500001994968009A1144816003B07047000012
:1009600081B00090009802684168516001B0704702
:1009700080B586B005900491059802904068039078
:10098000FFE70498039988420ED0FFE7029800F031
:100990001BF80190039801380390FDF7FFFF014613
:1009A0000198FEF755FAECE702990498486006B002
:1009B00080BD000080B582B0019001980068FDF70D
:1009C000EDFF02B080BD000080B582B001900198BB
:1009D0000830FEF7E9FA02B080BD000080B582B0B1
:1009E000019001980168FFF7C3FF02B080BD0000CD
:1009F00080B582B0019001980830FEF7CDFA02B0C0
:100A000080BD000080B588B00690059106980190E1
:100A100007900021016041600830049104A90DF1A4
:100A20000F02FEF7C9FA019902A8FFF72FFF0299FA
:100A30000DF10E00FEF784FE059848B1FFE701981E
:100A40000599FFF7F5FE01980599FFF74DFFFFE7C0
:100A50000DF10E000090FEF797FF0098FEF7A4FF3F
:100A6000079808B080BD000080B584B0039003995A
:100A7000019102A80090FFF709FF0098FFF70EFF11
:100A8000019804B080BD000082B0019000910198EF
:100A900000680099084402B07047000080B582B039
:100AA000019000910198009900F030FA02B080BDE9
:100AB00080B582B0019000910198009900F03AFA57
:100AC00002B080BD80B582B001900091019800997C
:100AD00000F04CFA02B080BD80B582B00190009168
:100AE0000198009900F05AFA02B080BD80B584B038
:100AF00003900291039801900299FDF753FC01982D
:100B000004B080BD80B584B0039002910398019039
:100B10000299FDF76BFC019804B080BD80B584B0EC
:100B20000290029801900DF10F01FDF781FC0198F0
:100B300004B080BD80B584B00290029801900DF1A0
:100B40000F01FDF79BFC019804B080BD80B582B019
:100B5000019001980090FDF7B7FC009802B080BDAD
:100B600080B584B003900291039801900299FDF73B
:100B7000BFFC019804B080BD80B584B003900291A1
:100B8000039801900299FDF7D7FC019804B080BD4D
:100B900080B584B00290029801900DF10F01FDF72D
:100BA000EDFC019804B080BD80B582B00190019841
:100BB0000090FDF709FD009802B080BD80B582B0BD
:100BC0000190009101980099FDF712FD02B080BDDF
:100BD00080B582B0019001980090FDF743FD009828
:100BE00002B080BD80B584B003900291039801905B
:100BF0000299FDF715FD019804B080BD80B584B061
:100C00000290029801900DF10F01FDF73BFD019854
:100C100004B080BD80B582B0019001980090FDF7CE
:100C200057FD009802B080BD80B588B0079006914E
:100C300007980190069902A80090FFF7D3FF00984B
:100C40000199FFF7BBFF0098FFF7E4FF019808B098
:100C500080BD000080B584B0029002980190FEF73C
:100C600003FE019804B080BD80B584B0039002916A
:100C7000039800900299FEF701FE009804B080BD31
:100C800080B584B003900291019202980199090104
:100C90000422FEF7B1FA04B080BD000080B582B036
:100CA000019000910098FFF751FF02B080BD000055
:100CB00080B584B003900291039802990191FEF7E8
:100CC00065F801460198884202D9FFE700F018F95B
:100CD000029800010421FEF7BFF904B080BD0000B6
:100CE00080B584B003900291019202980199FFF7B8
:100CF00009FF04B080BD000080B584B0039002916C
:100D0000019202980199FFF7F1FE04B080BD000046
:100D100080B582B0019001980090FEF70FF800981E
:100D200002B080BD80B584B0039002910192029818
:100D3000019909010422FEF75FFA04B080BD0000AA
:100D400080B582B0019000910098FFF72DFF02B0AE
:100D500080BD000080B584B0039002910398029991
:100D60000191FEF749F801460198884202D9FFE750
:100D700000F0C6F8029800010421FEF76DF904B0F6
:100D800080BD000080B584B003900291019202986A
:100D90000199FFF7F1FE04B080BD000080B584B07A
:100DA00003900291019202980199FFF7D9FE04B0D5
:100DB00080BD000080B582B0019001980090FDF7E1
:100DC000C3FF009802B080BD80B584B0039002914B
:100DD0000192029801990122FEF70EFA04B080BD3B
:100DE00082B00190009102B07047000080B584B0DD
:100DF00003900291039802990191FEF733F801469E
:100E00000198884202D9FFE700F07AF802980121A0
:100E1000FEF722F904B080BD82B0019000910099E4
:100E20000020087002B0704780B582B00190019830
:100E30000090FDF78FFF009802B080BD80B584B0B0
:100E4000039002910398FDF709F801900298FDF7CD
:100E500005F801460198401AB0FA80F0400904B044
:100E600080BD000080B584B0039002910398FDF727
:100E700001F801900298FCF7FDFF01460198401A25
:100E8000B0FA80F0400904B080BD000080B582B0A7
:100E90000190009101980099FFF7D0FF80F00100C8
:100EA00002B080BD80B582B0019000910198009998
:100EB000FFF7D8FF80F0010002B080BD42F670203D
:100EC000C2F200000068704701A0FEF701FC00BFFD
:100ED0006261645F616C6C6F63207761732074681A
:100EE000726F776E20696E202D666E6F2D65786348
:100EF000657074696F6E73206D6F6465000000002B
:100F000045F65C10C0F60100FEF7E2FB80B582B04A
:100F100001900091009940F2D830C2F20000F8F739
:100F200051F9009940F22850C2F20000F9F73AFB5B
:100F300002B080BD80B582B001900091009940F26E
:100F40008040C2F20000F8F73DF9009940F2C0205D
:100F5000C2F20000F8F72CFE009940F21820C2F20D
:100F60000000F8F72FF902B080BD000080B582B014
:100F7000019000910098808812280DD1FFE7009819
:100F8000006848B1FFE70098016840F2B010C2F273
:100F90000000F7F757FEFFE702B080BD80B582B0D2
:100FA0000190009100980079012815D1FFE7009881
:100FB000C0782A2810D1FFE70098411D42F688200A
:100FC000C2F200002A22EFF758FA42F6B221C2F22A
:100FD000000101200870FFE702B080BDEFF709BBF8
:100FE000EFF707BBFFF7FABF1146FFF7F9BF0000A5
:100FF00081B08DF803009DF9030000280ED4FFE7AF
:101000009DF9031001F01F02012090404A094EF2A1
:101010000011CEF2000141F82200FFE701B0704755
:101020004EF60C50CEF200000068C0F3022070476C
:1010300082B08DF8070000919DF9070000280AD4BE
:10104000FFE7009800019DF907104EF20042CEF232
:10105000000288540BE0009800019DF8071001F091
:101060000F014EF61452CEF200028854FFE702B090
:101070007047000082B08DF8070000919DF90700CD
:1010800000280AD4FFE7009800019DF907104EF2EE
:101090000042CEF2000288540BE0009800019DF857
:1010A000071001F00F014EF61452CEF200028854E0
:1010B000FFE702B07047000083B00290029800F092
:1010C000070000904EF60C51CEF200010868019026
:1010D00001984FF6FF02104001900198009A40EAF3
:1010E00002200022C0F2FA521043019001980860D9
:1010F00003B0704701A001F0C8FA00BF50757265D7
:10110000207669727475616C2066756E6374696FA0
:101110006E2063616C6C65642100000080B542F252
:101120008870C2F200000078BFF35F8FC007A8B9D3
:10113000FFE742F28870C2F2000001F08CFA68B159
:10114000FFE742F2A870C2F20000FCF78BFC42F20B
:101150008870C2F2000001F094FAFFE780BD000041
:1011600080B540F2B010C2F200006421F7F76CFEC7
:1011700080BD000080B582B008208DF807000720F0
:10118000009040F21820C2F2000000210DF1070289
:101190006B46F9F7C7FD02B080BD000080B584B092
:1011A00004208DF80E0006208DF80F00032001901A
:1011B0000520029040F2C020C2F2000000210DF193
:1011C0000E0201ABF9F712FE04B080BD80B582B00B
:1011D00008208DF807000720009040F2D830C2F2B6
:1011E000000000210DF107026B46F9F763FE02B023
:1011F00080BD000080B582B002208DF8070001207C
:10120000009040F28040C2F2000000210DF1070280
:101210006B46F9F74FFE02B080BD000080B584B088
:1012200002208DF80D0004208DF80E0006208DF8A8
:101230000F0001200090032001900520029040F251
:101240002850C2F2000000210DF10D026B46F9F7A3
:1012500095FE04B080BD000080B582B043F63C002E
:10126000C2F200000090DFED210ACDED010AB0EEE0
:10127000600AF7F787FA0098DDED010A1830B0EE42
:10128000600AF7F77FFA0098DDED010A3030B0EE22
:10129000600AF7F777FA0098DDED010A4830B0EE02
:1012A000600AF7F76FFA0098DDED010A6030B0EEE2
:1012B000600AF7F767FA0098DDED010A7830B0EEC2
:1012C000600AF7F75FFA0098DDED010A9030B0EEA2
:1012D000600AF7F757FA0098DDED010AA830B0EE82
:1012E000600AF7F74FFA02B080BD00BF82A8FB3753
:1012F00080B582B000200190F2F70CFEF5F7CAFA33
:10130000F5F7EAF8F5F724F8F4F7D2FFF4F7F8FF69
:10131000F5F7ACF9F5F788F9F5F7CEF9F5F746F9F1
:1013200043F28060C2F20000F3F7F4FC00F020F812
:10133000F5F76CF800F040F8FFE7FEE780B584B001
:101340000290EFF305800390039820B1FFE76FF060
:101350000500019009E000200190029820B1FFE70C
:10136000029801F0DDFBFFE7FFE7019804B080BDC4
:1013700082B0EFF305800190019820B1FFE76FF094
:101380000500009014E040F21420C2F20000006852
:1013900048B9FFE740F21421C2F2000101200860C1
:1013A0000020009003E04FF0FF300090FFE7FFE7E0
:1013B000009802B07047000080B582B0EFF305805E
:1013C0000190019820B1FFE76FF00500009019E04F
:1013D00040F21420C2F20000006801280DD1FFE79E
:1013E000F5F738FA40F21421C2F200010220086039
:1013F00001F0BEFC0020009003E04FF0FF300090B1
:10140000FFE7FFE7009802B080BD0000B0B58EB0E6
:101410000B900A91099200200690EFF305800D9041
:101420000D98002840F09980FFE70B98002800F005
:101430009480FFE7802007901820059000200890F6
:101440004FF0FF300490099800284DD0FFE709982D
:10145000006820B1FFE7099800680890FFE7099845
:10146000806920B1FFE7099880690590FFE705983A
:1014700048B1FFE70598382805D8FFE709980079B3
:10148000C00718B1FFE700200C9069E00998406997
:1014900028B1FFE70998406980080790FFE709989D
:1014A000806880B1FFE70998C0685C280BD3FFE72C
:1014B0000998006938B1FFE70998406918B1FFE75A
:1014C000012004900FE00998806858B9FFE7099857
:1014D000C06838B9FFE70998006918B9FFE700202C
:1014E0000490FFE7FFE702E000200490FFE7049884
:1014F000012817D1FFE70B980899079A0A9BDDF896
:1015000014C0DDF824E0DEF80850DEF81040EE46A6
:10151000CEF80850CEF80440CEF800C002F014FA1D
:10152000069019E00498B0B9FFE70B980899BDF848
:101530001C200A9BDDF814C0EE4606ACCEF8044031
:10154000CEF800C002F0B0F9012803D0FFE7002078
:101550000690FFE7FFE7FFE7FFE706980C90FFE73D
:101560000C980EB0B0BD000080B584B0039002911D
:1015700048F2C020C2F200000068009043F6482004
:10158000C2F200000068043001F082F808B9FFE7F9
:1015900000E0FFE70398013080B9FFE7029868B1E7
:1015A000FFE743F64820C2F200000068011D48F240
:1015B0009820C2F2000001F011F93DE00098039973
:1015C00008440190019843F64821C2F200010968DD
:1015D00048600198009988420ED2FFE743F65820F0
:1015E000C2F20000006843F64821C2F20001096817
:1015F000043101F0BDF81EE043F65020C2F20000B5
:10160000006843F64821C2F200010968043101F084
:10161000AFF8019848F22421C2F20001096888421B
:1016200007D2FFE7019848F22421C2F200010860C6
:1016300000E0FFE7FFE7FFE704B080BD80B582B0C0
:10164000019001F0F3F847F6F821C2F200010868B2
:101650000130086043F64820C2F20000006898B9E3
:10166000FFE7019843F64821C2F20001086047F6FF
:10167000F820C2F200000068012803D1FFE700F063
:10168000F7FA00E0FFE71CE048F28C20C2F200000D
:101690000068A0B9FFE743F64820C2F200000068E6
:1016A000C06A0199C96A884207D8FFE7019843F6E2
:1016B0004821C2F20001086000E0FFE700E0FFE718
:1016C000FFE747F60430C2F2000001680131016013
:1016D0000068019948640198C06A47F60831C2F26F
:1016E00000010968884208D9FFE70198C06A47F6F7
:1016F0000831C2F200010860FFE70199C86A00EBF7
:10170000800243F66020C2F2000000EB8200043148
:1017100001F064F801F0B6F848F28C20C2F2000043
:101720000068C8B1FFE743F64820C2F20000006835
:10173000C06A0199C96A88420CD2FFE74EF604518B
:10174000CEF200014FF080500860BFF34F8FBFF31F
:101750006F8F00E0FFE700E0FFE702B080BD000010
:1017600080B584B001F062F848F2C420C2F20000F3
:101770000068002840D1FFE748F2C410C2F2000020
:10178000029000F0D5FF48F2D810C2F2000003909A
:1017900000F0CEFF0299039843F64C22C2F20002F9
:1017A000116043F65C21C2F2000108606946002026
:1017B000086043F65412C2F2000243F6F413C2F278
:1017C00000030A20102101F079FC014648F2C420F0
:1017D000C2F200000160006860B1FFE748F2C42077
:1017E000C2F20000006845F60D11C0F6010101F0DB
:1017F0003BF900E0FFE700E0FFE701F043F804B049
:1018000080BD000080B582B0FFE747F6FC20C2F241
:101810000000006808B3FFE701F008F848F2AC20C8
:10182000C2F20000C068C06801900198043000F066
:101830002FFF47F6F821C2F200010868013808605E
:1018400047F6FC21C2F2000108680138086001F087
:1018500019F8019800F08CF8D7E702B080BD0000BD
:1018600080B582B0019000910198006CB8B1FFE79B
:101870000199C8680A6C1044C86001988168C06802
:10188000884204D3FFE701990868C86000E0FFE7D9
:101890000098019AD168126CEEF7EFFDFFE702B0F5
:1018A00080BD000080B586B00590049103920020B1
:1018B00002900598806B01900598006C78B9FFE75D
:1018C0000598006848B9FFE70598806802F0ACF910
:1018D000029005990020886000E0FFE741E003984E
:1018E000B8B9FFE7059A04995068126CEEF7C5FD88
:1018F000059948680A6C10444860059948688968E9
:10190000884204D3FFE705990868486000E0FFE7D4
:1019100026E0059A0499D068126CEEF7AEFD0599A1
:10192000C8680A6C801AC86005980168C068884257
:1019300006D2FFE7059988680A6C801AC86000E043
:10194000FFE70398022809D1FFE7019820B1FFE7DC
:1019500001980138019000E0FFE700E0FFE7FFE7B2
:10196000FFE70198013005998863029806B080BDB1
:1019700080B582B00090009890F8590040B9FFE718
:101980000098006B00F0A4FF009800F0A1FF1CE09D
:10199000009890F85900012804D1FFE7009800F062
:1019A00097FF11E0009890F8590002280BD0FFE74C
:1019B0004FF0500080F31188BFF36F8FBFF34F8F4C
:1019C0000190FFE7FEE7FFE7FFE702B080BD000000
:1019D00082B0019043F64C20C2F20000006800681B
:1019E000B0FA80F04009019908600198006848B990
:1019F000FFE743F64C20C2F200000068C0680068B0
:101A0000009002E000200090FFE7009802B07047CD
:101A100084B04FF47050009043F6EC60C2F20000C6
:101A200001909DF80400400788B1FFE70198073056
:101A30000190019820F007000190019A43F6EC61B3
:101A4000C2F200010098891A08440090FFE701984B
:101A50000290029948F29020C2F200000160002139
:101A600041600298009A1044019001980838019052
:101A7000019820F007000190019A43F65420C2F229
:101A800000000260026851600268116002990391CF
:101A90000199039A891A51600068039908600398B4
:101AA000406848F22021C2F20001086003984068B3
:101AB00048F21821C2F20001086048F2EC11C2F2AB
:101AC00000014FF00040086004B0704780B582B05C
:101AD0000190FFE7FFF796FE43F66020C2F2000098
:101AE000006802280CD3FFE74EF60451CEF2000145
:101AF0004FF080500860BFF34F8FBFF36F8F00E04F
:101B0000FFE7E7E780B584B0DDF818C003900291E5
:101B100001928DF80330029818B9FFE7069800602B
:101B200003E0019806990860FFE703980699C863E7
:101B30000298069908640698012101F047FB9DF878
:101B40000300069981F84C0004B080BD80B588B0D0
:101B5000DDF834C0DDF830C0DDF82CC0DDF828C079
:101B600006900591049203930C98006B04998900E8
:101B7000A522EEF7C7FC0C98006B049900EB8100DE
:101B800004380290029820F0070002909DF80800A7
:101B9000400758B1FFE74FF0500080F31188BFF3C2
:101BA0006F8FBFF34F8F0790FFE7FEE70598F8B1FF
:101BB000FFE700200190FFE701980F2813D8FFE707
:101BC0000598019A805C0C99114481F834000598BD
:101BD0000199405C08B9FFE705E0FFE7FFE70198DE
:101BE00001300190E8E70C99002081F8430004E0FF
:101BF0000C99002081F83400FFE70A98382803D3B5
:101C0000FFE737200A9000E0FFE70A980C99C862C6
:101C10000A980C99C8640C990020009008650C98EB
:101C2000043000F09DFD0C98183000F099FD0098EC
:101C30000C9909610A99C1F138010C9A91610C99CA
:101C400049620C9948650C9981F8580002980699E8
:101C5000039A00F0D1FC0C9908600B9820B1FFE7C3
:101C60000C980B99086000E0FFE708B080BD000009
:101C700080B584B000200390FFE70398372810D880
:101C8000FFE7039800EB800143F66020C2F20000FA
:101C900000EB810000F04CFDFFE70398013003905A
:101CA000EBE748F2F010C2F20000019000F040FDB6
:101CB00048F20420C2F20000029000F039FD48F220
:101CC0003820C2F2000000F033FD48F2AC20C2F22E
:101CD000000000F02DFD48F29820C2F2000000F054
:101CE00027FD0199029843F65022C2F200021160CA
:101CF00043F65821C2F20001086004B080BD000024
:101D000083B0029048F29020C2F200000190FFE7F9
:101D1000019800680299884205D2FFE7FFE7019821
:101D200000680190F4E701980090009801994968D3
:101D300008440299884209D1FFE702984268019954
:101D40004868104448600198029000E0FFE702985C
:101D500000900098029949680844019909688842EE
:101D600020D1FFE70198006843F65421C2F2000138
:101D7000096888420DD0FFE701980068426802991F
:101D8000486810444860019800680068029908603B
:101D900007E043F65420C2F2000000680299086090
:101DA000FFE704E00198006802990860FFE70198E6
:101DB0000299884204D0FFE702980199086000E088
:101DC000FFE703B07047000080B586B0059004912E
:101DD00003920293002001900498059948600598A9
:101DE000006104980399884216D8FFE70398029986
:101DF000401A05998969884203D3FFE701200190C1
:101E000009E043F65C20C2F2000000680599043145
:101E100000F0AEFCFFE717E003980299884208D271
:101E2000FFE704980299884203D3FFE7012001905D
:101E300009E043F64C20C2F2000000680599043125
:101E400000F096FCFFE7FFE7019806B080BD0000B8
:101E500080B582B0019000F0E9FC0198806B18B960
:101E6000FFE70120009002E000200090FFE700F073
:101E700009FD009802B080BD80B582B0019000F0ED
:101E8000D5FC0198806B0199C96B884203D1FFE7AB
:101E90000120009002E000200090FFE700F0F2FC3B
:101EA000009802B080BD000008480068006880F318
:101EB00008884FF0000080F3148862B661B6BFF363
:101EC0004F8FBFF36F8F00DF00BF000008ED00E011
:101ED00080B586B00490039143F64C20C2F2000016
:101EE0000068C068C06801900198043000F0D0FB21
:101EF000019890F828004007002823D5FFE70198B3
:101F0000049B81691944039AFFF75EFFC0B1FFE7A4
:101F10000198049A694600230B60194602F070F894
:101F20000290029858B9FFE74FF0500080F31188F3
:101F3000BFF36F8FBFF34F8F0590FFE7FEE700E021
:101F4000FFE707E0019991F8280000F0FE0081F812
:101F50002800FFE70198016A884706B080BD0000AD
:101F600080B58EB0FFE748F2C420C2F200000068DE
:101F700007A9002201F044FB002800F0B880FFE729
:101F80000798B0F1FF3F17DCFFE707A80430029085
:101F9000029858B9FFE74FF0500080F31188BFF363
:101FA0006F8FBFF34F8F0D90FFE7FEE702990A682E
:101FB00048688968904700E0FFE70798002800F12B
:101FC0009580FFE7099806900698406928B1FFE7D9
:101FD0000698043000F05CFB00E0FFE705A800F085
:101FE000FBF8039007980190092800F27D80019981
:101FF000DFE801F00505053D456605053D45069907
:1020000091F8280040F0010081F828000698089B0C
:1020100081691944039AFFF7D7FE30B3FFE70698AA
:10202000016A8847069890F82800400700281AD5CA
:10203000FFE70698089982690A44694600230B6005
:10204000194601F0DDFF0490049858B9FFE74FF0FE
:10205000500080F31188BFF36F8FBFF34F8F0C9048
:10206000FFE7FEE700E0FFE700E0FFE73DE006995D
:1020700091F8280000F0FE0081F8280035E006996C
:1020800091F8280040F0010081F82800089806998E
:1020900088610698806958B9FFE74FF0500080F3D7
:1020A0001188BFF36F8FBFF34F8F0B90FFE7FEE7F1
:1020B0000698039B816919441A46FFF785FE14E0D0
:1020C000069890F828008007002804D4FFE70698B7
:1020D00000F0FEFB07E0069991F8280000F0FE00F2
:1020E00081F82800FFE700E0FFE7FFE73BE70EB0DD
:1020F00080BD000080B584B00390029100F0A8FE7E
:10210000684600F069F801900098D8BBFFE7029894
:1021100060B9FFE703980199884207D8FFE701F00B
:1021200061FE03980199FFF7D3FE2AE0029858B1A7
:10213000FFE743F65C20C2F2000000680068B0FAD6
:1021400080F040090290FFE748F2C420C2F200008C
:1021500000680399019A891A029A00F0AFFC01F015
:1021600041FE60B9FFE74EF60451CEF200014FF098
:1021700080500860BFF34F8FBFF36F8F00E0FFE721
:10218000FFE702E001F02EFEFFE704B080BD000093
:1021900081B043F65020C2F200000068006840B9E8
:1021A000FFE748F22421C2F200014FF0FF3008603F
:1021B0000FE043F65020C2F200000068C068C0681B
:1021C00000900098406848F22421C2F200010860A3
:1021D000FFE701B07047000080B582B0019001F0C8
:1021E00037FC0090009843F64421C2F200010968D0
:1021F000884206D2FFE700F011F80199012008603B
:1022000003E0019900200860FFE7009843F64421AD
:10221000C2F200010860009802B080BD80B588B0AD
:10222000FFE743F64C20C2F2000000680068002877
:102230004ED0FFE743F64C20C2F200000168C968A7
:10224000096806910068C068C0680390039804306C
:1022500000F01EFA0398016A8847039890F8280056
:102260004007002832D5FFE706980399896908449A
:1022700005900598069988420FD9FFE705980399BC
:1022800048600398006143F64C20C2F200000068E9
:102290000399043100F06CFA17E00398069A694636
:1022A00000230B60194601F0ABFE0290029858B96A
:1022B000FFE74FF0500080F31188BFF36F8FBFF33B
:1022C0004F8F0790FFE7FEE7FFE700E0FFE7A8E793
:1022D00043F64C22C2F200021068049043F65C21DF
:1022E000C2F20001086810600498086008B080BD60
:1022F00083B00020009040F22000C2F2000000688D
:10230000013058B1FFE74FF0500080F31188BFF360
:102310006F8FBFF34F8F0290FFE7FEE74FF0500043
:1023200080F31188BFF36F8FBFF34F8F0190FFE7EA
:10233000009808B9FFE7FBE703B0704780B584B0A9
:102340000390FFE701A8FFF743FB02900298019971
:10235000FFF7D0FEFFF704FEF4E7000080B582B07F
:10236000019000F063FA019890F845008DF80300A1
:10237000FFE79DF90300012816DBFFE70198406A9B
:1023800058B1FFE70198243001F0C4FC18B1FFE711
:1023900000F09AFC00E0FFE700E005E09DF8030094
:1023A00001388DF80300E4E70199FF2081F845002A
:1023B00000F068FA00F03AFA019890F844008DF8BD
:1023C0000200FFE79DF90200012816DBFFE70198F4
:1023D000006980B1FFE70198103001F09BFC18B153
:1023E000FFE700F071FC00E0FFE79DF80200013814
:1023F0008DF8020000E000E0E4E70199FF2081F899
:10240000440000F03FFA02B080BD000080B58AB001
:1024100006900020029000F01BFD43F65420C2F20B
:102420000000006818B9FFE7FFF7F2FA00E0FFE7E5
:10243000069848F2EC11C2F200010968084240F027
:10244000C580FFE7069800B3FFE7069808300690BE
:102450009DF818004007B0B1FFE7069820F007008C
:10246000083006909DF81800400758B1FFE74FF07C
:10247000500080F31188BFF36F8FBFF34F8F099027
:10248000FFE7FEE700E0FFE700E0FFE7069800282F
:1024900000F09A80FFE7069848F21821C2F2000186
:1024A0000968884200F29080FFE748F29020C2F26B
:1024B0000000049000680590FFE705984168069ABF
:1024C00000209142019007D2FFE70598006800289C
:1024D00018BF01200190FFE70198C00730B1FFE766
:1024E00005980490059800680590E6E7059843F67E
:1024F0005421C2F200010968884263D0FFE70498C2
:1025000000680830029005980068049908600598F2
:1025100040680699401A112821D3FFE705980699CB
:10252000084403909DF80C00400758B1FFE74FF0B6
:10253000500080F31188BFF36F8FBFF34F8F089067
:10254000FFE7FEE7059840680699401A039948603E
:102550000698059948600398FFF7D2FB00E0FFE773
:102560000598426848F21820C2F200000168891AF2
:102570000160006848F22021C2F200010968884227
:102580000BD2FFE748F21820C2F20000006848F2C0
:102590002021C2F20001086000E0FFE748F2EC10E1
:1025A000C2F2000002680599486810434860059926
:1025B0000020086048F22C21C2F2000108680130B6
:1025C000086000E0FFE700E0FFE700E0FFE701F060
:1025D00009FC9DF80800400758B1FFE74FF0500094
:1025E00080F31188BFF36F8FBFF34F8F0790FFE722
:1025F000FEE702980AB080BD83B00290019100927C
:1026000002980438029002994FF080700860029896
:1026100004380290019820F00100029908600298A5
:1026200004380290029942F2F120C0F601000860DD
:1026300002981438029000980299086002980438B1
:10264000029002996FF00200086002982038029010
:10265000029803B07047017809B1002070474178B3
:10266000012903D08A0705D402224270481E18BFF0
:102670000120704780B545F60720C0F6010000F044
:1026800004F80121017041707047EEF735F8000041
:1026900082B00190019800690090019841688068BB
:1026A0008860019948688968486000984068019985
:1026B000884205D1FFE7019880680099486000E0F2
:1026C000FFE7019900200861009908680138086057
:1026D0000098006802B0704783B0029001910092A8
:1026E000029947F60C50C2F200000860019947F6C3
:1026F0000C30C2F20000086000998020086003B02E
:102700007047000083B0029001910092029948F254
:102710006810C2F200000860019947F66850C2F2E2
:102720000000086000994FF48070086003B07047A3
:1027300081B00090009901F10800486000994FF0C5
:10274000FF308860009901F10800C860009901F12C
:102750000800086100990020086001B0704700007F
:1027600081B0009000990020086101B0704700001E
:1027700084B00390029102980068009000980130A4
:1027800020B9FFE703980069019010E00398083032
:102790000190FFE70198406800680099884205D8D9
:1027A000FFE7FFE7019840680190F3E7FFE7019832
:1027B00040680299486002984168886001980299CF
:1027C000886002980199486003980299086103990A
:1027D00008680130086004B07047000083B00290C0
:1027E0000191029840680090009801994860009813
:1027F000806801998860019800998968486001980B
:10280000009988600298019908610299086801306E
:10281000086003B070470000DFF80C00016841F465
:10282000700101607047000088ED00E082B04FF059
:10283000500080F31188BFF36F8FBFF34F8F01906B
:1028400040F22000C2F2000001680131016000681E
:10285000012814D1FFE74EF60450CEF200000068C4
:10286000000658B1FFE74FF0500080F31188BFF326
:102870006F8FBFF34F8F0090FFE7FEE7FFE702B0D7
:102880007047000082B040F22000C2F200000068F1
:1028900058B9FFE74FF0500080F31188BFF36F8FF6
:1028A000BFF34F8F0090FFE7FEE740F22000C2F237
:1028B0000000016801390160006830B9FFE70020BD
:1028C0000190019880F31188FFE702B07047000083
:1028D00080B586B0039003980290039800285CD0DE
:1028E000FFE702980838029002980190019840682A
:1028F00048F2EC11C2F20001096808420BD1FFE76F
:102900004FF0500080F31188BFF36F8FBFF34F8FEC
:102910000590FFE7FEE70198006858B1FFE74FF028
:10292000500080F31188BFF36F8FBFF34F8F049077
:10293000FFE7FEE70198406848F2EC11C2F200019F
:102940000968084227D0FFE70198006808BBFFE745
:1029500048F2EC10C2F20000026801994868904306
:10296000486000F075FA0198426848F21821C2F2F6
:1029700000010868104408600198FFF7C1F948F2A7
:102980003021C2F2000108680130086001F02AFA23
:1029900000E0FFE700E0FFE7FFE706B080BD0000D2
:1029A0004EF21001CEF20001002008604EF2180233
:1029B000CEF20002106040F21400C2F20000006883
:1029C00044F6D352C1F26202A0FB02024FF0FF3084
:1029D00000EB92104EF21402CEF2000210600720BB
:1029E0000860704784B0EFF30580019001981028CB
:1029F0001ED3FFE701984EF2F031CEF20001405CA9
:102A00008DF803009DF8030047F6EC21C2F20001A7
:102A1000097888420BDAFFE74FF0500080F3118805
:102A2000BFF36F8FBFF34F8F0390FFE7FEE7FFE722
:102A30004EF60C50CEF20000006800F4E06047F65D
:102A4000F021C2F20001096888420BD9FFE74FF07C
:102A5000500080F31188BFF36F8FBFF34F8F029048
:102A6000FFE7FEE704B0704783B0029001910020B9
:102A70000090FFE7009807281DD8FFE7009948F26B
:102A80004C20C2F2000050F8310070B9FFE7019805
:102A9000009A48F24C21C2F2000141F8320002983B
:102AA000009A01EBC201486005E0FFE7FFE70098EC
:102AB00001300090DEE703B07047000080B584B0BD
:102AC00003900291019203980090FFF7AFFE0098E7
:102AD00090F94400013028B9FFE70099002081F8FF
:102AE0004400FFE7009890F94500013028B9FFE75E
:102AF0000099002081F84500FFE7FFF7C3FE00982A
:102B0000806B38B9FFE7009824300299019A00F0F1
:102B100005F900E0FFE70098FFF720FC04B080BD56
:102B200080B584B00290002001900298E0B1FFE7E8
:102B300047F60030C2F20000006858B1FFE74FF0DE
:102B4000500080F31188BFF36F8FBFF34F8F039056
:102B5000FFE7FEE700F07CF902980021FEF704FD94
:102B600001F040F9019000E0FFE7019860B9FFE74C
:102B70004EF60451CEF200014FF080500860BFF3D2
:102B80004F8FBFF36F8F00E0FFE704B080BD000000
:102B900080B58AB00690059100200290069858B939
:102BA000FFE74FF0500080F31188BFF36F8FBFF342
:102BB0004F8F0990FFE7FEE7059858B9FFE74FF000
:102BC000500080F31188BFF36F8FBFF34F8F0890D1
:102BD000FFE7FEE747F60030C2F20000006858B198
:102BE000FFE74FF0500080F31188BFF36F8FBFF302
:102BF0004F8F0790FFE7FEE700F02AF948F2C02068
:102C0000C2F2000000680190069800680599084427
:102C10000490019806990968884210D2FFE7049849
:102C200006990968884208D2FFE70498019988420A
:102C300003D9FFE70120029000E0FFE70FE00498CE
:102C400006990968884205D3FFE7049801998842EC
:102C500003D9FFE70120029000E0FFE7FFE70498B7
:102C600006990860029838B1FFE704980199401A64
:102C70000021FEF779FC00E0FFE701F0B3F80390D4
:102C8000039860B9FFE74EF60451CEF200014FF011
:102C900080500860BFF34F8FBFF36F8F00E0FFE7F6
:102CA0000AB080BD81B0009048F22820C2F2000036
:102CB00000680099086048F2C020C2F20000006875
:102CC0000099486001B0704748F2CC21C2F200017F
:102CD000012008607047000080B584B00290019127
:102CE000029858B9FFE74FF0500080F31188BFF306
:102CF0006F8FBFF34F8F0390FFE7FEE7029843F615
:102D00004821C2F2000109681831FFF731FD01982E
:102D10000121FEF729FC04B080BD000080B584B01D
:102D2000029001910092029858B9FFE74FF05000CD
:102D300080F31188BFF36F8FBFF34F8F0390FFE7CE
:102D4000FEE7029843F64821C2F2000109681831F3
:102D5000FFF744FD009820B1FFE74FF0FF300190EE
:102D6000FFE701980099FEF7FFFB04B080BD00006B
:102D700080B58AB0002003900690059006A805A9AA
:102D800004AAFFF7A9FC039B049A0599DDF818C073
:102D90006846C0F808C04160036041F6CD20C0F627
:102DA000010045F60811C0F6010100F0CDFD014615
:102DB00048F21C20C2F200000160006818B1FFE771
:102DC0000120079002E000200790FFE70798012804
:102DD00004D1FFE701F0CAF8079000E0FFE7079889
:102DE000012823D1FFE74FF0500080F31188BFF393
:102DF0006F8FBFF34F8F099048F22421C2F2000178
:102E00004FF0FF30086048F28C21C2F2000101202F
:102E1000086048F2C021C2F200010020086000F002
:102E200083F808B1FFE700E0FFE70FE00798013003
:102E300058B9FFE74FF0500080F31188BFF36F8F50
:102E4000BFF34F8F0890FFE7FEE7FFE70AB080BDB2
:102E500047F60031C2F2000108680130086070478F
:102E600083B047F60030C2F20000006838B1FFE7D7
:102E700048F2CC21C2F200010120086051E048F282
:102E8000CC21C2F200010020086047F60830C2F2EF
:102E9000000000680190FFE7019800EB800143F615
:102EA0006020C2F2000050F8210090B9FFE70198BD
:102EB00058B9FFE74FF0500080F31188BFF36F8FD0
:102EC000BFF34F8F0290FFE7FEE7019801380190B2
:102ED000E2E7019800EB800143F66020C2F20000B7
:102EE00000EB8100009000994868406848600099B4
:102EF00048680831884205D1FFE700994868406872
:102F00004860FFE700984068C06843F64821C2F275
:102F100000010860019847F60831C2F2000108601C
:102F2000FFE703B07047000080B588B04EF6005050
:102F3000CEF2000000684CF27121C4F20F118842F9
:102F40000BD1FFE74FF0500080F31188BFF36F8F74
:102F5000BFF34F8F0790FFE7FEE74EF60050CEF22B
:102F6000000000684CF27021C4F20F1188420BD1AE
:102F7000FFE74FF0500080F31188BFF36F8FBFF36E
:102F80004F8F0690FFE7FEE74EF20040CEF20000C2
:102F9000039001780491FF21017000788DF80B00F7
:102FA0009DF80B0000F0500047F6EC21C2F2000142
:102FB000087047F6F021C2F2000107200860FFE721
:102FC0009DF80B00000600280DD5FFE747F6F0211D
:102FD000C2F200010868013808609DF80B0040004B
:102FE0008DF80B00ECE747F6F020C2F20000006815
:102FF00003280BD0FFE74FF0500080F31188BFF398
:103000006F8FBFF34F8F0590FFE7FEE747F6F02184
:10301000C2F20001086800020860086800F4E0607D
:10302000086004984EF20041CEF2000108704EF69E
:103030002051CEF20001086840F470000860086872
:1030400040F070400860FFF7ABFC40F22001C2F294
:103050000001002001900860FFF7DEFB4EF634719E
:10306000CEF20001086840F040400860FEF71CFF07
:10307000FFF7F6FEFFF73CF9019808B080BD0000AD
:1030800080B582B04FF0500080F31188BFF36F8F8E
:10309000BFF34F8F009000F0E5FC40B1FFE74EF624
:1030A0000451CEF200014FF080500860FFE700208D
:1030B0000190019880F3118802B080BD80B590B076
:1030C00084461298CDF828C00991089207938DF88C
:1030D0001B000A9858B9FFE74FF0500080F31188A1
:1030E000BFF36F8FBFF34F8F0F90FFE7FEE7079897
:1030F00058B9FFE74FF0500080F31188BFF36F8F8E
:10310000BFF34F8F0E90FFE7FEE708990020039072
:1031100031B1FFE70998B0FA80F040090390FFE76A
:103120000398C00758B1FFE74FF0500080F31188B3
:10313000BFF36F8FBFF34F8F0D90FFE7FEE7089946
:103140000020029031B9FFE70998002818BF01203C
:103150000290FFE70298C00758B1FFE74FF0500018
:1031600080F31188BFF36F8FBFF34F8F0C90FFE791
:10317000FEE750200490049850280BD0FFE74FF052
:10318000500080F31188BFF36F8FBFF34F8F0B9008
:10319000FFE7FEE7049807980590059888B1FFE7D8
:1031A0000599012081F846000A980999089A9DF826
:1031B0001B30DDF814C0EE46CEF800C0FEF7A2FCCE
:1031C00000E0FFE7059810B080BD000080B584B036
:1031D0000290019102980090009858B9FFE74FF0D3
:1031E000500080F31188BFF36F8FBFF34F8F0390B0
:1031F000FFE7FEE7FFF71AFB00990B68C86B0A6C44
:1032000000FB0230886000990020886300990868FC
:10321000486000990B68C86B0A6C013800FB0230EB
:10322000C8600099FF2081F84400009981F84500AA
:103230000198D0B9FFE700980069A0B1FFE70098B6
:10324000103000F067FD60B1FFE74EF60451CEF29A
:1032500000014FF080500860BFF34F8FBFF36F8FB6
:1032600000E0FFE700E0FFE708E000981030FFF71C
:103270005FFA00982430FFF75BFAFFE7FFF702FBE5
:10328000012004B080BD000080B592B00C900B917D
:103290000A920993002008900C980490049858B959
:1032A000FFE74FF0500080F31188BFF36F8FBFF33B
:1032B0004F8F1190FFE7FEE70B990020039039B97B
:1032C000FFE70498006C002818BF01200390FFE777
:1032D0000398C00758B1FFE74FF0500080F3118802
:1032E000BFF36F8FBFF34F8F1090FFE7FEE7099991
:1032F00000200229029007D1FFE70498C06B013833
:1033000018BF01200290FFE70298C00758B1FFE7FD
:103310004FF0500080F31188BFF36F8FBFF34F8FD2
:103320000F90FFE7FEE700F077FB014600200190D9
:1033300031B9FFE70A98002818BF01200190FFE784
:103340000198C00758B1FFE74FF0500080F3118893
:10335000BFF36F8FBFF34F8F0E90FFE7FEE7FFE7DE
:10336000FFF764FA0498806B0499C96B884204D310
:10337000FFE70998022834D1FFE704980B99099ACE
:10338000FEF790FA07900498406AA0B1FFE704980E
:10339000243000F0BFFC60B1FFE74EF60451CEF2DE
:1033A00000014FF080500860BFF34F8FBFF36F8F65
:1033B00000E0FFE710E0079860B1FFE74EF6045128
:1033C000CEF200014FF080500860BFF34F8FBFF383
:1033D0006F8F00E0FFE7FFE7FFF754FA01200D9041
:1033E00065E00A9828B9FFE7FFF74CFA00200D9036
:1033F0005DE0089830B9FFE705A8FFF753FC01200E
:10340000089000E0FFE7FFE7FFE7FFF73BFAFFF771
:103410001FFDFFF70BFA049890F94400013028B91A
:10342000FFE70499002081F84400FFE7049890F931
:103430004500013028B9FFE70499002081F84500D4
:10344000FFE7FFF71FFA05A80AA900F0C7F928BB94
:10345000FFE70498FEF710FDC8B1FFE704981030AD
:103460000A99FFF739FC0498FEF778FF00F0BAFCE0
:1034700060B9FFE74EF60451CEF200014FF08050E4
:103480000860BFF34F8FBFF36F8FFFE705E004982D
:10349000FEF764FF00F0A6FCFFE707E00498FEF7E4
:1034A0005DFF00F09FFC00200D9000E058E70D98B4
:1034B00012B080BD80B592B00B900A91099208932A
:1034C0000B980590059858B9FFE74FF0500080F32E
:1034D0001188BFF36F8FBFF34F8F0E90FFE7FEE7AA
:1034E0000A990020029039B9FFE70598006C00287E
:1034F00018BF01200290FFE70298C00758B1FFE70C
:103500004FF0500080F31188BFF36F8FBFF34F8FE0
:103510000D90FFE7FEE7089900200229019007D1EE
:10352000FFE70598C06B013818BF01200190FFE745
:103530000198C00758B1FFE74FF0500080F31188A1
:10354000BFF36F8FBFF34F8F0C90FFE7FEE7FFF7DE
:1035500049FAEFF311814FF0500080F31188BFF367
:103560006F8FBFF34F8F10910F90109806900598B2
:10357000806B0599C96B884204D3FFE7089802283D
:1035800033D1FFE7059890F845008DF813000598B2
:10359000806B039005980A99089AFEF783F99DF9C4
:1035A00013000130B8B9FFE70598406A88B1FFE71A
:1035B0000598243000F0AEFB48B1FFE7099820B130
:1035C000FFE709990120086000E0FFE700E0FFE75E
:1035D00000E0FFE706E09DF813000130059981F84F
:1035E0004500FFE70120079002E000200790FFE779
:1035F00006981190119880F31188079812B080BD39
:1036000080B58EB009900891079200200690099825
:103610000390039858B9FFE74FF0500080F31188EA
:10362000BFF36F8FBFF34F8F0D90FFE7FEE7089951
:103630000020019039B9FFE70398006C002818BFFB
:1036400001200190FFE70198C00758B1FFE74FF054
:10365000500080F31188BFF36F8FBFF34F8F0C9032
:10366000FFE7FEE700F0D8F901460020009031B9ED
:10367000FFE70798002818BF01200090FFE7009897
:10368000C00758B1FFE74FF0500080F31188BFF337
:103690006F8FBFF34F8F0B90FFE7FEE7FFE7FFF75A
:1036A000C5F80398806B0290029830B3FFE7039847
:1036B0000899FEF7D5F802980138039988630398B2
:1036C0000069A0B1FFE70398103000F023FB60B160
:1036D000FFE74EF60451CEF200014FF08050086033
:1036E000BFF34F8FBFF36F8F00E0FFE700E0FFE70E
:1036F000FFF7C8F801200A906DE0079828B9FFE7A6
:10370000FFF7C0F800200A9065E0069830B9FFE79F
:1037100004A8FFF7C7FA0120069000E0FFE7FFE7E3
:10372000FFE7FFF7AFF8FFF793FBFFF77FF803988A
:1037300090F94400013028B9FFE70399002081F88F
:103740004400FFE7039890F94500013028B9FFE7EE
:103750000399002081F84500FFE7FFF793F804A8DC
:1037600007A900F03BF830BBFFE70398FEF770FBBA
:10377000D0B1FFE7039824300799FFF7ADFA03981B
:10378000FEF7ECFD00F02EFB60B9FFE74EF60451AA
:10379000CEF200014FF080500860BFF34F8FBFF3AF
:1037A0006F8F00E0FFE705E00398FEF7D7FD00F01C
:1037B00019FBFFE70EE00398FEF7D0FD00F012FBC7
:1037C0000398FEF745FB18B1FFE700200A9002E0DE
:1037D000FFE7FFE763E70A980EB080BD80B588B0C9
:1037E00005900491059858B9FFE74FF0500080F319
:1037F0001188BFF36F8FBFF34F8F0790FFE7FEE78E
:10380000049858B9FFE74FF0500080F31188BFF3D8
:103810006F8FBFF34F8F0690FFE7FEE7FFF706F8C5
:1038200048F2C020C2F20000006802900298059998
:103830004968401A019004980068013018B9FFE700
:10384000002003902BE048F22820C2F2000000681C
:1038500005990968884209D0FFE7029805994968E7
:10386000884203D3FFE70120039017E001980499F1
:10387000096888420BD2FFE7019A04990868801A08
:1038800008600598FFF70EFA0020039005E0049900
:103890000020086001200390FFE7FFE7FFE7FEF745
:1038A000F1FF039808B080BD70B58CB0DDF844C05E
:1038B000DDF840C00B900A91ADF826200893BDF8C2
:1038C00026008000FEF7A2FD0590059880B1FFE775
:1038D0005C20FEF79BFD0790079820B1FFE7059855
:1038E0000799086303E00598FEF7F2FFFFE702E09F
:1038F00000200790FFE70798F0B1FFE70798002640
:1039000080F859600B980A99BDF82620089BDDF8CD
:1039100040C0119C079DEE46CEF80C60CEF80850D2
:10392000CEF80440CEF800C0FEF710F90798FDF776
:1039300085FE0120069003E04FF0FF300690FFE780
:1039400006980CB070BD0000B0B58EB0DDF850C068
:10395000DDF84CC0DDF848C00A9009910892079341
:10396000139858B9FFE74FF0500080F31188BFF368
:103970006F8FBFF34F8F0D90FFE7FEE7149858B994
:10398000FFE74FF0500080F31188BFF36F8FBFF354
:103990004F8F0C90FFE7FEE75C20049004985C28B2
:1039A0000BD0FFE74FF0500080F31188BFF36F8F0B
:1039B000BFF34F8F0B90FFE7FEE70498149820B3F6
:1039C000FFE7139808B3FFE7149806901398069939
:1039D00008630699022081F859000A980999089A03
:1039E000079BDDF848C0069CEE460025CEF80C503B
:1039F000CEF8084005ACCEF80440CEF800C0FEF783
:103A0000A5F80698FDF71AFE02E000200590FFE7F2
:103A100005980EB0B0BD000081B048F28C20C2F213
:103A20000000006818B9FFE7012000900DE047F69C
:103A30000030C2F20000006818B9FFE702200090D1
:103A400002E000200090FFE7FFE7009801B0704718
:103A500081B048F2C020C2F20000006800900098D7
:103A600001B0704780B586B00020029047F6003064
:103A7000C2F200000068002840F0CB80FFE748F267
:103A8000C021C2F20001086801300190019808606D
:103A9000019858BBFFE743F65020C2F200000068CF
:103AA000006858B1FFE74FF0500080F31188BFF372
:103AB0006F8FBFF34F8F0590FFE7FEE743F650226D
:103AC000C2F200021068009043F65821C2F20001D1
:103AD000086810600098086048F22821C2F20001CE
:103AE000086801300860FEF753FB00E0FFE701982B
:103AF00048F22421C2F200010968884268D3FFE736
:103B0000FFE743F65020C2F200000068006840B9A9
:103B1000FFE748F22421C2F200014FF0FF300860B5
:103B200055E043F65020C2F200000068C068C0684B
:103B3000049004984068039001980399884207D242
:103B4000FFE7039848F22421C2F2000108603EE03A
:103B5000FFE704980430FEF79BFD0498806A28B1C3
:103B6000FFE704981830FEF793FD00E0FFE70498A4
:103B7000C06A47F60831C2F200010968884208D9D4
:103B8000FFE70498C06A47F60831C2F200010860F6
:103B9000FFE70499C86A00EB800243F66020C2F296
:103BA000000000EB82000431FEF718FE0498C06AA2
:103BB00043F64821C2F200010968C96A884203D36A
:103BC000FFE70120029000E0FFE7FFE799E7FFE74A
:103BD00043F64820C2F200000068C06A00EB800192
:103BE00043F66020C2F2000050F82100022803D3FF
:103BF000FFE70120029000E0FFE748F2CC20C2F28C
:103C00000000006818B1FFE70120029000E0FFE724
:103C100007E048F23421C2F2000108680130086070
:103C2000FFE7029806B080BD80B586B00390039888
:103C30000290002001900398002867D0FFE70298C7
:103C400043F64821C2F20001096888420BD0FFE721
:103C50004FF0500080F31188BFF36F8FBFF34F8F89
:103C60000590FFE7FEE70298006D58B9FFE74FF0B7
:103C7000500080F31188BFF36F8FBFF34F8F049014
:103C8000FFE7FEE70299086D013808650299C86AE6
:103C9000C96C884238D0FFE70298006D90BBFFE7FF
:103CA00002980430FEF7F4FC08B9FFE700E0FFE7F4
:103CB0000299C86CC8620299C86AC0F1380088616C
:103CC0000298C06A47F60831C2F2000109688842CA
:103CD00008D9FFE70298C06A47F60831C2F200012E
:103CE0000860FFE70299C86A00EB800243F6602093
:103CF000C2F2000000EB82000431FEF76FFD0120EC
:103D0000019000E0FFE700E0FFE700E0FFE7019837
:103D100006B080BD80B584B002900298C068C068CB
:103D20000190019858B9FFE74FF0500080F31188D7
:103D3000BFF36F8FBFF34F8F0390FFE7FEE701984C
:103D40001830FEF7A5FC47F60030C2F2000000680C
:103D500020BBFFE701980430FEF79AFC0198C06A87
:103D600047F60831C2F200010968884208D9FFE726
:103D70000198C06A47F60831C2F200010860FFE707
:103D80000199C86A00EB800243F66020C2F200008D
:103D900000EB82000431FEF721FD09E0019800F1FB
:103DA000180148F23820C2F20000FEF717FDFFE7C5
:103DB0000198C06A43F64821C2F200010968C96A45
:103DC000884208D9FFE70120009048F2CC21C2F2D6
:103DD0000001086002E000200090FFE7009804B0B6
:103DE00080BD000080B584B000200290019047F6AD
:103DF0000030C2F20000006858B9FFE74FF05000F1
:103E000080F31188BFF36F8FBFF34F8F0390FFE7ED
:103E1000FEE7FEF70BFD47F60030C2F20000016836
:103E2000013901600068002840F09980FFE747F6FB
:103E3000F820C2F200000068002800F08F80FFE741
:103E4000FFE748F23820C2F200000068002842D0A4
:103E5000FFE748F23820C2F20000C068C068029054
:103E600002981830FEF714FC02980430FEF710FC9C
:103E70000298C06A47F60831C2F200010968884218
:103E800008D9FFE70298C06A47F60831C2F200017C
:103E90000860FFE70299C86A00EB800243F66020E1
:103EA000C2F2000000EB82000431FEF797FC02989A
:103EB000C06A43F64821C2F200010968C96A884213
:103EC00007D3FFE748F2CC21C2F2000101200860CD
:103ED00000E0FFE7B5E7029818B1FFE7FEF758F9F1
:103EE000FFE748F23420C2F200000068009000981A
:103EF000E0B1FFE7FFE7FFF7B5FD38B1FFE748F2B4
:103F0000CC21C2F200010120086000E0FFE7009828
:103F100001380090FFE700980028ECD1FFE748F255
:103F20003421C2F200010020086000E0FFE748F2FF
:103F3000CC20C2F20000006870B1FFE701200190C0
:103F40004EF60451CEF200014FF080500860BFF3EE
:103F50004F8FBFF36F8F00E0FFE7FFE700E0FFE761
:103F6000FEF790FC019804B080BD000080B58AB0D7
:103F700000200890FDF7F4FB48F2C420C2F20000D4
:103F8000006858B3FFE7002004900790069007A848
:103F900006A905AAFEF7B6FB049B059A0698DDF86C
:103FA0001CC06946C1F808C048600220086042F29F
:103FB0003D30C0F6010045F61211C0F60101FFF7D1
:103FC000C3FC014648F2C820C2F20000016000684C
:103FD00018B1FFE701200890FFE700E0FFE708982D
:103FE00058B9FFE74FF0500080F31188BFF36F8F8F
:103FF000BFF34F8F0990FFE7FEE708980AB080BD36
:1040000080B58AB0DDF830C008900791069205931C
:1040100000200490089858B9FFE74FF0500080F353
:104020001188BFF36F8FBFF34F8F0990FFE7FEE753
:1040300048F2C420C2F200000068A8B3FFE7079866
:1040400000900698019008980290079805281EDCB9
:10405000FFE7FFF7E1FC02280CD1FFE748F2C4209C
:10406000C2F2000000680C9A69460023FFF70CF9C1
:1040700004900BE048F2C420C2F2000000686946D8
:1040800000231A46FFF700F90490FFE70BE048F21F
:10409000C420C2F200000068059A69460023FFF7B9
:1040A00009FA0490FFE700E0FFE704980AB080BD3A
:1040B0005FEA400C08BF91F0000F4FEA8C234FEAF3
:1040C000C12243EA51514FEA1C5018BF00F5F0409D
:1040D0004FEA300018BF41F000415FEA6C5C00F02D
:1040E0002980BCF1FF3F08BF40F080407047130CAF
:1040F00006BF12044FF0100C4FF0000C130E04BF5B
:1041000012020CF1080C130F04BF12010CF1040C85
:10411000930F04BF92000CF1020CD30F04BF5200A6
:104120000CF1010C11464FF00002A0F11F00A0EBB2
:104130000C00704711F0004F08BF704731F000418C
:104140003FF4D5AF0B0C06BF09044FF0100C4FF035
:10415000000C0B0E04BF09020CF1080C0B0F04BF7E
:1041600009010CF1040C8B0F04BF89000CF1020C47
:10417000CB0F04BF49000CF1010CCCF1200322FA53
:1041800003F341EA030102FA0CF2A0EB0C0000F188
:104190000100704723F07F4720F07F4C80EA030046
:1041A00000F00040ACEB070303F57C5303F1FF0381
:1041B0002DE9804909B44FEA144324EA03484FEA41
:1041C000154B25EA0B4E0FF2042606EB13273E781B
:1041D00003FB0667C7F5000707FB06F64FEAD6465E
:1041E00006F102064FEA543707FB066CCCF1005C7F
:1041F0004FEA1C472CEA074C0CFB06F507FB06F4BC
:1042000004EB15464FEA961649085FEA320234BFBE
:1042100000204FF000404FEAD13706FB07FC4FEA81
:104220001C4C0CFB0BF7D21B03FB0CF761EB0701DB
:104230000CFB0EF7B0EB074072EB17420CFB08F7D4
:1042400034BFA2EB0742B2EB074261EB17414FEAE2
:104250000C444FEA910706FB07FC4FEA1C4C0CFB91
:104260000BF7B0EBC74072EB573203FB0CF734BFD0
:10427000A2EBC742B2EBC74261EB57310CFB0EF722
:10428000B0EBC70072EB57720CFB08F734BFA2EB20
:10429000C702B2EBC70261EB57714FEA816141EA95
:1042A00092114FEA826242EA90124FEA806004EB78
:1042B000CC04039F4FEAD13706FB07FC4FEA1C4CA6
:1042C0000CFB0BF7D21B03FB0CF761EB07010CFB9C
:1042D0000EF7B0EB074072EB17420CFB08F734BF48
:1042E000A2EB0742B2EB074261EB17414FEA8C5554
:1042F00004EB9C244FEA910706FB07FC4FEA1C4C99
:104300000CFB0BF7B0EBC74072EB573203FB0CF71B
:1043100034BFA2EBC742B2EBC74261EB57310CFB93
:104320000EF7B0EBC70072EB57720CFB08F734BF07
:10433000A2EBC702B2EBC70261EB57714FEA816192
:1043400041EA92114FEA826242EA90124FEA80609B
:1043500015EB4C2544F100044FEAD13706FB07FC6E
:104360004FEA1C4C0CFB0BF7D21B03FB0CF761EB69
:1043700007010CFB0EF7B0EB074072EB17420CFB8A
:1043800008F734BFA2EB0742B2EB074261EB1741DB
:104390004FEA813141EA92414FEA823242EA904249
:1043A0004FEA80304FEA0C7615EB1C1544F10004FF
:1043B00048EA03434EEA0B484FF0000EB2EB080CFC
:1043C00071EB030724BF624639464EEB0E0E4FF0E9
:1043D000000B0018524149414BEB0B0BB2EB080CA0
:1043E00071EB03077BF1000B24BF624639464EEBAD
:1043F0000E0E4FF0000B0018524149414BEB0B0BD6
:10440000B2EB080C71EB03077BF1000B24BF624693
:1044100039464EEB0E0E51EA020718BF46F0010670
:1044200016EB0E7655F1000254F1000103D5BDE8FC
:104430008901BDE80088BDE88901BDE80048B619DA
:10444000524141EB0101A3F10103704780807F7E5F
:104450007D7C7B7A797877767675747372717170FA
:104460006F6E6E6D6C6C6B6A6A69686867666665AC
:104470006464636362616160605F5F5E5E5D5D5C3A
:104480005C5B5B5A5A5959585857575656555555AB
:104490005454535352525251515050504F4F4F4E0B
:1044A0004E4D4D4D4C4C4C4B4B4B4A4A4A49494959
:1044B000484848474747474646464545454444449B
:1044C0004443434343424242424141419C46002BC4
:1044D00030D477002BD04FEA37071CB503B44FF028
:1044E00010004FF01001BAF1000F06D0BCF1000F20
:1044F000DCBF40F0080040F008014FF000000FBCA6
:10450000BDE810400BF1010BBBF1010F08BF5FEAE2
:10451000170722BF12F1010211F101014FF0004112
:1045200043F1000300F0004043EA00007047F9D374
:104530005708D0E746EA06464FEA164613F1400F01
:104540001FDD13F1200FDFBF16430A460021203381
:104550005B42BED0C3F1200746EA06464FEA164644
:1045600002FA07F746EA070622FA03F2C3F1200728
:1045700001FA07F742EA070221FA03F14FF00003BC
:10458000A7E746EA020646EA06464FEA164646EA24
:104590000106BCBF46EA0646360C4FF000034FF05A
:1045A00000024FF0000194E72DE9804C70B49A4668
:1045B000934691E8380007C831EA400C48BF34EA16
:1045C000430C03D5FFF7E6FDFFF780FFF0BCBDE825
:1045D000008C2DE9804C70B49A46934691E83800DF
:1045E00007C810F0804F08BF13F0804F03D100F0D0
:1045F00005F8FFF76BFFF0BCBDE8008C20F07F47AB
:1046000023F07F4C80EA030000F0004007EB0C032E
:10461000A3F57C53A3F1FE0392F0000F00F0B380EA
:1046200095F0000F00F077802DE901494FEA114025
:1046300021EA00484FEA144624EA064700FB06FC3C
:1046400008FB06F607FB08F818EB06484CEB164C7F
:1046500000FB07F718EB07484CEB17404FEA124BEB
:1046600022EA0B4E4FEA154625EA06470BFB06FCED
:104670000EFB06F607FB0EFE1EEB064E4CEB164C31
:104680000BFB07F71EEB074E4CEB174B18EB0B0819
:1046900040F1000018EB0E0B58EB000840F1000051
:1046A0008F1A4FF000014FF000063CBFC943661B54
:1046B00014BFB5EB040C00213CBFC943F61B4FEA05
:1046C000174427EA04454FEA1C472CEA074C04FB31
:1046D000076205FB07F70CFB05F616EB074642EBF6
:1046E000174204FB0CFC16EB0C4642EB1C421BEB86
:1046F000060658EB020241414EEA8E0E46EA9E063D
:1047000001D5BDE80189B619524141EB0101A3F180
:104710000103BDE801894FEA144524EA05464FEA42
:10472000114721EA074C05FB07F406FB07F70CFBD2
:1047300006F111EB074144EB174405FB0CFC11EBB0
:104740000C4144EB1C444FEA124722EA074C05FB9C
:1047500007F206FB07F70CFB06F616EB074642EBE3
:10476000174205FB0CFC16EB0C4642EB1C456A1885
:1047700054F1000148BF7047B619524141EB0101A5
:10478000A3F10103704795F0000F37D04FEA1142B3
:1047900021EA02464FEA144724EA074C02FB07F1DC
:1047A00006FB07F70CFB06F414EB074441EB17413B
:1047B00002FB0CFC14EB0C4441EB1C414FEA154787
:1047C00025EA074C02FB07F506FB07F70CFB06F68C
:1047D00016EB074645EB174502FB0CFC16EB0C46A7
:1047E00045EB1C42121951F1000148BF7047B61940
:1047F000524141EB0101A3F1010370474FEA144517
:1048000024EA05464FEA114721EA074C05FB07F168
:1048100006FB07F70CFB06F212EB074241EB1741D0
:1048200005FB0CFC12EB0C4251EB1C414FF0000657
:1048300048BF7047921841EB0101A3F10103704793
:1048400080B5F3F7FDFC00B180BDFCF73DFBFFF741
:10485000F7BF80B5F3F7F0FD00B180BDFCF734FB86
:10486000FFF7F7BF03B401984100009850EAC12058
:1048700018BF04204A0D18BF40F0010040F2FF723B
:10488000B2EB515F08BF40F00200012808BF0520CD
:1048900002B0704730380A2801D20120704700204A
:1048A00070478A68002A02DC0022EDF729BA521EFE
:1048B0008A604A68C0B2531C4B6010707047000099
:1048C00010B500290AD00878002807D00548784498
:1048D000EDF7AEFC002801D0002010BD024878445E
:1048E00010BD0000121200000A12000010B50029CD
:1048F0000AD00878002807D005487844EDF798FCDE
:10490000002801D0002010BD0248784410BD0000EE
:1049100002120000FA11000021F0004201F00043F1
:10492000A2F16052B2F5801F28BFD2F17F6C0BD983
:104930005FEA001C43EAC20242EB507018BF7047A6
:1049400028BF20F001007047B2F5801FBCBF184699
:1049500070474FEA410C1CF5001F02D2084600F0D8
:10496000A7BD70B500F0BAFB00000089FFF7F6BFE5
:104970004FF00040A0F580007047000010B591EAAC
:10498000030F48BF83F0004300F10484841A71EBE5
:10499000030C05D2121943EB0C03001B61EB0C0155
:1049A0004FEA1154A4EB135CDFF81CE11EEA430F3D
:1049B00018BF9EEA445F00F0748021EA045123EAA4
:1049C0000E0343F48013DCF1200E32D322FA0CFEE6
:1049D00010EB0E0023FA0CFE41EB0E01CCF1200E81
:1049E00003FA0EFE10EB0E00CCF1200E51F1000187
:1049F000B1F5801F32D201EB045112FA0EF2BDE87C
:104A0000104058BF7047401C38BF5FEA420218BFD1
:104A10007047002814BF20F0010041F100014FEA67
:104A2000410313F5001F38BF7047A1F1C04100F0EA
:104A3000A3BB012A43EB0302ACF1200CDCF11F0EF7
:104A400032BF4FF0000E23FA0CF310EB030041EBE2
:104A50000451B4EB115FD0D0A1EB045101F58011EA
:104A6000490801EB04515FEA30000ED350F1000019
:104A700038BF12FA0EFE08D1BDE81040C9E7401C4D
:104A800038BF5FEA4202CAD1C3E7BDE810404FEA2F
:104A9000410313F5001F38BF7047A1F1C04100F07A
:104AA0006BBB9EEA445F08D011EA5E0FBDE8104080
:104AB00004BF01F0004100207047BDE8104070B510
:104AC00000F00CFB64FBBE3E0000E0FF491058BF45
:104AD000C1F140415B1058BFC3F140438B42EFF33B
:104AE000008070472DE9C04130B4DFF8A8C23CEA2D
:104AF000111418BF3CEA131400F0F0801CEA1114E2
:104B000081EA030544EAD57418BF1CEA131500F0C6
:104B1000CB80A4EB050404F17F7404F500344FF05E
:104B2000004545EAC12145EAC32341EA505143EA21
:104B300052534FEAC0204FEAC222994208BF904226
:104B400000F0A0804FEA13650FF24816765D4FEA39
:104B5000134506FB05F7C7F1807706FB07F74FEA19
:104B6000D737A7FB03687642A7FB06CEC8F5803887
:104B700038BFA8F1010807FB08E6A6FB028C4FF03E
:104B8000000EE6FB03CED8F100086FEA0C0C5CF1D6
:104B9000000C6FEA0E0E4EF1004EA6FB0C584FF0C3
:104BA0000007E6FB0E87A1FB08C6A0FB07CE16EBAD
:104BB0000E064FF0000545F10005E1FB076515F114
:104BC000E04E7EBFA4F580345FEA46066D4116F1E3
:104BD000800745F100054FEA172747EA05674FEAC6
:104BE00015254FEA0666A6F1DE46B6F1805F20D9AC
:104BF000384605EBC47124F0010C01EB0C11BCF13B
:104C0000FE6F02D8F0BCBDE8008124425CBF01F514
:104C1000801E9EEAC47F02D4F0BCBDE8008124421D
:104C200000F13980A1F1C041F0BCBDE8004100F0C5
:104C3000A3BA4FEAD02040EA41504FEAD1214FEACF
:104C4000D22242EA43524FEAD323A7FB028607FB54
:104C5000036605FB02661EEA0E0F58BFA6EB005660
:104C6000B6EB00564FEA520E4EEAC37E18EB0E0E1C
:104C700056EB530EBCD518EB02085E417F1C55F174
:104C80000005B5E74FF480154FF000074FF0000620
:104C90004FF00008ACE701F1C04101F000414FF0D6
:104CA0000000F0BCBDE800810CEA131511EA0C1FEE
:104CB00000D00CE013EA0C1F00F025804FF000003C
:104CC00081EA030101F00041F0BCBDE80081F0BCC5
:104CD000BDE8004181EA030100F04EBAF0BCBDE836
:104CE000004170B500F0FAF9097EFC3E00F007B80B
:104CF0004FF0000081EA030101F00041704781EAB2
:104D0000030100F039BAF0BCBDE8004122494FF080
:104D100000007047FFFDFBF9F7F5F4F2F0EEEDEB64
:104D2000E9E8E6E4E3E1E0DEDDDBDAD8D7D5D4D3A9
:104D3000D1D0CFCDCCCBCAC8C7C6C5C4C2C1C0BFF5
:104D4000BEBDBCBBBAB9B8B7B6B5B4B3B2B1B0AFFB
:104D5000AEADACABAAA9A8A8A7A6A5A4A3A3A2A1DF
:104D6000A09F9F9E9D9C9C9B9A999998979796959A
:104D700095949393929191908F8F8E8E8D8C8C8B36
:104D80008B8A8989888887878685858484838382BE
:104D9000828181800000FF070000F87F51EA030C48
:104DA00017D41CF5801F58BFBCF5801F00F106808A
:104DB000994218BF704708BF9042704707D711F556
:104DC000801F58BF13F5801F19D49942704789423C
:104DD00070471CF5801F08D5BCF5801FF7D58B42A6
:104DE00018BF704708BF824270474FF4001C1CEB8D
:104DF000410F38BF1CEB430F01D28B42704770B597
:104E000000F06CF9922449004FF000514FF08053AC
:104E1000FFF75CBE4FEA41034FEA5353A3F58063AB
:104E2000D3F11E03C8BFD3F1210C0CDD4FF00042BB
:104E300042EAC12242EA505232FA03FC8CEAE17C97
:104E4000ACEBE1707047102BC4BF0020704703F536
:104E5000787CBCF1FF3F04D06FF0004282EA210071
:104E6000704770B500F03AF94992248000207047ED
:104E7000F2E7B0FA80F310FA03F10AD0C3F11D0390
:104E800003F580634FEA03524FEA415002EBD12110
:104E900070474FF00000704751EA030C17D41CF51F
:104EA000801F58BFBCF5801F00F10680994218BFD3
:104EB000704708BF9042704707D711F5801F58BF51
:104EC00013F5801F19D499427047894270471CF529
:104ED000801F08D5BCF5801FF7D58B4218BF7047DF
:104EE00008BF824270474FF4001C1CEB410F38BFD3
:104EF0001CEB430F01D28B42704770B500F0EEF807
:104F0000922449004FF080514FF00053FFF7DEBD6F
:104F100051EA030C17D41CF5801F58BFBCF5801F45
:104F200000F10680994218BF704708BF9042704751
:104F300007D711F5801F58BF13F5801F19D4994268
:104F40007047894270471CF5801F08D5BCF5801F4B
:104F5000F7D58B4218BF704708BF824270474FF4A5
:104F6000001C1CEB410F38BF1CEB430F01D28B42DE
:104F7000704770B500F0B2F8922449004FF000512C
:104F80004FF08053FFF7A2BD70B5DFF848C11CEAAF
:104F9000111E1EBF1CEA13159EEA0C0F95EA0C0F9A
:104FA00000F06F8081EA03044EEAD47EAE4421EA29
:104FB0004C1123EA4C1341F4801143F48013AEF1F9
:104FC0007F7EA1FB024CA0FB0365361955EB0C0557
:104FD000A1FB034C4CF10003A0FB021C16EB0C06DA
:104FE000654153F10003094218BF46F0010613F46E
:104FF000007F0BD14FEA03314FEA053041EA1551EA
:1050000040EA165034036FF003020AE04FEAC3216E
:105010004FEAC52041EA555140EA5650F4026FF07C
:10502000020202EB2E4201EB025585EACE710AD054
:105030005FEA440C18BF24F0004450F1000041F135
:10504000000120EAD47040F2FE7C624500D270BDBF
:10505000A84214BF4FF080444FF04044002E08BFD8
:105060000024BEF1806FA8BFA1F1C041BDE870402F
:1050700080F2828001F1C04101F000414FF0000058
:1050800070470CEA13159EEA0C0F18BF95EA0C0F37
:1050900006D081EA030E4FF000000EF0004170BD13
:1050A00000F01CF88900013E00F007B800F009B8D4
:1050B0004FEA430C5FEA5C5C08D081EA030100F030
:1050C0005BB84FEA410C5FEA5C5CF6D102494FF0F5
:1050D000000070470000FF070000F87F0EF1020E8D
:1050E0002EF0030E5EF8046B364205D4012A43EB22
:1050F000030515F5001F12D8012841EB010C1CF522
:10510000001F0CD80ED14FEAD17C0CEB4C0C0CF1EB
:10511000020C15F5001F08BF4CEBD37C04E04FF0E8
:10512000080C01E04FEAD37C0CEB4C0526FA05F69F
:1051300006F00706B6F1040C06D20EEB860CBDE8AD
:1051400070404CF0010C6047DFE80CF0090B0202E4
:105150004FF00041A1F500214FF0000070BD19464D
:105160001046012851EB010418BFD4F5001484BF88
:10517000002001F0004170BD0808A0F500114FEAC1
:105180003101704710B591EA030F48BF83F0004327
:105190003FF5FCAB841A71EB030C07D28CF0004C8A
:1051A000121943EB0C03001B61EB0C014FEA115485
:1051B000A4EB135CDFF8A4E11EEA430F18BF9EEADC
:1051C000445F00F0B48021EA045123EA6E035242A6
:1051D000C3EB6E0338BF5B1EDCF1200E25D322FA31
:1051E0000CFE10EB0E0043FA0CFE41EB0E01CCF16D
:1051F000200E03FA0EFE10EB0E00CCF1200E51F142
:10520000000129D401EB045112FA0EF2BDE810405E
:1052100058BF7047401C1CBFB2F1004F70470028B8
:105220000CBF491C20F00100704712EB020E43EB4B
:10523000030218BF4FF0010E4EEA4202ACF1200CFF
:10524000DCF11E0E56D943FA0CFE10EB0E00CCF129
:105250001E0E51F1FF31D5D50EF1010E12FA0EFEE0
:10526000404141EB010101EB445C5FEA5C5C10D919
:1052700001EB045110EBDE7038BFBEF1004FBDE80A
:10528000104018BF704700280CBF491C20F00100D7
:10529000704734D24FEAD42C24F4006411F5001185
:1052A0001BD0B1FA81F20B3AA41AA41ED2F120034A
:1052B000914030FA03F31943904001EBCC7101EBBC
:1052C0000451002CBDE81040A8BF704701F1C04157
:1052D00001F000414FF000007047B0FA80F310FA7F
:1052E00003F102D1BDE810407047E41A173C4805AD
:1052F000C90AE2E701EB0451BDE8104070474910CC
:105300004FEA300001EB0451BDE8104002E04FF0DD
:10531000000170474A0008BF0042F8D0B2F5001FF4
:1053200028BF704701F000414FF0000070479EEA2F
:10533000445F07D011EA5E0FBDE8104004BF0021B2
:1053400000207047BDE8104070B5FFF7C7FE00BFF2
:1053500040DFF63E104683F0004170470000E0FF5A
:1053600043004FEAD30C4FEA3C0C43401FBF4007B9
:105370000CF1605113F0FE4F70471CF0006F03D129
:105380000CF00041002070470CF0004343EA5070DD
:1053900040EACC0010B500F038F800BF00000092E1
:1053A0004FEA0001FFF7E8BE4FF00041A1F50021F0
:1053B0004FF00000704710B5FFF7F0FC0CBF012064
:1053C000002010BD10B5FFF7E9FC14BF012000203C
:1053D00010BD10B5FFF760FD8CBF0120002010BD8F
:1053E00010B5FFF759FD2CBF0120002010BD10B5EE
:1053F000FFF78EFD94BF0120002010BD10B5FFF710
:1054000087FD34BF0120002010BD0EF1020E2EF0EA
:10541000030E5EF8044B244204D44FEA4102B2F179
:105420007F4F11D84FEA4003B3F17F4F0CD80ED114
:105430004FEAD07C0CEB4C0C0CF1020CB2F17F4F1C
:1054400008BF4CEBD17C04E04FF0080C01E04FEAC0
:10545000D17C0CEB4C0324FA03F404F00704B4F100
:10546000040C06D20EEB840CBDE810404CF0010C8D
:105470006047DFE80CF0070802024FF00040A0F59B
:10548000800010BD0846420018BFD2F1807288BF6C
:1054900000F0004010BDF1EE100A4FF6FF71C0F2AF
:1054A000C03120EA010040F04070E1EE100A704780
:1054B000FF2141EAD050C0057047EBF719BFECF768
:1054C0004DB8000000000000000000003031323311
:1054D0003435363738394142434445464030580028
:1054E000303132333435363738396162636465665A
:1054F00040307800040000080000000000000002B6
:1055000000010000103A7474003A7474003A747424
:10551000003031323334353637383961626364658F
:10552000667870003031323334353637383941429D
:10553000434445465850000002400000000000A0CF
:105540000000000005400000000000C8000000004E
:105550000C4000000000409C0000000019400000CA
:105560000020BCBE0000000034400000BFC91B8EFC
:1055700000000004B5400000504BCFD06607E2CFDA
:10558000010000006C4100003E8251AADFEEA7340A
:1055900001000000D9420000DCB5A0E23A301F97BC
:1055A000FFFFFFFFB4450000FD25A0C8E9A3C14FE0
:1055B000FFFFFFFFFF3F0000000000800000000031
:1055C000FF3F00000000008000000000FC01002000
:1055D00012000000FC01002012000000C83E002064
:1055E00020000000C83E0020200000000000000055
:1055F0000000000001020304060708090000000083
:105600000102030400061016000610160000000038
:1056100000000000C591000800000000000000002C
:10562000B19B00080000000000000000A5A50008D4
:105630000000000000000000C5910008000000000C
:1056400000000000B19B0008000000000000000006
:10565000C59100080000000000000000A5A500089A
:105660000000000000000000F5100108000000002C
:1056700000000000F510010800000000000000001C
:10568000F5100108000000000000000045B8000807
:105690003DB80008F5100108F5100108F5100108E3
:1056A000F5100108F5100108F5100108F5100108C2
:1056B000000000000000000061BA000845BA0008C0
:1056C00059B8000889DC0008000000000000000054
:1056D000E1BA0008D9BA0008F5100108F510010870
:1056E00000000000000000009DBD000881BD000812
:1056F000A5BB000871BC0008B5BB0008B1BC000820
:10570000C5DC000821BB00084DBB000800000000FC
:105710000000000011C10008F5C00008F5BF000836
:10572000FDBF00086DC0000815C000089DBE000840
:105730001DBE000845BE0008C5BD000819BF000811
:1057400071BF00089DBF0008C9BE0008D1DC000879
:10575000000000000000000059C1000851C100080D
:10576000F5100108F5100108F5100108F510010801
:10577000F5100108F5100108F5100108F5100108F1
:10578000F5100108F5100108F5100108F5100108E1
:10579000F5100108000000000000000085C30008AB
:1057A00069C300086DC10008DDDC000800000000CE
:1057B00000000000E5C30008DDC30008F510010883
:1057C000F5100108000000000000000001000000CA
:1057D00000000000000000000000000000000000C9
:1057E00000000000000000000000000000000000B9
:1057F00000000000000000000000000000000000A9
:105800000000000000000000000000000000000098
:1058100000000000F5580108000000000000000032
:10582000000000000000000000080000310000003F
:105830000000000000000000C8580108000000003F
:105840000000000000000000000000000002000056
:10585000180000000000000000000000EB580108E4
:105860000000000000000000000000000000000038
:1058700000080000300000000000000000000000F0
:10588000D4580108000000000000000000000000E3
:1058900000000000000800002F00000000000000D1
:1058A00000000000E05801080000000000000000B7
:1058B0000000000000000000000800002E000000B2
:1058C000000000000000000064656661756C74549F
:1058D00061736B00726566657265657461736B00F8
:1058E00072656D6F74657461736B006D6F746F7248
:1058F0007461736B0061726D636F6E74726F6C00B4
:1059000075617274636F6D0049444C4500546D724B
:105910005100546D7220537663006C656E67746835
:105920005F6572726F7220776173207468726F772F
:105930006E20696E202D666E6F2D657863657074BC
:10594000696F6E73206D6F64652077697468206D70
:105950006573736167652022257322006261645F4D
:1059600061727261795F6E65775F6C656E6774688E
:1059700020776173207468726F776E20696E202DB6
:10598000666E6F2D657863657074696F6E73206DD8
:105990006F6465006261645F66756E6374696F6EE3
:1059A0005F63616C6C20776173207468726F776ECF
:1059B00020696E202D666E6F2D6578636570746941
:1059C0006F6E73206D6F646500766563746F72002F
:1059D0006261645F6F7074696F6E616C5F61636355
:1059E00065737320776173207468726F776E2069B6
:1059F0006E202D666E6F2D657863657074696F6EAD
:105A000073206D6F6465005F5F6378615F677561C8
:105A100072645F6163717569726520646574656342
:105A20007465642072656375727369766520696E4A
:105A3000697469616C697A6174696F6E3A20646F28
:105A400020796F75206861766520612066756E63C8
:105A500074696F6E2D6C6F63616C2073746174690F
:105A600063207661726961626C652077686F736527
:105A700020696E697469616C697A6174696F6E20FE
:105A8000646570656E6473206F6E20746861742045
:105A900066756E6374696F6E3F00000000590108FF
:105AA00000000000000000000000000000000000F6
:105AB000000800002D0000000000000000000000B1
:105AC000185C0108000000202800000010020008F7
:105AD000405C010828000020A8880000300200086F
:105AE0001C00000043000000F8FFFFFF0C00000056
:105AF0000E0000000F0000002E000000100100004A
:105B000043000000F8FFFFFF00404040404040409D
:105B10004040414141414140404040404040404080
:105B20004040404040404040400502020202020224
:105B30000202020202020202022020202020202073
:105B40002020200202020202020290909090909087
:105B50001010101010101010101010101010101045
:105B600010101010020202020202888888888888B9
:105B700008080808080808080808080808080808A5
:105B800008080808020202024000000000000000AD
:105B90000000000000000000000000000000000005
:105BA00000000000000000000000000000000000F5
:105BB00000000000000000000000000000000000E5
:105BC00000000000000000000000000000000000D5
:105BD00000000000000000000000000000000000C5
:105BE00000000000000000000000000000000000B5
:105BF00000000000000000000000000000000000A5
:105C0000000000000000000000000000051CFFFF75
:105C10000DB5FFFF191CFFFF000000000000000091
:105C20000000000000000000000000000024F4005C
:105C30000100000010000000AAAAAAAA00000000AB
:04000005080001AD41
:00000001FF
