:020000040800F2
:10000000B08800204103000821670008AD620008A5
:10001000F9660008E92200080D78000800000000D9
:10002000000000000000000000000000316800082F
:100030004525000800000000916700087568000869
:100040005B0300085B0300085B0300085B03000818
:100050005B0300085B0300085B0300085B03000808
:100060005B0300085B0300085B0300084D230008E6
:100070005B0300085B0300085B0300085B030008E8
:100080005B0300085D2300085B0300080D230008E4
:10009000ED220008FD2200085B0300085B03000856
:1000A0005B0300085B0300085B0300085B030008B8
:1000B0005B0300085B030008756900085B03000828
:1000C0005B0300085B0300085B0300085B03000898
:1000D0005B030008B17700085B0300085B030008BE
:1000E0005B0300085B0300085B03000885690008E8
:1000F0005B0300085B0300085B0300085B03000868
:100100005B0300085B0300085B0300085B03000857
:100110005B0300085B0300085B0300085B03000847
:100120005B0300086D2300087D2300085B030008C3
:100130005B0300085B0300085B0300083D23000825
:100140001D2300082D2300085B0300085B03000843
:100150005B0300088D2300089D230008C177000879
:100160005B0300085B0300085B0300085B030008F7
:100170005B0300085B0300085B030008000000004D
:100180005B0300085B0300085B030008B16E000816
:100190005B0300085B0300085B0300085B030008C7
:1001A00000000000000000005B03000800F002F8FF
:1001B00000F0B7F814A696E8000CB244B344DA4550
:1001C00001D100F0AEF8BAE80F000FA696E83000B3
:1001D000A5EB040504EB0607AAEB0704A7F101074A
:1001E0004FEA15154FEA3414A4F10104AC4201D3CF
:1001F00000F097F813F0010F18BFFB1A43F001034A
:1002000000F001F8DBE71847D4590100F459010068
:10021000103A24BF78C878C1FAD8520724BF30C832
:1002200030C144BF04680C60704700007047000094
:100230000023002400250026103A28BF78C1FBD8EF
:10024000520728BF30C148BF0B6070476E2900F0CD
:10025000B183702900F0E784662915F0BC81652917
:1002600015F0B981672915F0B681612915F0B581BE
:1002700003681B0A28BF41F08001692900F05E83F2
:10028000642900F05B83752900F058836F2900F022
:100290007584782900F0B384E92900F00F84E429FB
:1002A00000F00C84F52900F00984EF2900F0728435
:1002B000F82900F0B2840368DB0928BF41F080010F
:1002C000632901F0EB82732901F0F082E32901F048
:1002D000FB82F32901F00083002070471FB515F061
:1002E00068F99DE8030000F091FA01F053FC040066
:1002F0000020002114F088FB401C606000200021D9
:1003000014F06CFBE06000F02BFE00F05BFD00F0F1
:100310002BF91FBD10B5002000F0F0FD00F0BBFD73
:1003200010BD00F030FE1146FFF7D8FF11F06EF857
:1003300001F0C0FB03B4FFF7EDFF03BC00F03EFA91
:100340000948804709480047FEE7FEE7FEE7FEE769
:10035000FEE7FEE7FEE7FEE7FEE7FEE704480549A5
:10036000054A064B7047000061690008AD010008AE
:10037000B0820020B0880020B0840020B08400202B
:1003800053EA020C00F069802DE9F04B4FF00006B3
:10039000002B1FBFB3FA83F503FA05F424FA05F620
:1003A0005E4012BF1643B2FA82F502FA05F4C5F1B7
:1003B00020051EBF22FA05FC44EA0C04203556EA4B
:1003C000044C4FEA144418BF641C4FF000084FF06F
:1003D0000009904271EB030C39D3002919BFB1FA1F
:1003E00081F701FA07F6B0FA80F700FA07F6C7F1CD
:1003F00020071EBF20FA07FC46EA0C062037B6FB92
:10040000F4FCA7EB0507103F07F01F0BCBF120060C
:100410002CFA06F60CFA0BFB44BFB3460026202F3D
:10042000A4BF5E464FF0000B5BEA060C08BF4FF01E
:10043000010B19EB0B0948EB0608ABFB027C06FB32
:1004400002CC0BFB03CCC01B71EB0C01C1E70B46CC
:10045000024641464846BDE8F08B13B5084318BF35
:100460004FF0FF300146AFF30080BDE81C407047FD
:100470000B460146184600F04BB9032A40F2308083
:1004800010F0030C00F0158011F8013BBCF1020FD5
:10049000624498BF11F801CB00F8013B38BF11F856
:1004A000013BA2F1040298BF00F801CB38BF00F86D
:1004B000013B11F0030300F04F81083AC0F00880BF
:1004C00051F8043B083A51F804CBA0E80810F5E7CE
:1004D000121D5CBF51F8043B40F8043BAFF30080B1
:1004E000D20724BF11F8013B11F801CB48BF11F826
:1004F000012B24BF00F8013B00F801CB48BF00F8F6
:10050000012B704702F0FF0343EA032242EA024252
:1005100000F002B84FF0000200B51346944696462C
:10052000203922BFA0E80C50A0E80C50B1F1200106
:10053000BFF4F7AF090728BFA0E80C5048BF0CC0B4
:100540005DF804EB890028BF40F8042B08BF704712
:1005500048BF20F8022B11F0804F18BF00F8012B84
:10056000704770477047704708487CB578440090E2
:1005700007487844009C0546019004E02046016845
:1005800008448047241DAC42F8D17CBDB857010017
:10059000BE57010070B5064600F018F9056806F16F
:1005A0000B0020F00704B4429CBF002070BD2B4616
:1005B0006A68BAB11068A04210D304F108018842F9
:1005C0003CBF5068586007D35168101941601168EA
:1005D000091B016058601460101D70BD13465268FD
:1005E000002AE7D12146284600F0FCF80028DED199
:1005F00070BD70B50446051F00F0E8F80068002CD7
:1006000014BF446870BD002C18BFAC423CBF2046EC
:100610006468F8D301680A18AA4218BF456003D17C
:100620002A6805461144016028684119A1421CBF8F
:100630006C6070BD6168696021680844286070BDA5
:100640002DE9F04791460C46804600F0BFF8076858
:10065000604234EA000001D1042C02D20520BDE83A
:10066000F087601E40F0070609F10B0020F0070537
:100670004D4539D93B467A6882B31468101D404213
:1006800006EA000C644525D9A4EB0C00854221D86C
:10069000BCF1000F0BD0104601686244A1EB0C01C5
:1006A000116041685160C0F800C05860034611688D
:1006B00005F10800814205D35019491B01601560FE
:1006C0005860034652F8040F58600020C8F8002014
:1006D000BDE8F08713465268002ACED12946384635
:1006E00000F080F80028C5D10620BDE8F0870B4651
:1006F0000146184600F072B910B5002000F036FC33
:10070000FFF708FEBDE81040012000F057B80000D8
:100710002DE9F041074615460E461020FFF73AFF37
:10072000040013D06760C4E902650948AFF3008094
:1007300000F050F80168216006490460002008605C
:100740000348AFF300800020BDE8F0810120FBE703
:10075000100000200C00002010B5203AC0F00B80E3
:10076000B1E81850A0E81850B1E81850A0E81850A7
:10077000203ABFF4F5AF5FEA027C24BFB1E818501D
:10078000A0E8185044BF18C918C0BDE810405FEA7F
:10079000827C24BF51F8043B40F8043B08BF7047FB
:1007A000D20728BF31F8023B48BF11F8012B28BF00
:1007B00020F8023B48BF00F8012B70470149182080
:1007C000ABBEFEE7260002000020704700487047DD
:1007D0002C010020004870475C01002070477047E2
:1007E0007047704738B504460A4600206946AFF3A3
:1007F0000080002808BF38BD02460099204600F05E
:10080000E7FB012038BD012001F081B9F8B5AFF355
:100810000080054600200C460C2000BF0646A819A3
:10082000A0420DD9324669460020AFF30080070090
:1008300008BF01F06CF90098A04218BF0546C41922
:10084000FFF7C4FF05600746F01D20F007004619BA
:10085000284600F00AF8B44208BFF8BDA21B314692
:100860003868BDE8F84000F0B3BB0021016041608A
:1008700070470C20704770B5044685690068C10652
:1008800001D5302600E02026C00707D070BDD4E98E
:10089000012130469047206A401C20626D1EF6D52B
:1008A00070BD70B5044685690078C00707D170BD7A
:1008B000D4E9012120209047206A401C20626D1E4F
:1008C000F6D570BD09684A0501D540B27047C90523
:1008D000FCD500B2704709684A0501D5C0B270471F
:1008E000C905FCD580B2704770B50C460546012A93
:1008F00005D02878800600D5EA69002302E00123AC
:1009000005E05B1C934202D2E05C0028F9D1A869A3
:10091000E618C01AA861286A184428622846FFF71A
:10092000AAFF04E0D5E9012114F8010B9047B44275
:10093000F8D32846FFF7B5FF70BD00002DE9F04160
:100940000646002410687529314616A510D0FFF719
:10095000B9FF002802DA404213A507E031688A0790
:1009600001D512A502E0490704D511A5012401E033
:10097000FFF7B1FF00210A2206F1240709E0B0FBCE
:10098000F2FCB0FBF2F302FB1C0030307854184646
:10099000491C0028F3D123462A463046BDE8F041E1
:1009A00000F075BB000000002D0000002B000000CF
:1009B0002000000011680268006A530501D5087024
:1009C0000AE0D30501D5088006E0130603D5C21757
:1009D000C1E9000200E0086001207047074B70B5D4
:1009E0000D467B4400F03DFF0446284600F078FFAA
:1009F00010B14FF0FF3070BD204670BDD93F0100EF
:100A00002DE9FF5F15468A460446DFF8AC80F844BE
:100A10000027D8E900103E46CDE9001010E03AF872
:100A200016106A4602A801F021F8411C07D021786F
:100A3000890603D5E269391891420DD80744761C1E
:100A40002078800602D5E069B84205DDAE42E6DBDB
:100A50003AF816000028E2D1A069C01BA061204628
:100A6000FFF709FFD8E90010CDE90010002017E0DA
:100A70003AF818106A4602A800F0F8FFB0F1FF3FFC
:100A800081460BD000250DF1080B05E0D4E90121CA
:100A90001BF8050090476D1C4D45F7D308F1010088
:100AA000B0428046E4DB206A384420622046FFF7EB
:100AB000F8FEBDE8FF9F0000CE4B01002DE9F0419C
:100AC0008046D21D22F007020025D2E90002F52956
:100AD00015A614D0011E72F1000106DA0023D0EB36
:100AE000030063EB020211A608E0D8F800108B07A0
:100AF00001D50FA602E0490701D50EA60125114632
:100B0000002408F1240704E000F07CFA30323A5562
:100B1000641C50EA0102F7D12B463246214640467A
:100B2000BDE8F04100F0B3BA000000002D00000065
:100B30002B0000002000000030B4002100F124044C
:100B400008E002F00705D208303542EA4372DB08BC
:100B50006554491C52EA0305F3D10468002310A22E
:100B6000250708D504F020040C4304D0C4690123F0
:100B70000CA2641EC46130BC00F089BA10B50446F2
:100B800021461068FFF7A7FE02462046BDE8104048
:100B90000023D1E7D21D22F00701D1E90023CBE7E2
:100BA0000000000030000000F0B40D460188090587
:100BB00002D5214C7C4402E01F4C7C440E340021C1
:100BC00000F1240608E002F00F071209E75D42EA8F
:100BD00003721B097754491C52EA0307F3D10278C8
:100BE0000023120704D5702D06D009B10223113459
:100BF0002246F0BC00F04BBA01231034F8E770B580
:100C000004460D4621461068FFF765FE0246294658
:100C10002046BDE870400023C6E7D21D22F007033E
:100C2000D3E90023C0E70368126843F020030360A0
:100C30000823C3610023B7E7304A01002DE9F05FC4
:100C4000894604464FF0000ADFF874B1FB44C0F84F
:100C500020A02046E1688847002874D0252806D0C7
:100C6000D4E901219047206A401C2062F1E7002668
:100C70005F462046E16888472028054607DB312D7E
:100C800005D2781910F8200C08B10643F1E7B00737
:100C900001D526F00406C4F81CA00027C4F818A04B
:100CA0002A2D09D0284613F083FE38B304EB8708B9
:100CB000303DC8F8185019E059F8041B204604EBE1
:100CC00087029161E1688847012F054618D1E069E4
:100CD000002820DA26F020061DE0D8F8180000EBE6
:100CE000800005EB40003038C8F818002046E16865
:100CF0008847054613F05CFE0028EED1012F0AD08C
:100D00002E2D08D12046E16888477F1C0546022F1A
:100D100046F02006C4DBA069002803DA404246F012
:100D20000106A061F00701D026F010066C2D0BD053
:100D3000682D09D04C2D39D06A2D35D0742D35D081
:100D40007A2D33D016E038E0E1682F4620468847F8
:100D5000B842054609D16C2F26D04FF48060E16877
:100D6000064320468847054604E06C2F1AD04FF40E
:100D7000807006430DB3A5F14100192802D8203533
:100D800046F400664A462946204626604E46FFF74E
:100D90005DFA80B101280BD0F61D26F0070000F1A6
:100DA000080956E74020E4E78020D8E70020D6E78E
:100DB00006F104094DE7284652E7206ABDE8F09F96
:100DC000C049010010B542485421FFF7A3FB414838
:100DD0005421FFF79FFB40485421FFF79BFB3F49FD
:100DE0003B483C4A3F4B08603D490A603A4919601C
:100DF000531C0365481C1065012008653B48344AB4
:100E000039A1784400F094FD20B9384878440A3874
:100E100000F076FE37482F4A35A1784400F088FD6F
:100E200020B9344878440A3800F06AFE32482A4A29
:100E30002FA1784400F07CFD20B92F4878440A386F
:100E400000F05EFE40232248DC000021224600F034
:100E50004BFD20B125487844543800F051FE1D4820
:100E600022464023002100F03FFD20B12148784474
:100E7000543800F045FE184822461023002100F0A7
:100E800033FD002806D01C487844BDE81040563891
:100E900000F036BE10BD104870B5006D20F00104A2
:100EA0000B4800F0BDFD0B4800F0BAFD0A4800F009
:100EB000B7FD09E0206D20F00105204600F0B0FDEF
:100EC0002046FFF796FB2C46002CF3D170BD0000A6
:100ED000280000207C000020D0000020000000201E
:100EE0000400002008000020720000001B480100E0
:100EF0007700000007480100F34701002DE9F8439F
:100F000006461548AFF30080FFF764FC134F814697
:100F1000E8464D4616E026B1E068B04201D02546CD
:100F200010E0206828600C48C7F80080AFF300800C
:100F3000D4E9010188470848AFF30080396841458A
:100F400000D04D462C68002CE5D1002038600248C6
:100F5000AFF30080BDE8F883100000200C000020F3
:100F60000148FFF731BC00001000002010B500F070
:100F7000AFFDBDE8104000F0A6BD0000004870477E
:100F80002401002070477546FFF7F8FFAE460500C4
:100F90006946534620F00700854618B020B5FFF794
:100FA000DDF9BDE820404FF000064FF000074FF09C
:100FB00000084FF0000BAC46ACE8C009ACE8C00933
:100FC000ACE8C009ACE8C00921F007018D467047C4
:100FD000034640688C46002818BF88423CBF034641
:100FE0004068F8D318681844884207D00CF1030011
:100FF00020F00700001D411A521A0146081D0A6020
:10100000FFF7F7BA30B5B0F10A0271F100034FEA09
:10101000900E4EEA817EB0EB0E0061EB91014FEA3B
:10102000101E4EEA017E10EB0E0041EB11114FEA4B
:10103000102E4EEA016E10EB0E0041EB11214FEA2B
:10104000104E4EEA014E10EB0E0041EB11414018DC
:1010500041F100014FEAD00040EA41704FEAD1016E
:101060004FEA810444EA907410EB800544EB0104DC
:101070006D1944EB0404521BA3414FF0000348BF19
:101080000A3200D530BD401C41F1000130BD2DE9D0
:10109000F0470D4699469246044600F1240801683F
:1010A000880604D5E06921F01001216000E00120EC
:1010B000A84201DD471B00E00027A1697A1902EB75
:1010C0000900081AA0612078C00602D42046FFF764
:1010D000D2FB002608E0D4E901211AF80600904767
:1010E000206A401C761C20624E45F4DB2078C00646
:1010F0000AD52046FFF7BFFB06E0D4E901213020E6
:101100009047206A401C2062381EA7F10107F4DCDA
:1011100007E0D4E9012118F805009047206A401C37
:101120002062281EA5F10105F3DC2046FFF7B9FB7C
:101130002078000602D50220BDE8F0870120FBE7F9
:101140002DE9FF4F0C461E464FF0FF378BB0D2E91A
:101150000001DDF860800A908A46C1F30A5505B99E
:101160003D46002108464FF00000BAF1000F00F4A0
:10117000400005DA00EB80004FF4400101EA500026
:101180004FEA9059B9F1010F00DDB9460A9850EACB
:101190004A000ED044F61050A5F2FF3545432F14F7
:1011A000B8F1000F1ED07542291E1EDDC9F10002E4
:1011B0001CE0B8F1010F4FF0000001D0302103E036
:1011C000F24305E02154401CB042FBDB30460022D4
:1011D000002121540B99C1F80880C1E900200FB00B
:1011E000BDE8F08FBD1B6D1CDEE74A4600DA6942A0
:1011F00006A800F013FD06AB93E8070003AB83E8F5
:10120000070050460A9912F0E1FF8DE80700A0F5AB
:1012100000501F3800900398002D0ADD42F21F0194
:101220004A460844002303A90390684613F04AFA8B
:1012300009E0A0F500504A461F38002303A9039097
:10124000684613F054FA8DE807000004000C03D040
:101250004FF0FF30410800E01046B8F1000F03D016
:101260000022009215461EE0751E05D4FFF7CAFE47
:10127000303262556D1EF9D5B3460122084302D0C3
:1012800000227F1C04E02078302801D100227F1E3C
:10129000002A099784D01DE0112D07DAFFF7B2FE6E
:1012A000303262556D1C50EA0102F5D1084302D07C
:1012B0000098C8B10EE00021681E05E0235C625C66
:1012C00063542254401E491C8142F7DBAB46A81BE5
:1012D000401E0990002004F80B000B98099AC0F8F2
:1012E0000880C0E9002B7AE711264FF0000857E785
:1012F0002DE9F04F88460446D21D22F0070191B037
:10130000D1E90001CDE90A0113F03AFB02460B983E
:10131000C00F01D02D2007E02068810701D52B20C8
:1013200002E0202101EAC000032A099001D0072A27
:1013300005DB03464146204600F030FC0BE12078F7
:10134000800601D5E06900E00620B8F1650F81460E
:1013500006D0B8F1660F18D0B8F1670F70D131E040
:101360000020B9F1110F009001DB112301E009F118
:1013700001030AAA01A90CA8FFF7E2FEDDE90C703F
:10138000002609F10105834647E001204B46009005
:101390004FF000470AAA01A90CA8FFF7D1FEDDE92A
:1013A0000DB00C995D46002610B909F101000D1829
:1013B000B9EB050003D4C0F1FF3609F10105A5EB37
:1013C00009002BE0B9F1010F01DA4FF0010900200B
:1013D000B9F1110F0090484601DD112300E00346EA
:1013E0000AAA01A90CA8FFF7ABFEDDE90C704D4677
:1013F00000268346207800070AD4AB4500DA5D4614
:1014000001A8012D04DD411911F8011C302907D074
:101410004F4502DA17F1040F04DA012082460FE08B
:101420006D1EEEE7002F02DCED1B3E4403E0781C4E
:10143000A84200DD7D1CB81B00F1010A4FF00047F7
:101440002078000703D4AA4501DB4FF0FF3A0021C2
:10145000B7F1004F0DF143088DF8431024D002205E
:101460002B23002F01DA7F422D230A21021EA0F137
:10147000010000DC5FB197FBF1FC97FBF1F201FB8F
:101480001C7C17460CF1300C08F801CDEEE7A8F1F2
:10149000010003702188090501D5452100E065217F
:1014A000A0F1010800F8011C09980FA9A1EB080799
:1014B000FF1D00B10120411901EBEA70A169384418
:1014C000081A401EA0612078C00602D42046FFF70B
:1014D000D2F9099828B1D4E901219047206A401C2B
:1014E00020622078C00622D52046FFF7C4F91EE00E
:1014F000002E04DBB34502DD01A8805D00E0302052
:10150000D4E901219047206A401C2062761CAAF190
:1015100001005FEA000A0AD100F03CFBC0680168E4
:10152000405CD4E901219047206A401C2062281EBB
:10153000A5F10105DCDC07E0D4E9012118F8010B75
:101540009047206A401C2062381EA7F10107F3DC97
:101550002046FFF7A6F9032011B041E62DE9F04F30
:1015600004460D46D21D22F0070089B0D0E900974D
:101570004846394613F004FA0246F80F01D02D23ED
:1015800007E02068810701D52B2302E0202101EA32
:10159000C0038DF820300BB1012000E00020032AA9
:1015A000824601D0072A04DB2946204600F0F6FADD
:1015B0003FE12078800601D40D2500E0E569C7F3FE
:1015C0000A560D2D49DA00214FEA175B08464FF005
:1015D0000000002F00F4400007DA00EB80004FF419
:1015E000400100EBD07001EA60008115012901DDA6
:1015F0004FF0FF3100224FEA850CBCF1180F06D3E3
:101600001346ACF118004FF08052C24003E04FF493
:10161000801323FA0CF30CF10C0CBCF1200F04D353
:10162000ACF1200C09FA0CF001E007FA0CF00029EB
:101630004FF0004801DD18B90FE00ED140450CD342
:1016400019EB02095F4121B9404502D19F4329EAC4
:101650000209BBEB175F00D0761C2088000502D57D
:101660007B48784402E07A487844193808AA302345
:1016700002F80A30037C0AF10101002E0AF1020A85
:1016800053546A4602DC4FF0300101E04FF0310163
:101690004FF001088DF8001002D0A6F2FF3603E0EB
:1016A00059EA470100D06B4E002D02DC2178090772
:1016B00004D54FF002082E218DF80110C4460021F8
:1016C0000BE0C7F303433F01C35C491C6D1E02F8E6
:1016D0000830052908F1010801DA002DF1DC0021AC
:1016E0000CE000EB1973491C1B786D1E082902F8E9
:1016F00008304FEA091908F1010801DA002DF0DC81
:1017000021688B0602D516E0A8F10108E04505DD49
:1017100002EB080313F8013C302BF5D0B8F1000FB1
:1017200009DD02EB080313F8013C2E2B03D1090756
:1017300001D4A8F10108002D05DD3E2102F80810B2
:101740006D1E08F10108407C002E02F8080008F127
:10175000010804DA2D20764202F8080002E02B206E
:1017600002F808000A214FF47A70864208F1010855
:101770000BDB96FBF0F3303302F8083096FBF0F306
:1017800008F1010800FB136601E0642E0CDB642005
:1017900096FBF0F3303302F8083096FBF0F308F1D3
:1017A000010800FB136601E00A2E06DB96FBF1F050
:1017B000303002F8080008F1010896FBF1F001FB57
:1017C0001060303002F80800A16908F1010808EB48
:1017D000050202EB0A00081AA0612078C00602D4B4
:1017E0002046FFF748F8216A08AE01EB0A002062A4
:1017F00004E0D4E9012116F8010B9047BAF1010A7F
:10180000F7D22078C00602D52046FFF734F86E469E
:1018100009E016F8010B3E280FD0D4E901219047CA
:10182000206A401C2062B8F10108F2D22046FFF77E
:1018300038F809B00320BDE8F08F206A2844206200
:1018400003E0D4E90121302090476D1EEBD3F8E787
:10185000DA3F010002FCFFFF01694A1C02610878BF
:10186000704700B58FB0CDE90131002105910549E0
:101870007944CDE9031011466846FFF7DFF90FB050
:1018800000BD0000E5FFFFFF10B5436913B1AFF3E2
:10189000008001E0FFF728F8012010BD127800F168
:1018A00024010A7000224A700122EDE711684FF00E
:1018B000FF32E9E710B5436913B1AFF3008001E0EF
:1018C000FFF79EF8012010BD128800F124018284E8
:1018D0000022C2840122EDE711684FF0FF32E9E7F0
:1018E000007B00F08000704770B5C468A50713D076
:1018F000650211D4B2F5807F09D0B2F5007F06D021
:10190000B2F5806F08D1012300F1240106E05D1ECD
:101910006FF07F46B54201D3012070BD0161C36104
:10192000416024F470611143C160002070BD00006B
:101930002DE9F0410C461646070047D0104600F04E
:101940006FF82078611C61280AD0722802D07728AD
:101950003CD102E00125002405E00225042402E038
:10196000082448F2020511F8010B2B2806D0622842
:1019700009D011F8010C74280AD00BE045F00305DA
:1019800044F00204EFE745F0040544F00104EAE7FF
:1019900044F010043846214600F0C0F8411C15D030
:1019A0000021316171604FF40071F560F161706187
:1019B000200704D530460222002100F093FA306D52
:1019C00040F0010030653046BDE8F0810020FBE7C3
:1019D0002DE9F0410D460646104C206DC10704D09C
:1019E000410804D020F00104F7E722460EE054201D
:1019F000FEF7D0FD07000ED0206D47F0010108432F
:101A0000542120653846FEF785FD3A462946304682
:101A1000BDE8F0418CE70020D6E700002800002058
:101A20002DE9F04704464FF0FF380026C568D4E999
:101A30000497A80718D0204600F010FB384600F0A5
:101A400077F8002800DA4646280502D54846FEF712
:101A5000D0FD4C212046FEF75DFD206D20F00100F9
:101A600020653046BDE8F0874046FBE72DE9F041B0
:101A700016460C46054600F085F8036893F8010108
:101A8000012807D0FF2C12D8185D80B101202C70DE
:101A9000BDE8F081D3F807013246214603F207136F
:101AA000C7182846BC46BDE8F041002360474FF008
:101AB000FF30EDE710B50446AFF300802046BDE8E7
:101AC0001040FEF737BC002801D0FEF777BE704704
:101AD00010B5002102A000F005FB012010BD0000A0
:101AE000534947414252543A2041626E6F726D61D0
:101AF0006C207465726D696E6174696F6E000000B0
:101B000010B500F009FBBDE81040FFF7DCBF10B5D1
:101B100000F01CFBBDE81040FFF7D5BF0EB5CDE9C6
:101B2000000100F063FB029069460120ABBE0EBDD0
:101B300008B5694600900220ABBE08BD1FB58DE810
:101B4000070069460520ABBE04B010BD1FB58DE887
:101B50000F0069460620ABBEF6E708B5694600905F
:101B60000920ABBE08BD1CB5CDE9000169460A20BD
:101B7000ABBE1CBD704708B5694600900C20ABBEDB
:101B800008BD000010B500F005F8001D10BD00BF35
:101B9000792E010000487047440100202DE9F041F2
:101BA0001F46044603260168072A01F4006004DB8F
:101BB00008B116A505E016A503E008B115A500E0DB
:101BC00015A521F010002060A069C01EA0610FB112
:101BD000401EA0612046FEF74EFE4FB1D4E9012120
:101BE00038469047206A401C2062C01C206206E0F4
:101BF000206AFAE7D4E9012115F8010B9047761E17
:101C0000F8D22046FEF74DFEBDE8F0814E414E0071
:101C10006E616E00494E4600696E66002DE9F04720
:101C2000814616468AB0354878440DC88DE80D00C7
:101C300032487844801C03AC0DC884E80D0041F69E
:101C40009B300844372190FBF1F290FBF1F5A5F1B0
:101C5000800501FB12041B3C02D56442012000E018
:101C60000020DFF898A080460027FA44AAF1BE0AB7
:101C70000EE0E0070AD03246684607EB4701012331
:101C80000AEB810112F033FD8DE8070064107F1C20
:101C9000002CEED1194F7F44AE3F19E0E80715D074
:101CA00007EB04100DF1180A90E80E008AE80E0008
:101CB000C068F04201D1981908903246012306A964
:101CC00003A812F014FD03AB83E807006D10641C39
:101CD000002DE3D14FF0010332466946B8F1000F01
:101CE00003A802D012F0EEFC01E012F000FDC9E9F9
:101CF0000001C9F808200AB0BDE8F087A43A010045
:101D00002DE9F05F054617460C46C86820F4201000
:101D100040F48000C860800602D5084600F0C1F992
:101D2000E06841F282014FF0FF3A0140022903D0FE
:101D3000204600F053F9B9E000F42041B1F5004F1E
:101D40000FD1C00306D56168E06A884200D8084612
:101D5000606006E02069E06260606069FFF70BFF89
:101D6000A061A0680022EEB200280DDAE1688B05C0
:101D70000AD4C043A06041F490302260E060606803
:101D8000411C61600670AAE0E0689146226040F460
:101D90000050E060206978BB6069FFF7DEFE04F167
:101DA00024054FF00108A8B1A08910F4407F08D0A5
:101DB000E069FEF7EFFB206118B1E06840F40060D5
:101DC00017E0C4F81C802561E06820F4407040F4FE
:101DD00080600EE0E069FEF7DDFB00282061F0D0B6
:101DE000E06840F4006010F4407FE06002D140F40D
:101DF0008070E06020696060E06825696FF0010B29
:101E0000C1051ED56168E06A884200D80846411BBA
:101E100004D02246284600F0EBF8E8BB1FB1E5628B
:101E2000C4E9015959E0681CE0626060E069401E45
:101E3000A060E06840F48030E06030462E70BDE87D
:101E4000F09F17B100F480320AE06068411C6160C5
:101E50000670E0680A2E40F48030E06006D0002270
:101E6000E16A6068814203D90B4602E00122F7E78C
:101E70000346B4F80CC05B1B5FEA4C5C04D4D4F896
:101E80001CC09C4500DD02B3814200D80146002BF6
:101E9000A1EB0008E56200E008E0C4E9015907DDB4
:101EA00022461946284600F0A3F808B15046C6E776
:101EB000B8F1000F09D0A169E5626560A1EB0800E7
:101EC000A061E06840F01000E06047B16168A0697F
:101ED000E562491B08446560A0615846AFE730469B
:101EE000ADE700002DE9F041044616460D4647696E
:101EF000007B80072ED03846FFF72FFE50BB3EB345
:101F0000012E02D0022E25D104E0204600F04DF92A
:101F100005441DE03846FFF72EFEE168002841F039
:101F20001001E16005DA204600F058F80120BDE814
:101F3000F081C9030BD56268E16A914200D811466D
:101F4000A26911442269891A814200DD08460544CC
:101F5000002D01DA0220EAE7E16A6068E268814266
:101F600006D29103E06203D522F4003141F0100261
:101F7000A6690027AE4213DCE16A814201D90B4613
:101F800000E0034603EB060C2369ACEB030CAC4505
:101F900006DD814201D98C4600E084469C4505D18E
:101FA000A760276042F02000A5620DE0AD1BE66946
:101FB000AE1B8142A66000D90846C01A281A2060CC
:101FC0005819606022F0200003490840E0600020BA
:101FD00084F84870ABE70000BFCFD7FFC16821F499
:101FE000001141F08001C1600021816001607047F3
:101FF0002DE9F74F15460C464FF0FF3B3848D768A0
:10200000D2F814A0074209D05046A969FFF7ABFDEA
:10201000002819DB3248C0430740EF604FF0004909
:102020006FF000484C4501D3464600E02646009933
:102030003B4650463246FFF781FDA96920F0004239
:10204000B21A1144A96128B12846FFF7C7FF5846C4
:10205000BDE8FE8FA41BE5D10020F9E770B504466A
:102060000569C06A6168884200D80846E16821F4C1
:102070002011E160C90312D5A84208D02246411BB5
:102080002846FFF7B5FF10B14FF0FF3070BD0020BC
:10209000E562C4E90150E06820F48030E06000208F
:1020A00070BD10B50446C06820F02000E060A16A51
:1020B000A06988420DD02046FFF7D0FFE06820F4E9
:1020C000405040F01000E060A06AA0612069E0622A
:1020D000606044F24001E0688843E06010BD0000A9
:1020E0001000020070B505460C460A2000E06D1C89
:1020F00000F054F835B128780028F8D102E0641CCB
:1021000000F04CF814B120780028F8D1BDE87040F8
:102110000A2000F043B8000010B5014602A0FFF706
:10212000E1FF012010BD000053494752545245447D
:102130003A2052656469726563743A2063616E2760
:1021400074206F70656E3A200000000010B5012801
:1021500005D0002103A0FFF7C5FF012010BD09A194
:10216000F8E7000053494752544D454D3A204F750A
:1021700074206F662068656170206D656D6F72797F
:10218000000000003A2048656170206D656D6F7237
:102190007920636F727275707465640008B5694662
:1021A0008DF800000320ABBE08BD10B50146C26823
:1021B000900703D0900607D5886A0AE000F076F809
:1021C00001210160881E10BD8B69486818440B69A5
:1021D000C01A91F848301BB191F84910401A10BD4F
:1021E0001103FCD50028FADD401E10BD10B5431CBC
:1021F00002E010F8011B71B18107FAD14FF00132F2
:1022000002C88C1A8C4314EAC211F9D0C01A0A060B
:1022100003D0C01E10BDC01A10BD0A0401D0801E1C
:1022200010BD0902FCD0401E10BD000000000000DF
:1022300030B44FF0013C50F8042B51F8043BCCFA79
:1022400052F4D51A20D1FCB950F8042B51F8043BB4
:10225000CCFA52F4D51A17D1B4B950F8042B51F86E
:10226000043BCCFA52F4D51A0ED16CB950F8042BB9
:1022700051F8043BCCFA52F4D51A05D1002CDAD02F
:1022800030BC4FF00000704729BAB1FA81F111F06B
:102290001801D1F120008440F2D1CA40CB4012F0A5
:1022A000FF0213F0FF0330BCD01A7047004870479C
:1022B0002401002080B582B0019011F057FC0090FD
:1022C00006F050FC06F092FDFFE706F04BFC06F02E
:1022D00097FD42F2A870C2F200000BF029FC68469C
:1022E000012110F0E3FCF0E7FFE7FEE780B543F2E1
:1022F000CC30C2F2000000F041FC80BD80B543F25A
:10230000CC30C2F2000000F039FC80BD80B543F251
:10231000CC30C2F2000000F031FC80BD80B543F249
:10232000F430C2F2000000F029FC80BD80B543F219
:10233000F430C2F2000000F021FC80BD80B543F211
:10234000F430C2F2000000F019FC80BD80B543F209
:102350007C40C2F2000001F027F980BD80B543F255
:102360001C40C2F2000001F01FF980BD80B543F2AD
:102370009C50C2F2000001F017F980BD80B543F215
:10238000DC40C2F2000001F00FF980BD80B543F2DD
:10239000FC50C2F2000001F007F980BD80B543F2A5
:1023A0003C50C2F2000001F0FFF880BD82B0019005
:1023B0000198007810384AF6AB21CAF6AA21A0FB92
:1023C000011000090090009945F22070C0F601004C
:1023D000405C0199C8650098042807D3FFE701997C
:1023E0000868042262F30900886506E0019908681C
:1023F00040F2FF3290438865FFE70198806D02B09C
:102400007047000086B0059000208DF813000598F5
:10241000806A03900598806910BBFFE703980290DB
:1024200003281BD80299DFE801F0020D0218059875
:1024300090F82F00C00720B1FFE701208DF81300AE
:10244000FFE70CE00598C06AB0F1C07F04D1FFE758
:1024500001208DF81300FFE701E000E0FFE745E011
:1024600005988069B0F5005F25D1FFE703980190DA
:1024700003281ED80199DFE801F0020602110120AD
:102480008DF8130016E0059890F82F00C00720B1D2
:10249000FFE701208DF81300FFE70BE00598C06A05
:1024A000B0F1C07F04D1FFE701208DF81300FFE7F2
:1024B00000E0FFE719E003980090032804D3FFE74A
:1024C0000098032804D00EE001208DF813000BE0E3
:1024D000059890F82F00C00720B1FFE701208DF884
:1024E0001300FFE700E0FFE7FFE7FFE79DF81300B9
:1024F00006B0704784B00390029101920093039854
:102500000168086820F48020086000980399096831
:10251000486003988068402809D1FFE70198039933
:1025200009688860029803990968C86008E0029801
:10253000039909688860019803990968C860FFE7F2
:1025400004B070477047000072B6FFE7FEE7000076
:1025500084B002900191029890F820008DF8030059
:102560009DF80300012805D0FFE79DF8030002282D
:102570000AD1FFE7019A029801684869104348614F
:1025800000208DF80F0008E00299486A40F480208E
:10259000486201208DF80F00FFE79DF80F0004B09E
:1025A0007047000088B00690059104920393069846
:1025B00090F820008DF80700069800688068009069
:1025C0000598806808B9FFE700E0FFE79DF807007D
:1025D000012806D0FFE79DF80700022840F0808020
:1025E000FFE79DF80300400700280CD4FFE79DF8A3
:1025F00003000007002806D4FFE79DF80300C0068B
:10260000002864D5FFE70098C0F3016002900299AA
:1026100001208840039908600598806868B9FFE741
:1026200005980168C06840EA415006990968029A15
:1026300001EB0211C1F880010EE005994A68886833
:10264000C96840EAC200084306990968029A01EB8A
:102650000211C1F88001FFE7059800690699096831
:10266000029A01EB0211C1F884010598007D01284E
:102670000CD1FFE706980068029900EB0111D1F830
:10268000840140F48070C1F88401FFE70498406839
:1026900006990968029A01EB0211C1F88C010498AD
:1026A000006806990968029A01EB0211C1F88801D5
:1026B00006980068029900EB0111D1F8800140F002
:1026C0000100C1F8800100208DF81F0011E006997B
:1026D000486A40F40010486201208DF81F0008E0AD
:1026E0000699486A40F48020486201208DF81F0056
:1026F000FFE79DF81F0008B07047000086B0049007
:102700000391049890F820008DF803009DF80300D1
:10271000012806D0FFE79DF80300022840F0B080B2
:10272000FFE746F20040C4F2000001900199D1F8A1
:10273000000240F00100C1F800020199D1F8000246
:1027400020F47C50C1F800020398426A0199D1F844
:10275000000240EA0220C1F800020398406900F03C
:102760001F01012088400290029A0199D1F81C02B1
:102770009043C1F81C020398C069F0B9FFE7029AC0
:102780000199D1F80C029043C1F80C02039A908889
:10279000D168526940EA0140019901EBC201C1F8D8
:1027A0004002039A10889168526940EA01400199F9
:1027B00001EBC201C1F84402FFE70398C069012898
:1027C0001ED1FFE7029A0199D1F80C021043C1F81B
:1027D0000C02039A90881168526940EA01400199FD
:1027E00001EBC201C1F84002039A908991685269D5
:1027F00040EA0140019901EBC201C1F84402FFE740
:102800000398806940B9FFE7029A0199D1F8040260
:102810009043C1F8040207E0029A0199D1F804023A
:102820001043C1F80402FFE70398006940B9FFE7CD
:10283000029A0199D1F814029043C1F8140207E0FA
:10284000029A0199D1F814021043C1F81402FFE76B
:102850000398006A012808D1FFE7029A0199D1F88C
:102860001C021043C1F81C02FFE70199D1F80002D5
:1028700020F00100C1F8000200208DF8170008E0E8
:102880000499486A40F48020486201208DF81700BE
:10289000FFE79DF8170006B07047000081B0009078
:1028A00001B0704784B0039002910020019003981A
:1028B00090F820008DF803009DF80300012805D052
:1028C000FFE79DF80300022812D1FFE7029838B90C
:1028D000FFE703980068C06800F00300019006E07D
:1028E00003980068006900F003000190FFE7FFE72C
:1028F000019804B07047000086B0049003910292E2
:102900000193049890F820008DF803009DF80300CF
:10291000012806D0FFE79DF80300022840F0E88078
:10292000FFE7039880B9FFE704980068C068800754
:1029300048B9FFE70499486A40F400104862012052
:102940008DF81700DDE00FE004980068006980074B
:1029500048B9FFE70499486A40F400104862012032
:102960008DF81700CDE0FFE704980068039900EBAD
:102970000110D0F8B00100F00400029988600298BC
:10298000806858B9FFE704980068039900EB0110CC
:10299000D0F8B001400D029908600AE00498006880
:1029A000039900EB0110D0F8B001C008029948600B
:1029B000FFE704980068039900EB0110D0F8B0011C
:1029C00000F002000299C86004980068039900EBC7
:1029D0000110D0F8B40100F00F00082804D3FFE77D
:1029E0000299082008610BE004980068039900EB45
:1029F0000110D0F8B40100F00F0002990861FFE760
:102A000004980068039900EB0110D0F8B40180B27B
:102A1000000A0299886104980068039900EB01108C
:102A2000D0F8B401000C0299486104980068039939
:102A300000EB0110D0F8B801019908700498006803
:102A4000039900EB0110D0F8B801000A0199487011
:102A500004980068039900EB0110D0F8B801000C4D
:102A60000199887004980068039900EB0110D0F870
:102A7000B801000E0199C87004980068039900EB32
:102A80000110D0F8BC0101990871049800680399FD
:102A900000EB0110D0F8BC01000A019948710498BC
:102AA0000068039900EB0110D0F8BC01000C0199FB
:102AB000887104980068039900EB0110D0F8BC01FC
:102AC000000E0199C871039838B9FFE704980168AE
:102AD000C86840F02000C86006E0049801680869F2
:102AE00040F020000861FFE700208DF8170008E0A3
:102AF0000499486A40F48020486201208DF817004C
:102B0000FFE79DF8170006B07047000083B0029001
:102B100000200190029890F820008DF803009DF8A5
:102B20000300012805D0FFE79DF80300022822D109
:102B3000FFE70298006880684001002804D5FFE79D
:102B4000019801300190FFE7029800688068000159
:102B5000002804D5FFE7019801300190FFE70298B3
:102B600000688068C000002804D5FFE701980130A4
:102B70000190FFE7FFE7019803B0704780B58AB086
:102B8000099000200890099800684069079009980A
:102B90000068406806900998006880680590099868
:102BA0000068C0680490099800680069039009985B
:102BB0000068806902909DF81C00C007002800F0A2
:102BC0009480FFE79DF81400C00758B3FFE7099809
:102BD0000168012088609DF814008007002804D552
:102BE000FFE7099800F030FC1BE09DF81400400757
:102BF000002805D5FFE7089840F4006008900FE032
:102C00009DF814000007002805D5FFE7089840F458
:102C10008050089003E0099800F012FCFFE7FFE7FE
:102C2000FFE7FFE79DF81500C00760B3FFE70998CD
:102C300001684FF4807088609DF8150080070028B7
:102C400004D5FFE7099800F007FC1BE09DF815008C
:102C50004007002805D5FFE7089840F40050089089
:102C60000FE09DF815000007002805D5FFE708983C
:102C700040F48040089003E0099800F0E9FBFFE78A
:102C8000FFE7FFE7FFE79DF81600C00760B3FFE727
:102C9000099801684FF4803088609DF8160080071D
:102CA000002804D5FFE7099800F0DEFB1BE09DF843
:102CB00016004007002805D5FFE7089840F40040BB
:102CC00008900FE09DF816000007002805D5FFE7E3
:102CD000089840F48030089003E0099800F0C0FBA9
:102CE000FFE7FFE7FFE7FFE7FFE79DF81C000007AE
:102CF000002810D5FFE79DF81000C006002809D570
:102D0000FFE7089840F400700890099801681020C7
:102D1000C860FFE7FFE79DF81C00400700280FD5BB
:102D2000FFE79DF810000007002808D5FFE7099885
:102D300001680820C860099800F0F4FAFFE7FFE78F
:102D40009DF81C00800700280BD5FFE70998006854
:102D5000C068800720B1FFE7099800F0E7FAFFE7B5
:102D6000FFE79DF81C004006002810D5FFE79DF8FE
:102D70000C00C006002809D5FFE7089840F48060E1
:102D800008900998016810200861FFE7FFE79DF8A7
:102D90001C00800600280FD5FFE79DF80C000007F7
:102DA000002808D5FFE709980168082008610998FC
:102DB00000F0DAFAFFE7FFE79DF81C00C0060028E4
:102DC0000BD5FFE7099800680069800720B1FFE78D
:102DD000099800F0CDFAFFE7FFE79DF81E00800795
:102DE00000280FD5FFE79DF81800C006002808D579
:102DF000FFE70998016810204860099800F0D6FAAA
:102E0000FFE7FFE79DF81E00C00778B1FFE79DF8D8
:102E100018000007002808D5FFE709980168082076
:102E20004860099800F024FBFFE7FFE79DF81D00CC
:102E30000006002840F18D80FFE79DF8180040074C
:102E4000002840F18180FFE79DF81D00C00750B1C8
:102E5000FFE79DF80800C00728B1FFE7089840F099
:102E600001000890FFE79DF81D00800700280BD5A2
:102E7000FFE79DF808008007002805D5FFE70898C0
:102E800040F002000890FFE79DF81D004007002871
:102E90000BD5FFE79DF808004007002805D5FFE7A0
:102EA000089840F004000890FFE79DF81D00000717
:102EB000002848D5FFE79DF8080010F0700F42D0B9
:102EC000FFE7029800F0700001460191102814D02D
:102ED000FFE70198202815D0FFE70198302816D089
:102EE000FFE70198402817D0FFE70198502818D035
:102EF000FFE70198602819D01DE0089840F008000D
:102F0000089019E0089840F01000089014E0089824
:102F100040F0200008900FE0089840F04000089032
:102F20000AE0089840F08000089005E0089840F416
:102F30008070089000E0FFE709980168886920F038
:102F400070008861FFE7FFE7099801680420486086
:102F5000FFE7089848B1FFE7089A0999486A1043C3
:102F600048620998FFF79AFCFFE70AB080BD0000AD
:102F700080B584B00290029820B9FFE701208DF857
:102F80000F00E0E0029890F8200020B9FFE70298D7
:102F900000F0DEF8FFE702980168086840F00100E1
:102FA000086000F0A3FF0190FFE702980068406806
:102FB000C007A8B9FFE700F099FF0199401A0B2854
:102FC0000DD3FFE70299486A40F400304862029945
:102FD000052081F8200001208DF80F00B3E0E4E720
:102FE00002980168086820F00200086000F07EFF87
:102FF0000190FFE70298006840688007002815D517
:10300000FFE700F073FF0199401A0B280DD3FFE78B
:103010000299486A40F4003048620299052081F81C
:10302000200001208DF80F008DE0E3E70298007E7C
:10303000012807D1FFE702980168086840F0800086
:10304000086006E002980168086820F080000860C7
:10305000FFE70298407E012807D1FFE70298016848
:10306000086840F04000086006E0029801680868BF
:1030700020F040000860FFE70298807E012807D119
:10308000FFE702980168086840F02000086006E049
:1030900002980168086820F020000860FFE70298A5
:1030A000C07E012807D1FFE702980168086820F078
:1030B0001000086006E002980168086840F01000FF
:1030C0000860FFE70298007F012807D1FFE7029818
:1030D0000168086840F00800086006E0029801688E
:1030E000086820F008000860FFE70298407F012888
:1030F00007D1FFE702980168086840F00400086003
:1031000006E002980168086820F004000860FFE704
:10311000029B19685A689868D3F80CC040EA0C0002
:10312000D3F810C040EA0C005B691843013A104321
:10313000C861029900204862029A012182F8201099
:103140008DF80F00FFE79DF80F0004B080BD000070
:1031500080B596B0159000201490139012901190A5
:1031600010901598006846F20041C4F200018842B0
:103170005CD1FFE740F21020C2F20000016801318B
:1031800001600068012812D1FFE7FFE700200F90DF
:1031900043F64000C4F20200016841F00071016092
:1031A000006800F000700F900F98FFE7FFE7FFE75F
:1031B00000200E9043F63000C4F20200016841F096
:1031C00008010160006800F008000E900E98FFE70B
:1031D0000320109002211191002109911291139066
:1031E0000920149040F60040C4F2020010A900F03B
:1031F00085FC099A132006900521089100F054FFE0
:10320000069800F047FF0899099A1420079000F0EB
:103210004BFF079800F03EFF0899099A15200A9085
:1032200000F042FF0A9800F035FF78E0159800683A
:1032300046F60001C4F2000188426FD1FFE7FFE7C4
:1032400000200D9043F64000C4F20200016841F0F6
:1032500080610160006800F080600D900D98FFE7CC
:1032600040F21020C2F200000168013101600068E4
:10327000012812D1FFE7FFE700200C9043F6400041
:10328000C4F20200016841F000710160006800F0C2
:1032900000700C900C98FFE7FFE7FFE700200B9011
:1032A00043F63000C4F20200016841F002010160FF
:1032B000006800F002000B900B98FFE74FF44050BD
:1032C000109002201190002004901290032013907F
:1032D0000920149040F20040C4F2020010A900F04E
:1032E0000DFC049A3F2001900521039100F0DCFEC3
:1032F000019800F0CFFE0399049A4020029000F05C
:10330000D3FE029800F0C6FE0399049A412005906E
:1033100000F0CAFE059800F0BDFEFFE7FFE716B01B
:1033200080BD000081B0009001B0704780B58AB0C8
:10333000099008F009FC01688A6800219047029012
:1033400009980190029801688969884701460198A7
:10335000884206D1FFE7029801684A6903A99047AD
:10336000FFE70AB080BD000081B0009001B0704757
:1033700080B58AB0099008F0E7FB01688A680121EE
:1033800090470290099801900298016889698847DE
:1033900001460198884206D1FFE7029801684A6910
:1033A00003A99047FFE70AB080BD000081B00090FC
:1033B00001B0704780B584B00290029890F8200068
:1033C00001282FD1FFE70299022081F820000298FE
:1033D0000168086820F00100086000F087FD019096
:1033E000FFE7029800684068C007A8B1FFE700F057
:1033F0007DFD0199401A0B280DD3FFE70299486A19
:1034000040F4003048620299052081F82000012034
:103410008DF80F000FE0E4E70299002048628DF874
:103420000F0008E00299486A40F400204862012039
:103430008DF80F00FFE79DF80F0004B080BD00007D
:1034400081B0009001B0704781B0009001B070472A
:1034500081B0009001B0704781B0009001B070471A
:1034600081B0009001B0704781B0009001B070470A
:1034700081B0009001B0704780B584B0029002988E
:10348000806D019000F032FD0090029890F83500B8
:1034900002280DD0FFE7029980204865FFE70299D6
:1034A000002081F83400FFE701208DF80F0055E07F
:1034B00002980168086820F0160008600298016808
:1034C000486920F0800048610298006C20B9FFE74D
:1034D0000298806C38B1FFE702980168086820F014
:1034E00008000860FFE702980168086820F0010002
:1034F0000860FFE7029800680068C007C8B1FFE7EE
:1035000000F0F4FC0099401A062811D3FFE7029955
:10351000202048650299032081F83500FFE70299D1
:10352000002081F83400FFE703208DF80F0015E03C
:10353000E0E70298C16D3F208840019988600299B8
:10354000012081F83500FFE70299002081F834005E
:10355000FFE7FFE700208DF80F00FFE79DF80F0061
:1035600004B080BD82B00090009890F83500022829
:1035700007D0FFE700998020486501208DF80700FB
:103580000EE00099052081F8350000980168086870
:1035900020F001000860FFE700208DF80700FFE73A
:1035A0009DF8070002B0704780B586B005900020F6
:1035B000039040F21400C2F20000006848F2B51116
:1035C000C1F64E31A0FB0110800A02900598806D73
:1035D000019001980068049004980599C96DC8404D
:1035E000000700281AD5FFE7059800680068400723
:1035F000002812D5FFE705980168086820F004004C
:1036000008600598C16D0820884001998860059977
:10361000486D40F001004865FFE7FFE70498059911
:10362000C96DC840C007A0B1FFE7059800684069B0
:10363000000600280CD5FFE70598C16D01208840E1
:10364000019988600599486D40F002004865FFE7E0
:10365000FFE704980599C96DC8404007002814D5B4
:10366000FFE7059800680068800700280CD5FFE791
:103670000598C16D04208840019988600599486DBE
:1036800040F004004865FFE7FFE704980599C96D1D
:10369000C840C006002847D5FFE7059800680068C5
:1036A000000700283FD5FFE70598C16D102088402E
:1036B00001998860059800680068400300281AD5C1
:1036C000FFE70598006800680003002809D4FFE7B9
:1036D0000598006C20B1FFE70598016C8847FFE76B
:1036E00008E00598806C20B1FFE70598816C884759
:1036F000FFE7FFE716E0059800680068C0050028AE
:1037000007D4FFE705980168086820F00800086002
:10371000FFE70598006C20B1FFE70598016C88472A
:10372000FFE7FFE7FFE7FFE704980599C96DC84089
:103730008006002840F18D80FFE70598006800684A
:10374000C006002840F18480FFE70598C16D202065
:10375000884001998860059890F83500052834D193
:10376000FFE705980168086820F0160008600598D2
:103770000168486920F0800048610598006C20B914
:10378000FFE70598806C38B1FFE705980168086885
:1037900020F008000860FFE70598C16D3F208840D1
:1037A000019988600599012081F83500FFE70599A6
:1037B000002081F83400FFE70598006D20B1FFE795
:1037C0000598016D8847FFE77BE005980068006871
:1037D000400300281AD5FFE7059800680068000339
:1037E000002809D4FFE70598406C20B1FFE7059851
:1037F000416C8847FFE708E00598C06B20B1FFE700
:103800000598C16B8847FFE7FFE720E0059800684F
:103810000068C005002811D4FFE705980168086812
:1038200020F0100008600599012081F83500FFE7BD
:103830000599002081F83400FFE7FFE70598C06B89
:1038400020B1FFE70598C16B8847FFE7FFE7FFE777
:10385000FFE70598406DA0B3FFE70598406DC007EE
:1038600030B3FFE70599052081F835000598016818
:10387000086820F001000860FFE70398013003901A
:103880000299884201D9FFE707E0FFE70598006841
:103890000068C0070028F0D1FFE70599012081F8F2
:1038A0003500FFE70599002081F83400FFE7FFE7C6
:1038B0000598C06C20B1FFE70598C16C8847FFE709
:1038C000FFE706B080BD000080B586B00490002000
:1038D000039000F00BFB0290049820B9FFE7012051
:1038E0008DF81700A3E00498406A08B1FFE7FFE7EE
:1038F0000499022081F83500FFE70499002081F83F
:103900003400FFE704980168086820F001000860AF
:10391000FFE7049800680068C00790B1FFE700F077
:10392000E5FA0299401A06280AD3FFE704992020F5
:1039300048650499032081F835008DF8170076E07A
:10394000E7E70498006800680390039848F23F0195
:10395000CFF2100108400390049900914868D1F813
:1039600008C0CB680A6940EA0C00184310434A6952
:1039700010438A691043CA691043096A01430398D6
:10398000084303900498406A042808D1FFE704998B
:10399000C86A096B0143039808430390FFE7039843
:1039A00004990968086004980068406903900398C6
:1039B00020F0070003900498416A0398084303909D
:1039C0000498406A04281AD1FFE70498816A039892
:1039D000084303900498C06A80B1FFE70498FEF79B
:1039E00011FD50B1FFE7049940204865049901207A
:1039F00081F835008DF8170019E0FFE7FFE703981D
:103A00000499096848610498FEF7D0FC0190049875
:103A1000C16D3F2088400199886004990020486565
:103A2000049A012182F835108DF81700FFE79DF800
:103A3000170006B080BD000080B588B006900591E3
:103A40000492039300208DF80B000698806D01907E
:103A5000FFE7069890F83400012804D1FFE7022020
:103A60008DF81F0045E00699012081F83400FFE73A
:103A7000FFE7069890F8350001282BD1FFE706995B
:103A8000022081F8350006990020486506980599BE
:103A9000049A039BFEF72EFD0698C16D3F208840D7
:103AA0000199886006980168086840F0160008606F
:103AB0000698006C38B1FFE706980168086840F086
:103AC00008000860FFE706980168086840F00100F8
:103AD000086009E0FFE70699002081F83400FFE75D
:103AE00002208DF80B00FFE79DF80B008DF81F00FA
:103AF000FFE79DF81F0008B080BD000090B00F9058
:103B00000E9100200C900B900A900D90FFE70D98FD
:103B10000F2800F2E881FFE70D99012088400C9002
:103B20000E9800680C9908400B900B980C998842ED
:103B300040F0D481FFE70E98406800F003000128B0
:103B400007D0FFE70E98406800F0030002282FD14D
:103B5000FFE70F9880680A900D984100032000FA53
:103B600001F10A9888430A900E98C0680D9949009F
:103B700000FA01F10A9808430A900A980F998860A0
:103B80000F9840680A900D99012000FA01F10A98F7
:103B900088430A900E984068C0F300100D9900FA0F
:103BA00001F10A9808430A900A980F994860FFE7C4
:103BB0000E98406800F00300032818D0FFE70F9824
:103BC000C0680A900D984100032000FA01F10A989C
:103BD00088430A900E9880680D99490000FA01F117
:103BE0000A9808430A900A980F99C860FFE70E9850
:103BF000406800F00300022826D1FFE70F980D99D6
:103C00006FF0030202EA51010844006A0A900D981D
:103C100000F0070081000F2000FA01F10A988843A4
:103C20000A900E9800690D9901F00701890000FAC9
:103C300001F10A9808430A900A980F990D9B02EA2D
:103C4000530211440862FFE70F9800680A900D982C
:103C50004100032000FA01F10A9888430A900E9867
:103C6000406800F003000D99490000FA01F10A983C
:103C700008430A900A980F9908600E988079800787
:103C8000002800F02A81FFE7FFE70020099043F6B3
:103C90004400C4F20200016841F480410160006800
:103CA00000F4804009900998FFE70D9820F0030088
:103CB00043F60801C4F2010140580A900D9800F043
:103CC000030081000F2000FA01F10A9888430A904E
:103CD0000F980021C4F20201884203D1FFE70020BF
:103CE00008907AE00F9840F20041C4F20201884245
:103CF00003D1FFE7012007906CE00F9840F6000128
:103D0000C4F20201884203D1FFE7022006905EE080
:103D10000F9840F60041C4F20201884203D1FFE748
:103D20000320059050E00F9841F20001C4F2020117
:103D3000884203D1FFE70420049042E00F9841F24B
:103D40000041C4F20201884203D1FFE7052003903D
:103D500034E00F9841F60001C4F20201884203D119
:103D6000FFE70620029026E00F9841F60041C4F2DA
:103D70000201884203D1FFE70720019018E00F9865
:103D800042F20001C4F20201884203D1FFE7082099
:103D900000900AE00F9942F20042C4F202020A20A7
:103DA000914208BF09200090FFE700980190FFE7CB
:103DB00001980290FFE702980390FFE703980490B0
:103DC000FFE704980590FFE705980690FFE706983F
:103DD0000790FFE707980890FFE70898C0B20D9991
:103DE00001F00301890000FA01F10A9808430A90E2
:103DF0000A980D9921F0030143F60802C4F201026A
:103E0000885043F60840C4F2010000680A900B99FC
:103E10000A9888430A900E988079C006002805D534
:103E2000FFE70B990A9808430A90FFE70A9843F6C0
:103E30000841C4F20101086043F60C40C4F20100DD
:103E400000680A900B990A9888430A900E98807926
:103E50008006002805D5FFE70B990A9808430A90C9
:103E6000FFE70A9843F60C41C4F20101086043F6EB
:103E70000440C4F2010000680A900B990A98884334
:103E80000A900E9880798007002805D5FFE70B99E6
:103E90000A9808430A90FFE70A9843F60441C4F2DF
:103EA0000101086043F60040C4F2010000680A9076
:103EB0000B990A9888430A900E988079C00728B118
:103EC000FFE70B990A9808430A90FFE70A9843F620
:103ED0000041C4F201010860FFE7FFE7FFE70D982A
:103EE00001300D9013E610B07047000047F6D02067
:103EF000C2F200000068704740F21800C2F20000F1
:103F0000027847F6D021C2F2000108681044086028
:103F10007047000080B543F60041C4F20201086812
:103F200040F400700860086840F480600860086829
:103F300040F480700860032000F0D0F80F2000F0FB
:103F400005F800F07BF8002080BD000080B58CB043
:103F50000B90002004900390FFE70020009043F6B0
:103F60004000C4F20200016841F0040101600068F1
:103F700000F0040000900098FFE706A802A900F0F6
:103F800047FA09980490049820B9FFE700F070FA06
:103F9000059004E000F06CFA40000590FFE70598FA
:103FA0004DF68361C4F21B31A0FB01014FF0FF30DD
:103FB00000EB9140039043F2A460C2F2000040F68F
:103FC0000001C4F20001016040F2E731C1600399D1
:103FD0004160002101618160816100F049FE8DF83E
:103FE00007009DF8070028BBFFE743F2A460C2F278
:103FF000000000F08FFE8DF807009DF80700C0B9A3
:10400000FFE71E2000F046F80B980F280CD8FFE7BA
:104010000B991E20002200F047F80B9840F21C017B
:10402000C2F20001086003E001208DF80700FFE7FD
:10403000FFE7FFE79DF807000CB080BD80B582B0B8
:10404000FFE70020019043F64400C4F2020001683B
:1040500041F480410160006800F4804001900198C3
:10406000FFE7FFE70020009043F64000C4F20200A3
:10407000016841F080510160006800F080500090BC
:104080000098FFE76FF001000F21002200F00CF80C
:1040900002B080BD80B582B08DF807009DF90700A1
:1040A0000DF034F802B080BD80B586B08DF81700F1
:1040B00004910392002002900DF040F802909DF9C7
:1040C0001700019002980499039A02F02BFB014615
:1040D00001980DF03BF806B080BD000080B582B0BD
:1040E000019001980DF076F802B080BD80B584B0E3
:1040F00000200290FFE70020019043F64000C4F248
:104100000200016841F080510160006800F08050B9
:1041100001900198FFE74021C4F20E2101200860C0
:10412000FFF7E4FE0290FFE747F20400C4F200004C
:10413000006800F48030B0F5803F0DD0FFE7FFF756
:10414000D5FE0299401AB0F57A7F04D9FFE7032023
:104150008DF80F0025E0E7E74421C4F20E2101208D
:104160000860FFF7C3FE0290FFE747F20400C4F2C5
:104170000000006800F40030B0F5003F0DD0FFE70C
:10418000FFF7B4FE0299401AB0F57A7F04D9FFE731
:1041900003208DF80F0004E0E7E700208DF80F0002
:1041A000FFE79DF80F0004B080BD000080B584B02B
:1041B00002900191029820B9FFE701208DF80F00CD
:1041C00021E1019843F60041C4F20201096801F0BF
:1041D0000F01884212D9FFE7019943F60040C4F26B
:1041E00002000170006800F00F000199884204D0BD
:1041F000FFE701208DF80F0005E1FFE70298007846
:10420000800700282AD5FFE7029800784007002899
:1042100009D5FFE743F60801C4F20201086840F43B
:10422000E0500860FFE7029800780007002809D5F1
:10423000FFE743F60801C4F20201086840F4604059
:104240000860FFE743F60801C4F20201086820F0A5
:10425000F000029A926810430860FFE70298007825
:10426000C00700286ED0FFE702984068012811D1EE
:10427000FFE743F60000C4F20200006800F40031DA
:104280000020B0EB514F04D1FFE701208DF80F0063
:10429000B9E02CE002984068022805D0FFE70298B8
:1042A0004068032811D1FFE743F60000C4F2020082
:1042B000006800F000710020B0EB516F04D1FFE7FF
:1042C00001208DF80F009EE010E043F60000C4F2DC
:1042D0000200006800F002010020B0EB510F04D191
:1042E000FFE701208DF80F008DE0FFE7FFE743F6C1
:1042F0000801C4F20201086820F00300029A526823
:1043000010430860FFF7F2FD0090FFE743F6080056
:10431000C4F20200006800F00C0002994968B0EB9A
:10432000810F0ED0FFE7FFF7E1FD0099401A41F23F
:104330008931884204D3FFE703208DF80F0062E043
:10434000E4E7FFE7019843F60041C4F2020109687F
:1043500001F00F01884212D2FFE7019943F60040B5
:10436000C4F202000170006800F00F000199884259
:1043700004D0FFE701208DF80F0044E0FFE702982A
:104380000078400700280CD5FFE743F60801C4F287
:104390000201086820F4E050029AD26810430860D5
:1043A000FFE702980078000700280DD5FFE743F6E5
:1043B0000801C4F20201086820F46040029A126900
:1043C00040EAC2000860FFE700F076F843F6080113
:1043D000C4F202010968C9B20A0945F20871C0F6BF
:1043E0000101895CC84040F21401C2F2000108607A
:1043F00040F21C00C2F200000068FFF7A7FD002099
:104400008DF80F00FFE79DF80F0004B080BD00009D
:1044100082B00190009101990F20086043F60800D6
:10442000C4F20200016801F00301019A51600168C1
:1044300001F0F001019A9160016801F4E051019AE4
:10444000D160006800F46040C0080199086143F63B
:104450000040C4F20200006800F00F0000990860FC
:1044600002B0704740F21400C2F2000000687047CA
:1044700080B5FFF7F7FF43F60801C4F202010968AF
:10448000C1F3822245F21871C0F60101895CC8406F
:1044900080BD000080B5FFF7E5FF43F60801C4F2D8
:1044A0000201096889B24A0B45F21871C0F6010190
:1044B000895CC84080BD000080B586B000200590B2
:1044C00004900390029043F60800C4F202000068D2
:1044D00000F00C000146019140B1FFE7019804286B
:1044E0000AD0FFE7019808280CD04FE042F20040C4
:1044F000C0F2F40002904FE041F60030C0F2B70085
:10450000029049E043F60400C4F20200016801F0A1
:104510003F01059100684002002813D5FFE743F6EC
:104520000400C4F202000068C0F3881041F60031B4
:10453000C0F2B701A0FB0101059A0023FBF720FFA1
:10454000049012E043F60400C4F202000068C0F3D5
:10455000881042F20041C0F2F401A0FB0101059A6B
:104560000023FBF70DFF0490FFE743F60400C4F2BD
:104570000200006800F44031022000EBD1300390CB
:1045800004980399B0FBF1F0029005E042F200407C
:10459000C0F2F4000290FFE7029806B080BD000070
:1045A00080B586B00490049820B9FFE701208DF80B
:1045B000170050E304980078C007002800F0A58099
:1045C000FFE743F60800C4F20200006800F00C00A8
:1045D000042813D0FFE743F60800C4F20200006885
:1045E00000F00C0008281ED1FFE743F60400C4F2D7
:1045F000020000684002002815D5FFE743F60000DE
:10460000C4F20200006800F400310020B0EB514F0A
:1046100008D0FFE70498406820B9FFE701208DF833
:10462000170018E370E0FFE704984068B0F5803F9A
:1046300009D1FFE743F60001C4F20201086840F423
:104640008030086020E004984068B0F5A02F0DD1BC
:10465000FFE743F60001C4F20201086840F480203D
:104660000860086840F4803008600CE043F6000100
:10467000C4F20201086820F480300860086820F461
:1046800080200860FFE7FFE7FFE704984068E8B193
:10469000FFE7FFF72BFC0390FFE743F60000C4F2AF
:1046A0000200006800F400310020B0EB514F0CD143
:1046B000FFE7FFF71BFC0399401A652804D3FFE7C7
:1046C00003208DF81700C6E2E7E71CE0FFF70EFCB9
:1046D0000390FFE743F60000C4F20200006800F414
:1046E00000310020B0EB514F0CD0FFE7FFF7FEFB8D
:1046F0000399401A652804D3FFE703208DF81700BB
:10470000A9E2E7E7FFE7FFE7FFE704980078800703
:10471000002840F19680FFE743F60800C4F202004B
:10472000006810F00C0F13D0FFE743F60800C4F246
:104730000200006800F00C0008282CD1FFE743F6C7
:104740000400C4F2020000684002002823D4FFE7FE
:1047500043F60000C4F20200006800F002010020ED
:10476000B0EB510F09D0FFE70498C068012804D0CE
:10477000FFE701208DF817006DE243F60001C4F257
:104780000201086820F0F800049A126940EAC200A9
:104790000860FFE754E00498C06870B3FFE70021A9
:1047A000C4F2472101200860FFF7A0FB0390FFE758
:1047B00043F60000C4F20200006800F0020100208D
:1047C000B0EB510F0CD1FFE7FFF790FB0399401AB4
:1047D000032804D3FFE703208DF817003BE2E7E747
:1047E00043F60001C4F20201086820F0F800049AC0
:1047F000126940EAC200086021E00021C4F24721AA
:1048000000200860FFF772FB0390FFE743F600000B
:10481000C4F20200006800F002010020B0EB510F6A
:104820000CD0FFE7FFF762FB0399401A032804D37B
:10483000FFE703208DF817000DE2E7E7FFE7FFE74A
:10484000FFE704980078000700284BD5FFE704989D
:10485000406918B3FFE740F68061C4F247210120A8
:104860000860FFF743FB0390FFE743F67400C4F2D0
:104870000200006800F002010020B0EB510F0CD1E3
:10488000FFE7FFF733FB0399401A032804D3FFE740
:1048900003208DF81700DEE1E7E722E040F68061B3
:1048A000C4F2472100200860FFF720FB0390FFE7D8
:1048B00043F67400C4F20200006800F00201002018
:1048C000B0EB510F0CD0FFE7FFF710FB0399401A34
:1048D000032804D3FFE703208DF81700BBE1E7E7C7
:1048E000FFE7FFE7049800784007002840F1CE80FA
:1048F000FFE700208DF8070043F64000C4F20200F5
:104900000068C000002815D4FFE7FFE700200090F2
:1049100043F64000C4F20200016841F0805101609A
:10492000006800F0805000900098FFE701208DF8AB
:104930000700FFE747F20000C4F200000068C0056E
:10494000002822D4FFE747F20001C4F20001086802
:1049500040F480700860FFF7C9FA0390FFE747F260
:104960000000C4F200000068C00500280CD4FFE776
:10497000FFF7BCFA0399401A032804D3FFE703208A
:104980008DF8170067E1EAE7FFE7FFE70498806822
:10499000012809D1FFE743F67001C4F2020108685B
:1049A00040F0010008601FE00498806805280DD1E0
:1049B000FFE743F67001C4F20201086840F004000A
:1049C0000860086840F0010008600CE043F67001E0
:1049D000C4F20201086820F001000860086820F0B5
:1049E00004000860FFE7FFE7FFE704988068F8B17C
:1049F000FFE7FFF77BFA0390FFE743F67000C4F28E
:104A00000200006800F002010020B0EB510F0ED14F
:104A1000FFE7FFF76BFA0399401A41F289318842A8
:104A200004D3FFE703208DF8170014E1E5E71EE04B
:104A3000FFF75CFA0390FFE743F67000C4F2020050
:104A4000006800F002010020B0EB510F0ED0FFE72C
:104A5000FFF74CFA0399401A41F28931884204D396
:104A6000FFE703208DF81700F5E0E5E7FFE79DF885
:104A70000700012809D1FFE743F64001C4F2020113
:104A8000086820F080500860FFE7FFE7049880691D
:104A9000002800F0DC80FFE743F60800C4F20200C3
:104AA000006800F00C00082800F08580FFE70498FB
:104AB000806902285CD1FFE76021C4F24721002011
:104AC0000860FFF713FA0390FFE743F60000C4F213
:104AD0000200006800F000710020B0EB516F0CD0B4
:104AE000FFE7FFF703FA0399401A032804D3FFE70F
:104AF00003208DF81700AEE0E7E70499C869D1F804
:104B000020C04B6A8A6A40EA0C0040EA8310D20354
:104B10004FF6FF739A43A2F580321043C96A40EA08
:104B2000016043F60401C4F2020108606021C4F28E
:104B3000472101200860FFF7D9F90390FFE743F60A
:104B40000000C4F20200006800F000710020B0EB29
:104B5000516F0CD1FFE7FFF7C9F90399401A0328F9
:104B600004D3FFE703208DF8170074E0E7E721E0A6
:104B70006021C4F2472100200860FFF7B7F90390D5
:104B8000FFE743F60000C4F20200006800F0007185
:104B90000020B0EB516F0CD0FFE7FFF7A7F90399A6
:104BA000401A032804D3FFE703208DF8170052E0D2
:104BB000E7E7FFE74AE004988069012804D1FFE7AE
:104BC00001208DF8170046E043F60400C4F202000D
:104BD0000068029004988069012831D0FFE70298AC
:104BE00000F480000499C969884229D1FFE702983E
:104BF00000F03F000499096A884221D1FFE702983A
:104C000047F6C07108400499496AB0EB811F17D17B
:104C1000FFE7029800F440300499896AC9034FF60F
:104C2000FF729143A1F58031884209D1FFE70298D4
:104C300000F070600499C96AB0EB016F04D0FFE71F
:104C400001208DF8170006E0FFE7FFE7FFE70020EF
:104C50008DF81700FFE79DF8170006B080BD000033
:104C600081B0009001B0704781B0009001B07047F2
:104C700080B582B00090009820B9FFE701208DF840
:104C800007003FE0009890F83D0040B9FFE7009929
:104C9000002081F83C00009800F038F8FFE7009908
:104CA000022081F83D00009951F8040B01F072FEDA
:104CB0000099012081F84600FFE70099012081F862
:104CC0003E00009981F83F00009981F8400000996A
:104CD00081F84100FFE7FFE70099012081F84200D9
:104CE000009981F84300009981F84400009981F807
:104CF0004500FFE70099012081F83D0000208DF874
:104D00000700FFE79DF8070002B080BD81B000906A
:104D100001B0704783B00190019890F83D000128E0
:104D200004D0FFE701208DF80B006AE00199022012
:104D300081F83D0001980168C86840F00100C86032
:104D4000019800680021C4F2010188423CD0FFE7CD
:104D500001980068B0F1804F36D0FFE701980068F5
:104D600040F20041C4F2000188422DD0FFE70198D3
:104D7000006840F60001C4F20001884224D0FFE739
:104D80000198006840F60041C4F2000188421BD03F
:104D9000FFE70198006840F20041C4F20101884237
:104DA00012D0FFE70198006844F20001C4F201014B
:104DB000884209D0FFE70198006841F60001C4F27B
:104DC0000001884212D1FFE701980068806800F076
:104DD000070000900098062807D0FFE701980168B7
:104DE000086840F001000860FFE706E001980168EC
:104DF000086840F001000860FFE700208DF80B0014
:104E0000FFE79DF80B0003B07047000081B00090F1
:104E100001B0704780B584B0039003980068C06803
:104E2000029003980068006901909DF804008007D3
:104E3000002824D5FFE79DF80800800700281DD52D
:104E4000FFE7039801686FF00200086103990120F1
:104E50000877039800688069800720B1FFE703980E
:104E6000FFF7D4FF06E0039800F018F9039800F06C
:104E700033FAFFE7039900200877FFE7FFE79DF883
:104E800004004007002825D5FFE79DF808004007EB
:104E900000281ED5FFE7039801686FF00400086141
:104EA00003990220087703980068806910F4407F16
:104EB00004D0FFE70398FFF7A9FF06E0039800F08E
:104EC000EDF8039800F008FAFFE70399002008774F
:104ED000FFE7FFE79DF804000007002824D5FFE75F
:104EE0009DF80800000700281DD5FFE7039801681A
:104EF0006FF00800086103990420087703980068A0
:104F0000C069800720B1FFE70398FFF77FFF06E045
:104F1000039800F0C3F8039800F0DEF9FFE7039967
:104F200000200877FFE7FFE79DF80400C00600288F
:104F300025D5FFE79DF80800C00600281ED5FFE72D
:104F4000039801686FF01000086103990820087742
:104F500003980068C06910F4407F04D0FFE703980D
:104F6000FFF754FF06E0039800F098F8039800F06C
:104F7000B3F9FFE7039900200877FFE7FFE79DF803
:104F80000400C00778B1FFE79DF80800C00748B1EA
:104F9000FFE7039801686FF001000861039800F0D3
:104FA0009FF9FFE7FFE79DF804000006002810D5F1
:104FB000FFE79DF808000006002809D5FFE70398E1
:104FC00001686FF0800008610398FFF749FEFFE772
:104FD000FFE79DF804004006002810D5FFE79DF884
:104FE00008004006002809D5FFE7039801686FF024
:104FF00040000861039800F085F9FFE7FFE79DF89E
:1050000004008006002810D5FFE79DF80800800600
:10501000002809D5FFE7039801686FF020000861B8
:105020000398FFF721FEFFE7FFE704B080BD000013
:1050300080B588B0079000200690059004900390FA
:1050400002900798006841F60001C4F2000188420E
:1050500022D1FFE7FFE70020019043F63000C4F2C1
:105060000200016841F080010160006800F08000EA
:1050700001900198FFE74020029002200390002059
:10508000049005900920069041F60040C4F2020009
:1050900002A9FEF733FDFFE708B080BD81B00090A4
:1050A00001B0704780B586B0049003910292002051
:1050B0008DF80700FFE7049890F83C00012804D120
:1050C000FFE702208DF8170089E00499012081F89C
:1050D0003C00FFE7FFE7029800900C2800F2708088
:1050E0000099DFE801F0076D6D6D206D6D6D3A6D13
:1050F0006D6D530004980068039901F01DFD04983C
:105100000168886940F0080088610498016888692E
:1051100020F0040088610398026904980168886996
:105120001043886150E004980068039901F07AFD0B
:1051300004980168886940F40060886104980168F7
:10514000886920F480608861039802690498016886
:10515000886940EA0220886136E004980068039973
:1051600001F0DAFD04980168C86940F00800C861E0
:1051700004980168C86920F00400C86103980269B6
:1051800004980168C8691043C8611DE0049800686C
:10519000039901F03BFE04980168C86940F400607F
:1051A000C86104980168C86920F48060C8610398E8
:1051B000026904980168C86940EA0220C86103E0F6
:1051C00001208DF80700FFE7FFE70499002081F830
:1051D0003C00FFE79DF807008DF81700FFE79DF8FA
:1051E000170006B080BD000080B582B00090009826
:1051F00020B9FFE701208DF807003FE0009890F804
:105200003D0040B9FFE70099002081F83C0000987C
:1052100000F038F8FFE70099022081F83D0000997E
:1052200051F8040B01F0B6FB0099012081F846000B
:10523000FFE70099012081F83E00009981F83F00C6
:10524000009981F84000009981F84100FFE7FFE7ED
:105250000099012081F84200009981F843000099EB
:1052600081F84400009981F84500FFE7009901208A
:1052700081F83D0000208DF80700FFE79DF807004A
:1052800002B080BD80B584B003900398006841F6F9
:105290000001C4F2000188421BD1FFE7FFE70020B4
:1052A000029043F64000C4F20200016841F0400160
:1052B0000160006800F0400002900298FFE72B2098
:1052C000019005210022FEF7EFFE0198FEF7E2FEB5
:1052D000FFE704B080BD000081B0009001B07047CE
:1052E00080B582B001900198006840F60001C4F2D8
:1052F0000001884203D1FFE7FEF7FEFDFFE702B0A1
:1053000080BD000081B0009001B0704780B586B0CC
:1053100004900391ADF80A20049890F842002028E8
:1053200048D1FFE7039820B1FFE7BDF80A0020B994
:10533000FFE701208DF8170040E004990120086381
:1053400004990020486304980399BDF80A2002F0EC
:10535000ADF88DF809000498006B012821D1FFE712
:10536000FFE700200190049800680068019004980D
:105370000068406801900198FFE7FFE7FFE70498A5
:10538000006850E8030F40F010000090FFE700991C
:105390000498026842E803100028F0D1FFE7FFE715
:1053A00003E001208DF80900FFE79DF809008DF862
:1053B000170003E002208DF81700FFE79DF81700A3
:1053C00006B080BD80B58AB00990ADF8221009986A
:1053D000006841F20041C4F20101884235D1FFE783
:1053E00007F03CF801688A68012190470790099806
:1053F000029007980168896B8847014602988842A5
:1054000022D1FFE740F2FC10C2F200000590BDF887
:105410002200ADF81800079801680A6B05A99047AB
:1054200045F2E861C0F601010868496804910390FB
:10543000079801688A6A03A9019190470199079822
:105440000268526B9047FFE7FFE70998006847F64C
:105450000041C4F20001884212D1FFE742F69020D9
:10546000C2F20000006850B1FFE742F69020C2F29D
:1054700000000068BDF8221007F0DAFAFFE7FFE746
:105480000AB080BD80B584B003900398006847F6E9
:105490000041C4F20001884237D1FFE7FFE7002056
:1054A00002900398006800680290039800684068C2
:1054B00002900298FFE7FFE7002001900398006840
:1054C0000068019003980068406801900198FFE728
:1054D000FFE70020009003980068006800900398A0
:1054E0000068406800900098FFE742F69020C2F202
:1054F0000000006840B1FFE742F69020C2F20000D1
:10550000006807F0D9FAFFE7FFE704B080BD0000AC
:1055100080B592B0119011980068006810901198B1
:105520000068C0680F901198006840690E900020D4
:105530000D900C90109800F00F000D900D9888B908
:10554000FFE79DF84000800600280AD5FFE79DF898
:105550003C008006002804D5FFE7119801F054FEB6
:1055600002E2FFE70D98002800F0C280FFE79DF8F7
:105570003800C00738B9FFE7BDF83C0010F4907F51
:1055800000F0B680FFE79DF84000C00758B1FFE784
:105590009DF83D00C00730B1FFE71199486C40F01D
:1055A00001004864FFE79DF84000400700280BD544
:1055B000FFE79DF83800C00730B1FFE71199486C4C
:1055C00040F002004864FFE79DF840008007002893
:1055D0000BD5FFE79DF83800C00730B1FFE7119900
:1055E000486C40F004004864FFE79DF84000000765
:1055F000002811D5FFE79DF83C008006002805D45F
:10560000FFE79DF83800C00730B1FFE71199486CFB
:1056100040F008004864FFE71198406C002866D00D
:10562000FFE79DF84000800600280AD5FFE79DF8B7
:105630003C008006002804D5FFE7119801F0E4FD46
:10564000FFE7119800684069C0F380100C90119832
:10565000406C0007002804D4FFE70C9800283ED0D7
:10566000FFE7119801F056FD119800684069400667
:1056700000282FD5FFE7FFE7FFE71198006850E803
:10568000050F20F040000B90FFE70B99119802687E
:1056900042E805100028F0D1FFE7FFE71198C06B42
:1056A00098B1FFE71198C16B46F6C160C0F60000E3
:1056B00008651198C06BFDF755FF28B1FFE71198F9
:1056C000C06B016D8847FFE703E01198FFF7DAFE32
:1056D000FFE703E01198FFF7D5FEFFE706E011981A
:1056E000FFF7D0FE119900204864FFE7FFE73BE198
:1056F0001198006B012840F01781FFE79DF84000EA
:10570000C006002840F11081FFE79DF83C00C0066C
:10571000002840F10981FFE7FFE700200A90119877
:10572000006800680A901198006840680A900A981A
:10573000FFE71198006840694006002840F19A8010
:10574000FFE71198C06B00684068ADF82600BDF80F
:105750002600002875D0FFE7BDF826001199898D35
:1057600088426EDAFFE7BDF826001199C8851198C6
:10577000C06BC069B0F5807F58D0FFE7FFE7FFE757
:105780001198006850E8030F20F480700890FFE73C
:1057900008991198026842E803100028F0D1FFE749
:1057A000FFE7FFE7FFE71198006850E8050F20F0DA
:1057B00001000790FFE707991198026842E8051079
:1057C0000028F0D1FFE7FFE7FFE7FFE71198006847
:1057D00050E8050F20F040000690FFE70699119869
:1057E000026842E805100028F0D1FFE7FFE71199B1
:1057F000202081F84200119900200863FFE7FFE7AD
:105800001198006850E8030F20F010000590FFE7A2
:1058100005991198026842E803100028F0D1FFE7CB
:10582000FFE71198C06BFDF727FEFFE711990220F3
:1058300048631198818DC28D891A89B2FFF7C2FD24
:1058400017E0BDF826001199898D884210D1FFE735
:105850001198C06BC069B0F5807F08D1FFE711993E
:10586000022048631198818DFFF7ACFDFFE7FFE749
:10587000FFE779E01199888DC98D401AADF81200C3
:105880001198C08D00284ED0FFE7BDF81200002807
:1058900049D0FFE7FFE7FFE71198006850E8030FE2
:1058A00020F490700390FFE703991198026842E892
:1058B00003100028F0D1FFE7FFE7FFE7FFE71198AB
:1058C000006850E8050F20F001000290FFE7029900
:1058D0001198026842E805100028F0D1FFE7FFE7C1
:1058E0001199202081F84200119900200863FFE7F8
:1058F000FFE71198006850E8030F20F010000190B6
:10590000FFE701991198026842E803100028F0D1DE
:10591000FFE7FFE71199022048631198BDF81210C4
:10592000FFF750FDFFE71FE09DF84000000600284C
:105930000AD5FFE79DF83C000006002804D5FFE7E4
:10594000119801F07DFE0FE09DF840004006002810
:105950000AD5FFE79DF83C004006002804D5FFE784
:10596000119801F021FCFFE712B080BD80B582B034
:105970000090009820B9FFE701208DF8070040E073
:105980000098806908B1FFE700E0FFE7009890F811
:10599000410040B9FFE70099002081F840000098DD
:1059A00000F034F8FFE70099242081F841000098C6
:1059B0000168C86820F40050C860009801F0D8FC65
:1059C00000980168086920F4904008610098016817
:1059D000486920F02A00486100980168C86840F4CE
:1059E0000050C860009900204864009A202182F885
:1059F0004110009A82F84210009948638DF8070020
:105A0000FFE79DF8070002B080BD000080B598B0A8
:105A100017900020169015901490139012901798DC
:105A2000006847F60041C4F20001884240F09180CE
:105A3000FFE7FFE70020119043F64000C4F20200A8
:105A4000016841F000410160006800F000401190E1
:105A50001198FFE7FFE70020109043F63000C4F2F2
:105A60000200016841F010010160006800F01000C0
:105A700010901098FFE7032012900221139100214B
:105A80000A91149115900820169041F20000C4F27A
:105A9000020012A9FEF732F80A9943F27C40C2F2E2
:105AA00000000B9046F21002C4F2020202604FF0B6
:105AB0002062426040228260C1604FF480620261D5
:105AC00041618161C16101624162FDF7FDFE18B172
:105AD000FFE7FCF739FDFFE7FFE7179843F27C414A
:105AE000C2F20001816317988863FFE743F21C400C
:105AF000C2F20000099046F2A001C4F20201016066
:105B00004FF02061416000218160C1604FF48062EC
:105B1000026141618161C16101624162FDF7D4FEB0
:105B200018B1FFE7FCF710FDFFE7FFE7179843F216
:105B30001C41C2F20001C16317988863FFE753203C
:105B4000089005210022FEF7AFFA0898FEF7A2FAA6
:105B500038E11798006841F20001C4F2010188425F
:105B600040F09280FFE7FFE700200F9043F64400EB
:105B7000C4F20200016841F010010160006800F009
:105B800010000F900F98FFE7FFE700200E9043F6FC
:105B90003000C4F20200016841F0020101600068B7
:105BA00000F002000E900E98FFE7C0201290022035
:105BB0001390002006901490032015900720169053
:105BC00040F20040C4F2020012A9FDF797FF0699C7
:105BD00043F2DC40C2F20000079046F24042C4F2B9
:105BE000020202604FF0006242608160C1604FF4C7
:105BF0008062026141618161C16101624162FDF7C0
:105C000063FE18B1FFE7FCF79FFCFFE7FFE717987B
:105C100043F2DC41C2F20001C16317988863FFE7D9
:105C200043F23C50C2F20000059046F2B841C4F283
:105C3000020101604FF0006141604021816000215C
:105C4000C1604FF48062026141618161C1610162A2
:105C50004162FDF739FE18B1FFE7FCF775FCFFE77D
:105C6000FFE7179843F23C51C2F200018163179895
:105C70008863FFE72520049005210022FEF714FA2F
:105C80000498FEF707FA9CE01798006841F200417B
:105C9000C4F20101884240F09380FFE7FFE7002053
:105CA0000D9043F64400C4F20200016841F0200167
:105CB0000160006800F020000D900D98FFE7FFE7FD
:105CC00000200C9043F63000C4F20200016841F05D
:105CD00040010160006800F040000C900C98FFE764
:105CE0004FF48440129002201390002002901490F0
:105CF000032015900820169041F60000C4F202001F
:105D000012A9FDF7FBFE029943F29C50C2F200007B
:105D1000039046F22842C4F2020202604FF0206271
:105D200042608160C1604FF48062026141618161C3
:105D3000C16101624162FDF7C7FD18B1FFE7FCF7E1
:105D400003FCFFE7FFE7179843F29C51C2F2000102
:105D5000C16317988863FFE743F2FC50C2F200006A
:105D6000019046F2A041C4F2020101604FF02061AF
:105D70004160402181600021C1604FF48062026176
:105D800041618161C16101624162FDF79DFD18B110
:105D9000FFE7FCF7D9FBFFE7FFE7179843F2FC5159
:105DA000C2F20001816317988863FFE747200090E3
:105DB00005210022FEF778F90098FEF76BF9FFE75E
:105DC000FFE7FFE718B080BD80B58AB00890079163
:105DD000ADF81A20059300200290089890F8420030
:105DE000202840F08880FFE7079820B1FFE7BDF842
:105DF0001A0020B9FFE701208DF827007FE00899FD
:105E000000204864089A222182F842100899086309
:105E1000FEF76CF80290BDF81A0008998885BDF865
:105E20001A000899C88508988068B0F5805F09D184
:105E3000FFE70898006928B9FFE700200490079859
:105E4000039004E00798049000200390FFE7FFE729
:105E50000898C08D002846D0FFE70898029B059956
:105E60006A4611602021002201F034FC40B1FFE7B6
:105E70000899202081F8420003208DF827003EE099
:105E8000049858B9FFE70898006840686FF35F20EE
:105E9000039908800398023003901FE008988068F7
:105EA000B0F5805F08D0FFE70898806850B9FFE739
:105EB0000898006930B9FFE70898006840680499BD
:105EC000087007E008980068406800F07F000499B7
:105ED0000870FFE7049801300490FFE70899C88D27
:105EE0000138C885B4E70899202081F842000020D5
:105EF0008DF8270003E002208DF82700FFE79DF8CA
:105F000027000AB080BD000080B584B002900191E6
:105F1000ADF80220029890F84200202817D1FFE740
:105F2000019820B1FFE7BDF8020020B9FFE701208A
:105F30008DF80F000FE00299002008630298019984
:105F4000BDF8022001F0B2FA8DF80F0003E0022044
:105F50008DF80F00FFE79DF80F0004B080BD000032
:105F600080B584B002900191ADF80220029890F8BB
:105F70004200202817D1FFE7019820B1FFE7BDF8C4
:105F8000020020B9FFE701208DF80F000FE0029911
:105F90000020086302980199BDF8022001F01EFB61
:105FA0008DF80F0003E002208DF80F00FFE79DF849
:105FB0000F0004B080BD000081B0009001B07047B8
:105FC00081B0009001B0704780B58AB00890079109
:105FD000ADF81A20059300200290089890F841002F
:105FE000202840F08180FFE7079820B1FFE7BDF847
:105FF0001A0020B9FFE701208DF8270078E0089902
:10600000002048640899212081F84100FDF76EFFC7
:106010000290BDF81A0008998884BDF81A00089902
:10602000C88408988068B0F5805F09D1FFE70898B8
:10603000006928B9FFE7002004900798039004E066
:106040000798049000200390FFE7FFE70898C08CB2
:1060500078B3FFE70898029B05996A461160802192
:10606000002201F037FB40B1FFE70899202081F8BA
:10607000410003208DF827003AE0049858B9FFE763
:10608000039800886FF35F200899096848600398B7
:106090000230039008E00498007808990968486085
:1060A000049801300490FFE70899C88C0138C8842F
:1060B000CCE70898029B05996A46116040210022AE
:1060C00001F008FB40B1FFE70899202081F841006A
:1060D00003208DF827000BE00899202081F841006B
:1060E00000208DF8270003E002208DF82700FFE74D
:1060F0009DF827000AB080BD80B586B0049003915A
:10610000ADF80A20049890F8410020286AD1FFE7F2
:10611000039820B1FFE7BDF80A0020B9FFE701208E
:106120008DF8170062E0039804990862BDF80A0030
:1061300004998884BDF80A000499C8840499002051
:106140004864049A212182F8411004998A6B47F22D
:106150008101C0F60001D16304998A6B47F2FD0109
:10616000C0F60001116404998A6B46F6DD61C0F641
:106170000001D1640499896B086503A80190049813
:106180000268806B019909680432BDF80A30FDF796
:1061900053FC58B1FFE7049910204864049920206B
:1061A00081F8410001208DF817001FE00498016874
:1061B0006FF040000860FFE7FFE70498006850E8D0
:1061C000050F40F080000090FFE7009904980268F6
:1061D00042E805100028F0D1FFE7FFE700208DF826
:1061E000170003E002208DF81700FFE79DF8170065
:1061F00006B080BD84B002900191ADF802200298F3
:1062000090F84100202826D1FFE7019820B1FFE750
:10621000BDF8020020B9FFE701208DF80F001EE055
:10622000019802990862BDF8020002998884BDF8BD
:1062300002000299C884029900204864029A212130
:1062400082F8411002990A68D16841F08001D1605A
:106250008DF80F0003E002208DF80F00FFE79DF896
:106260000F0004B07047000080B582B00190019823
:10627000006847F60041C4F2000188420FD1FFE7F1
:1062800042F69020C2F20000006840B1FFE742F6FB
:106290009020C2F20000006806F0D8FBFFE702B0D1
:1062A00080BD000081B0009001B07047FFE7FEE7BD
:1062B00080B582B043F2CC30C2F20000009046F2CA
:1062C0000041C4F2000101600921416000210191F7
:1062D0008160C1604FF4803202614FF480124261EC
:1062E000017641768176C17601774177FCF740FEF1
:1062F00018B1FFE7FCF728F9FFE702B080BD000006
:1063000080B582B043F2F430C2F20000009046F64D
:106310000001C4F2000101600921416000210191E6
:106320008160C1604FF4803202614FF4801242619B
:10633000017641768176C17601774177FCF718FEC8
:1063400018B1FFE7FCF700F9FFE702B080BD0000DD
:1063500080B58AB0FFE70020099043F63000C4F210
:106360000200016841F480010160006800F48000CF
:1063700009900998FFE7FFE70020089043F63000F6
:10638000C4F20200016841F400110160006800F4E9
:10639000001008900898FFE70B2000900521059158
:1063A00000220692FDF780FE0098FDF773FE059926
:1063B000069A11200190FDF777FE0198FDF76AFE1D
:1063C0000599069A39200290FDF76EFE0298FDF7B6
:1063D00061FE0599069A3A200390FDF765FE039841
:1063E000FDF758FE0599069A45200490FDF75CFEDE
:1063F0000498FDF74FFE0599069A46200790FDF791
:1064000053FE0798FDF746FE0AB080BD80B582B006
:1064100046F66500C0F6000045F65412C0F60102CB
:10642000002101910BF080F8019942F66022C2F23E
:106430000002106046F61500C0F6000045F6C012D6
:10644000C0F601020BF070F8019943F6A062C2F2A7
:106450000002106042F2B520C0F6000045F630128E
:10646000C0F601020BF060F8019942F65022C2F228
:106470000002106047F2D170C0F6000045F6B83255
:10648000C0F601020BF050F8019943F6C462C2F263
:106490000002106046F2F570C0F6000045F69C124E
:1064A000C0F601020BF040F8019943F69C62C2F27B
:1064B0000002106046F2FD60C0F6000045F678125A
:1064C000C0F601020BF030F843F6D801C2F2000129
:1064D000086002B080BD000086B0FFE70020059094
:1064E00043F63000C4F20200016841F0100101607F
:1064F000006800F0100005900598FFE7FFE7002016
:10650000049043F63000C4F20200016841F04001FB
:106510000160006800F0400004900498FFE7FFE786
:106520000020039043F63000C4F20200016841F0FD
:1065300001010160006800F0010003900398FFE78B
:10654000FFE70020029043F63000C4F20200016829
:1065500041F002010160006800F002000290029820
:10656000FFE7FFE70020019043F63000C4F202008D
:10657000016841F008010160006800F00800019026
:106580000198FFE7FFE70020009043F63000C4F2D7
:106590000200016841F080010160006800F08000A5
:1065A00000900098FFE706B07047000080B588B003
:1065B00000210091079106910591049103910291A8
:1065C000019143F25C60C2F2000041F60002C4F2A5
:1065D00000020260B3224260816040F28F12C2600A
:1065E00001618161FEF700FE18B1FFE7FBF7ACFF28
:1065F000FFE760200190002202920392059243F28D
:106600005C60C2F2000001A9FEF74CFD18B1FFE783
:10661000FBF79AFFFFE743F25C60C2F20000FEF76F
:1066200007FD08B080BD000080B582B043F27C70E9
:10663000C2F20000019047F60041C4F2000101607F
:106640004EF6D841C0F20D01416000218160C16069
:1066500001610C2242618161C161FFF787F918B1C4
:10666000FFE7FBF771FFFFE702B080BD80B582B0A6
:1066700043F2EC60C2F20000019041F20001C4F26A
:106680000101016048F2A061C0F2010141604FF4D4
:10669000805181600021C1604FF4806202610C2250
:1066A00042618161C161FFF761F918B1FFE7FBF752
:1066B0004BFFFFE702B080BD80B582B043F234707B
:1066C000C2F20000019041F20041C4F201010160F8
:1066D0004FF4E131416000218160C16001610C2211
:1066E00042618161C161FFF741F918B1FFE7FBF732
:1066F0002BFFFFE702B080BDFFE7FEE780B582B069
:1067000001900DF033FA009001F034FD01F092F8A1
:10671000FFE701F0CDF901200AF09EFEF9E7000045
:10672000FFE7FEE788B0079006910592079800F012
:10673000070004900498C0F10700052803D3FFE781
:106740000420019004E00498C0F107000190FFE7E5
:106750000198039004980430062803D8FFE700202E
:10676000009003E0049803380090FFE7009802903F
:1067700006980399012202FA01F101390840029BAF
:10678000984005999A40013A1140084308B0704773
:10679000EFF30980BFF36F8F154B1A681EF0100FCF
:1067A00008BF20ED108A20E9F04F10602DE90900A4
:1067B0004FF0500080F31188BFF34F8FBFF36F8FFE
:1067C0000CF0DCFB4FF0000080F31188BDE80900FD
:1067D00019680868B0E8F04F1EF0100F08BFB0EC61
:1067E000108A80F30988BFF36F8F704700BF00BF26
:1067F000243A002080B584B003900DF0B7F90290E0
:10680000FFE702A8012101910CF050FA01980AF06B
:1068100023FEF6E780B582B001900DF0A7F9009055
:1068200001F078F8FFE7684605210CF03FFAFAE737
:10683000074B19680868B0E8F04F80F30988BFF388
:106840006F8F4FF0000080F31188704700BF00BFCA
:10685000243A002080B56FF0040000210AF098FC73
:1068600080BD000080B582B00190FFE701200AF0F2
:10687000F3FDFBE780B54EF21000CEF20000006899
:106880000DF058F9012803D0FFE70CF087FCFFE773
:1068900080BD000080B594B008A83021F9F73AFE19
:1068A000002007900690059004900390FFE70020D9
:1068B000029043F64000C4F20200016841F08051AA
:1068C0000160006800F0805002900298FFE7FFE747
:1068D0000020019047F20000C4F20000016841F47A
:1068E00040410160006800F4404001900198FFE7DA
:1068F000012008904FF48030099002200E904FF450
:1069000080010F9106211091B4211191129008205D
:10691000139008A8FDF744FE18B1FFE7FBF714FE3B
:10692000FFE7FDF7E3FB18B1FFE7FBF70DFEFFE71D
:106930000F20039002200490002005904FF4A050F7
:1069400006904FF48050079003A80521FDF72EFC18
:1069500018B1FFE7FBF7F8FDFFE714B080BD0000BA
:106960004EF68851CEF20001086840F470000860CD
:106970007047000080B543F2A460C2F20000FEF749
:1069800049FA80BD80B543F25C60C2F20000FEF7B8
:1069900041FA80BD83B00290019102980068009096
:1069A00002980021C4F20101884225D0FFE7029835
:1069B000B0F1804F20D0FFE7029840F20041C4F2CE
:1069C0000001884218D0FFE7029840F60001C4F2A7
:1069D0000001884210D0FFE7029840F60041C4F25F
:1069E0000001884208D0FFE7029840F20041C4F25B
:1069F000010188420AD1FFE7009820F07000009062
:106A000001984168009808430090FFE70298002130
:106A1000C4F20101884255D0FFE70298B0F1804FDF
:106A200050D0FFE7029840F20041C4F200018842D2
:106A300048D0FFE7029840F60001C4F20001884206
:106A400040D0FFE7029840F60041C4F200018842BE
:106A500038D0FFE7029840F20041C4F201018842B9
:106A600030D0FFE7029844F20001C4F201018842ED
:106A700028D0FFE7029844F20041C4F201018842A5
:106A800020D0FFE7029844F60001C4F201018842D9
:106A900018D0FFE7029841F60001C4F200018842D5
:106AA00010D0FFE7029841F60041C4F2000188428D
:106AB00008D0FFE7029842F20001C4F200018842C8
:106AC0000AD1FFE7009820F4407000900198C16857
:106AD000009808430090FFE7009820F0800001999B
:106AE000496908430090019880680299C86201983A
:106AF00000680299886202980021C4F2010188426C
:106B000008D0FFE7029840F20041C4F20101884238
:106B100005D1FFE70198006902990863FFE7029930
:106B2000086840F00400086002990120486100985C
:106B30000299086003B0704785B0049003910498EF
:106B4000006A01900499086A20F001000862049824
:106B500040680090049880690290029820F07000CC
:106B60000290029820F003000290039801680298B6
:106B700008430290019820F0020001900398816878
:106B800001980843019004980021C4F20101884251
:106B900008D0FFE7049840F20041C4F201018842A6
:106BA0000ED1FFE7019820F0080001900398C1681A
:106BB000019808430190019820F004000190FFE73C
:106BC00004980021C4F20101884208D0FFE704982C
:106BD00040F20041C4F20101884213D1FFE700985E
:106BE00020F480700090009820F4007000900398CA
:106BF0004169009808430090039881690098084310
:106C00000090FFE700980499486002980499886111
:106C1000039840680499486301980499086205B094
:106C20007047000085B0049003910498006A0190B9
:106C30000499086A20F010000862049840680090E7
:106C4000049880690290029820F4E0400290029833
:106C500020F44070029003980168029840EA0120F5
:106C60000290019820F0200001900398816801981B
:106C700040EA0110019004980021C4F20101884209
:106C800008D0FFE7049840F20041C4F201018842B5
:106C90000FD1FFE7019820F0800001900398C168B0
:106CA000019840EA01100190019820F04000019005
:106CB000FFE704980021C4F20101884208D0FFE7F1
:106CC000049840F20041C4F20101884215D1FFE767
:106CD000009820F480600090009820F400600090FC
:106CE00003984169009840EA810000900398816907
:106CF000009840EA81000090FFE7009804994860FE
:106D000002980499886103984068049988630198FF
:106D10000499086205B0704785B004900391049807
:106D2000006A01900499086A20F48070086204984F
:106D3000406800900498C0690290029820F07000AA
:106D40000290029820F003000290039801680298D4
:106D500008430290019820F4007001900398816824
:106D6000019840EA0120019004980021C4F2010139
:106D7000884208D0FFE7049840F20041C4F20101C4
:106D800088420FD1FFE7019820F40060019003983A
:106D9000C168019840EA01200190019820F48060C8
:106DA0000190FFE704980021C4F20101884208D055
:106DB000FFE7049840F20041C4F20101884215D176
:106DC000FFE7009820F480500090009820F40050D5
:106DD000009003984169009840EA011000900398E0
:106DE0008169009840EA01100090FFE7009804993B
:106DF000486002980499C861039840680499C86380
:106E000001980499086205B07047000085B00490AD
:106E100003910498006A01900499086A20F4805054
:106E200008620498406800900498C0690290029833
:106E300020F4E0400290029820F440700290039801
:106E40000168029840EA01200290019820F4005065
:106E5000019003988168019840EA013001900498FC
:106E60000021C4F20101884208D0FFE7049840F2F3
:106E70000041C4F2010188420BD1FFE7009820F4E1
:106E80008040009003984169009840EA811000908A
:106E9000FFE700980499486002980499C861039834
:106EA00040680499086401980499086205B0704725
:106EB00080B543F27C70C2F20000FEF729FB80BD72
:106EC00080B582B001900198806B009000990020FD
:106ED000C8850098FEF7D6FA02B080BD80B584B0B0
:106EE0000390002002900398806B01900198006845
:106EF0004069C0B2C0090290019890F84100212871
:106F00000AD1FFE7029838B1FFE701990020C88451
:106F1000019800F05DF9FFE7019800684069C0F34F
:106F200080100290019890F8420022280AD1FFE7D1
:106F3000029838B1FFE701990020C885019800F058
:106F4000E9F8FFE70199486C40F0100048640198A7
:106F5000FEF798FA04B080BD80B586B0059005981C
:106F6000806B0490059800680068C00500285AD41A
:106F7000FFE704990020C885FFE7FFE70498006851
:106F800050E8030F20F480700390FFE70399049802
:106F9000026842E803100028F0D1FFE7FFE7FFE7AF
:106FA000FFE70498006850E8050F20F00100029008
:106FB000FFE702990498026842E805100028F0D122
:106FC000FFE7FFE7FFE7FFE70498006850E8050FD9
:106FD00020F040000190FFE701990498026842E820
:106FE00005100028F0D1FFE7FFE70499202081F881
:106FF00042000498006B012814D1FFE7FFE7FFE788
:107000000498006850E8030F20F010000090FFE79C
:1070100000990498026842E803100028F0D1FFE7C5
:10702000FFE7FFE7FFE70499002048630498006B3F
:10703000012805D1FFE70498818DFEF7C3F903E02D
:107040000498FEF7B9FFFFE706B080BD80B582B0B7
:1070500001900198806B009000990120486300988E
:10706000006B012806D1FFE70098818D4908FEF7E3
:10707000A9F903E00098FEF7A3FFFFE702B080BD87
:1070800080B584B003900398806B029003980068E9
:107090000068C00500282AD4FFE702990020C884B0
:1070A000FFE7FFE70298006850E8050F20F0800036
:1070B0000190FFE701990298026842E80510002854
:1070C000F0D1FFE7FFE7FFE7FFE70298006850E82D
:1070D000030F40F040000090FFE70099029802681B
:1070E00042E803100028F0D1FFE7FFE703E0029831
:1070F000FFF7BAF8FFE704B080BD000080B582B0AA
:1071000001900198806B00900098FFF7CBF802B0D7
:1071100080BD000084B00390FFE7FFE7039800689C
:1071200050E8030F20F490700290FFE70299039853
:10713000026842E803100028F0D1FFE7FFE7FFE70D
:10714000FFE70398006850E8050F20F00100019068
:10715000FFE701990398026842E805100028F0D182
:10716000FFE7FFE70398006B012814D1FFE7FFE773
:10717000FFE70398006850E8030F20F0100000902C
:10718000FFE700990398026842E803100028F0D155
:10719000FFE7FFE7FFE70399202081F8420003990A
:1071A0000020086304B0704780B582B00190019858
:1071B0000168C86820F04000C8600199202081F86B
:1071C00041000198FFF750F8002002B080BD000098
:1071D00082B00190FFE7FFE70198006850E8030FD5
:1071E00020F0C0000090FFE700990198026842E893
:1071F00003100028F0D1FFE7FFE70199202081F874
:10720000410002B07047000080B586B004900020B5
:1072100003900290049890F84200222840F0A08049
:10722000FFE704988068B0F5805F13D1FFE704980A
:10723000006978B9FFE70498806A029004980068B2
:1072400040686FF35F20029908800499886A0230D1
:10725000886223E00498806A039004988068B0F5FF
:10726000805F08D0FFE70498806850B9FFE7049872
:10727000006930B9FFE70498006840680399087016
:1072800007E004980068406800F07F0003990870E8
:10729000FFE70499886A01308862FFE70499C88D86
:1072A0000138C8850004002856D1FFE7049801681A
:1072B000C86820F02000C86004980168C86820F4FD
:1072C0008070C86004980168486920F00100486136
:1072D0000499202081F84200049900204863049812
:1072E000006B012830D1FFE7049900200863FFE715
:1072F000FFE70498006850E8030F20F010000190A9
:10730000FFE701990498026842E803100028F0D1D1
:10731000FFE7FFE7049800680068C00600280ED564
:10732000FFE7FFE7002000900498006800680090E5
:1073300004980068406800900098FFE7FFE7049811
:10734000818DFEF73FF803E00498FEF735FEFFE776
:1073500000208DF8170007E000208DF8170003E0EB
:1073600002208DF81700FFE79DF8170006B080BDDA
:1073700080B586B0059005980068006920F44050FB
:10738000059A1168D26810430861059988680B69ED
:107390004A69C96918431043084304900598006876
:1073A000C06849F20C61884304990843059909684B
:1073B000C86005980068406920F44070059A11681B
:1073C0009269104348610598006841F20001C4F2D7
:1073D0000101884209D0FFE70598006841F20041A9
:1073E000C4F20101884204D1FFE7FDF753F803908E
:1073F00003E0FDF73DF80390FFE70598C069B0F59D
:10740000004F29D1FFE703981921A0FB0101059A3C
:107410001368029353685A00DB0FF8F7B1FF029923
:10742000864648F21F53C5F2EB13AEFB0320420918
:1074300010014FF0640C02FB1CEC322202EBCC0278
:10744000A2FB0332F82303EA521300EB4300C2F31A
:1074500042121044886026E003981921A0FB010124
:10746000059A1368019353689A009B0FF8F788FFF9
:107470000199844648F21F52C5F2EB12ACFB023070
:107480004309642003FB10CC322000EB0C10A0FB5E
:107490000202F02000EA521000EB0310C2F3431284
:1074A00010448860FFE706B080BD000080B58AB058
:1074B00008900791ADF81A20079808998862BDF8DE
:1074C0001A0008998885089900204864089A2221A2
:1074D00082F842100899CA6B46F65971C0F600014D
:1074E000D1630899CA6B47F24D01C0F600011164DF
:1074F0000899CA6B46F6DD61C0F60001D1640899AF
:10750000C96B086507A8059008980168C06B04312D
:10751000059A1268BDF81A30FCF78EFA58B1FFE7E9
:107520000899102048640899202081F84200012021
:107530008DF827004EE0FFE70020049008980068CF
:107540000068049008980068406804900498FFE779
:1075500008980069A0B1FFE7FFE7FFE70898006817
:1075600050E8030F40F480700390FFE703990898F8
:10757000026842E803100028F0D1FFE7FFE7FFE7C9
:10758000FFE7FFE70898006850E8050F40F00100AA
:107590000290FFE702990898026842E80510002867
:1075A000F0D1FFE7FFE7FFE7FFE70898006850E842
:1075B000050F40F040000190FFE70199089802682C
:1075C00042E805100028F0D1FFE7FFE700208DF822
:1075D0002700FFE79DF827000AB080BD83B0029026
:1075E0000191ADF80220019802998862BDF802006D
:1075F00002998885BDF802000299C8850299002089
:1076000048640299222081F842000298006938B14A
:10761000FFE702980168C86840F48070C860FFE71F
:1076200002980168486940F00100486102980168C9
:10763000C86840F02000C860002003B07047000018
:1076400083B00190019890F8410021283AD1FFE7DA
:1076500001988068B0F5805F13D1FFE70198006959
:1076600078B9FFE70198006A0090009800886FF3EE
:107670005F200199096848600199086A0230086230
:1076800008E0019A106A411C1162007801990968AA
:107690004860FFE70199C88C0138C884000468B9C4
:1076A000FFE701980168C86820F08000C860019871
:1076B0000168C86840F04000C860FFE700208DF80E
:1076C0000B0003E002208DF80B00FFE79DF80B0094
:1076D00003B0704780B586B0DDF820C004900391F8
:1076E0008DF80B200193FFE7049800680068039968
:1076F0000840401AB0FA80F040099DF80B1088420B
:107700004DD1FFE708980130002847D0FFE7FCF78C
:10771000EDFB0199401A0899884203D8FFE70898C1
:1077200020B9FFE703208DF817003CE004980068BB
:10773000C0684007002830D5FFE7039880282CD088
:10774000FFE70398402828D0FFE704980068006806
:1077500000F008010120B0EBD10F1DD1FFE7FFE7DA
:107760000020009004980068006800900498006869
:10777000406800900098FFE70498FFF7CBFC04995D
:1077800008204864FFE70499002081F84000FFE7E3
:1077900001208DF8170006E0FFE7FFE7A4E70020CF
:1077A0008DF81700FFE79DF8170006B080BD0000B8
:1077B00080B543F2EC60C2F20000FDF7A9FE80BD87
:1077C00080B543F23470C2F20000FDF7A1FE80BD27
:1077D00080B584B0039000F0D5F80CF0C7F90290A2
:1077E000FFE700F0ADFB00F0BBF800F0F7F88DF814
:1077F00007009DF80700C00718B9FFE700F0B0F8D0
:10780000FFE702A801210BF051FAEAE7FFE7FEE7E4
:1078100080B509F03DFD09F04FFD09F065FD09F067
:1078200077FD09F089FD09F0A5FD80BD80B509F05F
:1078300025FD80BD80B58EB042F28C70C2F2000092
:107840000078BFF35F8FC007D0B9FFE742F28C70BA
:10785000C2F200000AF08DFF90B1FFE704F074F966
:1078600001688A680021904742F64801C2F200018F
:10787000086042F28C70C2F200000AF090FFFFE74D
:1078800042F29070C2F200000078BFF35F8FC00731
:10789000D0B9FFE742F29070C2F200000AF069FF2F
:1078A00090B1FFE704F050F901688A680121904720
:1078B00042F64C01C2F20001086042F29070C2F23E
:1078C00000000AF06CFFFFE742F64800C2F2000039
:1078D000006800900AA8019009F0AEF9009801999B
:1078E0000268D2699047019809F0BEF942F64C004F
:1078F000C2F200000068029005A8039009F0A8F900
:10790000029803990268D2699047039809F0ACF98C
:107910000EB080BD80B58AB004F0A0FD01688A6811
:1079200001219047099045F2F061C0F60101086815
:10793000496808910790099801688A6A07A99047E1
:107940000998009003A8019009F0B0F900980199F6
:107950000268D26A9047019809F0B4F90AB080BD74
:1079600080B542F69020C2F20000006840B1FFE707
:1079700042F69020C2F20000006805F08FF8FFE7A1
:1079800080BD000080B58AB004F068FD01688A6897
:10799000022190470990099942F69420C2F2000012
:1079A000009005F093F8009942F69020C2F2000092
:1079B000039001600068019005A8029009F0ACF9FD
:1079C0000198029905F04AF8029809F0B1F9039874
:1079D000006805F059F80AB080BD000080B588B095
:1079E00042F69020C2F20000006820B9FFE70020B4
:1079F0008DF81F0057E000200690FFE70698062844
:107A000041DCFFE7069942F2A870C2F20000019043
:107A100006F0A2F800F074FB01460198ADF81610CC
:107A200000210291ADF81410069906F0A1F800F0BB
:107A300067FBADF81200069800EB400040008DF89F
:107A400011009DF8111040F28410C2F20000039062
:107A50000844BDF9161000F0DBFB0299039A9DF86B
:107A600011001044023000F0D3FB03999DF811007F
:107A700008440430BDF9121000F0CAFBFFE7069875
:107A800001300690BAE742F69020C2F2000000688A
:107A900040F28412C2F2000202212A2304F0B8FF4D
:107AA0008DF81F00FFE79DF81F0008B080BD0000A3
:107AB00080B59AB042F2A470C2F20000007800F0E3
:107AC00001008DF8670040F2B010C2F2000016907D
:107AD00001F0EEF9014616988DF8661006F048F9A7
:107AE000014616988DF8651006F048F98DF8640087
:107AF0009DF8651000200129179008D1FFE79DF837
:107B000064000138B0FA80F040091790FFE7179839
:107B100000F001008DF863009DF865100020012938
:107B2000159012D1FFE79DF86410012002291490EE
:107B300008D0FFE79DF864000338B0FA80F04009F0
:107B40001490FFE714981590FFE7159800F00100D6
:107B50008DF862009DF866100020C907139021B1CE
:107B6000FFE79DF863001390FFE7139800F0010012
:107B70008DF861009DF867100020C907129021B9A7
:107B8000FFE79DF862001290FFE7129800F00100F5
:107B90008DF860009DF86100C00738B9FFE79DF8D7
:107BA0006000C007002800F00381FFE79DF8630034
:107BB000C007002800F0C480FFE742F65000C2F280
:107BC0000000017801310170007800F00300012805
:107BD0001FD1FFE740F22850C2F2000042F65302E4
:107BE000C2F20002109243F2CC33C2F20003012130
:107BF000119100F0E7FB10981199021D40F28040AE
:107C0000C2F2000043F2F433C2F2000300F0A0FB22
:107C100073E042F65000C2F20000007800F003006A
:107C200002281FD1FFE742F65300C2F200000F9076
:107C3000421C40F22850C2F2000043F2CC33C2F2A0
:107C40000003022100F0BEFB0F98421D40F2C0204D
:107C5000C2F2000043F2F433C2F20003012100F04B
:107C60003DFB49E042F65000C2F20000007800F00F
:107C7000030003281FD1FFE742F65300C2F20000C1
:107C80000E90821C40F22850C2F2000043F2CC3326
:107C9000C2F20003032100F095FB0E98821D40F212
:107CA000C020C2F2000043F2F433C2F2000302210A
:107CB00000F014FB1FE042F65300C2F200000C90EB
:107CC000C21C40F2D830C2F2000043F2CC33C2F200
:107CD000000301210D9100F03BFB0C980D99C21D92
:107CE00040F21820C2F2000043F2F433C2F2000363
:107CF00000F0BAFAFFE7FFE7FFE742F65201C2F2EF
:107D000000010020087040F22850C2F200000A90E2
:107D1000022103F09FFD0A988DED0B0A032103F069
:107D200099FDDDED0B0AF0EE401ADFED842AB0EE8E
:107D3000620AB0EE621AB0EE622A00F02FFAFAE0A0
:107D400042F65200C2F200000078C00738B9FFE7DF
:107D500042F2A870C2F2000005F0D6FEFFE742F63C
:107D60005201C2F200010120087042F2A870C2F272
:107D7000000005F073F940F22850C2F200000890AC
:107D8000022103F067FD08988DED090A032103F035
:107D900061FDDDED090AF0EE401ADFED682AB0EE74
:107DA000620AB0EE621AB0EE622A00F0F7F9C2E0A1
:107DB00042F65201C2F200010020087042F6510062
:107DC000C2F20000017801310170007800F0030078
:107DD00001281FD1FFE740F22850C2F2000042F60E
:107DE0005302C2F20002069243F2CC33C2F2000305
:107DF0000121079100F066FC06980799021D40F2E8
:107E00008040C2F2000043F2F433C2F2000300F0FB
:107E1000F9FB73E042F65100C2F20000007800F076
:107E2000030002281FD1FFE742F65300C2F2000010
:107E30000590421C40F22850C2F2000043F2CC33BD
:107E4000C2F20003022100F03DFC0598421D40F201
:107E5000C020C2F2000043F2F433C2F20003012159
:107E600000F070FB49E042F65100C2F200000078D9
:107E700000F0030003281FD1FFE742F65300C2F2CF
:107E800000000490821C40F22850C2F2000043F22D
:107E9000CC33C2F20003032100F014FC0498821DCD
:107EA00040F2C020C2F2000043F2F433C2F20003F9
:107EB000022100F047FB1FE042F65300C2F200002F
:107EC0000290C21C40F2D830C2F2000043F2CC3320
:107ED000C2F200030121039100F094FB0298039980
:107EE000C21D40F21820C2F2000043F2F433C2F285
:107EF000000300F0C7FAFFE7FFE7FFE740F2285072
:107F0000C2F200000090022103F0A4FC00988DED65
:107F1000010A032103F09EFCDDED010AF0EE401A98
:107F2000DFED062AB0EE620AB0EE621AB0EE622A07
:107F300000F034F9FFE71AB080BD00BF0000000078
:107F400080B594B042F68E20C2F200000078C007DF
:107F500008B9FFE7CCE072B642F66421C2F2000134
:107F60000DF126002A22F8F788FA42F68E21C2F295
:107F700000010020087062B642F2A870C2F2000050
:107F800005F0AAFF08B9FFE7B2E000200890FFE77C
:107F90000898062800F39A80FFE7089800EB400055
:107FA0004000079007990DF12600084406900698B6
:107FB00000F03CF9ADF816000698023000F036F9F2
:107FC000ADF814000698043000F030F9ADF8120056
:107FD000BDF9160000EE100AB8EEC00A9FED451A72
:107FE00020EE010A8DED030ABDF9140000EE100A1F
:107FF000B8EEC00A9FED401A20EE010A8DED020A8C
:10800000BDF9120000EE100AB8EEC00A9FED3B1A4F
:1080100020EE010A8DED010A0398089A43F2C4711B
:10802000C2F2000141F822000298089A43F2FC7162
:10803000C2F2000141F822000198089A43F2E0716F
:10804000C2F2000141F822000398089A43F6DC01CD
:10805000C2F2000141F822000298089A01EB820264
:10806000D0610198089A01EB82018863039842F677
:108070005C01C2F200010A88C2EBC20340F2B8629E
:10808000C2F2000202EB8302089B42F8230002982E
:108090000A88C2EBC20341F69842C2F2000202EB28
:1080A0008302089B42F8230001980988C1EBC102B2
:1080B00041F2A811C2F2000101EB8201089A41F8D5
:1080C0002200FFE708980130089061E742F65C0162
:1080D000C2F200010888013049F69A12C1F69912DD
:1080E000A0FB023202EB8202A0EB42000880FFE715
:1080F00014B080BD6801B43B40012039E001703A02
:1081000080B582B08DED010A01980DF0B7F941EC10
:10811000100B9FED0F1B53EC112B51EC100B0CF0BF
:108120006FFD41EC100B51EC100B9FED0B0B53EC62
:10813000102B0CF0B7FF41EC100B51EC100B0CF0B6
:10814000F7FEADF80200BDF9020002B080BD00BF2D
:10815000000000000080664000000000C0FFDF401B
:1081600081B08DED000A9DED000AB0EEC00A01B0AD
:108170007047000080B584B004F070F901688A6827
:1081800001219047039045F2F861C0F601010868AB
:1081900049680291019004B080BD000080B58AB0AA
:1081A0008DED090ACDED080A8DED071ACDED061A01
:1081B0008DED052ACDED042A04208DF80F000998D5
:1081C00043F6A461C2F2000108600898486007986D
:1081D00088600698C86005980861049848614FF067
:1081E000FF40886104F03AF901688A6801219047EC
:1081F000029045F20071C0F60101086849680191DA
:108200000090029801680A6A694690470AB080BDEA
:1082100082B00190ADF80210BDF80200019908701B
:108220009DF803000199487002B0704781B000903A
:1082300000990878497840EA012000B201B07047FF
:1082400010B50446012898BF012400BF2046F8F766
:10825000A1F9002818BF10BD08F0BEFE08B1804784
:10826000F4E7002010BD000080B584B003908DF8C5
:108270000B100192009303989DF80B1003F07CF80B
:10828000B8B9FFE7039800999DF80B20002301F08F
:1082900039F803989DF80B1001F0BEFA012807D1B8
:1082A000FFE703989DF80B10012203F0C9F8FFE7E0
:1082B00010E0039800999DF80B209FED072AB0EE7F
:1082C000420AF0EE420AB0EE421AF0EE421A01F013
:1082D000EBF9FFE704B080BD0000000080B584B07A
:1082E00003908DF80B100192009303989DF80B10EA
:1082F00003F07AF9B8B9FFE7039800999DF80B20CD
:10830000002301F0F1FC03989DF80B1001F07CFFB5
:10831000012807D1FFE703989DF80B10012203F015
:10832000C7F9FFE710E0039800999DF80B209FED37
:10833000072AB0EE420AF0EE420AB0EE421AF0EE20
:10834000421A01F0A9FEFFE704B080BD0000000062
:1083500080B584B003908DF80B10019200930398C0
:108360009DF80B1003F008F8B8B9FFE703980099DF
:108370009DF80B20002300F0C5FF03989DF80B101B
:1083800001F04AFA012807D1FFE703989DF80B1086
:10839000012203F055F8FFE710E0039800999DF8DB
:1083A0000B209FED072AB0EE420AF0EE420AB0EE33
:1083B000421AF0EE421A01F077F9FFE704B080BDEF
:1083C0000000000080B584B003908DF80B1001927E
:1083D000009303989DF80B1003F068FAB8B9FFE713
:1083E000039800999DF80B20002302F077F9039879
:1083F0009DF80B1002F002FC012807D1FFE703985B
:108400009DF80B10012203F0B5FAFFE710E0039886
:1084100000999DF80B209FED072AB0EE420AF0EE7E
:10842000420AB0EE421AF0EE421A02F02FFBFFE7CA
:1084300004B080BD00000000F0B581B00C460546D8
:10844000012898BF0125042998BF04240027684605
:1084500021462A460097F8F7F3F8009878B96E4657
:1084600008F0BAFD50B18047304621462A460097B1
:10847000F8F7E6F800980028F2D000E0002001B0FC
:10848000F0BD000080B586B005908DF81310039202
:10849000029305989DF8131002F06EFFA0B9FFE754
:1084A000039900200870059802999DF813209FED0C
:1084B000242AB0EE420AF0EE420AB0EE421AF0EE82
:1084C000421A01F0F1F839E0039800780146019171
:1084D00040B1FFE7019801280FD0FFE7019802287B
:1084E00016D027E0059802999DF81320002300F08C
:1084F00077FF03990120087020E0059802999DF804
:108500001320002301F062F803990220087015E09F
:1085100005989DF8131001F07FF938B9FFE7059829
:108520009DF81310002202F08BFFFFE70399002053
:10853000087003E0039900200870FFE706B080BDD3
:108540000000000080B586B005908DF813100392EE
:10855000029305989DF8131003F046F8A0B9FFE7C1
:10856000039900200870059802999DF813209FED4B
:10857000242AB0EE420AF0EE420AB0EE421AF0EEC1
:10858000421A01F089FD39E0039800780146019113
:1085900040B1FFE7019801280FD0FFE701980228BA
:1085A00016D027E0059802999DF81320002301F0CA
:1085B0000BFC03990120087020E0059802999DF8B2
:1085C0001320002301F0F8FC03990220087015E045
:1085D00005989DF8131001F017FE38B9FFE70598CC
:1085E0009DF81310002203F063F8FFE703990020C1
:1085F000087003E0039900200870FFE706B080BD13
:108600000000000080B586B005908DF8131003922D
:10861000029305989DF8131002F0AEFEA0B9FFE793
:10862000039900200870059802999DF813209FED8A
:10863000242AB0EE420AF0EE420AB0EE421AF0EE00
:10864000421A01F031F839E00398007801460191AF
:1086500040B1FFE7019801280FD0FFE701980228F9
:1086600016D027E0059802999DF81320002300F00A
:10867000B7FE03990120087020E0059802999DF843
:108680001320002300F0A2FF03990220087015E0D8
:1086900005989DF8131001F0BFF838B9FFE7059869
:1086A0009DF81310002202F0CBFEFFE70399002093
:1086B000087003E0039900200870FFE706B080BD52
:1086C0000000000080B586B005908DF8131003926D
:1086D000029305989DF8131003F0E8F8A0B9FFE79E
:1086E000039900200870059802999DF813209FEDCA
:1086F000242AB0EE420AF0EE420AB0EE421AF0EE40
:10870000421A02F0C3F939E003980078014601915A
:1087100040B1FFE7019801280FD0FFE70198022838
:1087200016D027E0059802999DF81320002302F047
:1087300045F803990120087020E0059802999DF8FA
:108740001320002302F032F903990220087015E08B
:1087500005989DF8131002F051FA38B9FFE7059813
:108760009DF81310002203F005F9FFE7039900209C
:10877000087003E0039900200870FFE706B080BD91
:108780000000000082B001908DED000A0199009870
:10879000486002B07047000080B584B003908DED52
:1087A000020ACDED010A039800909DED020A00F047
:1087B0005BF900989DED010AFFF7E4FF009890ED4A
:1087C000011A90ED040AB4EE410AF1EE10FA0BDB47
:1087D000FFE7009890ED001A90ED010AB4EE410A0F
:1087E000F1EE10FA16DAFFE7009890ED011A90ED1D
:1087F000040AB4EE410AF1EE10FA0FDCFFE700982C
:1088000090ED001A90ED010AB4EE410AF1EE10FA73
:1088100004DCFFE7009948684861FFE7009890EDA5
:10882000000AB5EE400AF1EE10FA5ADDFFE70098B3
:1088300090ED001A90ED040AB4EE410AF1EE10FA40
:1088400021DDFFE7009890ED000A90ED041A30EE6C
:10885000410A07F005FD009890ED021AB4EE410AB6
:10886000F1EE10FA0ADDFFE7009890ED021A90EDA4
:10887000050A30EE010A80ED050A03E00099086957
:108880004861FFE72CE0009890ED001A90ED040A93
:10889000B4EE410AF1EE10FA21DAFFE7009890ED0C
:1088A000000A90ED041A30EE410A07F0D9FC009856
:1088B00090ED031AB4EE410AF1EE10FA0ADDFFE77B
:1088C000009890ED031A90ED050A30EE410A80ED14
:1088D000050A03E0009908694861FFE7FFE7FFE741
:1088E000BDE0009890ED000AB5EE400AF1EE10FAF6
:1088F0005ADAFFE7009890ED001A90ED040AB4EE02
:10890000410AF1EE10FA21DAFFE7009890ED000A33
:1089100090ED041A30EE410A07F0A2FC009890EDA9
:10892000021AB4EE410AF1EE10FA0ADDFFE70098F0
:1089300090ED021A90ED050A30EE410A80ED050A2D
:1089400003E0009908694861FFE72CE0009890ED8A
:10895000001A90ED040AB4EE410AF1EE10FA21DD9E
:10896000FFE7009890ED000A90ED041A30EE410AFE
:1089700007F076FC009890ED031AB4EE410AF1EE90
:1089800010FA0ADDFFE7009890ED031A90ED050A52
:1089900030EE010A80ED050A03E00099086948619C
:1089A000FFE7FFE7FFE759E0009890ED001A90ED30
:1089B000040AB4EE410AF1EE10FA21DDFFE7009857
:1089C00090ED000A90ED041A30EE410A07F048FCE1
:1089D000009890ED021AB4EE410AF1EE10FA0ADDA9
:1089E000FFE7009890ED021A90ED050A30EE010ABB
:1089F00080ED050A03E0009908694861FFE72CE073
:108A0000009890ED001A90ED040AB4EE410AF1EEE0
:108A100010FA21DAFFE7009890ED000A90ED041AB1
:108A200030EE410A07F01CFC009890ED021AB4EEFB
:108A3000410AF1EE10FA0ADDFFE7009890ED021A04
:108A400090ED050A30EE410A80ED050A03E0009939
:108A500008694861FFE7FFE7FFE7FFE7FFE70099E5
:108A60004869086004B080BD82B001908DED000AB5
:108A700001990098086102B07047000083B002902D
:108A80008DED010ACDED000A0298002101604160E0
:108A9000019A8260009AC2600161416103B070472F
:108AA00080B582B0019001980090FBF71FFA009901
:108AB000886002B080BD000083B0029002990091EE
:108AC0008868C968401A01900198B0F1FF3F04DC42
:108AD000FFE700990020086003E000990198086012
:108AE000FFE7009908684968884209D3FFE70098C2
:108AF000006920B9FFE7009901200861FFE709E05C
:108B000000980069012804D1FFE70099002008615E
:108B1000FFE7FFE703B0704780B582B0019001988E
:108B20000090FBF7E3F90099C86002B080BD000037
:108B300082B001900091019800994160002181600C
:108B4000C1600121016102B07047000081B0009056
:108B500000986421416000218160C16001210161B0
:108B600001B0704780B542F29470C2F20000007804
:108B7000BFF35F8FC007A8B9FFE742F29470C2F25B
:108B8000000009F0F6FD68B1FFE742F66000C2F2AE
:108B9000000000F083F942F29470C2F2000009F084
:108BA000FEFDFFE742F66000C2F2000080BD00005B
:108BB00080B586B005908DF81310059803909DF848
:108BC0001300FF2811D1FFE70398012100F082F87C
:108BD0004FF4FA70029008F03FFC0398002100F077
:108BE00079F8029808F038FC72E09DF81300FE282E
:108BF00029D1FFE700208DF81200FFE79DF8120051
:108C000001281CDCFFE70398012100F063F84FF412
:108C1000FA7008F021FC0398002100F05BF89DF841
:108C20001200002804DCFFE7642008F015FCFFE7D1
:108C3000FFE79DF8120001308DF81200DEE7C82032
:108C400008F00AFC43E09DF81300FD2811D1FFE76E
:108C50000398012100F03EF84FF47A70019008F07B
:108C6000FBFB0398002100F035F8019808F0F4FBB5
:108C70002CE000208DF81100FFE79DF811009DF811
:108C8000131088421EDAFFE70398012100F022F852
:108C9000642008F0E1FB0398002100F01BF89DF828
:108CA00011009DF813100139884204DAFFE76420AF
:108CB00008F0D2FBFFE7FFE79DF8110001308DF8C7
:108CC0001100DAE7C82008F0C7FBFFE7FFE7FFE77E
:108CD00006B080BD82B001908DF803109DF80300AE
:108CE000C00740B1FFE743F25C60C2F200000168D8
:108CF000EE20486307E043F25C60C2F200000168C6
:108D000000204863FFE702B07047000083B0029084
:108D10008DF80710029800909DF80700012805DBE8
:108D2000FFE79DF80700092801DBFFE729E000982D
:108D3000007B0C2801DBFFE723E000208DF8060014
:108D4000FFE700999DF80600097B884211DAFFE7EA
:108D500000989DF80610405C9DF80710884201D1EC
:108D6000FFE70EE0FFE79DF8060001308DF80600F2
:108D7000E7E700999DF807000A7B531C0B738854A2
:108D8000FFE703B07047000083B0029002980090A4
:108D9000FF218DF80710007B0C2801DBFFE723E0A3
:108DA00000208DF80600FFE700999DF80600097B7A
:108DB000884211DAFFE700989DF80610405C9DF8A4
:108DC0000710884201D1FFE70EE0FFE79DF806009B
:108DD00001308DF80600E7E700999DF807000A7B4F
:108DE000531C0B738854FFE703B0704781B00090A9
:108DF0000099002008730861087501B070470000F1
:108E000080B584B0039003980090FBF76FF801469B
:108E100000980291007DC00708B1FFE73BE0009990
:108E200002980969401A80087C2801D8FFE732E0DF
:108E30000098007B01282EDBFFE7009800788DF872
:108E4000070001208DF80600FFE700999DF8060055
:108E5000097B88420EDAFFE700989DF8062081180A
:108E6000805C01F8010CFFE79DF8060001308DF8E9
:108E70000600EAE70098017B0139017301210175C1
:108E80009DF80710FFF794FEFBF730F80099086192
:108E900000200875FFE704B080BD000081B000909D
:108EA0000098002101730161017501B07047000055
:108EB00080B584B003900398019034300290FFF79E
:108EC000EFFD0298FFF7F8FD029804F0BDFE0128BF
:108ED00005D1FFE7FFF746FEFFF756FFFFE70198D2
:108EE000343004F0B1FEB0FA80F0400904B080BD27
:108EF00080B582B0019001983430FFF70DFE02B0CA
:108F000080BD000080B584B003908DED020A039807
:108F100001909DED020AFFF723F9019890ED121AD6
:108F2000B4EE410AF1EE10FA03DAFFE700200290F6
:108F3000FFE79DED020A04B080BD000080B586B059
:108F40000590049105980390049808B9FFE7F4E0B0
:108F50000398FFF7CDFF03980499002202920B2398
:108F6000009304F077FE0146039804F0E3FE009BB3
:108F700001460398018004991A4604F06BFE0146ED
:108F8000039804F0D7FE009B0146039841800499A2
:108F9000162204F05FFE0146039804F0CBFE009B0E
:108FA0000146039881800499212204F053FE014672
:108FB000039804F0BFFE01460398C180049A117C17
:108FC000527C04F0A7FE01460398018104992E22E9
:108FD0000223019304F03EFE019B01460398817237
:108FE00004992C2204F036FE01460398C172B0F9B0
:108FF0000410A1F5806100EE101AB8EEC00AFFF768
:1090000081FF0398BDEEC00A10EE101A8181B0F9FD
:109010000610A1F5806100EE101AB8EEC00AFFF745
:1090200071FF0398BDEEC00A10EE101AC181B0F9AD
:109030000010A1F5806100EE101AB8EEC00AFFF72B
:1090400061FF0398BDEEC00A10EE101A0182B0F95C
:109050000210A1F5806100EE101AB8EEC00AFFF709
:1090600051FF0398BDEEC00A10EE101A4182B0F90C
:109070000810A1F5806100EE101AB8EEC00AFFF7E3
:1090800041FF02990398BDEEC00A10EE102A8282B9
:10909000B0F90C0000F072F80299039880ED080A0C
:1090A000B0F90E0000F06AF80299039880ED090A01
:1090B000B0F9100000F062F80299039880ED0A0AF6
:1090C000B0F9120000F05AF80299039880ED0B0AEB
:1090D000B0F9140000F052F8039880ED0C0A049ADD
:1090E0009179D27904F016FE01460398C182049A60
:1090F000117A527A04F00EFE014603980183049A15
:10910000917AD27A04F006FE0146039841830499CD
:10911000097B04F0EBFD0146039801770499497B34
:1091200004F0E4FD014603984177049A917BD27BD9
:1091300004F0F0FD0399C883FFE706B080BD00008E
:1091400080B584B0039002910398009000210191B2
:10915000018041808180C18001818172C172C182A0
:109160000183418301774177C18334300299FFF74E
:10917000DFFC00980199816404B080BD84B0ADF833
:109180000A00ADF80810BDF80A00BDF80810401A32
:10919000ADF80600BDF9060000EE100AB8EEC00AF0
:1091A0009FED141A80EE010A8DED000A9DED000A74
:1091B000B7EE001AB4EE410AF1EE10FA04DDFFE753
:1091C0004FF07E50039011E09DED000ABFEE001AB3
:1091D000B4EE410AF1EE10FA05DAFFE70020CBF613
:1091E0008070039002E000980390FFE79DED030A72
:1091F00004B07047000025448BB00A908DED090A39
:10920000CDED080A8DED071ACDED061A8DED052A74
:10921000CDED042A8DED033ACDED023A8DED014AF4
:10922000CDED004A0A9809990160089941600799B3
:1092300081600699C16005990161049941610399B2
:1092400081610299C16101990162009941620BB08B
:109250007047000087B006908DED050ACDED040A39
:109260008DED031A02919DED030A9DED041A30EE77
:10927000410A8DED010A049800909DED050A9DEDCF
:10928000001A30EE410A029901208840013801EEAF
:10929000100AB8EEC11A20EE010A9DED011A80EE07
:1092A000010ABDEEC00A10EE100A07B070470000B8
:1092B00087B0069005918DED040ACDED030A029268
:1092C0009DED030A9DED041A30EE410A8DED010A71
:1092D000049800909DED050AB8EEC00A9DED011AB4
:1092E00020EE010A029901208840013801EE100A9F
:1092F000B8EEC11A80EE010A9DED001A30EE010AA7
:1093000007B0704780B58CB00B900A918DF827207C
:109310008DF826300B9800906FF0407008904FF059
:10932000FF3007909DF8260040B9FFE700989DF8B0
:10933000271000EB8100806E03901FE09DF826004F
:1093400001280AD1FFE700989DF8271000EB810063
:10935000806E00F5807003900FE09DF826000228D3
:109360000AD1FFE700989DF8271000EB8100806E7E
:1093700000F500700390FFE7FFE7FFE708208DF896
:109380001000079808990291019000208DF81800AC
:109390008DF819000A9843F2CC31C2F200018842DC
:1093A00009D1FFE702F0D0FB02F0F2FC01680A6984
:1093B00001A9904711E00A9843F2F431C2F200018A
:1093C000884209D1FFE702F0BFFB02F0EBFC016825
:1093D0000A6901A99047FFE7FFE70CB080BD0000D4
:1093E00080B58CB00B900A918DF827208DF826302F
:1093F0000B9800906FF0007008904FF0FF300790CE
:109400009DF8260040B9FFE700989DF8271000EB73
:109410008100806E03901FE09DF8260001280AD18C
:10942000FFE700989DF8271000EB8100806E00F5A3
:10943000807003900FE09DF8260002280AD1FFE714
:1094400000989DF8271000EB8100806E00F50070F9
:109450000390FFE7FFE7FFE708208DF8100007986B
:1094600008990291019000208DF818008DF81900DC
:109470000A9843F2CC31C2F20001884209D1FFE7D9
:1094800002F062FB02F084FC01680A6901A99047BE
:1094900011E00A9843F2F431C2F20001884209D186
:1094A000FFE702F051FB02F07DFC01680A6901A9A7
:1094B0009047FFE7FFE70CB080BD000080B586B0A5
:1094C000059004910598019000208DF80F00FFE7AA
:1094D0009DF80F00002877DCFFE7019A0498806868
:1094E000B2F966109DF80F301A4492F868201144C2
:1094F000884262D1FFE701980499029102990978A4
:1095000001F00F0C00F1700200929DF80F100B019A
:10951000D15C01F0F0016144D154029991F800C08E
:109520009DF80F100B01D15C0CF0F00C01F00F0155
:109530006144D15402994B78897841EA03219DF81E
:109540000F3002EB03135980029BD9781B79090174
:1095500041EA131C9DF80F1002EB0113998801F4E6
:1095600070416144998002990B79497903F00F03A6
:1095700041EA032C9DF80F1002EB0113D98801F486
:1095800070416144D980029989799DF80F3002EBCE
:10959000031319720299C9799DF80F3002EB031277
:1095A00051729DF80F1000F047F901989DF80F10C7
:1095B0000131C9B201F082FFFFE7FFE79DF80F001C
:1095C00001308DF80F0083E706B080BD80B58CB008
:1095D0000B900A918DF827208DF826300B9800907B
:1095E0006FF0806008904FF0FF3007909DF82600E4
:1095F00040B9FFE700989DF8271000EB8100806ECE
:1096000003901FE09DF8260001280AD1FFE700988B
:109610009DF8271000EB8100806E00F580700390AC
:109620000FE09DF8260002280AD1FFE700989DF878
:10963000271000EB8100806E00F500700390FFE7BB
:10964000FFE7FFE708208DF81000079808990291BE
:10965000019000208DF818008DF819000A9843F247
:10966000CC31C2F20001884209D1FFE702F06CFA66
:1096700002F08EFB01680A6901A9904711E00A987F
:1096800043F2F431C2F20001884209D1FFE702F04F
:109690005BFA02F087FB01680A6901A99047FFE7BE
:1096A000FFE70CB080BD000080B596B01590149116
:1096B0008DF84F208DED120ACDED110A8DED101AA7
:1096C000CDED0F1A8DED0E2A159802909DED120A20
:1096D000D0ED200A90ED211A1021FFF7BBFD0146C5
:1096E0000298ADF836109DED110AD0ED220A90EDEA
:1096F000231A0C210191FFF7ADFD01990246029852
:10970000ADF834209DED100AD0ED260A90ED271A11
:10971000FFF7A0FD019902460298ADF832209DEDB9
:109720000F0AD0ED280A90ED291AFFF793FD019951
:1097300002460298ADF830209DED0E0AD0ED240AC5
:1097400090ED251AFFF786FD01460298ADF82E1020
:109750009DF837108DF826109DF836108DF82710DB
:10976000BDF8341009098DF82810BDF834209DF893
:10977000331041EA02118DF829109DF832108DF84E
:109780002A10BDF8301009098DF82B10BDF83020D3
:109790009DF82F1041EA02118DF82C109DF82E1023
:1097A0008DF82D109DF84F1000EB8100806E059014
:1097B00008208DF81800DDF82600DDF82A10049145
:1097C000039000208DF820008DF82100149843F2BA
:1097D000CC31C2F20001884209D1FFE702F0B4F9AE
:1097E00002F0D6FA01680A6903A9904711E01498BB
:1097F00043F2F431C2F20001884209D1FFE702F0DE
:10980000A3F902F0CFFA01680A6903A99047FFE7BC
:10981000FFE716B080BD000082B001908DF8031004
:1098200001989DF8031000EB011090F8600000090A
:1098300002B070470000000080B598B017901691F4
:1098400017980C9000F18001159100F170010D91B5
:10985000169A01EB02114988159A92ED000AD2ED91
:10986000010A1022FFF724FD10EE100A0BF006FE8D
:1098700002460C9809920A46099942EC101B0830DE
:109880000E90169901EBC10100EBC10181ED020BB5
:10989000169901EBC10100EBC1000A9090ED020B9B
:1098A00051EC100B9FED9A0B53EC102B0BF0FAFBC5
:1098B0000A9A03460C988C460D994CEC103B82EDAD
:1098C000000B169A01EB021189886FF31F31159A6C
:1098D00092ED020AD2ED030A0C220B92FFF7E8FC8C
:1098E00010EE100A0BF0CAFD0B9A0E9B84460C98E2
:1098F0008E460D994EEC10CBDDF858C00CEBCC0C1D
:1099000003EBCC0383ED040B169B01EB0311C98819
:109910006FF31F31159B93ED040AD3ED050AFFF792
:10992000C7FC10EE100A0BF0A9FD02460D980B467D
:109930000E9943EC102B169A02EBC20201EBC20106
:1099400081ED0A0B16990F9100EB0110007A0BF0D4
:109950001EFB02460E980B460F9943EC102B01EBB1
:10996000C10100EBC10181ED0C0B169901EBC101A6
:1099700000EBC10191ED0E0B8DED120B169901EB71
:10998000C10100EBC10090ED000B8DED100B1098A4
:109990001199129A139B0BF083FC41EC100B51ECC4
:1099A000100B9FED5D0B53EC102B0BF0A7FD98BB3C
:1099B000FFE79DED120B9FED5E1B51EC110B53EC7D
:1099C000102B0BF06DFC41EC110B9DED100B51ECCD
:1099D000110B53EC102B0BF05FF802460C9806921B
:1099E0000A46069942EC101B169901EBC10100EBE7
:1099F000C100079090ED121B51EC110B53EC102B92
:109A00000BF04AF80246079808920A46089942EC79
:109A1000101B80ED120B6EE010981199129A139B97
:109A20000BF03EFC41EC100B51EC100B9FED3C0B8E
:109A300053EC102B0BF069FD98BBFFE79DED100B6D
:109A400051EC100B9FED380B53EC102B0BF024F85E
:109A500041EC110B9DED120B51EC110B53EC102B43
:109A60000BF01EFC02460C9803920A46039942EC46
:109A7000101B169901EBC10100EBC100049090EDA1
:109A8000121B51EC110B53EC102B0BF005F8024696
:109A9000049805920A46059942EC101B80ED120BC2
:109AA00028E09DED101B9DED120B51EC110B53ECBA
:109AB000102B0BF0F5FB02460C9800920A46009919
:109AC00042EC101B169901EBC10100EBC1000190A3
:109AD00090ED121B51EC110B53EC102B0AF0DCFF34
:109AE0000246019802920A46029942EC101B80ED50
:109AF000120BFFE7FFE70C989DED100B169901EB99
:109B0000C10100EBC10080ED100B18B080BD00BF9B
:109B1000AE19661ADCA54C4000000000008066C04B
:109B2000000000000080664000000000008076C059
:109B300000000000008076402DE9F04F93B00191C5
:109B4000DDF894B0DDF890A0DDF88C90DDF8888029
:109B5000219F209E1F9D1E9CDDF874E0DDF870C0E3
:109B60000199CDF844B0CDF840A0CDF83C90CDF8A7
:109B700038800D970C960B950A94CDF824E0CDF81B
:109B800020C00790ADF81A10059204930798029030
:109B90001290642101F0C6FC029945F22870C0F6CB
:109BA000010008300860BDF81A00A1F866000898A6
:109BB000099A0A9BDDF82CC0DDF830E00D9CC1F855
:109BC0009440C1F890E0C1F88CC0C1F88830C1F869
:109BD0008420C1F880000E980F9A109BDDF844C0D5
:109BE000C1F8A4C0C1F8A030C1F89C20C1F8980009
:109BF00000208DF80F00FFE79DF80F00002817DC0C
:109C0000FFE7029905989DF80F20805C0A4482F8CE
:109C1000680004989DF80F2050F8220001EB8201A3
:109C2000C866FFE79DF80F0001308DF80F00E3E7ED
:109C3000129813B0BDE8F08F87B006908DED050A3D
:109C4000CDED040A8DED031A02919DED030A9DED01
:109C5000041A30EE410A8DED010A049800909DED42
:109C6000050A9DED001A30EE410A02990120884054
:109C7000013801EE100AB8EEC11A20EE010A9DED7E
:109C8000011A80EE010ABDEEC00A10EE100A07B0FC
:109C90007047000087B0069005918DED040ACDED68
:109CA000030A02929DED030A9DED041A30EE410A6B
:109CB0008DED010A049800909DED050AB8EEC00AEA
:109CC0009DED011A20EE010A029901208840013819
:109CD00001EE100AB8EEC11A80EE010A9DED001ADD
:109CE00030EE010A07B0704780B58CB00B900A9136
:109CF0008DF827208DF826300B9800906FF040707B
:109D000008904FF0FF3007909DF8260048B9FFE714
:109D100000989DF8271000EB8100D0F8C400039054
:109D200021E09DF8260001280BD1FFE700989DF85F
:109D3000271000EB8100D0F8C40000F5807003907C
:109D400010E09DF8260002280BD1FFE700989DF84F
:109D5000271000EB8100D0F8C40000F500700390DC
:109D6000FFE7FFE7FFE708208DF810000798089944
:109D70000291019000208DF818008DF819000A98C2
:109D800043F2CC31C2F20001884209D1FFE701F071
:109D9000DBFE01F0FDFF01680A6901A9904711E0AF
:109DA0000A9843F2F431C2F20001884209D1FFE778
:109DB00001F0CAFE01F0F6FF01680A6901A99047A7
:109DC000FFE7FFE70CB080BD80B58CB00B900A9127
:109DD0008DF827208DF826300B9800906FF00070DA
:109DE00008904FF0FF3007909DF8260048B9FFE734
:109DF00000989DF8271000EB8100D0F8C400039074
:109E000021E09DF8260001280BD1FFE700989DF87E
:109E1000271000EB8100D0F8C40000F5807003909B
:109E200010E09DF8260002280BD1FFE700989DF86E
:109E3000271000EB8100D0F8C40000F500700390FB
:109E4000FFE7FFE7FFE708208DF810000798089963
:109E50000291019000208DF818008DF819000A98E1
:109E600043F2CC31C2F20001884209D1FFE701F090
:109E70006BFE01F08DFF01680A6901A9904711E0AE
:109E80000A9843F2F431C2F20001884209D1FFE797
:109E900001F05AFE01F086FF01680A6901A99047A6
:109EA000FFE7FFE70CB080BD80B586B00590049158
:109EB0000598019000208DF80F00FFE79DF80F0036
:109EC000012877DCFFE7019A04988068B2F9C21094
:109ED0009DF80F301A4492F8C4201144884262D190
:109EE000FFE70198049902910299097801F00F0C9B
:109EF00000F1D00200929DF80F100B01D15C01F02F
:109F0000F0016144D154029991F800C09DF80F10FE
:109F10000B01D15C0CF0F00C01F00F016144D15445
:109F200002994B78897841EA03219DF80F3002EBC2
:109F300003135980029BD9781B79090141EA131C4C
:109F40009DF80F1002EB0113998801F470416144F0
:109F5000998002990B79497903F00F0341EA032CA8
:109F60009DF80F1002EB0113D98801F47041614490
:109F7000D980029989799DF80F3002EB0313197289
:109F80000299C9799DF80F3002EB031251729DF8C6
:109F90000F1000F049F901989DF80F100131C9B276
:109FA00001F0C4FBFFE7FFE79DF80F0001308DF8DB
:109FB0000F0083E706B080BD80B58CB00B900A918E
:109FC0008DF827208DF826300B9800906FF0806078
:109FD00008904FF0FF3007909DF8260048B9FFE742
:109FE00000989DF8271000EB8100D0F8C400039082
:109FF00021E09DF8260001280BD1FFE700989DF88D
:10A00000271000EB8100D0F8C40000F580700390A9
:10A0100010E09DF8260002280BD1FFE700989DF87C
:10A02000271000EB8100D0F8C40000F50070039009
:10A03000FFE7FFE7FFE708208DF810000798089971
:10A040000291019000208DF818008DF819000A98EF
:10A0500043F2CC31C2F20001884209D1FFE701F09E
:10A0600073FD01F095FE01680A6901A9904711E0AE
:10A070000A9843F2F431C2F20001884209D1FFE7A5
:10A0800001F062FD01F08EFE01680A6901A99047A6
:10A09000FFE7FFE70CB080BD80B596B01590149136
:10A0A0008DF84F208DED120ACDED110A8DED101AAD
:10A0B000CDED0F1A8DED0E2A159802909DED120A26
:10A0C000D0ED3C0A90ED3D1A1021FFF7B5FD014699
:10A0D0000298ADF836109DED110AD0ED3E0A90EDD4
:10A0E0003F1A0C210191FFF7A7FD01990246029842
:10A0F000ADF834209DED100AD0ED420A90ED431AE0
:10A10000FFF79AFD019902460298ADF832209DEDC5
:10A110000F0AD0ED440A90ED451AFFF78DFD019925
:10A1200002460298ADF830209DED0E0AD0ED400AAF
:10A1300090ED411AFFF780FD01460298ADF82E1010
:10A140009DF837108DF826109DF836108DF82710E1
:10A15000BDF8341009098DF82810BDF834209DF899
:10A16000331041EA02118DF829109DF832108DF854
:10A170002A10BDF8301009098DF82B10BDF83020D9
:10A180009DF82F1041EA02118DF82C109DF82E1029
:10A190008DF82D109DF84F1000EB8100D0F8C40011
:10A1A000059008208DF81800DDF82600DDF82A104B
:10A1B0000491039000208DF820008DF82100149860
:10A1C00043F2CC31C2F20001884209D1FFE701F02D
:10A1D000BBFC01F0DDFD01680A6903A9904711E0AD
:10A1E000149843F2F431C2F20001884209D1FFE72A
:10A1F00001F0AAFC01F0D6FD01680A6903A99047A5
:10A20000FFE7FFE716B080BD82B001908DF8031024
:10A2100001989DF8031000EB011090F8C0000009B0
:10A2200002B070470000000080B598B017901691FA
:10A2300017980C9000F1F001159100F1D0010D91EB
:10A24000169A01EB02114988159A92ED000AD2ED97
:10A25000010A1022FFF71EFD10EE100A0BF00EF996
:10A2600002460C9809920A46099942EC101B0830E4
:10A270000E90169901EBC10100EBC10181ED020BBB
:10A28000169901EBC10100EBC1000A9090ED020BA1
:10A2900051EC100B9FED9A0B53EC102B0AF002FFC0
:10A2A0000A9A03460C988C460D994CEC103B82EDB3
:10A2B000000B169A01EB021189886FF31F31159A72
:10A2C00092ED020AD2ED030A0C220B92FFF7E2FC98
:10A2D00010EE100A0BF0D2F80B9A0E9B84460C98E5
:10A2E0008E460D994EEC10CBDDF858C00CEBCC0C23
:10A2F00003EBCC0383ED040B169B01EB0311C98820
:10A300006FF31F31159B93ED040AD3ED050AFFF798
:10A31000C1FC10EE100A0BF0B1F802460D980B4686
:10A320000E9943EC102B169A02EBC20201EBC2010C
:10A3300081ED0A0B16990F9100EB0110007A0AF0DB
:10A3400026FE02460E980B460F9943EC102B01EBAC
:10A35000C10100EBC10181ED0C0B169901EBC101AC
:10A3600000EBC10191ED0E0B8DED120B169901EB77
:10A37000C10100EBC10090ED000B8DED100B1098AA
:10A380001199129A139B0AF08BFF41EC100B51ECC0
:10A39000100B9FED5D0B53EC102B0BF0AFF898BB3F
:10A3A000FFE79DED120B9FED5E1B51EC110B53EC83
:10A3B000102B0AF075FF41EC110B9DED100B51ECC9
:10A3C000110B53EC102B0AF067FB02460C98069217
:10A3D0000A46069942EC101B169901EBC10100EBED
:10A3E000C100079090ED121B51EC110B53EC102B98
:10A3F0000AF052FB0246079808920A46089942EC76
:10A40000101B80ED120B6EE010981199129A139B9D
:10A410000AF046FF41EC100B51EC100B9FED3C0B8A
:10A4200053EC102B0BF071F898BBFFE79DED100B70
:10A4300051EC100B9FED380B53EC102B0AF02CFB5A
:10A4400041EC110B9DED120B51EC110B53EC102B49
:10A450000AF026FF02460C9803920A46039942EC42
:10A46000101B169901EBC10100EBC100049090EDA7
:10A47000121B51EC110B53EC102B0AF00DFB024692
:10A48000049805920A46059942EC101B80ED120BC8
:10A4900028E09DED101B9DED120B51EC110B53ECC0
:10A4A000102B0AF0FDFE02460C9800920A46009915
:10A4B00042EC101B169901EBC10100EBC1000190A9
:10A4C00090ED121B51EC110B53EC102B0AF0E4FA37
:10A4D0000246019802920A46029942EC101B80ED56
:10A4E000120BFFE7FFE70C989DED100B169901EB9F
:10A4F000C10100EBC10080ED100B18B080BD00BFA2
:10A50000AE19661ADCA54C4000000000008066C051
:10A51000000000000080664000000000008076C05F
:10A5200000000000008076402DE9F04F93B00191CB
:10A53000DDF894B0DDF890A0DDF88C90DDF888802F
:10A54000219F209E1F9D1E9CDDF874E0DDF870C0E9
:10A550000199CDF844B0CDF840A0CDF83C90CDF8AD
:10A5600038800D970C960B950A94CDF824E0CDF821
:10A5700020C00790ADF81A10059204930798029036
:10A580001290642101F006F9029945F23470C0F688
:10A59000010008300860BDF81A00A1F8C200089850
:10A5A000099A0A9BDDF82CC0DDF830E00D9CC1F85B
:10A5B0000441C1F800E1C1F8FCC0C1F8F830C1F8AD
:10A5C000F420C1F8F0000E980F9A109BDDF844C0FB
:10A5D000C1F814C1C1F81031C1F80C21C1F808014B
:10A5E00000208DF80F00FFE79DF80F00012818DC10
:10A5F000FFE7029905989DF80F20805C0A4482F8D5
:10A60000C40004989DF80F2050F8220001EB82014D
:10A61000C1F8C800FFE79DF80F0001308DF80F006A
:10A62000E2E7129813B0BDE8F08F000087B0069003
:10A630008DED050ACDED040A8DED031A02919DED15
:10A64000030A9DED041A30EE410A8DED010A0498CB
:10A6500000909DED050A9DED001A30EE410A029929
:10A6600001208840013801EE100AB8EEC11A20EE30
:10A67000010A9DED011A80EE010ABDEEC00A10EE3E
:10A68000100A07B07047000087B0069005918DED65
:10A69000040ACDED030A02929DED030A9DED041A12
:10A6A00030EE410A8DED010A049800909DED050AF7
:10A6B000B8EEC00A9DED011A20EE010A02990120B0
:10A6C0008840013801EE100AB8EEC11A80EE010A86
:10A6D0009DED001A30EE010A07B0704780B58CB0CE
:10A6E0000B900A918DF827208DF826300B9800905A
:10A6F0006FF0407008904FF0FF3007909DF82600F3
:10A7000048B9FFE700989DF8271000EB8100D0F8CA
:10A710002401039021E09DF8260001280BD1FFE7DA
:10A7200000989DF8271000EB8100D0F8240100F577
:10A730008070039010E09DF8260002280BD1FFE7FF
:10A7400000989DF8271000EB8100D0F8240100F557
:10A7500000700390FFE7FFE7FFE708208DF8100087
:10A76000079808990291019000208DF818008DF843
:10A7700019000A9843F2CC31C2F20001884209D193
:10A78000FFE701F0E1F901F003FB01680A6901A9A3
:10A79000904711E00A9843F2F431C2F20001884276
:10A7A00009D1FFE701F0D0F901F0FCFA01680A696C
:10A7B00001A99047FFE7FFE70CB080BD80B58CB0E2
:10A7C0000B900A918DF827208DF826300B98009079
:10A7D0006FF0007008904FF0FF3007909DF8260052
:10A7E00048B9FFE700989DF8271000EB8100D0F8EA
:10A7F0002401039021E09DF8260001280BD1FFE7FA
:10A8000000989DF8271000EB8100D0F8240100F596
:10A810008070039010E09DF8260002280BD1FFE71E
:10A8200000989DF8271000EB8100D0F8240100F576
:10A8300000700390FFE7FFE7FFE708208DF81000A6
:10A84000079808990291019000208DF818008DF862
:10A8500019000A9843F2CC31C2F20001884209D1B2
:10A86000FFE701F071F901F093FA01680A6901A9A3
:10A87000904711E00A9843F2F431C2F20001884295
:10A8800009D1FFE701F060F901F08CFA01680A696B
:10A8900001A99047FFE7FFE70CB080BD80B586B007
:10A8A000059004910598019000208DF80F00FFE7B6
:10A8B0009DF80F00022877DCFFE7019A0498806872
:10A8C000B2F920119DF80F301A4492F82221114458
:10A8D000884262D1FFE701980499029102990978B0
:10A8E00001F00F0C00F59C7200929DF80F100B0107
:10A8F000D15C01F0F0016144D154029991F800C09B
:10A900009DF80F100B01D15C0CF0F00C01F00F0161
:10A910006144D15402994B78897841EA03219DF82A
:10A920000F3002EB03135980029BD9781B79090180
:10A9300041EA131C9DF80F1002EB0113998801F4F2
:10A9400070416144998002990B79497903F00F03B2
:10A9500041EA032C9DF80F1002EB0113D98801F492
:10A9600070416144D980029989799DF80F3002EBDA
:10A97000031319720299C9799DF80F3002EB031283
:10A9800051729DF80F1000F047F901989DF80F10D3
:10A990000131C9B201F02CF8FFE7FFE79DF80F0085
:10A9A00001308DF80F0083E706B080BD80B58CB014
:10A9B0000B900A918DF827208DF826300B98009087
:10A9C0006FF0806008904FF0FF3007909DF82600F0
:10A9D00048B9FFE700989DF8271000EB8100D0F8F8
:10A9E0002401039021E09DF8260001280BD1FFE708
:10A9F00000989DF8271000EB8100D0F8240100F5A5
:10AA00008070039010E09DF8260002280BD1FFE72C
:10AA100000989DF8271000EB8100D0F8240100F584
:10AA200000700390FFE7FFE7FFE708208DF81000B4
:10AA3000079808990291019000208DF818008DF870
:10AA400019000A9843F2CC31C2F20001884209D1C0
:10AA5000FFE701F079F801F09BF901680A6901A9A3
:10AA6000904711E00A9843F2F431C2F200018842A3
:10AA700009D1FFE701F068F801F094F901680A696B
:10AA800001A99047FFE7FFE70CB080BD80B596B005
:10AA9000159014918DF84F208DED120ACDED110A0D
:10AAA0008DED101ACDED0F1A8DED0E2A159802902E
:10AAB0009DED120AD0ED5A0A90ED5B1A1021FFF7B6
:10AAC000B5FD01460298ADF836109DED110AD0EDA6
:10AAD0005C0A90ED5D1A0C210191FFF7A7FD019929
:10AAE00002460298ADF834209DED100AD0ED600AC0
:10AAF00090ED611AFFF79AFD019902460298ADF8B0
:10AB000032209DED0F0AD0ED620A90ED631AFFF737
:10AB10008DFD019902460298ADF830209DED0E0A98
:10AB2000D0ED5E0A90ED5F1AFFF780FD01460298B6
:10AB3000ADF82E109DF837108DF826109DF83610C0
:10AB40008DF82710BDF8341009098DF82810BDF8CC
:10AB500034209DF8331041EA02118DF829109DF838
:10AB600032108DF82A10BDF8301009098DF82B101D
:10AB7000BDF830209DF82F1041EA02118DF82C10FD
:10AB80009DF82E108DF82D109DF84F1000EB8100D0
:10AB9000D0F82401059008208DF81800DDF8260073
:10ABA000DDF82A100491039000208DF820008DF824
:10ABB0002100149843F2CC31C2F20001884209D13D
:10ABC000FFE700F0C1FF01F0E3F801680A6903A99B
:10ABD000904711E0149843F2F431C2F20001884228
:10ABE00009D1FFE700F0B0FF01F0DCF801680A6965
:10ABF00003A99047FFE7FFE716B080BD82B0019040
:10AC00008DF8031001989DF8031000EB011090F8E7
:10AC10002801000902B0704780B598B017901691CE
:10AC200017980C9000F5B471159100F59C710D9179
:10AC3000169A01EB02114988159A92ED000AD2ED9D
:10AC4000010A1022FFF720FD10EE100A0AF016FC90
:10AC500002460C9809920A46099942EC101B0830EA
:10AC60000E90169901EBC10100EBC10181ED020BC1
:10AC7000169901EBC10100EBC1000A9090ED020BA7
:10AC800051EC100B9FED9A0B53EC102B0AF00AFAC3
:10AC90000A9A03460C988C460D994CEC103B82EDB9
:10ACA000000B169A01EB021189886FF31F31159A78
:10ACB00092ED020AD2ED030A0C220B92FFF7E4FC9C
:10ACC00010EE100A0AF0DAFB0B9A0E9B84460C98E1
:10ACD0008E460D994EEC10CBDDF858C00CEBCC0C29
:10ACE00003EBCC0383ED040B169B01EB0311C98826
:10ACF0006FF31F31159B93ED040AD3ED050AFFF79F
:10AD0000C3FC10EE100A0AF0B9FB02460D980B4680
:10AD10000E9943EC102B169A02EBC20201EBC20112
:10AD200081ED0A0B16990F9100EB0110007A0AF0E1
:10AD30002EF902460E980B460F9943EC102B01EBAF
:10AD4000C10100EBC10181ED0C0B169901EBC101B2
:10AD500000EBC10191ED0E0B8DED120B169901EB7D
:10AD6000C10100EBC10090ED000B8DED100B1098B0
:10AD70001199129A139B0AF093FA41EC100B51ECC3
:10AD8000100B9FED5D0B53EC102B0AF0B7FB98BB3B
:10AD9000FFE79DED120B9FED5E1B51EC110B53EC89
:10ADA000102B0AF07DFA41EC110B9DED100B51ECCC
:10ADB000110B53EC102B09F06FFE02460C98069213
:10ADC0000A46069942EC101B169901EBC10100EBF3
:10ADD000C100079090ED121B51EC110B53EC102B9E
:10ADE00009F05AFE0246079808920A46089942EC72
:10ADF000101B80ED120B6EE010981199129A139BA4
:10AE00000AF04EFA41EC100B51EC100B9FED3C0B8D
:10AE100053EC102B0AF079FB98BBFFE79DED100B6C
:10AE200051EC100B9FED380B53EC102B09F034FE56
:10AE300041EC110B9DED120B51EC110B53EC102B4F
:10AE40000AF02EFA02460C9803920A46039942EC45
:10AE5000101B169901EBC10100EBC100049090EDAD
:10AE6000121B51EC110B53EC102B09F015FE02468E
:10AE7000049805920A46059942EC101B80ED120BCE
:10AE800028E09DED101B9DED120B51EC110B53ECC6
:10AE9000102B0AF005FA02460C9800920A46009917
:10AEA00042EC101B169901EBC10100EBC1000190AF
:10AEB00090ED121B51EC110B53EC102B09F0ECFD33
:10AEC0000246019802920A46029942EC101B80ED5C
:10AED000120BFFE7FFE70C989DED100B169901EBA5
:10AEE000C10100EBC10080ED100B18B080BD00BFA8
:10AEF000AE19661ADCA54C4000000000008066C058
:10AF0000000000000080664000000000008076C065
:10AF100000000000008076402DE9F04F93B00191D1
:10AF2000DDF894B0DDF890A0DDF88C90DDF8888035
:10AF3000219F209E1F9D1E9CDDF874E0DDF870C0EF
:10AF40000199CDF844B0CDF840A0CDF83C90CDF8B3
:10AF500038800D970C960B950A94CDF824E0CDF827
:10AF600020C00790ADF81A1005920493079802903C
:10AF70001290642100F070FD029945F24070C0F615
:10AF8000010008300860BDF81A00A1F820010898F7
:10AF9000099A0A9BDDF82CC0DDF830E00D9CC1F861
:10AFA0007C41C1F878E1C1F874C1C1F87031C1F8D1
:10AFB0006C21C1F868010E980F9A109BDDF844C00F
:10AFC000C1F88CC1C1F88831C1F88421C1F8800171
:10AFD00000208DF80F00FFE79DF80F00022818DC15
:10AFE000FFE7029905989DF80F20805C0A4482F8DB
:10AFF000220104989DF80F2050F8220001EB8201F5
:10B00000C1F82801FFE79DF80F0001308DF80F000F
:10B01000E2E7129813B0BDE8F08F00002DE9F04F81
:10B020009DB01C90ADF86E101A9219931C980E905A
:10B03000BDF86E000B901A980C9019980D900FA8FF
:10B040009FED240ADFED240ABBEE0E1AF3EE0E1A72
:10B05000BAEE042AF2EE042ADFED203A9FED204AF0
:10B06000F1EE044AB0EE443AFEF7C6F80B990C9A9A
:10B070000D9BDDF83CC0109C119D129E139FDDF8C6
:10B080005080DDF85490DDF858A0DDF85CB01898D9
:10B09000EE46CEF824000E98CEF820B0CEF81CA0D4
:10B0A000CEF81890CEF81480CEF81070CEF80C6060
:10B0B000CEF80850CEF80440CEF800C0FEF73CFDB4
:10B0C0000E9845F24C71C0F60101083101601DB0C7
:10B0D000BDE8F08FC3F548C0C3F548400000FA430F
:10B0E000000000002DE9F04F9DB01C90ADF86E10EF
:10B0F0001A9219931C980E90BDF86E000B901A9836
:10B100000C9019980D900FA89FED240ADFED240AEA
:10B11000BBEE0E1AF3EE0E1ABAEE042AF2EE042A71
:10B12000DFED203A9FED204AF1EE044AB0EE443ABA
:10B13000FEF762F80B990C9A0D9BDDF83CC0109C51
:10B14000119D129E139FDDF85080DDF85490DDF8BC
:10B1500058A0DDF85CB01898EE46CEF824000E98A2
:10B16000CEF820B0CEF81CA0CEF81890CEF81480FF
:10B17000CEF81070CEF80C60CEF80850CEF804402F
:10B18000CEF800C0FFF7D0F90E9845F25871C0F61E
:10B190000101083101601DB0BDE8F08FC3F548C062
:10B1A000C3F548400000FA43000000002DE9F04FCD
:10B1B0009DB01C90ADF86E101A9219931C980E90C9
:10B1C000BDF86E000B901A980C9019980D900FA86E
:10B1D0009FED240ADFED240ABAEE041AF2EE041AF7
:10B1E000BBEE0C2AF3EE0C2ADFED203A9FED204A4D
:10B1F000F1EE044AB0EE443AFDF7FEFF0B990C9ACB
:10B200000D9BDDF83CC0109C119D129E139FDDF834
:10B210005080DDF85490DDF858A0DDF85CB0189847
:10B22000EE46CEF824000E98CEF820B0CEF81CA042
:10B23000CEF81890CEF81480CEF81070CEF80C60CE
:10B24000CEF80850CEF80440CEF800C0FEF774FCEB
:10B250000E9845F26471C0F60101083101601DB01D
:10B26000BDE8F08FC3F548C0C3F548400000FA437D
:10B27000000000002DE9F04F9DB01C90ADF86E105D
:10B280001A9219931C980E90BDF86E000B901A98A4
:10B290000C9019980D900FA89FED240ADFED240A59
:10B2A0009FED241ADFED241A9FED242ADFED242AD6
:10B2B000DFED243A9FED244AF1EE044AB0EE443A21
:10B2C000FDF79AFF0B990C9A0D9BDDF83CC0109C82
:10B2D000119D129E139FDDF85080DDF85490DDF82B
:10B2E00058A0DDF85CB01898EE46CEF824000E9811
:10B2F000CEF820B0CEF81CA0CEF81890CEF814806E
:10B30000CEF81070CEF80C60CEF80850CEF804409D
:10B31000CEF800C0FFF700FE0E9845F27071C0F63F
:10B320000101083101601DB0BDE8F08FC3F548C0D0
:10B33000C3F54840000034C200003442000058C247
:10B34000000058420000FA430000000080B582B0BF
:10B3500001908DF8031001989DF8031001EBC101D5
:10B3600000EBC10010ED0E0B51EC100B09F062FB6D
:10B3700000EE100A02B080BD82B001908DF803107B
:10B3800001999DF80300084490F8630000F0010063
:10B3900002B0704780B586B004908DF80F108DF81C
:10B3A0000E20049802909DF80F0001283FDBFFE774
:10B3B0009DF80F0001283ADCFFE702985030019019
:10B3C0009DF80F1001EB810100EB81001438FDF7AF
:10B3D00067FB01989DF80F1001EB810100EB8100E4
:10B3E0001438FDF769FB01989DF80F1001EB8101FE
:10B3F00000EB8100143802F027FC012807D1FFE799
:10B40000FDF7B0FB9DF80E10FDF780FCFFE70298FA
:10B410009DF80F1001EB810100EB81003C3002F040
:10B4200013FCB0FA80F040098DF8170003E000200B
:10B430008DF81700FFE79DF8170006B080BD0000EB
:10B4400082B001908DF803108DF80220019A9DF8CA
:10B4500002009DF80310114400F0010081F8630020
:10B4600002B0704780B582B001908DF8031001984A
:10B470009DF8031001EBC10100EBC10090ED000B42
:10B4800051EC100B09F0D6FA00EE100A02B080BDA4
:10B4900080B582B001908DF8031001989DF80310DB
:10B4A00001EBC10100EBC10010ED0C0B51EC100BD6
:10B4B00009F0C0FA00EE100A02B080BD80B584B079
:10B4C00003908DF80B10039801909DF80B00012854
:10B4D00010DBFFE79DF80B0001280BDCFFE701986C
:10B4E0009DF80B1001EB810100EB81003C30FDF772
:10B4F00013FBFFE704B080BD80B582B001908DF8EA
:10B50000031001989DF8031001EBC10100EBC1008D
:10B5100010ED060B51EC100B09F08CFA00EE100A3E
:10B5200002B080BD80B58EB00C900B910C9802904B
:10B530000D9045F27C71C0F6010101F1080201464F
:10B5400041F8642B503003910490FFE70498019078
:10B55000FDF7FCFA0198039A00F1140108469142A4
:10B560000490F3D1FFE70299002081F864000A906B
:10B57000FFE70A9800281DDCFFE70B9905A8FDF7F7
:10B58000D7FA02980A9901EB810100EB8101059835
:10B59000069A079BDDF820C0DDF824E0C1F860E0E2
:10B5A000C1F85CC08B654A650865FFE70A98013001
:10B5B0000A90DEE70D980EB080BD000080B582B025
:10B5C00001908DF8031001989DF8031001EBC10163
:10B5D00000EBC10010ED0E0B51EC100B09F02AFA34
:10B5E00000EE100A02B080BD82B001908DF8031009
:10B5F00001999DF80300084490F8BF0000F0010095
:10B6000002B0704780B586B004908DF80F108DF8A9
:10B610000E20049802909DF80F0001283FDBFFE701
:10B620009DF80F0002283ADCFFE70298983001905D
:10B630009DF80F1001EB810100EB81001438FDF73C
:10B640002FFA01989DF80F1001EB810100EB8100AA
:10B650001438FDF731FA01989DF80F1001EB8101C4
:10B6600000EB8100143802F0EFFA012807D1FFE760
:10B67000FDF778FA9DF80E10FDF748FBFFE70298FA
:10B680009DF80F1001EB810100EB8100843002F086
:10B69000DBFAB0FA80F040098DF8170003E00020D3
:10B6A0008DF81700FFE79DF8170006B080BD000079
:10B6B00082B001908DF803108DF80220019A9DF858
:10B6C00002009DF80310114400F0010081F8BF0052
:10B6D00002B0704780B582B001908DF803100198D8
:10B6E0009DF8031001EBC10100EBC10090ED000BD0
:10B6F00051EC100B09F09EF900EE100A02B080BD6B
:10B7000080B582B001908DF8031001989DF8031068
:10B7100001EBC10100EBC10010ED0C0B51EC100B63
:10B7200009F088F900EE100A02B080BD80B584B03F
:10B7300003908DF80B10039801909DF80B000128E1
:10B7400010DBFFE79DF80B0002280BDCFFE70198F8
:10B750009DF80B1001EB810100EB81008430FDF7B7
:10B76000DBF9FFE704B080BD80B582B001908DF8B1
:10B77000031001989DF8031001EBC10100EBC1001B
:10B7800010ED060B51EC100B09F054F900EE100A05
:10B7900002B080BD80B590B00E900D910E980490CF
:10B7A0000F9045F28871C0F6010101F108020146CF
:10B7B00041F8C02B983005910690FFE7069803905A
:10B7C000FDF7C4F90398059A00F114010846914267
:10B7D0000690F3D1FFE70499002081F8C00001F141
:10B7E000C100C23101910290FFE70299019A002045
:10B7F00001F8010B084691420290F6D1FFE70020C4
:10B800000C90FFE70C98012820DCFFE70D9907A8B2
:10B81000FDF78EF904980C9901EB810100EB810191
:10B820000798089A099BDDF828C0DDF82CE0C1F8DC
:10B83000A8E0C1F8A4C0C1F8A030C1F89C20C1F8AC
:10B840009800FFE70C9801300C90DBE70F9810B0E0
:10B8500080BD000080B582B001908DF80310019882
:10B860009DF8031001EBC10100EBC10010ED100BBE
:10B8700051EC100B09F0DEF800EE100A02B080BDAA
:10B8800080B582B001908DF8031001989DF80310E7
:10B8900001EBC10100EBC10010ED0E0B51EC100BE0
:10B8A00009F0C8F800EE100A02B080BD82B0019025
:10B8B0008DF8031001999DF80300084490F81B01CE
:10B8C00000F0010002B0704780B586B004908DF89A
:10B8D0000F108DF80E20049802909DF80F0001289B
:10B8E0003FDBFFE79DF80F0003283ADCFFE70298F3
:10B8F000E03001909DF80F1001EB810100EB810019
:10B900001438FDF7CDF801989DF80F1001EB810177
:10B9100000EB81001438FDF7CFF801989DF80F1067
:10B9200001EB810100EB8100143802F08DF9012850
:10B9300007D1FFE7FDF716F99DF80E10FDF7E6F9C0
:10B94000FFE702989DF80F1001EB810100EB8100E9
:10B95000CC3002F079F9B0FA80F040098DF8170088
:10B9600003E000208DF81700FFE79DF8170006B0F0
:10B9700080BD000082B001908DF803108DF8022088
:10B98000019A9DF802009DF80310114400F0010097
:10B9900081F81B0102B0704780B582B001908DF82C
:10B9A000031001989DF8031001EBC10100EBC100E9
:10B9B00090ED000B51EC100B09F03CF800EE100A72
:10B9C00002B080BD80B582B001908DF8031001985F
:10B9D0009DF8031001EBC10100EBC10010ED0C0B51
:10B9E00051EC100B09F026F800EE100A02B080BDF1
:10B9F00080B584B003908DF80B10039801909DF8EA
:10BA00000B00012810DBFFE79DF80B0003280BDC7F
:10BA1000FFE701989DF80B1001EB810100EB81001D
:10BA2000CC30FDF779F8FFE704B080BD80B582B077
:10BA300001908DF8031001989DF8031001EBC101EE
:10BA400000EBC10010ED060B51EC100B08F0F2FFFB
:10BA500000EE100A02B080BD80B590B00E900D913E
:10BA60000E9904910F9145F29470C0F6010000F117
:10BA70000802084640F8E02B01F58E71059106900A
:10BA8000FFE706980390FDF761F80398059A00F127
:10BA90001401084691420690F3D1FFE70499002073
:10BAA00081F81C0101F21D1001F21F110191029099
:10BAB000FFE70299019A002001F8010B0846914224
:10BAC0000290F6D1FFE700200C90FFE70C980228C7
:10BAD00020DCFFE70D9907A8FDF72AF804980C99D8
:10BAE00001EB810100EB81010798089A099BDDF8C1
:10BAF00028C0DDF82CE0C1F8F0E0C1F8ECC0C1F8D6
:10BB0000E830C1F8E420C1F8E000FFE70C9801300C
:10BB10000C90DBE70F9810B080BD000081B0009062
:10BB2000009845F2A071C0F601010831016001B032
:10BB30007047000081B00090FEDE000081B00090F0
:10BB4000009801B07047000080B500F069F880BD32
:10BB500084B002908DF80710029800909DF80700BD
:10BB6000022810D8FFE700989DF8071000EB81002D
:10BB7000806840B1FFE700989DF8071000EB810056
:10BB80008068039003E0009814300390FFE7039867
:10BB900004B0704784B003908DF80B1001920398A5
:10BBA00000909DF80B0002280BD8FFE7019840B1E8
:10BBB000FFE7009901989DF80B2001EB8201886056
:10BBC000FFE704B07047000080B584B0039003988D
:10BBD000019000200290FFE7029802281DD8FFE79D
:10BBE0000198029900EB8100806888B1FFE7019815
:10BBF00008300090029950F8210001688968884750
:10BC00000098029950F821000168C9688847FFE749
:10BC1000FFE7029801300290DEE704B080BD00002B
:10BC200080B582B042F29870C2F200000078BFF393
:10BC30005F8FC00708BBFFE742F29870C2F20000B6
:10BC400006F097FDC8B1FFE742F67800C2F20000A7
:10BC5000019000F02BF801994BF65950C0F6000006
:10BC600040F20002C0F60002F4F702FC42F29870C3
:10BC7000C2F2000006F093FDFFE742F67800C2F240
:10BC800000000079C00758B9FFE742F67800C2F219
:10BC900000000090FFF798FF009901200871FFE76E
:10BCA00042F67800C2F2000002B080BD80B58AB0D2
:10BCB000089008980590099000F07EF8059945F2E3
:10BCC000CC70C0F601000830086000200871886060
:10BCD00001F10C00143106910790FFE70799069ACD
:10BCE000002041F8040B084691420790F6D1FFE787
:10BCF00005981430029043F2CC31C2F200010023C7
:10BD000001931A4600F098F905983430049043F2F4
:10BD1000F431C2F200010E220123039300F08CF9EA
:10BD200005980199029AFFF735FF05980399049A3F
:10BD3000FFF730FF09980AB080BD000080B582B0DF
:10BD400001900198009000F007F80098542105F048
:10BD5000D7F902B080BD000080B584B0039003988D
:10BD6000029045F2CC71C0F6010101F108020146D2
:10BD700041F8142B0191343000F08CF9019800F057
:10BD800089F9029800F028F8029804B080BD0000FC
:10BD900080B582B00190019801688A6800219047BF
:10BDA00002B080BD80B582B00190019801688A68B8
:10BDB0000121904702B080BD81B00090009845F20B
:10BDC000E471C0F601010831016001B07047000064
:10BDD00081B00090FEDE000081B00090009801B0BC
:10BDE0007047000080B58CB00B900B980121099131
:10BDF00082680692C2680592002201920292039222
:10BE00000492079208910E210A91406801A9F6F761
:10BE100075FC0CB080BD000080B584B00091014677
:10BE20000098039102900399019102F0D3FA30B186
:10BE3000FFE700990198143004F0A2FBFFE704B07B
:10BE400080BD000080B586B005900491059814303F
:10BE50000390039804F06AFB0290039804F05AFBE5
:10BE60000190FFE702A801A905F09EF898B1FFE74D
:10BE700002A802F07DF80090009802F0ABFA28B119
:10BE8000FFE70098049902F09BFAFFE7FFE702A89A
:10BE900002F0E4FDE6E706B080BD000080B582B0A8
:10BEA00001900198FFF79EFF02B080BD80B58CB075
:10BEB0000A9009910A9800904FF6FF70ADF82200A1
:10BEC000FFE700984068F6F721FE68B9FFE7BDF884
:10BED00022000138ADF82200000420B9FFE700205D
:10BEE0008DF82F003BE0ECE70998007B069009985D
:10BEF000007D00F00100002818BF0420049009987C
:10BF0000407D00F00100002818BF0220059009982C
:10BF1000006901900998007DC00730B1FFE70998DA
:10BF2000806803900020029005E0099880680290E4
:10BF300000200390FFE7009800218DF81C10406856
:10BF4000099A02A901ABF6F72DFB20B1FFE700200B
:10BF50008DF82F0003E001208DF82F00FFE79DF8FA
:10BF60002F000CB080BD000080B582B00190019818
:10BF700000904068F7F71EFA0098C06830B9FFE7F4
:10BF8000009840680221F6F7E3FA0BE00098C068D9
:10BF9000012806D1FFE7009840681021F6F7D8FA8B
:10BFA000FFE7FFE702B080BD80B58CB00A90099131
:10BFB0000A9901914868C968F6F774FC20B9FFE74F
:10BFC00000208DF82F0032E001994868C968099B6C
:10BFD00002AAF6F791FC20B1FFE700208DF82F00B0
:10BFE00025E0049818B9FFE70298009002E0039852
:10BFF0000090FFE701980099099A91600699099AC3
:10C00000117304990439B1FA81F14909099A11753A
:10C0100005990239B1FA81F14909099A51750999CD
:10C020000268126A904701208DF82F00FFE79DF803
:10C030002F000CB080BD000080B586B00590049143
:10C040000392029305980190FFF768FD019845F26D
:10C05000FC71C0F601010831016004994160039947
:10C0600081600299C16000210161143004F0AEFAD0
:10C07000019806B080BD000080B582B001900198A3
:10C08000009000F007F80098202105F039F802B080
:10C0900080BD000080B582B001900198009045F20B
:10C0A000FC71C0F60101083140F8141B04F0A0FA3D
:10C0B0000098FFF743FD009802B080BD80B586B0C0
:10C0C00004900391049801900398006820B1FFE761
:10C0D0000398808820B9FFE700208DF8170014E04E
:10C0E00001984068039A11689288F9F70DFF8DF85E
:10C0F0000B009DF80B0020B9FFE701208DF8170019
:10C1000003E000208DF81700FFE79DF8170006B048
:10C1100080BD000080B584B0039002910398406810
:10C12000029901226423F9F74FFE8DF807009DF86C
:10C130000700B0FA80F0400904B080BD80B586B039
:10C1400004900391049801900398006820B1FFE7E0
:10C150000398808820B9FFE700208DF8170014E0CD
:10C1600001984068039A11689288F9F7C5FF8DF825
:10C170000B009DF80B0020B9FFE701208DF8170098
:10C1800003E000208DF81700FFE79DF8170006B0C8
:10C1900080BD000080B582B001908DF80310019839
:10C1A00040680DF1030101226423F9F70DFF8DF8BA
:10C1B00002009DF80200B0FA80F0400902B080BD94
:10C1C00080B584B0039002910398009040680068A5
:10C1D000006800F008010020B0EBD10F16D0FFE797
:10C1E000FFE7009800210191416809680968019101
:10C1F00040680068406801900198FFE70098406837
:10C20000029A11689288F9F781F8FFE704B080BDBF
:10C2100080B586B00490039104980190039800685B
:10C2200020B1FFE70398808820B9FFE700208DF850
:10C23000170014E001984068039A11689288F9F792
:10C2400065F88DF80B009DF80B0020B9FFE7012081
:10C250008DF8170003E000208DF81700FFE79DF828
:10C26000170006B080BD000080B584B00091014683
:10C270000098039102900399019102F0BDF830B14A
:10C28000FFE7009901980C3004F018FBFFE704B0B9
:10C2900080BD000080B586B00590049105980C30F3
:10C2A0000390039804F0E0FA0290039804F0D0FAA7
:10C2B0000190FFE702A801A904F082FE98B1FFE710
:10C2C00002A801F061FE0090009802F095F828B1F4
:10C2D000FFE70098049902F085F8FFE7FFE702A85E
:10C2E00002F0CCFBE6E706B080BD000081B0009014
:10C2F00001B0704781B00090009840680168C8683C
:10C3000040F02000C86001B07047000080B586B0E2
:10C3100004900391049801900398006820B1FFE70E
:10C320000398808820B9FFE700208DF8170014E0FB
:10C3300001984068039A11689288F9F711FE8DF808
:10C340000B009DF80B0020B9FFE701208DF81700C6
:10C3500003E000208DF81700FFE79DF8170006B0F6
:10C3600080BD000080B586B00490039104980190D0
:10C370000398006820B1FFE70398808820B9FFE7A1
:10C3800000208DF8170010E001984068039A1168AA
:10C390009288F9F72FFF8DF80B009DF80B00B0FA8B
:10C3A00080F040098DF81700FFE79DF8170006B0F0
:10C3B00080BD000080B584B0039002910398019085
:10C3C00000F036F8019845F62801C0F60101083161
:10C3D0000160029941600021017241728172C17253
:10C3E0000C3004F091FA019804B080BD80B582B0A1
:10C3F00001900198009000F007F80098182104F0CF
:10C400007FFE02B080BD000080B582B0019001982F
:10C41000009045F62801C0F60101083140F80C1BD8
:10C4200004F084FA009800F013F8009802B080BD80
:10C4300081B00090009845F66C01C0F6010108310A
:10C44000016001B07047000081B00090FEDE000086
:10C4500081B00090009801B07047000080B500F0F6
:10C4600069F880BD84B002908DF8071002980090A2
:10C470009DF80700022810D8FFE700989DF80710E4
:10C4800000EB8100806840B1FFE700989DF807103D
:10C4900000EB81008068039003E000981430039063
:10C4A000FFE7039804B0704784B003908DF80B1039
:10C4B0000192039800909DF80B0002280BD8FFE72B
:10C4C000019840B1FFE7009901989DF80B2001EB1E
:10C4D00082018860FFE704B07047000080B584B037
:10C4E00003900398019000200290FFE70298022831
:10C4F0001DD8FFE70198029900EB8100806888B1A0
:10C50000FFE7019808300090029950F82100016877
:10C51000896888470098029950F821000168C96825
:10C520008847FFE7FFE7029801300290DEE704B09A
:10C5300080BD000080B582B042F29C70C2F2000063
:10C540000078BFF35F8FC00708BBFFE742F29C7023
:10C55000C2F2000006F00DF9C8B1FFE742F6CC00C8
:10C56000C2F20000019000F02BF801994CF27D60BE
:10C57000C0F6000040F20002C0F60002F3F778FFB8
:10C5800042F29C70C2F2000006F009F9FFE742F6A1
:10C59000CC00C2F200000079C00758B9FFE742F6AC
:10C5A000CC00C2F200000090FFF798FF0099012034
:10C5B0000871FFE742F6CC00C2F2000002B080BD75
:10C5C00080B588B0069006980390079000F076F842
:10C5D000039945F6B000C0F601000830086000205D
:10C5E0000871886001F10C00143104910590FFE797
:10C5F0000599049A002041F8040B084691420590E1
:10C60000F6D1FFE703981430009043F2EC61C2F2D8
:10C610000001FFF7CFFE03982C30019043F23471F4
:10C62000C2F20001FFF7C6FE03984430029043F2C5
:10C630007C71C2F20001FFF7BDFE0398009A002151
:10C64000FFF732FF019A03980121FFF72DFF0398AE
:10C65000029A0221FFF728FF079808B080BD00006A
:10C6600080B582B001900198009000F007F8009822
:10C670005C2104F045FD02B080BD000080B584B0AF
:10C6800003900398029045F6B001C0F6010101F154
:10C690000802014641F8142B01914430FFF7B4FE23
:10C6A00002982C30FFF7B0FE0198FFF7ADFE02981C
:10C6B00000F014F8029804B080BD000081B0009032
:10C6C000009845F6C801C0F601010831016001B0CB
:10C6D0007047000081B00090FEDE000081B0009045
:10C6E000009801B07047000080B584B002900191BD
:10C6F0000298009001F0DAFB20B1FFE700208DF8EE
:10C700000F0015E00098D0F80414415C019A1170F4
:10C71000D0F8041401316FF39F21C0F8041400F520
:10C720008160002102F032FA01208DF80F00FFE74E
:10C730009DF80F0004B080BD80B584B002900191D7
:10C740000298009001F072FB20B1FFE700208DF805
:10C750000F0015E0009801990978D0F80024815461
:10C76000D0F8001401316FF39F21C0F8001400F5D8
:10C770008160002102F016FA01208DF80F00FFE71A
:10C780009DF80F0004B080BD80B582B00190019883
:10C7900000900021C0F80014C0F8041400F5816076
:10C7A00003F08CFD009802B080BD000080B5CAB0D7
:10C7B0000190499148924898062804D8FFE70198CB
:10C7C00004F0D6FA73E049980078AA2805D1FFE76B
:10C7D00049984078BB2804D0FFE7019804F0C8FAD4
:10C7E00065E006A800F01CFC499880788DF81A00D6
:10C7F0004998C0788DF81B00499800798DF81C0085
:10C800009DF81B000730059048980599884204D28E
:10C81000FFE7019804F0ACFA49E09DF81B000128FD
:10C8200013DBFFE79DF81B00B0F5807F04DBFFE71B
:10C83000019804F09DFA3AE006A8053049990531BF
:10C840009DF81B20F3F719FEFFE749994898084423
:10C8500010F8020C8DF8110049994898084410F816
:10C86000010C8DF810009DF811109DF8100040EAA1
:10C870000120ADF80E0049984899023989B200F0BC
:10C8800037F9ADF80C00BDF80C00BDF80E10884269
:10C8900004D0FFE7019804F06BFA08E00198BDF8B6
:10C8A0000E10ADF81C1106A904F06CFAFFE74AB0AF
:10C8B00080BD000080B5C8B001904A9847918DF8BE
:10C8C0001B214593479802900DF10E0000F0A8FB44
:10C8D000029A1078411C11708DF810009DF81B0110
:10C8E0008DF812004A98B0F5807F0AD3FFE7FF2247
:10C8F0008DF811200DF10E0005304599F3F7BDFDBF
:10C900000AE04A988DF811000DF10E0005304599A6
:10C910004A9AF3F7B2FDFFE701980DF10E0100F01E
:10C9200003F848B080BD000080B582B0009001914E
:10C9300000F08CFB00990020C1F8080101980078F4
:10C94000D1F80821531CC1F8083188540198407867
:10C95000D1F80821531CC1F8083188540198807817
:10C96000D1F80821531CC1F8083188540198C078C7
:10C97000D1F80821531CC1F8083188540198007976
:10C98000D1F80821531CC1F8083188540198C078A7
:10C99000012812DBFFE70098D0F808110844019A3B
:10C9A000511DD278F3F769FD00990198C278D1F84A
:10C9B00008011044C1F80801FFE70098D0F8080109
:10C9C00048B1FFE70098B0F8081100F091F801991C
:10C9D000A1F80401FFE70099019890F80501D1F84A
:10C9E0000821531CC1F8083188540198B0F804019B
:10C9F000D1F80821531CC1F80831885402B080BD19
:10CA000081B0009000980021017001B070470000D3
:10CA100080B584B003908DF80B10019200930398B9
:10CA20009DF80B10019A009B00F0F4F904B080BD52
:10CA300080B582B00190ADF80210019800F58360D6
:10CA4000BDF8021000F088F902B080BD80B582B058
:10CA50000190019800F0AAFA02B080BD80B588B0BC
:10CA600007900691079800F58360009002A8019056
:10CA700004F046F90098019900F098F9019804F043
:10CA800057F908B080BD000080B582B001900198D0
:10CA900000F5836000F074F802B080BD80B582B00C
:10CAA00001900198009000F091FA009800F58360E1
:10CAB00000F086F902B080BD80B582B00190019887
:10CAC00000F5836000F02CF902B080BD80B584B021
:10CAD0000390029103980190029900F07FFA019867
:10CAE00000F58360029900F081F9019804B080BDDF
:10CAF00084B00390ADF80A104FF6FF70ADF808004F
:10CB00000020ADF80600FFE7BDF80600BDF80A10EA
:10CB1000884230DAFFE70398BDF80610415CBDF8A3
:10CB200008004840ADF8080000200090FFE700989A
:10CB3000072819DCFFE7BDF80800C00748B1FFE788
:10CB4000BDF808104AF2010080EA5100ADF8080073
:10CB500005E0BDF808004008ADF80800FFE7FFE772
:10CB6000009801300090E2E7FFE7BDF806000130D1
:10CB7000ADF80600C8E7BDF8080004B07047000033
:10CB800080B584B00390039800F1140101914FF433
:10CB90008071ADF80810006801688A6A01A99047A1
:10CBA00004B080BD80B5D6B054905498079000F57D
:10CBB0008A7001F031F9062804D8FFE700208DF8CB
:10CBC0005701A9E0079800F58A70069000210DF240
:10CBD0004F1201F03BF9069801210DF5A77201F003
:10CBE00035F99DF84F01AA2805D1FFE79DF84E01C0
:10CBF000BB2813D0FFE7079800F58A7005900DF267
:10CC00004D11FFF771FD059801F006F9014600206E
:10CC1000062988BF01208DF857017DE0079800F5AF
:10CC20008A700490032153AA01F010F904989DF82A
:10CC30004C110731529101F0EFF85299884204D219
:10CC4000FFE700208DF8570166E052994FA803F0E6
:10CC500067FF00204E90FFE74E985299884213D20A
:10CC6000FFE7079800F58A7003904E9902914FA84C
:10CC700003F098FF02990246039801F0E7F8FFE7F6
:10CC80004E9801304E90E7E74FA803F021FF014690
:10CC9000529A0CA80190FFF789FD019801F024FA3F
:10CCA00050B3FFE700200A90FFE70A9852998842A4
:10CCB0000CD2FFE7079800F58A700DF12F01FFF7FE
:10CCC00013FDFFE70A9801300A90EEE70798043059
:10CCD00001F0A4FB58B1FFE70798043000900CA8BE
:10CCE00001F0BCFB0146009801F08EFBFFE701203C
:10CCF0008DF8570109900BE0079800F58A700DF147
:10CD00002301FFF7F1FC01208DF857010990FFE79F
:10CD10004FA803F037FFFFE79DF8570156B080BDDD
:10CD200080B584B003900398009000680168896B17
:10CD30008847406C70B1FFE7009800F11401019141
:10CD40004FF48071ADF80810006801684A6B01A9C2
:10CD50009047FFE704B080BD80B584B00390ADF884
:10CD60000A10039801900020ADF80800FFE7BDF815
:10CD70000800BDF80A10884210DAFFE7019901F5B2
:10CD80008A70BDF8082011441431FFF7D5FCFFE785
:10CD9000BDF808000130ADF80800E8E70198FFF79A
:10CDA000EFFE019800F00CF804B080BD80B582B0B1
:10CDB000019000910198043003F0C4FF02B080BDDF
:10CDC00080B584B003900398019001208DF80B008A
:10CDD000FFE79DF80B00C00730B1FFE70198FFF7B0
:10CDE000E1FE8DF80B00F4E704B080BD80B584B09F
:10CDF0000390029103980190029940F8041B03F0FC
:10CE000075FF019800F58A70FFF7BEFC019804B029
:10CE100080BD000080B5D2B051908DF843114F9283
:10CE20004E9351980390011D9DF843214F9B4E98BE
:10CE3000EC46CCF800000BA80690FFF73BFD0398EA
:10CE400000218DF82B100830049001F029F80146DC
:10CE50000498059100F0E0FF059902460698891AAA
:10CE6000079101F031F801460798884221D3FFE786
:10CE70000BA800F0E5F8099000200890FFE708985B
:10CE800002900BA801F020F80146029888420CD2CB
:10CE9000FFE7039808300999089A1144FFF74CFC02
:10CEA000FFE7089801300890E9E701208DF82B0092
:10CEB000FFE79DF82B00C00720B1FFE7039800F0C3
:10CEC00007F8FFE79DF82B0000F0010052B080BD8D
:10CED00080B588B007900798019000218DF81B104D
:10CEE00000F214400DF11B010122052301F0E0FDC9
:10CEF00008B9FFE757E00198083000F0D7FF38B1D4
:10CF0000FFE7019800F21440002103F0C3F94AE062
:10CF100000200590FFE70198083000F0C7FF0146A8
:10CF20000020009041B9FFE705990020B1F5807F0E
:10CF300038BF01200090FFE70098C00788B1FFE7E5
:10CF4000019808300DF11301FFF7CEFB9DF8130097
:10CF5000059A511C059142F62811C2F2000188542D
:10CF6000D9E70598C0B1FFE7019842F62811C2F24F
:10CF7000000102910599ADF80C10006801680A6A79
:10CF800002A9904738B9FFE7019800F21440002148
:10CF900003F080F9FFE706E0019800F21440002159
:10CFA00003F078F9FFE708B080BD000080B582B0DB
:10CFB00001900198009000F21440002103F06AF9FA
:10CFC0000098FFF785FF02B080BD000080B582B0F9
:10CFD00001900198FFF77CFF02B080BD80B586B05C
:10CFE0000590049105980390049A014641F8082B96
:10CFF00001910430FFF704FD0198FFF7C5FB03988A
:10D0000000F214400021029103F034F903980299D0
:10D0100000F2154003F02EF9039806B080BD000021
:10D0200081B00090009800218170C1700171A0F85A
:10D030000411AA210170BB21417001B070470000AA
:10D0400081B00090009801B07047000081B000905E
:10D0500000980021C0F8081101B0704780B5B6B043
:10D0600035903598109042F64821C2F200010878B8
:10D070000130087040F22850C2F200000C900121EB
:10D080000F91FEF7FDFB0C988DED2D0A02210E91FC
:10D09000FEF7F6FB0C988DED2E0A0321FEF7F0FB50
:10D0A0000F998DED2F0A40F2D830C2F20000FEF742
:10D0B0004DF90F998DED300A40F28040C2F2000028
:10D0C000FEF744F90F998DED310A40F2C020C2F20B
:10D0D00000000D90FEF772FA0D980E998DED320A50
:10D0E000FEF76CFA0F998DED330A40F21820C2F268
:10D0F0000000FEF72BF910988DED340A00211191F4
:10D100002C912B912A912991289127912691259153
:10D11000249123912291219120911F911E911D9183
:10D120001C911B911A9119911891179116911591B3
:10D13000006A012840F00C81FFE742F2A570C2F2BC
:10D1400000000078C007A0BBFFE7349942F2A0704E
:10D15000C2F20000016090ED000AB5EE400AF1EE67
:10D1600010FA07DDFFE742F2A071C2F200010020D1
:10D170000860FFE742F2A070C2F2000090ED000AE2
:10D180009FEDE11AB4EE410AF1EE10FA0ADAFFE778
:10D1900042F2A071C2F2000146F2F360CBF6DF70FA
:10D1A0000860FFE742F2A571C2F200010120087099
:10D1B000FFE740F2B010C2F2000000F0A3FD42F21F
:10D1C000A070C2F2000090ED001A9FEDD02A20EE70
:10D1D000020A30EE010A80ED000A90ED000AB5EE79
:10D1E000400AF1EE10FA07DDFFE742F2A071C2F249
:10D1F000000100200860FFE742F2A070C2F20000C8
:10D2000090ED000A9FEDC01AB4EE410AF1EE10FA5B
:10D210000ADAFFE742F2A071C2F2000146F2F360BF
:10D22000CBF6DF700860FFE743F2C470C2F2000083
:10D230000A9090ED000A9FEDB61A20EE410A8DED9E
:10D24000250A90ED010A20EE410A8DED260A90EDA7
:10D25000010A90ED023A9FEDAF2A20EE020A30EE6D
:10D26000430A20EE010A8DED270A90ED030A20EE15
:10D27000410A8DED280A90ED040A20EE010A8DED99
:10D28000290A90ED050A20EE010A8DED2A0A90ED9B
:10D29000060A20EE410A8DED2B0A42F2A070C2F27E
:10D2A000000000682C9043F2FC70C2F200000B906A
:10D2B00090ED000AB1EE400A8DED1D0A90ED010AD5
:10D2C000B1EE400A8DED1E0A90ED010A90ED021AB2
:10D2D00020EE020A30EE410A8DED1F0A90ED030A9E
:10D2E000B1EE400A8DED200A016921914169229138
:10D2F00090ED060AB1EE400A8DED230A002024903D
:10D3000043F2E071C2F2000191ED000AB1EE400A71
:10D310008DED150A91ED011A91ED020A9FED7E2A1D
:10D3200020EE020A30EE410A8DED160A91ED020A56
:10D33000B1EE400A8DED170A91ED030AB1EE400AF5
:10D340008DED180A096919911A901B901C90FFE73E
:10D350001098006A012807D0FFE742F2A571C2F2D7
:10D36000000100200870FFE701208DF85300002025
:10D370001390FFE71398072873DCFFE71098006A03
:10D3800000285ED1FFE7139A0FF2BC40011D072A67
:10D3900008BF084600681290139A02EB420143F658
:10D3A0001800C2F20000089000EBC1009DED120AC7
:10D3B0002DA9099101EB8201D1ED000AFBF7ECF9EF
:10D3C0000898139901EB410100EBC10000F034FC17
:10D3D0000998139A42F62821C2F2000101EB82015A
:10D3E00081ED000A139900EB810090ED000A9DED9C
:10D3F000121A30EE410AB0EEC00A9FED481AB4EEA0
:10D40000410AF1EE10FA17DCFFE7139942F62820E3
:10D41000C2F2000000EB810090ED000A9DED121AAF
:10D4200030EE410AB0EEC00A9FED3C1AB4EE410A5C
:10D43000F1EE10FA04DDFFE700208DF85300FFE75E
:10D440000AE0139A25A850F8220042F62821C2F2D9
:10D45000000141F82200FFE7FFE713980130139025
:10D4600088E71098006A48B9FFE79DF85300C007A5
:10D4700020B1FFE7109901200862FFE7109890EDB6
:10D48000000A9FEDEC1A30EE010A80ED000A90EDE3
:10D49000000A9FEDE91AB4EE410AF1EE10FA06DD3A
:10D4A000FFE710990020C4F2A0200860FFE7109861
:10D4B00090ED010A9FEDDF1A30EE010A80ED010ABE
:10D4C00090ED010A9FEDDD1AB4EE410AF1EE10FA7B
:10D4D00006DDFFE710990020C4F28C204860FFE7CA
:10D4E000109890ED020A9FEDD31A30EE010A80EDFC
:10D4F000020A90ED020A9FEDD01AB4EE410AF1EE55
:10D5000010FA13DD0CE000BFF366DFBFA69B443BBF
:10D5100035FA8E3C7F6A7C3F7F6A7CBFCDCC4C3E27
:10D5200010990020C4F2A0208860FFE7109890EDC9
:10D53000030A9FEDC01A30EE010A80ED030A90ED58
:10D54000030A9FEDBF1AB4EE410AF1EE10FA06DDB0
:10D55000FFE710990020C4F22020C860FFE7109870
:10D5600090ED040A9FEDB31A30EE010A80ED040A33
:10D5700090ED040A9FEDB11AB4EE410AF1EE10FAF3
:10D5800006DDFFE710990020C4F28C200861FFE758
:10D59000109890ED050A9FEDA71A30EE010A80ED74
:10D5A000050A90ED050A9FEDA71AB4EE410AF1EEC7
:10D5B00010FA06DDFFE710990020C4F20C20486144
:10D5C000FFE7109890ED060A9FED9A1A30EE010AD7
:10D5D00080ED060A90ED060AB3EE041AB4EE410A95
:10D5E000F1EE10FA06DDFFE710990020C4F2A0105A
:10D5F0008861FFE7109890ED070A9FED8E1A30EED4
:10D60000010A80ED070A90ED070AB3EE041AB4EEA2
:10D61000410AF1EE10FA06DDFFE710990020C4F28E
:10D62000A010C861FFE7169842F65421C2F200012B
:10D630000860179842F65821C2F200010860199854
:10D6400042F65C21C2F20001086042F64820C2F2B4
:10D650000000007800F00300012836D1FFE71098A1
:10D6600042F62821C2F20001059191ED000ADDED9C
:10D670001D0A90ED001A9DED152A40F22850C2F2C5
:10D68000000043F2CC31C2F2000101220692F1EE19
:10D69000041ACDED071AFDF7F9F905991098069AC5
:10D6A000DDED071A91ED040ADDED210A90ED041A73
:10D6B0009DED192A40F28040C2F2000043F2F4319D
:10D6C000C2F20001FBF7F0FFB1E042F64820C2F2DF
:10D6D0000000007800F00300022833D1FFE7109823
:10D6E00042F62821C2F20001049191ED010ADDED1C
:10D6F0001E0A90ED011A9DED162A40F22850C2F242
:10D70000000043F2CC31C2F200010222F1EE041A11
:10D71000FDF7BCF90499109891ED050ADDED220A98
:10D7200090ED051A9DED1A2A40F2C020C2F20000C9
:10D7300043F2F431C2F200010122F0EE001AFCF7CC
:10D74000ABFC73E042F64820C2F20000007800F023
:10D750000300032833D1FFE7109842F62821C2F2D4
:10D760000001039191ED020ADDED1F0A90ED021A0E
:10D770009DED172A40F22850C2F2000043F2CC314E
:10D78000C2F200010322F1EE041AFDF77FF90399BA
:10D79000109891ED060ADDED230A90ED061A9DED35
:10D7A0001B2A40F2C020C2F2000043F2F431C2F260
:10D7B00000010222F0EE001AFCF76EFC35E0109832
:10D7C00042F62821C2F20001009191ED030ADDED3D
:10D7D000200A90ED031A9DED182A40F2D830C2F2CB
:10D7E000000043F2CC31C2F2000101220192F0EEBE
:10D7F000001ACDED021AFBF757FF00991098019A15
:10D80000DDED021A91ED070ADDED240A90ED071A0D
:10D810009DED1C2A40F21820C2F2000043F2F431C0
:10D82000C2F20001FBF740FFFFE7FFE7FFE736B07A
:10D8300080BD00BFCDCC4C3E0000A04200008C4219
:10D840000000204200000C4200000000C2B8B2BD3F
:10D8500080B582B0009040F22850C2F20000012250
:10D860001146FEF731F800284FD0FFE740F228506C
:10D87000C2F2000002210322FEF726F8002844D05D
:10D88000FFE740F22850C2F2000003210522FEF714
:10D890001BF8D0B3FFE740F2D830C2F200000121FC
:10D8A0000722FDF777FD80B3FFE740F28040C2F228
:10D8B000000001221146FDF76DFD30B3FFE740F295
:10D8C000C020C2F2000001210322FDF79BFEE0B15F
:10D8D000FFE740F2C020C2F2000002210522FDF75E
:10D8E00091FE90B1FFE740F21820C2F20000012142
:10D8F0000722FDF74FFD40B1FFE740F2B010C2F242
:10D900000000FBF7D5FA20B9FFE700208DF80700EB
:10D9100003E001208DF80700FFE79DF8070002B043
:10D9200080BD000080B58EB00D900D98089040F23B
:10D930002850C2F20000009001210591FEF72CF85A
:10D9400000980899B1EE400A81ED130A022107916F
:10D95000FEF722F800980899B1EE400A81ED140A0A
:10D9600003210191FEF718F8059908988DED0C0A2E
:10D970009DED0C1A90ED140A9FED622A8DED022A9E
:10D9800020EE020A30EE410A80ED150A40F2D8304E
:10D99000C2F200000390FDF765FD05990898B1EE0D
:10D9A000400A80ED160A40F28040C2F20000049066
:10D9B000FDF758FD0599089880ED170A40F2C02040
:10D9C000C2F200000690FDF785FE06980799089AB6
:10D9D00082ED180AFDF77EFE00980599089AB1EECF
:10D9E000400A82ED190AFEF721F800980799089A73
:10D9F000B1EE400A82ED1A0AFEF718F80098019974
:10DA00008DED0B0AFEF712F89DED022A0398059999
:10DA1000089A8DED0A0A9DED0B1A9DED0A0A20EE7B
:10DA2000020A30EE410A82ED1B0A9DED0A0AB1EEB0
:10DA3000400A82ED1C0AFDF75FFD04980599089ADB
:10DA4000B1EE400A82ED1D0AFDF756FD05990698D4
:10DA5000089AB1EE400A82ED1E0AFDF785FE06988F
:10DA60000799089A82ED1F0AFDF77EFE0098059936
:10DA7000089AB1EE400A82ED200AFDF7A3FF009854
:10DA80000799089AB1EE400A82ED210AFDF79AFF44
:10DA900000980199089AB1EE400A82ED220AFDF73A
:10DAA00091FF9DED022A03980599089A8DED090AC8
:10DAB0009DED091A92ED220A20EE020A30EE410A8B
:10DAC00082ED230AFDF7E4FC04980599089AB1EE6B
:10DAD000400A82ED240AFDF7DBFC05990698089AB6
:10DAE00082ED250AFDF70CFE06980799089A82ED4B
:10DAF000260AFDF705FE0898B1EE400A80ED270AD8
:10DB00000EB080BD7F6A7C3F81B0009000990020FC
:10DB1000086242F2A572C2F200021070086048600A
:10DB20008860C860086148618861C86101B0704759
:10DB300080B582B0019001980090FFF789FE014600
:10DB4000009881F0010142F2A472C2F20002117049
:10DB5000FFF7E8FE02B080BD82B00190009101980D
:10DB6000009900EB810090ED130A02B070470000AD
:10DB700082B0019000910198009900EB810090ED36
:10DB8000210A02B0704700008AB0089008990491F9
:10DB9000099100200590086048608860C8600861AD
:10DBA00048618861C861086281F824008862C8629F
:10DBB000086348638863C8630864486481F8480060
:10DBC000C86401F15000683106910790FFE707999A
:10DBD000069A002041F8040B084691420790F6D1BE
:10DBE000FFE704990020886601F16C0084310291FE
:10DBF0000390FFE70399029A002041F8040B0846BE
:10DC000091420390F6D1FFE704990020C1F8840007
:10DC100001F18800A03100910190FFE70199009A7D
:10DC2000002041F8040B084691420190F6D1FFE72D
:10DC300009980AB07047000081B00090009890EDFC
:10DC4000050A01B07047000081B00090009800699B
:10DC500001B0704786B00590049103928DF80B30A7
:10DC60000020ADF808000399C9080191039901F05B
:10DC700007018DF803108DF80200FFE79DF8020000
:10DC80009DF80B1088422DDAFFE704980199405C5B
:10DC90009DF80310C84000F001008DF801009DF8C8
:10DCA00001009DF8021000FA01F1BDF808000843D8
:10DCB000ADF808009DF8030001308DF803009DF8D1
:10DCC0000300082807D1FFE700208DF80300019822
:10DCD00001300190FFE7FFE79DF8020001308DF869
:10DCE0000200CBE7BDF8080006B0704782B0019093
:10DCF0008DF803109DF80300002818BF012002B022
:10DD00007047000081B00090009890ED0C0A01B0BF
:10DD10007047000082B001908DF803108DF802204A
:10DD20009DF803009DF8021040EA012000B202B005
:10DD30007047000080B584B00390ADF80A10BDF8BC
:10DD40000A00ADF808004FF4B670ADF8060002A85E
:10DD50000DF1060102F0CEF940F29461ADF8041025
:10DD600001A902F007FAB0F9000004B080BD00007C
:10DD700081B000900098807A01B0704781B0009027
:10DD80000098C07A01B0704784B003908DF80B10F2
:10DD9000039800909DF80B100020022901900BD8E9
:10DDA000FFE700989DF80B1000EB810080680028C9
:10DDB00018BF01200190FFE7019800F0010004B0B6
:10DDC0007047000081B000900098406801B0704733
:10DDD00081B000900098406801B0704784B0039013
:10DDE0008DF80B10039800909DF80B10002002296D
:10DDF00001900BD8FFE700989DF80B1000EB810015
:10DE00008068002818BF01200190FFE7019800F00A
:10DE1000010004B07047000080B582B00190019805
:10DE200000F5816000F0C2F802B080BD80B582B01C
:10DE30000190019800F5816000F0B8F8A0F58060CD
:10DE4000B0FA80F0400902B080BD000080B588B013
:10DE5000069005910492069801900599029100F5AB
:10DE6000816000F0A3F801460298884204D3FFE7DE
:10DE700000208DF81F000FE00198D0F80414059AD7
:10DE800011446FF39F2103910399405C049908703A
:10DE900001208DF81F00FFE79DF81F0008B080BD2E
:10DEA00081B000904FF4806001B0704780B582B0BF
:10DEB0000190019800F5816000F078F8B0FA80F0E8
:10DEC000400902B080BD000081B000900098D0F8F9
:10DED000080101B07047000081B000900098006A0E
:10DEE0000138B0FA80F0400901B0704780B582B0C7
:10DEF00001900091019882680099904702B080BD1E
:10DF000081B000900098C068017A0120884301B078
:10DF10007047000080B582B001900091019882683E
:10DF20000099904702B080BD81B000900098C06811
:10DF3000017A0120884301B07047000080B582B0AB
:10DF400001900091019882680099904702B080BDCD
:10DF500081B000900098C068017A0120884301B028
:10DF60007047000081B000900098006801B07047D1
:10DF700081B000900098006801B0704781B00090B7
:10DF80000098006801B0704781B000900098006868
:10DF900001B0704780B582B001908DF803100198F0
:10DFA0009DF8031001F0B8F802B080BD80B582B0D2
:10DFB000019001980521FFF7EDFF02B080BD000040
:10DFC00080B582B001900198009000F007F80099A8
:10DFD00000680968401A001102B080BD80B582B0A7
:10DFE000019001980C3000F02BF802B080BD0000C9
:10DFF00080B582B001900198009000F007F8009978
:10E0000000680968401A001102B080BD80B582B076
:10E01000019001980C3000F02BF802B080BD000098
:10E0200080B582B00190019800F04CF802B080BD3C
:10E0300080B582B00190019800F032F802B080BD46
:10E0400080B582B00190019800F03CF802B080BD2C
:10E0500080B582B00190019800F03AF802B080BD1E
:10E0600080B582B00190019800F020F802B080BD28
:10E0700080B582B00190019800F02AF802B080BD0E
:10E0800080B582B00190019800F028F802B080BD00
:10E0900080B582B00190019800F00EF802B080BD0A
:10E0A00081B00090009801B07047000081B00090EE
:10E0B000009801B07047000081B00090009801B056
:10E0C0007047000081B00090009801B070470000D8
:10E0D00081B00090009801B07047000081B00090BE
:10E0E000009801B07047000081B00090009890F84F
:10E0F000060100F0010001B07047000083B00290FB
:10E1000001910092019801680098026800209142F4
:10E1100038BF012003B0704783B002900191009294
:10E120000198B0F900100098B0F900200020914249
:10E13000B8BF012003B0704780B588B00690059144
:10E140000698019000F058F80490059804998842C8
:10E1500003D9FFE7019800F025F8019800F03EF898
:10E16000039003980499B0EB510F03D3FFE7049891
:10E17000079009E003984000029002A805A901F069
:10E1800099FF00680790FFE7079808B080BD00007E
:10E1900082B00190009102B07047000081B0009001
:10E1A00001B0704782B0019045F6E520C0F601004D
:10E1B00001F0ECF881B00090009801684068401AC6
:10E1C000001101B07047000080B582B00190019845
:10E1D0000830FFF72DFF02B080BD000080B582B08F
:10E1E00001900198009000F01BF800990068096800
:10E1F000401A001102B080BD80B584B0039003982E
:10E20000FFF7E2FF00F046FE029000F017FE0190DB
:10E2100002A801A901F08EFF006804B080BD0000D3
:10E2200080B582B0019001980830FFF7F9FE02B086
:10E2300080BD000080B588B00690059106980190D9
:10E2400000F058F8049005980499884203D9FFE734
:10E25000019800F025F8019800F03EF8039003982B
:10E260000499B0EB510F03D3FFE70498079009E03E
:10E2700003984000029002A805A901F01BFF006866
:10E280000790FFE7079808B080BD000082B00190BA
:10E29000009102B07047000081B0009001B070475B
:10E2A00082B0019045F6E520C0F6010001F06EF85D
:10E2B00081B00090009801684068401A001101B0D8
:10E2C0007047000080B582B0019001980830FFF7D8
:10E2D000C7FE02B080BD000080B582B001900198F9
:10E2E000009000F01BF8009900680968401A0011BE
:10E2F00002B080BD80B584B003900398FFF7E2FFC1
:10E3000000F0FEFD029000F099FD019002A801A925
:10E3100001F010FF006804B080BD000080B582B03D
:10E32000019001980830FFF793FE02B080BD000015
:10E3300082B00190009102B07047000081B000905F
:10E3400001B0704782B0019045F6E520C0F60100AB
:10E3500001F01CF880B582B0019001980830FFF7F9
:10E3600097FE02B080BD000080B582B00190019898
:10E37000009000F01BF8009900680968401A02B08C
:10E3800080BD000080B584B003900398FFF7E2FFE2
:10E3900000F0ECFD029000F051FD019002A801A9EF
:10E3A00001F0C8FE006804B080BD000080B582B0F6
:10E3B000019001980830FFF763FE02B080BD0000B5
:10E3C00080B582B00190009101980099FFF78EFD11
:10E3D00002B080BD80B582B001900198FFF790FD3A
:10E3E00002B080BD80B582B0019000910198009983
:10E3F000FFF790FD02B080BD80B582B0019001981A
:10E40000FFF792FD02B080BD80B582B0019000910F
:10E4100001980099FFF792FD02B080BD80B582B0EF
:10E4200001900198FFF794FD02B080BD81B000908B
:10E430006FF0704001B0704781B000906FF0704095
:10E4400001B0704781B000904FF0FF3001B07047CD
:10E4500081B00090009801B07047000080B582B094
:10E46000019001980090FFF73FFE10B9FFE701F01F
:10E4700095FA0098FFF7ECFF02B080BD81B00090E4
:10E48000012001B07047000081B00090012001B070
:10E490007047000081B00090012001B0704700007B
:10E4A00081B00090012001B07047000080B584B0B9
:10E4B0000290019102980390019A1168526842609B
:10E4C00001600199896881600199C968C160C0686B
:10E4D000406858B1FFE700F07BFA0199C8606846D0
:10E4E00000F0CCF9019900988860FFE7039804B028
:10E4F00080BD000080B584B0029001910298009028
:10E500000390019A1168526842600160019989681C
:10E5100081600199C968C160C068006848B1FFE7BF
:10E520000098C068016801980068884700990860F1
:10E53000FFE7039804B080BD80B586B004900391D6
:10E54000049801900590083000F098F900F040FA26
:10E550000199C8600398FFF791FF78B1FFE700F0D9
:10E560006DF9019902900298886000F057FA01460F
:10E570000198C160039900F0EBF9FFE7059806B038
:10E5800080BD000080B586B004900391049801908E
:10E590000590083000F072F900F01AFA0199C8608D
:10E5A0000398FFF771FF78B1FFE700F053F9019985
:10E5B00002900298886000F037FA01460198C16025
:10E5C000039900F0D5F9FFE7059806B080BD00007B
:10E5D00080B584B00290029801900390C0684068B2
:10E5E00030B1FFE701990868C96849688847FFE7C3
:10E5F000039804B080BD000080B584B00290019102
:10E6000002980390019A1168526842600160019972
:10E61000896881600199C968C160C068406858B163
:10E62000FFE700F0D5F90199C860684600F056F997
:10E63000019900988860FFE7039804B080BD00004E
:10E6400080B584B002900191029800900390019AE5
:10E65000116852684260016001998968816001997E
:10E66000C968C160C068006848B1FFE70098C06829
:10E67000016801980068884700990860FFE70398DF
:10E6800004B080BD80B586B00490039104980190D9
:10E690000590083000F022F900F09AF90199C8605D
:10E6A0000398FFF7F7FE78B1FFE700F003F901994F
:10E6B00002900298886000F0BDF901460198C1609F
:10E6C000039900F065F9FFE7059806B080BD0000EA
:10E6D00080B584B00290029801900390C0684068B1
:10E6E00030B1FFE701990868C96849688847FFE7C2
:10E6F000039804B080BD000080B584B003900291FF
:10E700000398019008300299083101F053FD0198F7
:10E710000C3002990C3101F073FD0198029901F05F
:10E7200059FD04B080BD000080B584B00290019115
:10E73000029800900390019A11685268426001604B
:10E740000199896881600199C968C160C0680068E1
:10E7500048B1FFE70098C0680168019800688847E1
:10E7600000990860FFE7039804B080BD80B582B0CF
:10E77000019001980090083000F0E0F800F028F9CE
:10E7800001460098C16002B080BD000080B586B02F
:10E7900004900391049801900590083000F0CEF8A1
:10E7A00000F016F90199C8600398FFF779FE78B177
:10E7B000FFE700F0AFF8019902900298886000F03E
:10E7C0003FF901460198C160039900F0F1F8FFE7B5
:10E7D000059806B080BD000080B584B00290029814
:10E7E00001900390C068406830B1FFE70199086864
:10E7F000C96849688847FFE7039804B080BD0000F6
:10E8000080B584B003900291039801900198029919
:10E8100000F0A4F804B080BD80B584B003900291EC
:10E82000039801900198029900F0A8F804B080BD07
:10E8300082B00190009101F069F8000080B582B0CB
:10E840004EF60101C0F6000101A800F00FF8019892
:10E8500002B080BD80B582B04EF61901C0F600014D
:10E8600001A800F003F8019802B080BD82B00190C9
:10E87000009101980099016002B0704781B000904A
:10E8800000984EF63101C0F60001016001B07047FA
:10E8900080B584B003900291039801900198029989
:10E8A00000F07CF804B080BD82B00190009101F0CE
:10E8B0002DF8000080B582B04EF69101C0F600013F
:10E8C00001A800F003F8019802B080BD82B0019069
:10E8D000009101980099016002B0704781B00090EA
:10E8E00000984EF6A901C0F60001016001B0704722
:10E8F00080B584B003900291039801900198029929
:10E9000000F05CF804B080BD82B00190009100F08E
:10E91000FDFF000080B582B04EF6F101C0F60001A7
:10E9200001A800F003F8019802B080BD82B0019008
:10E93000009101980099016002B0704781B0009089
:10E9400000984EF60911C0F60001016001B0704751
:10E9500082B001900091019802B0704780B582B0FA
:10E96000019000910198009901F01EF802B080BD5D
:10E9700082B001900091019802B0704780B582B0DA
:10E98000019000910198009901F018F802B080BD43
:10E9900082B001900091019802B0704780B582B0BA
:10E9A000019000910198009901F012F802B080BD29
:10E9B00082B001900091019802B0704780B582B09A
:10E9C000019000910198009901F00CF802B080BD0F
:10E9D00045F6E000C0F601007047000081B045F642
:10E9E000F000C0F6010001B07047000081B045F6AC
:10E9F0000010C0F6010001B07047000081B045F67C
:10EA00001010C0F6010001B07047000081B045F65B
:10EA10002010C0F6010001B07047000080B582B040
:10EA2000FFF7DCFF02B080BD80B582B0FFF7DEFFEC
:10EA300002B080BD80B582B0FFF7E0FF02B080BDBC
:10EA400080B582B0FFF7E2FF02B080BD82B00190D6
:10EA5000009101980099016002B0704781B0009068
:10EA6000009801681031016001B0704782B00190D8
:10EA7000009101980099016002B0704781B0009048
:10EA8000009801681031016001B0704781B00090BA
:10EA9000009801B07047000081B00090009801B06C
:10EAA0007047000081B00090009801B070470000EE
:10EAB00080B584B0039002918DF807208DF8063060
:10EAC000039802999DF806309DF80720EC46CCF893
:10EAD000003002F0010201F061F804B080BD0000D6
:10EAE00080B582B001908DF803108DF80220019856
:10EAF0009DF802209DF8031001F0010100F04AFB8F
:10EB000002B080BD80B584B003908DF80B100398DF
:10EB100001909DF80B1001F0010100F0E1FA01985D
:10EB200004B080BD80B584B0039002910398019039
:10EB3000029900F0E5FA019804B080BD80B584B078
:10EB4000039002918DF80720039802999DF8072001
:10EB500000F0C2FC04B080BD80B584B00390029187
:10EB60008DF80720039802999DF8072000F074FDA6
:10EB700004B080BD80B584B00390029103980190E9
:10EB80000299FFF7CFFF019804B080BD80B582B035
:10EB900001900091019801210522FFF7DDFF02B0ED
:10EBA00080BD000080B582B00190009101980121E4
:10EBB0000522FFF7C3FF02B080BD000080B584B01E
:10EBC000039002910398029900F002F804B080BD0E
:10EBD00080B586B00490039104980290FFE70299F3
:10EBE0000398896888420FD0FFE7029800F018F870
:10EBF00002990190886810388860FFF747FF014646
:10EC0000019800F03DF9EAE706B080BD80B582B01A
:10EC1000019001984168FFF7D1FF02B080BD00006C
:10EC200080B582B0019001980C3000F0D9F902B0A3
:10EC300080BD000080B582B0019001980C3000F0DA
:10EC4000C7F902B080BD000080B58AB00890079176
:10EC5000069205930898019009900C3000210491C8
:10EC6000059A04A900F0C6F9079820B9FFE70199B1
:10EC7000002008600DE00198FFF7D2FF0146079AD7
:10EC800002A800F0D5FA019902980860039807904D
:10EC9000FFE701980168069A01EB0211816041606B
:10ECA0000168079A01EB02110091FFF7C3FF0146CB
:10ECB0000098086009980AB080BD000080B586B051
:10ECC0000490049803900590FFF7A0FF0398006854
:10ECD00080B1FFE70398FFF7A3FF01460398029175
:10ECE00001680191FFF76CF901990246029800F062
:10ECF000BBF8FFE7059806B080BD000080B584B082
:10ED0000039002910398029900F002F804B080BDCC
:10ED100080B586B00490039104980290FFE70299B1
:10ED20000398896888420FD0FFE7029800F018F82E
:10ED300002990190886810388860FFF7ADFE01469F
:10ED4000019800F0D3F8EAE706B080BD80B582B044
:10ED5000019001984168FFF7D1FF02B080BD00002B
:10ED600080B582B0019001980C3000F07DF902B0BE
:10ED700080BD000080B582B0019001980C3000F099
:10ED80006BF902B080BD000080B58AB00890079191
:10ED9000069205930898019009900C300021049187
:10EDA000059A04A900F06AF9079820B9FFE70199CC
:10EDB000002008600DE00198FFF7D2FF0146079A96
:10EDC00002A800F045FA019902980860039807909C
:10EDD000FFE701980168069A01EB0211816041602A
:10EDE0000168079A01EB02110091FFF7C3FF01468A
:10EDF0000098086009980AB080BD000080B586B010
:10EE00000490049803900590FFF7A0FF0398006812
:10EE100080B1FFE70398FFF7A3FF01460398029133
:10EE200001680191FFF7E4F801990246029800F0A9
:10EE300051F8FFE7059806B080BD000080B500F0EE
:10EE40000FFD80BD81B00090009801B070470000B8
:10EE500081B00090009801B07047000081B0009030
:10EE6000009801B07047000080B584B00390029113
:10EE7000019203980299019A01F090FF04B080BDBD
:10EE800080B582B0019000910198009901F094FF43
:10EE900002B080BD80B582B001900198FFF7C6FA3C
:10EEA00002B080BD80B584B00390029101920398B6
:10EEB0000299019A01F0A2FF04B080BD80B584B030
:10EEC00003900291019203980299019A01F0A2FF26
:10EED00004B080BD80B584B0039002910192039884
:10EEE0000299019A01F0ACFF04B080BD80B582B0F8
:10EEF000019000910198009901F0B0FF02B080BD2F
:10EF000080B582B001900198FFF796FA02B080BDFB
:10EF100080B584B003900291019203980299019AFE
:10EF200001F0BEFF04B080BD80B584B003900291B3
:10EF3000019203980299019A01F0BEFF04B080BDCE
:10EF400080B584B003900291019203980299019ACE
:10EF500001F0C8FF04B080BD80B582B0019000917F
:10EF60000198009901F0CAFF02B080BD80B582B05F
:10EF700001900198FFF766FA02B080BD80B582B0BB
:10EF8000019000910198009901F0D4FF02B080BD7A
:10EF900080B582B00190019800F044FA02B080BDC3
:10EFA00080B582B00190019800F00CFA02B080BDEB
:10EFB00080B586B00590049103920598019004995C
:10EFC00000F036FA019800F003FA019806B080BD0F
:10EFD00080B582B00190019800F024FA02B080BDA3
:10EFE00080B582B001900198043000F045FA02B07B
:10EFF00080BD000080B584B0039002910192039817
:10F000000090029900F014FA00980430019900F081
:10F0100039FA009804B080BD80B582B001900198A3
:10F0200000F00EFA02B080BD80B582B00190019868
:10F0300000F0D8F902B080BD80B586B0059004918B
:10F04000039205980190049900F000FA019800F0ED
:10F05000CFF9019806B080BD80B582B001900198CB
:10F0600000F0EEF902B080BD80B582B00190019849
:10F07000043000F00FFA02B080BD000080B584B00B
:10F0800003900291019203980090029900F0DEF93A
:10F0900000980430019900F003FA009804B080BD94
:10F0A00080B582B00190019800F0D8F902B080BD1F
:10F0B00080B582B00190019800F0A4F902B080BD43
:10F0C00080B586B00590049103920598019004994B
:10F0D00000F0CAF9019800F09BF9019806B080BDD4
:10F0E00080B584B003908DF80B10039801909DF8C3
:10F0F0000B1001F0010100F0DBF9019804B080BDB4
:10F1000080B584B00390029103980190029900F0B9
:10F11000DBF9019804B080BD85B004908DF80F1024
:10F12000049800909DF80F10481E0191022808D302
:10F13000FFE7019805280AD0FFE7009800680290D1
:10F140000BE000980068BFF35F8F029005E0009825
:10F150000068BFF35F8F0290FFE7029805B0704729
:10F1600080B584B002900191019800F093FB40B10A
:10F17000FFE7019800900298009900F019F90390B8
:10F1800004E0029800F00CF90390FFE7039804B044
:10F1900080BD000084B003908DF80B108DF80A201C
:10F1A000039800909DF80A009DF80B1001F00101F2
:10F1B0008DF8091001460191032809D0FFE7019855
:10F1C00005280CD0FFE700999DF8090008700FE0B2
:10F1D00000999DF80900BFF35F8F087008E000995F
:10F1E0009DF80900BFF35F8F0870BFF35F8FFFE7E3
:10F1F00004B0704783B08DF80B009DF80B00032816
:10F2000003D1FFE7002001900EE09DF80B000428D9
:10F2100003D1FFE70220009003E09DF80B0000906F
:10F22000FFE700980190FFE70198C0B203B0704774
:10F2300080B584B00190039102920398029901F085
:10F24000C5FD019908600298486004B080BD0000C7
:10F2500080B584B00190039102920398029901F065
:10F2600007FE019908600298486004B080BD000064
:10F2700080B584B00190039102920398029901F045
:10F2800043FE019908600298486004B080BD000008
:10F2900080B584B0039002910192FFE70298019932
:10F2A00088420ED0FFE7039800900298FFF7EEFB2C
:10F2B00001460098FFF7E4FDFFE702981030029046
:10F2C000ECE704B080BD000080B584B003900291EB
:10F2D0000192FFE70298019988420ED0FFE7039858
:10F2E00000900298FFF7D8FB01460098FFF7FEFD5B
:10F2F000FFE7029810300290ECE704B080BD0000F8
:10F3000080B584B0039002910192019800F0C2FA96
:10F3100040B1FFE70198009003980299009A00F02D
:10F3200005FB04E00398029900F0F6FAFFE704B049
:10F3300080BD000080B582B001900198009000F07F
:10F3400093FA009802B080BD80B584B0029001911C
:10F3500002980090019900F091FA009804B080BDE5
:10F3600080B582B0019001980090FFF7E3FF00980C
:10F3700002B080BD80B584B00290019102980090E7
:10F380000199FFF7E1FF009804B080BD82B00190C1
:10F39000019945F63620C0F6010000F01DFA000084
:10F3A00080B582B00190019805F0D8FA02B080BD16
:10F3B00080B582B0019000910198009905F0D7FACC
:10F3C00002B080BD81B00090009801B0704700008D
:10F3D00080B584B002900298019001F027FD019859
:10F3E00004B080BD81B00090009801B0704700006B
:10F3F00080B584B002900298019001F069FD0198F7
:10F4000004B080BD81B00090009801B0704700004A
:10F4100080B584B002900298019001F093FD0198AC
:10F4200004B080BD81B00090009801B0704700002A
:10F4300082B00190009101980021016002B07047F4
:10F4400081B00090009801B07047000082B0019038
:10F45000009101980021016002B0704781B00090D6
:10F46000009801B07047000082B0019000910198AF
:10F470000021016002B0704781B0009000980068E0
:10F4800001B0704782B0019000910198009901602D
:10F4900002B0704781B000900098006801B07047DA
:10F4A00082B00190009101980099016002B070470C
:10F4B00082B001908DF8031001989DF8031001F0BF
:10F4C0000101017002B0704782B001900091019873
:10F4D0000099016002B0704796B0159014918DF8B4
:10F4E0004F2015980F909DF84F00149912910138F4
:10F4F00001461091042805D81099DFE801F0222276
:10F50000436487000F9812990D9100680E90FFE7F1
:10F510000E990F9B0D9801EB000C53E8000F084566
:10F5200003D143E800C2002AF7D10C90411AB1FA86
:10F5300081F1490901290E90EAD1FFE70C98119059
:10F5400087E00F9812990A9100680B90FFE70B99DA
:10F550000F9B0A9801EB000C53E8000F084503D1FC
:10F5600043E800C2002AF7D10990411AB1FA81F1AB
:10F57000490901290B90EAD1FFE70998BFF35F8F92
:10F58000119066E00F9812990791BFF35F8F0068A2
:10F590000890FFE708990F9B079801EB000C53E8D0
:10F5A000000F084503D143E800C2002AF7D10690B6
:10F5B000411AB1FA81F1490901290890EAD1FFE71E
:10F5C0000698119045E00F9812990491BFF35F8F50
:10F5D00000680590FFE705990F9B049801EB000C6C
:10F5E00053E8000F084503D143E800C2002AF7D1D1
:10F5F0000390411AB1FA81F1490901290590EAD134
:10F60000FFE70398BFF35F8F119022E00F981299E4
:10F610000191BFF35F8F00680290FFE702990F9B93
:10F62000019801EB000C53E8000F084503D143E8B3
:10F6300000C2002AF7D10090411AB1FA81F14909BC
:10F6400001290290EAD1FFE70098BFF35F8F119084
:10F65000FFE7119816B0704796B0159014918DF889
:10F660004F2015980F909DF84F0014991291013872
:10F6700001461091042805D81099DFE801F02222F4
:10F68000436487000F9812990D9100680E90FFE770
:10F690000E990F9B0D98A1EB000C53E8000F084545
:10F6A00003D143E800C2002AF7D10C90411AB1FA05
:10F6B00081F1490901290E90EAD1FFE70C981190D8
:10F6C00087E00F9812990A9100680B90FFE70B9959
:10F6D0000F9B0A98A1EB000C53E8000F084503D1DB
:10F6E00043E800C2002AF7D10990411AB1FA81F12A
:10F6F000490901290B90EAD1FFE70998BFF35F8F11
:10F70000119066E00F9812990791BFF35F8F006820
:10F710000890FFE708990F9B0798A1EB000C53E8AE
:10F72000000F084503D143E800C2002AF7D1069034
:10F73000411AB1FA81F1490901290890EAD1FFE79C
:10F740000698119045E00F9812990491BFF35F8FCE
:10F7500000680590FFE705990F9B0498A1EB000C4A
:10F7600053E8000F084503D143E800C2002AF7D14F
:10F770000390411AB1FA81F1490901290590EAD1B2
:10F78000FFE70398BFF35F8F119022E00F98129963
:10F790000191BFF35F8F00680290FFE702990F9B12
:10F7A0000198A1EB000C53E8000F084503D143E892
:10F7B00000C2002AF7D10090411AB1FA81F149093B
:10F7C00001290290EAD1FFE70098BFF35F8F119003
:10F7D000FFE7119816B0704784B0844601A80EC0A8
:10F7E00040F2D00001AAC2F2000061460092F0F798
:10F7F0007EFFF0F781FF000080B588B00790069388
:10F80000059204910499059A069B03930292019133
:10F810000199029A039B00F013F908B080BD000023
:10F8200080B588B007900693059204910499059AD3
:10F83000069B0393029201910199029A039B00F0A7
:10F8400017F908B080BD000080B584B00390029124
:10F8500002990191019900F023F904B080BD0000E4
:10F860006FF000407047000080B582B001900198B1
:10F87000009000F02FF8009802B080BD80B584B0F1
:10F880000290019102980090019900F02DF80098E3
:10F8900004B080BD81B0009000990020082988BF85
:10F8A000012001B07047000080B582B00190009146
:10F8B0000198009901F024FC02B080BD80B584B0AD
:10F8C00003900291019203980299019A01F01AFCA7
:10F8D00004B080BD81B0009000980021017080F8D4
:10F8E000061101B07047000080B584B0029001910C
:10F8F0000298009001994FF48372F0F7BEFD0098D2
:10F90000012180F8061104B080BD000045F6B0204A
:10F91000C0F60100FFF760FF80B582B00190009152
:10F9200001980099FFF7C0FF02B080BD80B584B098
:10F9300003900291019203980299019AFFF7BEFF8A
:10F9400004B080BD80B582B0019001980090FFF7AF
:10F9500007FD009802B080BD80B584B0029001918F
:10F96000029800900199FFF705FD009804B080BD52
:10F9700080B582B0019001980090FFF7E3FF0098F6
:10F9800002B080BD80B584B00290019102980090D1
:10F990000199FFF7E1FF009804B080BD45F6EC2027
:10F9A000C0F60100FFF718FF80B582B0019000910A
:10F9B0000198009901F000F902B080BD80B582B0D5
:10F9C000019000910198009901F000F902B080BD0A
:10F9D00080B582B0019000910198009901F000F982
:10F9E00002B080BD80B582B001900091019800996D
:10F9F00001F000F902B080BD84B003900291019241
:10FA00000093039802990160019941600099816017
:10FA100004B0704784B00390029101920093039860
:10FA200002990160019941600099816004B07047BA
:10FA300081B0009000990120087001B0704700006B
:10FA400084B003930292019100900098002101700C
:10FA500004B0704781B00090009801B0704700007A
:10FA600081B0009000990120087001B0704700003B
:10FA700084B00393029201910090009800210170DC
:10FA800004B0704781B00090009801B0704700004A
:10FA900081B0009000990120087001B0704700000B
:10FAA00082B00191009000980021017002B070476F
:10FAB00081B00090009801B07047000080B58CB014
:10FAC0000B900A9109920893089807900B9903A844
:10FAD00007AA08ABFFF790FF0399049A059B0DF165
:10FAE0001B00FFF789FE0A980290FFE70298099928
:10FAF00088420CD0FFE70B980899029AFFF7DEF9CD
:10FB0000029810300290089810300890EEE70DF13E
:10FB10001B000190FFF78CFF0B980A99099AFFF7D9
:10FB2000B7FB0198FFF796FF0CB080BD80B58CB095
:10FB30000B900A9109920893089807900B9903A8D3
:10FB400007AA08ABFFF766FF0399049A059B0DF11E
:10FB50001B00FFF765FE0A980290FFE702980999DB
:10FB600088420CD0FFE70B980899029AFFF7DCF95E
:10FB7000029810300290089810300890EEE70DF1CE
:10FB80001B000190FFF76CFF0B980A99099AFFF789
:10FB90009BFB0198FFF776FF0CB080BD80B5A8B045
:10FBA00084462A98CDF89CC026918DF897208DF830
:10FBB00096308DF8950027981F909DF8960021901B
:10FBC000269820909DF8970000F001008DF8940091
:10FBD0009DF89500FFF70EFB014621982291013810
:10FBE00001462391042805D82399DFE801F00C0C85
:10FBF00017222D002298013802284DD3FFE72298C2
:10FC0000052862D031E0229801380228C0F0B08087
:10FC1000FFE72298052800F0C48090E02298013880
:10FC20000228C0F01181FFE72298052800F0278103
:10FC3000F1E0229801380228C0F07681FFE722988F
:10FC4000052800F08C8154E1229801380228C0F088
:10FC5000DB81FFE72298052800F0F181B9E19DF8EA
:10FC6000930000F0010028B080BD1F9B2098017810
:10FC70009DF894C0C9B2D3E84F0F084503D1C3E83B
:10FC800042CF002AF7D11D90401AB0FA80F0400907
:10FC900001461E91C8BB34E01F9B209801789DF857
:10FCA00094C0C9B2D3E84F0F084503D1C3E842CF8F
:10FCB000002AF7D11B90401AB0FA80F04009BFF338
:10FCC0005F8F01461C9150BB25E01F9B2098017857
:10FCD0009DF894C0BFF35F8FC9B2D3E84F0F0845BA
:10FCE00003D1C3E842CF002AF7D11990401AB0FAE5
:10FCF00080F04009BFF35F8F01461A91C8B914E044
:10FD0000ADE71D9820990870FFE71E9800F00100EC
:10FD10008DF89300F4E71B9820990870FFE71C9872
:10FD200000F001008DF89300EAE719982099087017
:10FD3000FFE71A9800F001008DF89300E0E71F9BA1
:10FD4000209801789DF894C0C9B2D3E84F0F0845B8
:10FD500003D1C3E842CF002AF7D11790401AB0FA76
:10FD600080F04009BFF35F8F01461891C8BB34E0B3
:10FD70001F9B209801789DF894C0C9B2D3E84F0F1B
:10FD8000084503D1C3E842CF002AF7D11590401AA5
:10FD9000B0FA80F04009BFF35F8F0146169150BB67
:10FDA00025E01F9B209801789DF894C0BFF35F8FDA
:10FDB000C9B2D3E84F0F084503D1C3E842CF002AA8
:10FDC000F7D11390401AB0FA80F04009BFF35F8F6B
:10FDD00001461491C8B914E041E7179820990870BA
:10FDE000FFE7189800F001008DF89300F4E71598EC
:10FDF00020990870FFE7169800F001008DF8930035
:10FE0000EAE7139820990870FFE7149800F00100C2
:10FE10008DF89300E0E71F9B209801789DF894C02F
:10FE2000BFF35F8FC9B2D3E84F0F084503D1C3E8D2
:10FE300042CF002AF7D11190401AB0FA80F0400961
:10FE400001461291D8BB36E01F9B209801789DF89F
:10FE500094C0BFF35F8FC9B2D3E84F0F084503D1F9
:10FE6000C3E842CF002AF7D10F90401AB0FA80F0D1
:10FE70004009BFF35F8F0146109150BB25E01F9BE7
:10FE8000209801789DF894C0BFF35F8FC9B2D3E882
:10FE90004F0F084503D1C3E842CF002AF7D10D9098
:10FEA000401AB0FA80F04009BFF35F8F01460E910F
:10FEB000C8B914E0D3E6119820990870FFE71298AA
:10FEC00000F001008DF89300F4E70F982099087076
:10FED000FFE7109800F001008DF89300EAE70D9815
:10FEE00020990870FFE70E9800F001008DF893004C
:10FEF000E0E71F9B209801789DF894C0BFF35F8FC7
:10FF0000C9B2D3E84F0F084503D1C3E842CF002A56
:10FF1000F7D10B90401AB0FA80F04009BFF35F8F21
:10FF200001460C91D8BB36E01F9B209801789DF8C4
:10FF300094C0BFF35F8FC9B2D3E84F0F084503D118
:10FF4000C3E842CF002AF7D10990401AB0FA80F0F6
:10FF50004009BFF35F8F01460A9150BB25E01F9B0C
:10FF6000209801789DF894C0BFF35F8FC9B2D3E8A1
:10FF70004F0F084503D1C3E842CF002AF7D10790BD
:10FF8000401AB0FA80F04009BFF35F8F0146089134
:10FF9000C8B914E063E60B9820990870FFE70C9845
:10FFA00000F001008DF89300F4E70998209908709B
:10FFB000FFE70A9800F001008DF89300EAE7079840
:10FFC00020990870FFE7089800F001008DF8930071
:10FFD000E0E71F9B209801789DF894C0BFF35F8FE6
:10FFE000C9B2D3E84F0F084503D1C3E842CF002A76
:10FFF000F7D10590401AB0FA80F04009BFF35F8F47
:020000040801F1
:1000000001460691D8BB36E01F9B209801789DF8E9
:1000100094C0BFF35F8FC9B2D3E84F0F084503D137
:10002000C3E842CF002AF7D10390401AB0FA80F01B
:100030004009BFF35F8F0146049150BB25E01F9B31
:10004000209801789DF894C0BFF35F8FC9B2D3E8C0
:100050004F0F084503D1C3E842CF002AF7D10190E2
:10006000401AB0FA80F04009BFF35F8F0146029159
:10007000C8B914E0F3E5059820990870FFE70698E1
:1000800000F001008DF89300F4E7039820990870C0
:10009000FFE7049800F001008DF89300EAE701986B
:1000A00020990870FFE7029800F001008DF8930096
:1000B000E0E7000080B584B00390029103980299B4
:1000C00000F002F804B080BD80B584B002900191C8
:1000D0000299019A0DF10F00FEF710F818B1FFE731
:1000E0000198009002E002980090FFE7009804B0A9
:1000F00080BD000080B584B00390029103980299FE
:1001000000F002F804B080BD80B584B00290019187
:100110000299019A0DF10F00FDF7FEFF18B1FFE7FC
:100120000198009002E002980090FFE7009804B068
:1001300080BD000080B584B00390029103980299BD
:1001400000F002F804B080BD80B584B00290019147
:100150000199029A0DF10F00FDF7D0FF18B1FFE7EA
:100160000198009002E002980090FFE7009804B028
:1001700080BD000080B584B003900291039802997D
:1001800000F002F804B080BD80B584B00290019107
:100190000199029A0DF10F00FDF7BEFF18B1FFE7BC
:1001A0000198009002E002980090FFE7009804B0E8
:1001B00080BD000083B00290019102980068009019
:1001C000019802990068086001990098086003B0DE
:1001D0007047000084B00390029103990868496851
:1001E00001910090029A0399106852684A60086071
:1001F00002990098019A4A60086004B070470000B4
:1002000083B0029001910298006800900198006804
:100210000299086000980199086003B070470000D7
:1002200083B00290019102980068009001980068E4
:100230000299086000980199086003B070470000B7
:1002400083B00290019102980068009001980068C4
:100250000299086000980199086003B07047000097
:1002600081B08DED000A9DED000AB0EEC00A01B02C
:100270007047000080B584B003908DF80B10039890
:1002800001909DF80B1001F00101FEF73BFC019875
:1002900004B080BD80B582B001908DF80310019844
:1002A0009DF8031001F001010522FEF719FC9DF8ED
:1002B000030000F0010002B080BD000080B584B0F2
:1002C00003900291039801900299FEF753FC019864
:1002D00004B080BD80B584B002900191019903A85B
:1002E000FEF7B4FB039804B080BD000082B001901B
:1002F000009101980099016002B0704780B584B008
:1003000003900398029000680068D0B1FFE702985C
:10031000006800F021F902980068FDF73FFF02989D
:10032000006800F00FF90146029801910068016829
:100330000091FDF753FF009902460198FEF794FDE6
:10034000FFE704B080BD000083B0029001910092ED
:1003500002980199016001994968416001994968D1
:10036000009A01EB0211816003B0704781B00090E8
:10037000009802684168516001B0704780B58EB046
:100380000D900C910D98039000F0DCF80146039855
:100390000B91FDF70FFF014603980131FDF7CCFEED
:1003A000014603980191FDF705FF019902460B9B59
:1003B00006A80490FEF748FC0B9802900898FEF7F8
:1003C00065FB014602980C9AFEF76CFD03980499B0
:1003D000089A1032089200F04BF803990498496883
:1003E0000591FEF76BFC05980EB080BD80B586B018
:1003F000059004910598029040680390FFE70498E7
:10040000039988420ED0FFE7029800F09BF8019014
:10041000039810380390FEF739FB01460198FEF768
:100420002FFDECE702990498486006B080BD0000FB
:1004300080B588B0079006910799009103A80290B3
:100440000122FFF781FF009800F07CF801900498EA
:10045000FEF71CFB01460198069AFEF723FD029861
:10046000049910310491FFF781FF08B080BD0000AE
:1004700080B58AB00990089109980690FDF78EFE24
:10048000069808994968024652F8043F04920268A7
:10049000D21A1144079100F055F8014606980391CD
:1004A0000068FEF7F3FA0146049801910068FEF730
:1004B000EDFA02900798FEF7E9FA0199029A0346CD
:1004C0000398FFF7FBFA049A06980799089B59606E
:1004D0000168116008990431FFF7A2FE0498089999
:1004E0000831FFF79DFE069800F040F80590089847
:1004F000FEF7A0FB01460598FFF792FE0698089AC2
:1005000051681160FDF756FE01460698FDF740FE62
:100510000AB080BD80B582B0009000984168FFF7B6
:10052000D9FE0190019802B080BD000080B582B074
:10053000009000980168FFF7CDFE0190019802B08D
:1005400080BD000080B582B0019001980830FEF7B0
:1005500027FD02B080BD000080B582B001900198F7
:100560000168FFF743FF02B080BD000080B582B094
:10057000019001980830FEF70BFD02B080BD00002D
:1005800080B586B00590049105980190416803916B
:1005900003990291FFF7EAFF014602980968884231
:1005A00008D2FFE701980499FFF742FF0398103043
:1005B000039005E001980499FFF7E0FE0390FFE740
:1005C00001990398486006B080BD000080B584B0F2
:1005D000039003980090002101604160083002916F
:1005E00002A90DF10702FEF7E3FC009804B080BDFC
:1005F00080B584B003900399019102A80090FFF7A1
:1006000075FE0098FFF77AFE019804B080BD0000E7
:1006100080B584B002900191019903A8FEF726FAF3
:10062000039804B080BD000082B001900091019851
:100630000099016002B0704780B584B003900398C0
:10064000029000680068D0B1FFE70298006800F0EF
:1006500021F902980068FDF71FFE0298006800F07B
:100660000FF9014602980191006801680091FDF7B9
:1006700033FE009902460198FEF72CFCFFE704B018
:1006800080BD000083B00290019100920298019910
:10069000016001994968416001994968009A01EB3C
:1006A0000211816003B0704781B000900098026829
:1006B0004168516001B0704780B58EB00D900C91CB
:1006C0000D98039000F0DCF8014603980B91FDF7BC
:1006D000EFFD014603980131FDF7ACFD014603989B
:1006E0000191FDF7E5FD019902460B9B06A80490D8
:1006F000FEF74AFB0B9802900898FEF7CDF90146E9
:1007000002980C9AFEF704FC03980499089A103298
:10071000089200F04BF80399049849680591FEF798
:100720006DFB05980EB080BD80B586B00590049134
:100730000598029040680390FFE704980399884267
:100740000ED0FFE7029800F09BF801900398103854
:100750000390FEF7A1F901460198FEF7C7FBECE70D
:1007600002990498486006B080BD000080B588B04A
:10077000079006910799009103A802900122FFF7C4
:1007800081FF009800F07CF801900498FEF784F94E
:1007900001460198069AFEF7BBFB029804991031B6
:1007A0000491FFF781FF08B080BD000080B58AB0DA
:1007B0000990089109980690FDF76EFD0698089932
:1007C0004968024652F8043F04920268D21A114462
:1007D000079100F055F80146069803910068FEF76E
:1007E0005BF90146049801910068FEF755F9029003
:1007F0000798FEF751F90199029A03460398FFF70B
:1008000095F9049A06980799089B59600168116048
:1008100008990431FFF714FD049808990831FFF78F
:100820000FFD069800F040F805900898FEF7A2FA30
:1008300001460598FFF704FD0698089A5168116073
:10084000FDF736FD01460698FDF720FD0AB080BD94
:1008500080B582B0009000984168FFF7D9FE019002
:10086000019802B080BD000080B582B00090009871
:100870000168FFF7CDFE0190019802B080BD000035
:1008800080B582B0019001980830FEF7CDFB02B030
:1008900080BD000080B582B0019001980168FFF72B
:1008A00043FF02B080BD000080B582B00190019886
:1008B0000830FEF7B1FB02B080BD000080B586B005
:1008C0000590049105980190416803910399029164
:1008D000FFF7EAFF014602980968884208D2FFE75D
:1008E00001980499FFF742FF03981030039005E048
:1008F00001980499FFF7E0FE0390FFE70199039840
:10090000486006B080BD000080B584B003900398B5
:1009100000900021016041600830029102A90DF1B0
:100920000702FEF789FB009804B080BD80B584B053
:1009300003900399019102A80090FFF775FE0098BB
:10094000FFF77AFE019804B080BD000080B588B042
:10095000079006910798029006990391FDF712FD02
:1009600001460398884203D9FFE70298FDF7EAFCA5
:10097000029800F0B7F80146069A04A8FEF778FC42
:10098000029804990160049941600168059A114434
:10099000019100F0BBF80199024602981160002114
:1009A000FDF7C6FC08B080BD82B0019000910198AF
:1009B0000099016002B0704780B584B0039003983D
:1009C000029000680068D0B1FFE70298006800F06C
:1009D00093F802980068FDF7B1FC0298006800F0F7
:1009E00081F8014602980191006801680091FDF7C5
:1009F000BBFC009902460198FEF7A2FAFFE704B09B
:100A000080BD000080B58AB00990089109990291D3
:100A1000089A05A800F020F807980490069803901B
:100A2000FFE703980499884211D0FFE7029800F08D
:100A300059F801900398FEF735F801460198FEF742
:100A40009DFAFFE70398013003900690E9E705A8B7
:100A500000F014F80AB080BD83B0029001910092BA
:100A600002980199016001994968416001994968BA
:100A7000009A1144816003B07047000081B000907B
:100A8000009802684168516001B0704780B586B037
:100A9000059004910598029040680390FFE7049840
:100AA000039988420ED0FFE7029800F01BF80190EE
:100AB000039801380390FDF7F5FF01460198FEF712
:100AC0004BFAECE702990498486006B080BD00003C
:100AD00080B582B0019001980068FDF7E3FF02B095
:100AE00080BD000080B582B0019001980830FEF70B
:100AF000DFFA02B080BD000080B582B0019001989D
:100B00000168FFF7C3FF02B080BD000080B582B06E
:100B1000019001980830FEF7C3FA02B080BD0000D2
:100B200080B588B006900591069801900790002145
:100B3000016041600830049104A90DF10F02FEF735
:100B4000BFFA019902A8FFF72FFF02990DF10E00DD
:100B5000FEF77AFE059848B1FFE701980599FFF77F
:100B6000F5FE01980599FFF74DFFFFE70DF10E0027
:100B70000090FEF78DFF0098FEF79AFF079808B0E7
:100B800080BD000080B584B003900399019102A854
:100B90000090FFF709FF0098FFF70EFF019804B0DF
:100BA00080BD000082B0019000910198006800991A
:100BB000084402B07047000080B582B001900091F7
:100BC0000198009900F030FA02B080BD80B582B083
:100BD000019000910198009900F03AFA02B080BDAE
:100BE00080B582B0019000910198009900F04CFA14
:100BF00002B080BD80B582B001900091019800994B
:100C000000F05AFA02B080BD80B584B00390029122
:100C1000039801900299FDF749FC019804B080BD4A
:100C200080B584B003900291039801900299FDF77A
:100C300061FC019804B080BD80B584B00290029838
:100C400001900DF10F01FDF777FC019804B080BD14
:100C500080B584B00290029801900DF10F01FDF76C
:100C600091FC019804B080BD80B582B001900198DC
:100C70000090FDF7ADFC009802B080BD80B584B057
:100C800003900291039801900299FDF7B5FC019839
:100C900004B080BD80B584B00390029103980190A8
:100CA0000299FDF7CDFC019804B080BD80B584B0F9
:100CB0000290029801900DF10F01FDF7E3FC0198FD
:100CC00004B080BD80B582B0019001980090FDF71E
:100CD000FFFC009802B080BD80B582B00190009109
:100CE00001980099FDF708FD02B080BD80B582B083
:100CF000019001980090FDF739FD009802B080BD89
:100D000080B584B003900291039801900299FDF799
:100D10000BFD019804B080BD80B584B002900298AC
:100D200001900DF10F01FDF731FD019804B080BD78
:100D300080B582B0019001980090FDF74DFD0098BC
:100D400002B080BD80B588B00790069107980190E9
:100D5000069902A80090FFF7D3FF00980199FFF7CA
:100D6000BBFF0098FFF7E4FF019808B080BD0000CA
:100D700080B584B0029002980190FEF7F9FD0198C9
:100D800004B080BD80B584B00390029103980090B8
:100D90000299FEF7F7FD009804B080BD80B584B0DD
:100DA0000390029101920298019909010422FEF731
:100DB000A7FA04B080BD000080B582B00190009118
:100DC0000098FFF751FF02B080BD000080B584B0ED
:100DD00003900291039802990191FEF75BF8014696
:100DE0000198884202D9FFE700F018F90298000143
:100DF0000421FEF7B5F904B080BD000080B584B0D1
:100E000003900291019202980199FFF709FF04B043
:100E100080BD000080B584B00390029101920298D9
:100E20000199FFF7F1FE04B080BD000080B582B0EB
:100E3000019001980090FEF705F8009802B080BD7F
:100E400080B584B003900291019202980199090142
:100E50000422FEF755FA04B080BD000080B582B0D0
:100E6000019000910098FFF72DFF02B080BD0000B7
:100E700080B584B003900291039802990191FEF726
:100E80003FF801460198884202D9FFE700F0C6F812
:100E9000029800010421FEF763F904B080BD000050
:100EA00080B584B003900291019202980199FFF7F6
:100EB000F1FE04B080BD000080B584B003900291C3
:100EC000019202980199FFF7D9FE04B080BD00009D
:100ED00080B582B0019001980090FDF7B9FF0098AD
:100EE00002B080BD80B584B0039002910192029857
:100EF00001990122FEF704FA04B080BD82B001908E
:100F0000009102B07047000080B584B00390029158
:100F1000039802990191FEF729F801460198884249
:100F200002D9FFE700F07AF802980121FEF718F9DC
:100F300004B080BD82B0019000910099002008703B
:100F400002B0704780B582B0019001980090FDF723
:100F500085FF009802B080BD80B584B003900291F7
:100F60000398FCF7FFFF01900298FCF7FBFF014696
:100F70000198401AB0FA80F0400904B080BD00002A
:100F800080B584B0039002910398FCF7F7FF0190BD
:100F90000298FCF7F3FF01460198401AB0FA80F07E
:100FA000400904B080BD000080B582B0019000917E
:100FB00001980099FFF7D0FF80F0010002B080BDDA
:100FC00080B582B00190009101980099FFF7D8FF99
:100FD00080F0010002B080BD42F64C20C2F2000059
:100FE0000068704701A0FEF7F7FB00BF6261645F15
:100FF000616C6C6F6320776173207468726F776EB9
:1010000020696E202D666E6F2D657863657074693A
:101010006F6E73206D6F64650000000045F67820E8
:10102000C0F60100FEF7D8FB80B582B001900091B8
:10103000009940F2D830C2F20000F8F73FFA009968
:1010400040F22850C2F20000F9F728FC02B080BD3F
:1010500080B582B001900091009940F28040C2F2C8
:101060000000F8F72BFA009940F2C020C2F200000D
:10107000F8F71AFF009940F21820C2F20000F8F7C2
:101080001DFA02B080BD000080B582B001900091D1
:101090000098808812280DD1FFE70098006848B1B9
:1010A000FFE70098016840F2B010C2F20000F7F7C5
:1010B00045FFFFE702B080BD80B582B0019000918E
:1010C00000980079012815D1FFE70098C0782A28F8
:1010D00010D1FFE70098411D42F66420C2F20000E3
:1010E0002A22EFF7CAF942F68E21C2F2000101204E
:1010F0000870FFE702B080BDEFF77BBAEFF779BA6F
:10110000FFF7FABF1146FFF7F9BF000081B08DF875
:1011100003009DF9030000280ED4FFE79DF903109A
:1011200001F01F02012090404A094EF20011CEF258
:10113000000141F82200FFE701B070474EF60C5065
:10114000CEF200000068C0F30220704782B08DF834
:10115000070000919DF9070000280AD4FFE70098D6
:1011600000019DF907104EF20042CEF200028854B1
:101170000BE0009800019DF8071001F00F014EF6FA
:101180001452CEF200028854FFE702B0704700000C
:1011900082B08DF8070000919DF9070000280AD45D
:1011A000FFE7009800019DF907104EF20042CEF2D1
:1011B000000288540BE0009800019DF8071001F030
:1011C0000F014EF61452CEF200028854FFE702B02F
:1011D0007047000083B00290029800F00700009072
:1011E0004EF60C51CEF200010868019001984FF6BE
:1011F000FF02104001900198009A40EA022000226C
:10120000C0F2FA52104301900198086003B0704791
:1012100001A001F0C8FA00BF5075726520766972AE
:101220007475616C2066756E6374696F6E2063619E
:101230006C6C65642100000080B542F28870C2F2D7
:1012400000000078BFF35F8FC007A8B9FFE742F244
:101250008870C2F2000001F08CFA68B1FFE742F238
:10126000A870C2F20000FCF78FFC42F28870C2F254
:10127000000001F094FAFFE780BD000080B540F265
:10128000B010C2F200006421F7F75AFF80BD0000E1
:1012900080B582B008208DF807000720009040F24A
:1012A0001820C2F2000000210DF107026B46F9F789
:1012B000B5FE02B080BD000080B584B004208DF87A
:1012C0000E0006208DF80F000320019005200290EB
:1012D00040F2C020C2F2000000210DF10E0201AB6D
:1012E000F9F700FF04B080BD80B582B008208DF80A
:1012F00007000720009040F2D830C2F20000002121
:101300000DF107026B46F9F751FF02B080BD0000F6
:1013100080B582B002208DF807000120009040F2D5
:101320008040C2F2000000210DF107026B46F9F780
:101330003DFF02B080BD000080B584B002208DF872
:101340000D0004208DF80E0006208DF80F000120FE
:101350000090032001900520029040F22850C2F234
:10136000000000210DF10D026B46F9F783FF04B078
:1013700080BD000080B582B043F61800C2F20000C4
:101380000090DFED210ACDED010AB0EE600AF7F71B
:1013900075FB0098DDED010A1830B0EE600AF7F732
:1013A0006DFB0098DDED010A3030B0EE600AF7F712
:1013B00065FB0098DDED010A4830B0EE600AF7F7F2
:1013C0005DFB0098DDED010A6030B0EE600AF7F7D2
:1013D00055FB0098DDED010A7830B0EE600AF7F7B2
:1013E0004DFB0098DDED010A9030B0EE600AF7F792
:1013F00045FB0098DDED010AA830B0EE600AF7F772
:101400003DFB02B080BD00BF82A8FB3780B582B033
:1014100000200190F2F77EFDF5F73CFAF5F75CF855
:10142000F4F796FFF4F744FFF4F76AFFF5F71EF9B7
:10143000F5F7FAF8F5F740F9F5F7B8F843F25C601C
:10144000C2F20000F3F766FC00F020F8F4F7DEFFCC
:1014500000F040F8FFE7FEE780B584B00290EFF3BC
:1014600005800390039820B1FFE76FF0050001901D
:1014700009E000200190029820B1FFE7029801F0F6
:10148000DDFBFFE7FFE7019804B080BD82B0EFF31A
:1014900005800190019820B1FFE76FF005000090F2
:1014A00014E040F21420C2F20000006848B9FFE7DF
:1014B00040F21421C2F200010120086000200090D7
:1014C00003E04FF0FF300090FFE7FFE7009802B025
:1014D0007047000080B582B0EFF30580019001985D
:1014E00020B1FFE76FF00500009019E040F21420F2
:1014F000C2F20000006801280DD1FFE7F5F7AAF954
:1015000040F21421C2F200010220086001F0BEFC8A
:101510000020009003E04FF0FF300090FFE7FFE76E
:10152000009802B080BD0000B0B58EB00B900A915B
:10153000099200200690EFF305800D900D98002889
:1015400040F09980FFE70B98002800F09480FFE7B7
:101550008020079018200590002008904FF0FF3061
:101560000490099800284DD0FFE70998006820B141
:10157000FFE7099800680890FFE70998806920B1A3
:10158000FFE7099880690590FFE7059848B1FFE7F4
:101590000598382805D8FFE709980079C00718B1E1
:1015A000FFE700200C9069E00998406928B1FFE747
:1015B0000998406980080790FFE70998806880B122
:1015C000FFE70998C0685C280BD3FFE7099800691A
:1015D00038B1FFE70998406918B1FFE7012004908E
:1015E0000FE00998806858B9FFE70998C06838B9D2
:1015F000FFE70998006918B9FFE700200490FFE7AA
:10160000FFE702E000200490FFE70498012817D1CB
:10161000FFE70B980899079A0A9BDDF814C0DDF8DC
:1016200024E0DEF80850DEF81040EE46CEF8085010
:10163000CEF80440CEF800C002F014FA069019E08B
:101640000498B0B9FFE70B980899BDF81C200A9BD5
:10165000DDF814C0EE4606ACCEF80440CEF800C06B
:1016600002F0B0F9012803D0FFE700200690FFE761
:10167000FFE7FFE7FFE706980C90FFE70C980EB036
:10168000B0BD000080B584B00390029148F29C2068
:10169000C2F200000068009043F62420C2F200006D
:1016A0000068043001F082F808B9FFE700E0FFE7C6
:1016B0000398013080B9FFE7029868B1FFE743F66D
:1016C0002420C2F200000068011D48F27420C2F21A
:1016D000000001F011F93DE00098039908440190E1
:1016E000019843F62421C2F200010968486001987C
:1016F000009988420ED2FFE743F63420C2F2000080
:10170000006843F62421C2F200010968043101F0A7
:10171000BDF81EE043F62C20C2F20000006843F63C
:101720002421C2F200010968043101F0AFF80198E8
:1017300048F20021C2F200010968884207D2FFE79F
:10174000019848F20021C2F20001086000E0FFE7C2
:10175000FFE7FFE704B080BD80B582B0019001F0E3
:10176000F3F847F6D421C2F200010868013008609E
:1017700043F62420C2F20000006898B9FFE7019800
:1017800043F62421C2F20001086047F6D420C2F2D9
:1017900000000068012803D1FFE700F0F7FA00E03D
:1017A000FFE71CE048F26820C2F200000068A0B920
:1017B000FFE743F62420C2F200000068C06A0199E6
:1017C000C96A884207D8FFE7019843F62421C2F28C
:1017D0000001086000E0FFE700E0FFE7FFE747F6F1
:1017E000E020C2F200000168013101600068019947
:1017F00048640198C06A47F6E421C2F20001096812
:10180000884208D9FFE70198C06A47F6E421C2F28E
:1018100000010860FFE70199C86A00EB800243F607
:101820003C20C2F2000000EB8200043101F064F8B9
:1018300001F0B6F848F26820C2F200000068C8B1B2
:10184000FFE743F62420C2F200000068C06A019955
:10185000C96A88420CD2FFE74EF60451CEF200016D
:101860004FF080500860BFF34F8FBFF36F8F00E0E1
:10187000FFE700E0FFE702B080BD000080B584B064
:1018800001F062F848F2A020C2F2000000680028CF
:1018900040D1FFE748F2A010C2F20000029000F031
:1018A000D5FF48F2B410C2F20000039000F0CEFF62
:1018B0000299039843F62822C2F20002116043F60F
:1018C0003821C2F20001086069460020086043F632
:1018D0003012C2F2000243F6D013C2F200030A2013
:1018E000102101F079FC014648F2A020C2F200006C
:1018F0000160006860B1FFE748F2A020C2F200007A
:10190000006845F62921C0F6010101F03BF900E02D
:10191000FFE700E0FFE701F043F804B080BD0000FE
:1019200080B582B0FFE747F6D820C2F20000006819
:1019300008B3FFE701F008F848F28820C2F200007F
:10194000C068C06801900198043000F02FFF47F68E
:10195000D421C2F2000108680138086047F6D82196
:10196000C2F2000108680138086001F019F8019816
:1019700000F08CF8D7E702B080BD000080B582B0DF
:10198000019000910198006CB8B1FFE70199C86817
:101990000A6C1044C86001988168C068884204D30A
:1019A000FFE701990868C86000E0FFE70098019A26
:1019B000D168126CEEF761FDFFE702B080BD000058
:1019C00080B586B00590049103920020029005989E
:1019D000806B01900598006C78B9FFE70598006866
:1019E00048B9FFE70598806802F0ACF902900599C4
:1019F0000020886000E0FFE741E00398B8B9FFE706
:101A0000059A04995068126CEEF737FD05994868FD
:101A10000A6C10444860059948688968884204D374
:101A2000FFE705990868486000E0FFE726E0059AAF
:101A30000499D068126CEEF720FD0599C8680A6C0D
:101A4000801AC86005980168C068884206D2FFE71E
:101A5000059988680A6C801AC86000E0FFE703985F
:101A6000022809D1FFE7019820B1FFE7019801386A
:101A7000019000E0FFE700E0FFE7FFE7FFE70198E4
:101A8000013005998863029806B080BD80B582B0A8
:101A90000090009890F8590040B9FFE70098006B5B
:101AA00000F0A4FF009800F0A1FF1CE0009890F85F
:101AB0005900012804D1FFE7009800F097FF11E0DA
:101AC000009890F8590002280BD0FFE74FF0500023
:101AD00080F31188BFF36F8FBFF34F8F0190FFE743
:101AE000FEE7FFE7FFE702B080BD000082B0019093
:101AF00043F62820C2F2000000680068B0FA80F0C7
:101B00004009019908600198006848B9FFE743F669
:101B10002820C2F200000068C0680068009002E05F
:101B200000200090FFE7009802B0704784B04FF4A7
:101B30007050009043F6C860C2F2000001909DF81A
:101B40000400400788B1FFE7019807300190019831
:101B500020F007000190019A43F6C861C2F200012B
:101B60000098891A08440090FFE7019802900299B2
:101B700048F26C20C2F2000001600021416002982E
:101B8000009A10440190019808380190019820F0C3
:101B900007000190019A43F63020C2F20000026073
:101BA0000268516002681160029903910199039AD9
:101BB000891A51600068039908600398406848F2E8
:101BC000FC11C2F2000108600398406848F2F41169
:101BD000C2F20001086048F2C811C2F200014FF0E1
:101BE0000040086004B0704780B582B00190FFE704
:101BF000FFF796FE43F63C20C2F200000068022880
:101C00000CD3FFE74EF60451CEF200014FF08050A6
:101C10000860BFF34F8FBFF36F8F00E0FFE7E7E788
:101C200080B584B0DDF818C00390029101928DF860
:101C30000330029818B9FFE70698006003E00198A6
:101C400006990860FFE703980699C8630298069909
:101C500008640698012101F047FB9DF803000699EE
:101C600081F84C0004B080BD80B588B0DDF834C088
:101C7000DDF830C0DDF82CC0DDF828C006900591F5
:101C8000049203930C98006B04998900A522EEF747
:101C900039FC0C98006B049900EB81000438029029
:101CA000029820F0070002909DF80800400758B104
:101CB000FFE74FF0500080F31188BFF36F8FBFF341
:101CC0004F8F0790FFE7FEE70598F8B1FFE7002088
:101CD0000190FFE701980F2813D8FFE70598019AB4
:101CE000805C0C99114481F8340005980199405C9E
:101CF00008B9FFE705E0FFE7FFE701980130019031
:101D0000E8E70C99002081F8430004E00C990020DA
:101D100081F83400FFE70A98382803D3FFE737201B
:101D20000A9000E0FFE70A980C99C8620A980C999B
:101D3000C8640C990020009008650C98043000F0ED
:101D40009DFD0C98183000F099FD00980C990961E0
:101D50000A99C1F138010C9A91610C9949620C9968
:101D600048650C9981F8580002980699039A00F08A
:101D7000D1FC0C9908600B9820B1FFE70C980B99E7
:101D8000086000E0FFE708B080BD000080B584B0C7
:101D900000200390FFE70398372810D8FFE7039847
:101DA00000EB800143F63C20C2F2000000EB810012
:101DB00000F04CFDFFE7039801300390EBE748F299
:101DC000CC10C2F20000019000F040FD48F2E0109B
:101DD000C2F20000029000F039FD48F21420C2F275
:101DE000000000F033FD48F28820C2F2000000F04D
:101DF0002DFD48F27420C2F2000000F027FD019989
:101E0000029843F62C22C2F20002116043F63421FC
:101E1000C2F20001086004B080BD000083B00290EF
:101E200048F26C20C2F200000190FFE701980068C0
:101E30000299884205D2FFE7FFE701980068019008
:101E4000F4E70198009000980199496808440299C4
:101E5000884209D1FFE70298426801994868104416
:101E600048600198029000E0FFE702980090009817
:101E700002994968084401990968884220D1FFE71E
:101E80000198006843F63021C2F2000109688842D7
:101E90000DD0FFE701980068426802994868104435
:101EA00048600198006800680299086007E043F6FE
:101EB0003020C2F20000006802990860FFE704E0E9
:101EC0000198006802990860FFE70198029988422A
:101ED00004D0FFE702980199086000E0FFE703B033
:101EE0007047000080B586B005900491039202937C
:101EF00000200190049805994860059800610498B5
:101F00000399884216D8FFE703980299401A059969
:101F10008969884203D3FFE70120019009E043F675
:101F20003820C2F2000000680599043100F0AEFCD0
:101F3000FFE717E003980299884208D2FFE7049868
:101F40000299884203D3FFE70120019009E043F69C
:101F50002820C2F2000000680599043100F096FCC8
:101F6000FFE7FFE7019806B080BD000080B582B0B2
:101F7000019000F0E9FC0198806B18B9FFE701209F
:101F8000009002E000200090FFE700F009FD0098BB
:101F900002B080BD80B582B0019000F0D5FC019800
:101FA000806B0199C96B884203D1FFE70120009043
:101FB00002E000200090FFE700F0F2FC009802B081
:101FC00080BD000008480068006880F308884FF072
:101FD000000080F3148862B661B6BFF34F8FBFF381
:101FE0006F8F00DF00BF000008ED00E080B586B015
:101FF0000490039143F62820C2F200000068C068F4
:10200000C06801900198043000F0D0FB019890F86E
:1020100028004007002823D5FFE70198049B816929
:102020001944039AFFF75EFFC0B1FFE70198049AD5
:10203000694600230B60194602F070F8029002987E
:1020400058B9FFE74FF0500080F31188BFF36F8F4E
:10205000BFF34F8F0590FFE7FEE700E0FFE707E0E3
:10206000019991F8280000F0FE0081F82800FFE7B0
:102070000198016A884706B080BD000080B58EB027
:10208000FFE748F2A020C2F20000006807A9002282
:1020900001F044FB002800F0B880FFE70798B0F19A
:1020A000FF3F17DCFFE707A804300290029858B9F9
:1020B000FFE74FF0500080F31188BFF36F8FBFF33D
:1020C0004F8F0D90FFE7FEE702990A68486889681C
:1020D000904700E0FFE70798002800F19580FFE7B0
:1020E000099806900698406928B1FFE706980430E1
:1020F00000F05CFB00E0FFE705A800F0FBF80390B0
:1021000007980190092800F27D800199DFE801F02D
:102110000505053D456605053D45069991F82800EC
:1021200040F0010081F828000698089B8169194455
:10213000039AFFF7D7FE30B3FFE70698016A884796
:10214000069890F82800400700281AD5FFE706985F
:10215000089982690A44694600230B60194601F018
:10216000DDFF0490049858B9FFE74FF0500080F36A
:102170001188BFF36F8FBFF34F8F0C90FFE7FEE71F
:1021800000E0FFE700E0FFE73DE0069991F8280056
:1021900000F0FE0081F8280035E0069991F828004B
:1021A00040F0010081F82800089806998861069897
:1021B000806958B9FFE74FF0500080F31188BFF3F2
:1021C0006F8FBFF34F8F0B90FFE7FEE70698039BDF
:1021D000816919441A46FFF785FE14E0069890F8C5
:1021E00028008007002804D4FFE7069800F0FEFBD3
:1021F00007E0069991F8280000F0FE0081F8280019
:10220000FFE700E0FFE7FFE73BE70EB080BD00001F
:1022100080B584B00390029100F0A8FE684600F0FB
:1022200069F801900098D8BBFFE7029860B9FFE712
:1022300003980199884207D8FFE701F061FE0398EF
:102240000199FFF7D3FE2AE0029858B1FFE743F661
:102250003820C2F2000000680068B0FA80F040093F
:102260000290FFE748F2A020C2F200000068039944
:10227000019A891A029A00F0AFFC01F041FE60B9A0
:10228000FFE74EF60451CEF200014FF08050086097
:10229000BFF34F8FBFF36F8F00E0FFE7FFE702E070
:1022A00001F02EFEFFE704B080BD000081B043F6D0
:1022B0002C20C2F200000068006840B9FFE748F235
:1022C0000021C2F200014FF0FF3008600FE043F63A
:1022D0002C20C2F200000068C068C068009000981E
:1022E000406848F20021C2F200010860FFE701B037
:1022F0007047000080B582B0019001F037FC00907B
:10230000009843F62021C2F200010968884206D2F3
:10231000FFE700F011F801990120086003E001993E
:1023200000200860FFE7009843F62021C2F2000178
:102330000860009802B080BD80B588B0FFE743F622
:102340002820C2F200000068006800284ED0FFE795
:1023500043F62820C2F200000168C96809680691A6
:102360000068C068C06803900398043000F01EFA4B
:102370000398016A8847039890F8280040070028CE
:1023800032D5FFE7069803998969084405900598B6
:10239000069988420FD9FFE705980399486003988A
:1023A000006143F62820C2F200000068039904315E
:1023B00000F06CFA17E00398069A694600230B6058
:1023C000194601F0ABFE0290029858B9FFE74FF0B2
:1023D000500080F31188BFF36F8FBFF34F8F0790CA
:1023E000FFE7FEE7FFE700E0FFE7A8E743F6282264
:1023F000C2F200021068049043F63821C2F20001D4
:10240000086810600498086008B080BD83B00020A0
:10241000009040F22000C2F200000068013058B184
:10242000FFE74FF0500080F31188BFF36F8FBFF3C9
:102430004F8F0290FFE7FEE74FF0500080F31188C6
:10244000BFF36F8FBFF34F8F0190FFE7009808B97C
:10245000FFE7FBE703B0704780B584B00390FFE768
:1024600001A8FFF743FB029002980199FFF7D0FE05
:10247000FFF704FEF4E7000080B582B0019000F0A1
:1024800063FA019890F845008DF80300FFE79DF985
:102490000300012816DBFFE70198406A58B1FFE707
:1024A0000198243001F0C4FC18B1FFE700F09AFC59
:1024B00000E0FFE700E005E09DF8030001388DF83B
:1024C0000300E4E70199FF2081F8450000F068FA75
:1024D00000F03AFA019890F844008DF80200FFE706
:1024E0009DF90200012816DBFFE70198006980B121
:1024F000FFE70198103001F09BFC18B1FFE700F0F6
:1025000071FC00E0FFE79DF8020001388DF8020041
:1025100000E000E0E4E70199FF2081F8440000F0CA
:102520003FFA02B080BD000080B58AB0069000205E
:10253000029000F01BFD43F63020C2F2000000685C
:1025400018B9FFE7FFF7F2FA00E0FFE7069848F254
:10255000C811C2F200010968084240F0C580FFE7D7
:10256000069800B3FFE70698083006909DF818001B
:102570004007B0B1FFE7069820F00700083006904A
:102580009DF81800400758B1FFE74FF0500080F366
:102590001188BFF36F8FBFF34F8F0990FFE7FEE7FE
:1025A00000E0FFE700E0FFE70698002800F09A80CF
:1025B000FFE7069848F2F411C2F200010968884268
:1025C00000F29080FFE748F26C20C2F20000049015
:1025D00000680590FFE705984168069A002091423F
:1025E000019007D2FFE705980068002818BF012076
:1025F0000190FFE70198C00730B1FFE7059804900C
:10260000059800680590E6E7059843F63021C2F288
:1026100000010968884263D0FFE704980068083029
:10262000029005980068049908600598406806992A
:10263000401A112821D3FFE7059806990844039012
:102640009DF80C00400758B1FFE74FF0500080F3B1
:102650001188BFF36F8FBFF34F8F0890FFE7FEE73E
:10266000059840680699401A0399486006980599AC
:1026700048600398FFF7D2FB00E0FFE70598426847
:1026800048F2F410C2F200000168891A0160006883
:1026900048F2FC11C2F20001096888420BD2FFE740
:1026A00048F2F410C2F20000006848F2FC11C2F2D5
:1026B0000001086000E0FFE748F2C810C2F2000025
:1026C0000268059948681043486005990020086031
:1026D00048F20821C2F2000108680130086000E0F9
:1026E000FFE700E0FFE700E0FFE701F009FC9DF8ED
:1026F0000800400758B1FFE74FF0500080F3118801
:10270000BFF36F8FBFF34F8F0790FFE7FEE702988D
:102710000AB080BD83B00290019100920298043803
:10272000029002994FF0807008600298043802907D
:10273000019820F001000299086002980438029084
:10274000029942F20D40C0F6010008600298143868
:102750000290009802990860029804380290029949
:102760006FF002000860029820380290029803B0CF
:102770007047017809B1002070474178012903D0E2
:102780008A0705D402224270481E18BF01207047F4
:1027900080B545F62330C0F6010000F004F80121B1
:1027A000017041707047EDF7A7FF000082B0019003
:1027B00001980069009001984168806888600199DB
:1027C000486889684860009840680199884205D146
:1027D000FFE7019880680099486000E0FFE70199F1
:1027E00000200861009908680138086000980068B6
:1027F00002B0704783B0029001910092029947F6AF
:10280000E840C2F200000860019947F6E820C2F2F1
:102810000000086000998020086003B07047000045
:1028200083B0029001910092029948F24410C2F2E2
:1028300000000860019947F64450C2F200000860A9
:1028400000994FF48070086003B0704781B0009029
:10285000009901F10800486000994FF0FF3088604E
:10286000009901F10800C860009901F108000861B1
:1028700000990020086001B07047000081B000900E
:1028800000990020086101B07047000084B00390F7
:1028900002910298006800900098013020B9FFE78B
:1028A00003980069019010E0039808300190FFE759
:1028B0000198406800680099884205D8FFE7FFE763
:1028C000019840680190F3E7FFE70198406802999A
:1028D000486002984168886001980299886002986F
:1028E00001994860039802990861039908680130CA
:1028F000086004B07047000083B002900191029814
:10290000406800900098019948600098806801999B
:1029100088600198009989684860019800998860EA
:10292000029801990861029908680130086003B0B3
:1029300070470000DFF80C00016841F4700101608D
:102940007047000088ED00E082B04FF0500080F347
:102950001188BFF36F8FBFF34F8F019040F22000BB
:10296000C2F200000168013101600068012814D141
:10297000FFE74EF60450CEF200000068000658B1A2
:10298000FFE74FF0500080F31188BFF36F8FBFF364
:102990004F8F0090FFE7FEE7FFE702B070470000AF
:1029A00082B040F22000C2F20000006858B9FFE790
:1029B0004FF0500080F31188BFF36F8FBFF34F8F3C
:1029C0000090FFE7FEE740F22000C2F2000001683D
:1029D00001390160006830B9FFE7002001900198DB
:1029E00080F31188FFE702B07047000080B586B021
:1029F000039003980290039800285CD0FFE70298A8
:102A000008380290029801900198406848F2C81175
:102A1000C2F20001096808420BD1FFE74FF05000F5
:102A200080F31188BFF36F8FBFF34F8F0590FFE7DF
:102A3000FEE70198006858B1FFE74FF0500080F3BF
:102A40001188BFF36F8FBFF34F8F0490FFE7FEE74E
:102A50000198406848F2C811C2F2000109680842B2
:102A600027D0FFE70198006808BBFFE748F2C810CD
:102A7000C2F200000268019948689043486000F083
:102A800075FA0198426848F2F411C2F20001086830
:102A9000104408600198FFF7C1F948F20C21C2F216
:102AA000000108680130086001F02AFA00E0FFE741
:102AB00000E0FFE7FFE706B080BD00004EF2100126
:102AC000CEF20001002008604EF21802CEF20002A1
:102AD000106040F21400C2F20000006844F6D352C5
:102AE000C1F26202A0FB02024FF0FF3000EB921035
:102AF0004EF21402CEF20002106007200860704708
:102B000084B0EFF305800190019810281ED3FFE7F1
:102B100001984EF2F031CEF20001405C8DF80300D6
:102B20009DF8030047F6C821C2F2000109788842E7
:102B30000BDAFFE74FF0500080F31188BFF36F8F7F
:102B4000BFF34F8F0390FFE7FEE7FFE74EF60C5011
:102B5000CEF20000006800F4E06047F6CC21C2F23B
:102B60000001096888420BD9FFE74FF0500080F35D
:102B70001188BFF36F8FBFF34F8F0290FFE7FEE71F
:102B800004B0704783B00290019100200090FFE7ED
:102B9000009807281DD8FFE7009948F22820C2F2C4
:102BA000000050F8310070B9FFE70198009A48F230
:102BB0002821C2F2000141F832000298009A01EB8C
:102BC000C201486005E0FFE7FFE700980130009090
:102BD000DEE703B07047000080B584B00390029137
:102BE000019203980090FFF7AFFE009890F944001F
:102BF000013028B9FFE70099002081F84400FFE781
:102C0000009890F94500013028B9FFE700990020AD
:102C100081F84500FFE7FFF7C3FE0098806B38B9E5
:102C2000FFE7009824300299019A00F005F900E0CE
:102C3000FFE70098FFF720FC04B080BD80B584B0AA
:102C40000290002001900298E0B1FFE747F6DC20F7
:102C5000C2F20000006858B1FFE74FF0500080F367
:102C60001188BFF36F8FBFF34F8F0390FFE7FEE72D
:102C700000F07CF902980021FEF704FD01F040F914
:102C8000019000E0FFE7019860B9FFE74EF60451BC
:102C9000CEF200014FF080500860BFF34F8FBFF3BA
:102CA0006F8F00E0FFE704B080BD000080B58AB000
:102CB0000690059100200290069858B9FFE74FF062
:102CC000500080F31188BFF36F8FBFF34F8F0990CF
:102CD000FFE7FEE7059858B9FFE74FF0500080F393
:102CE0001188BFF36F8FBFF34F8F0890FFE7FEE7A8
:102CF00047F6DC20C2F20000006858B1FFE74FF051
:102D0000500080F31188BFF36F8FBFF34F8F079090
:102D1000FFE7FEE700F02AF948F29C20C2F200002B
:102D2000006801900698006805990844049001988D
:102D300006990968884210D2FFE704980699096845
:102D4000884208D2FFE704980199884203D9FFE737
:102D50000120029000E0FFE70FE00498069909685F
:102D6000884205D3FFE704980199884203D9FFE719
:102D70000120029000E0FFE7FFE704980699086051
:102D8000029838B1FFE704980199401A0021FEF734
:102D900079FC00E0FFE701F0B3F80390039860B915
:102DA000FFE74EF60451CEF200014FF0805008606C
:102DB000BFF34F8FBFF36F8F00E0FFE70AB080BD16
:102DC00081B0009048F20420C2F20000006800992F
:102DD000086048F29C20C2F2000000680099486038
:102DE00001B0704748F2A821C2F20001012008603A
:102DF0007047000080B584B002900191029858B9E4
:102E0000FFE74FF0500080F31188BFF36F8FBFF3DF
:102E10004F8F0390FFE7FEE7029843F62421C2F2AA
:102E2000000109681831FFF731FD01980121FEF713
:102E300029FC04B080BD000080B584B002900191EF
:102E40000092029858B9FFE74FF0500080F31188C4
:102E5000BFF36F8FBFF34F8F0390FFE7FEE702983A
:102E600043F62421C2F2000109681831FFF744FD3E
:102E7000009820B1FFE74FF0FF300190FFE7019885
:102E80000099FEF7FFFB04B080BD000080B58AB05A
:102E9000002003900690059006A805A904AAFFF754
:102EA000A9FC039B049A0599DDF818C06846C0F890
:102EB00008C04160036041F6E930C0F6010045F604
:102EC0002421C0F6010100F0CDFD014648F2F810C2
:102ED000C2F200000160006818B1FFE7012007900E
:102EE00002E000200790FFE70798012804D1FFE7E0
:102EF00001F0CAF8079000E0FFE70798012823D106
:102F0000FFE74FF0500080F31188BFF36F8FBFF3DE
:102F10004F8F099048F20021C2F200014FF0FF30BC
:102F2000086048F26821C2F200010120086048F2FE
:102F30009C21C2F200010020086000F083F808B173
:102F4000FFE700E0FFE70FE00798013058B9FFE71F
:102F50004FF0500080F31188BFF36F8FBFF34F8F96
:102F60000890FFE7FEE7FFE70AB080BD47F6DC21E7
:102F7000C2F20001086801300860704783B047F66C
:102F8000DC20C2F20000006838B1FFE748F2A82157
:102F9000C2F200010120086051E048F2A821C2F20B
:102FA00000010020086047F6E420C2F2000000683B
:102FB0000190FFE7019800EB800143F63C20C2F24C
:102FC000000050F8210090B9FFE7019858B9FFE7D9
:102FD0004FF0500080F31188BFF36F8FBFF34F8F16
:102FE0000290FFE7FEE7019801380190E2E70198BF
:102FF00000EB800143F63C20C2F2000000EB8100B0
:103000000090009948684068486000994868083115
:10301000884205D1FFE70099486840684860FFE7AB
:1030200000984068C06843F62421C2F2000108609D
:10303000019847F6E421C2F200010860FFE703B0FF
:103040007047000080B588B04EF60050CEF2000008
:1030500000684CF27121C4F20F1188420BD1FFE7D6
:103060004FF0500080F31188BFF36F8FBFF34F8F85
:103070000790FFE7FEE74EF60050CEF20000006832
:103080004CF27021C4F20F1188420BD1FFE74FF0D0
:10309000500080F31188BFF36F8FBFF34F8F0690FE
:1030A000FFE7FEE74EF20040CEF200000390017809
:1030B0000491FF21017000788DF80B009DF80B0042
:1030C00000F0500047F6C821C2F20001087047F630
:1030D000CC21C2F2000107200860FFE79DF80B0039
:1030E000000600280DD5FFE747F6CC21C2F200010B
:1030F0000868013808609DF80B0040008DF80B004F
:10310000ECE747F6CC20C2F20000006803280BD0A1
:10311000FFE74FF0500080F31188BFF36F8FBFF3CC
:103120004F8F0590FFE7FEE747F6CC21C2F2000182
:10313000086800020860086800F4E060086004980D
:103140004EF20041CEF2000108704EF62051CEF250
:103150000001086840F470000860086840F07040A2
:103160000860FFF7ABFC40F22001C2F20001002032
:1031700001900860FFF7DEFB4EF63471CEF20001DD
:10318000086840F040400860FEF71CFFFFF7F6FEBD
:10319000FFF73CF9019808B080BD000080B582B00F
:1031A0004FF0500080F31188BFF36F8FBFF34F8F44
:1031B000009000F0E5FC40B1FFE74EF60451CEF27E
:1031C00000014FF080500860FFE700200190019857
:1031D00080F3118802B080BD80B590B0844612980B
:1031E000CDF828C00991089207938DF81B000A9822
:1031F00058B9FFE74FF0500080F31188BFF36F8F8D
:10320000BFF34F8F0F90FFE7FEE7079858B9FFE72E
:103210004FF0500080F31188BFF36F8FBFF34F8FD3
:103220000E90FFE7FEE708990020039031B1FFE719
:103230000998B0FA80F040090390FFE70398C007AF
:1032400058B1FFE74FF0500080F31188BFF36F8F44
:10325000BFF34F8F0D90FFE7FEE708990020029023
:1032600031B9FFE70998002818BF01200290FFE755
:103270000298C00758B1FFE74FF0500080F3118863
:10328000BFF36F8FBFF34F8F0C90FFE7FEE7502027
:103290000490049850280BD0FFE74FF0500080F3C3
:1032A0001188BFF36F8FBFF34F8F0B90FFE7FEE7DF
:1032B000049807980590059888B1FFE705990120C3
:1032C00081F846000A980999089A9DF81B30DDF8A4
:1032D00014C0EE46CEF800C0FEF7A2FC00E0FFE707
:1032E000059810B080BD000080B584B002900191B7
:1032F00002980090009858B9FFE74FF0500080F313
:103300001188BFF36F8FBFF34F8F0390FFE7FEE786
:10331000FFF71AFB00990B68C86B0A6C00FB0230C0
:1033200088600099002088630099086848600099C7
:103330000B68C86B0A6C013800FB0230C86000994A
:10334000FF2081F84400009981F845000198D0B928
:10335000FFE700980069A0B1FFE70098103000F087
:1033600067FD60B1FFE74EF60451CEF200014FF069
:1033700080500860BFF34F8FBFF36F8F00E0FFE70F
:1033800000E0FFE708E000981030FFF75FFA0098D0
:103390002430FFF75BFAFFE7FFF702FB012004B0E0
:1033A00080BD000080B592B00C900B910A920993F9
:1033B000002008900C980490049858B9FFE74FF04B
:1033C000500080F31188BFF36F8FBFF34F8F1190C0
:1033D000FFE7FEE70B990020039039B9FFE7049857
:1033E000006C002818BF01200390FFE70398C00776
:1033F00058B1FFE74FF0500080F31188BFF36F8F93
:10340000BFF34F8F1090FFE7FEE7099900200229D4
:10341000029007D1FFE70498C06B013818BF012064
:103420000290FFE70298C00758B1FFE74FF0500045
:1034300080F31188BFF36F8FBFF34F8F0F90FFE7BB
:10344000FEE700F077FB01460020019031B9FFE76D
:103450000A98002818BF01200190FFE70198C007D3
:1034600058B1FFE74FF0500080F31188BFF36F8F22
:10347000BFF34F8F0E90FFE7FEE7FFE7FFF764FA19
:103480000498806B0499C96B884204D3FFE70998BC
:10349000022834D1FFE704980B99099AFEF790FAB5
:1034A00007900498406AA0B1FFE70498243000F028
:1034B000BFFC60B1FFE74EF60451CEF200014FF0C1
:1034C00080500860BFF34F8FBFF36F8F00E0FFE7BE
:1034D00010E0079860B1FFE74EF60451CEF200010C
:1034E0004FF080500860BFF34F8FBFF36F8F00E045
:1034F000FFE7FFE7FFF754FA01200D9065E00A9817
:1035000028B9FFE7FFF74CFA00200D905DE008981E
:1035100030B9FFE705A8FFF753FC0120089000E051
:10352000FFE7FFE7FFE7FFF73BFAFFF71FFDFFF7B6
:103530000BFA049890F94400013028B9FFE7049988
:10354000002081F84400FFE7049890F9450001301D
:1035500028B9FFE70499002081F84500FFE7FFF74D
:103560001FFA05A80AA900F0C7F928BBFFE70498CD
:10357000FEF710FDC8B1FFE7049810300A99FFF775
:1035800039FC0498FEF778FF00F0BAFC60B9FFE759
:103590004EF60451CEF200014FF080500860BFF3A8
:1035A0004F8FBFF36F8FFFE705E00498FEF764FFCE
:1035B00000F0A6FCFFE707E00498FEF75DFF00F0CF
:1035C0009FFC00200D9000E058E70D9812B080BDE0
:1035D00080B592B00B900A91099208930B980590D0
:1035E000059858B9FFE74FF0500080F31188BFF3FA
:1035F0006F8FBFF34F8F0E90FFE7FEE70A99002011
:10360000029039B9FFE70598006C002818BF012027
:103610000290FFE70298C00758B1FFE74FF0500053
:1036200080F31188BFF36F8FBFF34F8F0D90FFE7CB
:10363000FEE7089900200229019007D1FFE70598CD
:10364000C06B013818BF01200190FFE70198C00747
:1036500058B1FFE74FF0500080F31188BFF36F8F30
:10366000BFF34F8F0C90FFE7FEE7FFF749FAEFF348
:1036700011814FF0500080F31188BFF36F8FBFF3BB
:103680004F8F10910F90109806900598806B0599B8
:10369000C96B884204D3FFE70898022833D1FFE7BB
:1036A000059890F845008DF813000598806B0390FD
:1036B00005980A99089AFEF783F99DF913000130DD
:1036C000B8B9FFE70598406A88B1FFE7059824304C
:1036D00000F0AEFB48B1FFE7099820B1FFE7099978
:1036E0000120086000E0FFE700E0FFE700E0FFE7FF
:1036F00006E09DF813000130059981F84500FFE7C9
:103700000120079002E000200790FFE70698119043
:10371000119880F31188079812B080BD80B58EB0E3
:103720000990089107920020069009980390039849
:1037300058B9FFE74FF0500080F31188BFF36F8F47
:10374000BFF34F8F0D90FFE7FEE70899002001902F
:1037500039B9FFE70398006C002818BF01200190D9
:10376000FFE70198C00758B1FFE74FF0500080F322
:103770001188BFF36F8FBFF34F8F0C90FFE7FEE709
:1037800000F0D8F901460020009031B9FFE7079812
:10379000002818BF01200090FFE70098C00758B12B
:1037A000FFE74FF0500080F31188BFF36F8FBFF336
:1037B0004F8F0B90FFE7FEE7FFE7FFF7C5F8039891
:1037C000806B0290029830B3FFE703980899FEF7E8
:1037D000D5F8029801380399886303980069A0B16D
:1037E000FFE70398103000F023FB60B1FFE74EF6CF
:1037F0000451CEF200014FF080500860BFF34F8FAC
:10380000BFF36F8F00E0FFE700E0FFE7FFF7C8F8C6
:1038100001200A906DE0079828B9FFE7FFF7C0F88C
:1038200000200A9065E0069830B9FFE704A8FFF78A
:10383000C7FA0120069000E0FFE7FFE7FFE7FFF788
:10384000AFF8FFF793FBFFF77FF8039890F9440078
:10385000013028B9FFE70399002081F84400FFE711
:10386000039890F94500013028B9FFE7039900203B
:1038700081F84500FFE7FFF793F804A807A900F0D7
:103880003BF830BBFFE70398FEF770FBD0B1FFE7D2
:10389000039824300799FFF7ADFA0398FEF7ECFD83
:1038A00000F02EFB60B9FFE74EF60451CEF20001A6
:1038B0004FF080500860BFF34F8FBFF36F8F00E071
:1038C000FFE705E00398FEF7D7FD00F019FBFFE7DF
:1038D0000EE00398FEF7D0FD00F012FB0398FEF710
:1038E00045FB18B1FFE700200A9002E0FFE7FFE781
:1038F00063E70A980EB080BD80B588B0059004914A
:10390000059858B9FFE74FF0500080F31188BFF3D6
:103910006F8FBFF34F8F0790FFE7FEE7049858B90A
:10392000FFE74FF0500080F31188BFF36F8FBFF3B4
:103930004F8F0690FFE7FEE7FFF706F848F29C205E
:10394000C2F2000000680290029805994968401A86
:10395000019004980068013018B9FFE70020039037
:103960002BE048F20420C2F20000006805990968C3
:10397000884209D0FFE7029805994968884203D335
:10398000FFE70120039017E0019804990968884235
:103990000BD2FFE7019A04990868801A086005981D
:1039A000FFF70EFA0020039005E00499002008605C
:1039B00001200390FFE7FFE7FFE7FEF7F1FF039821
:1039C00008B080BD70B58CB0DDF844C0DDF840C0F3
:1039D0000B900A91ADF826200893BDF826008000D0
:1039E000FEF7A2FD0590059880B1FFE75C20FEF789
:1039F0009BFD0790079820B1FFE70598079908639A
:103A000003E00598FEF7F2FFFFE702E000200790D1
:103A1000FFE70798F0B1FFE70798002680F85960A4
:103A20000B980A99BDF82620089BDDF840C0119C30
:103A3000079DEE46CEF80C60CEF80850CEF8044054
:103A4000CEF800C0FEF710F90798FDF785FE0120BB
:103A5000069003E04FF0FF300690FFE706980CB0A9
:103A600070BD0000B0B58EB0DDF850C0DDF84CC0C0
:103A7000DDF848C00A90099108920793139858B945
:103A8000FFE74FF0500080F31188BFF36F8FBFF353
:103A90004F8F0D90FFE7FEE7149858B9FFE74FF0FE
:103AA000500080F31188BFF36F8FBFF34F8F0C90DE
:103AB000FFE7FEE75C20049004985C280BD0FFE74A
:103AC0004FF0500080F31188BFF36F8FBFF34F8F1B
:103AD0000B90FFE7FEE70498149820B3FFE71398D4
:103AE00008B3FFE71498069013980699086306999F
:103AF000022081F859000A980999089A079BDDF875
:103B000048C0069CEE460025CEF80C50CEF8084082
:103B100005ACCEF80440CEF800C0FEF7A5F8069834
:103B2000FDF71AFE02E000200590FFE705980EB0B1
:103B3000B0BD000081B048F26820C2F20000006809
:103B400018B9FFE7012000900DE047F6DC20C2F233
:103B50000000006818B9FFE70220009002E0002092
:103B60000090FFE7FFE7009801B0704781B048F28E
:103B70009C20C2F2000000680090009801B07047DD
:103B800080B586B00020029047F6DC20C2F200002B
:103B90000068002840F0CB80FFE748F29C21C2F289
:103BA000000108680130019001980860019858BB35
:103BB000FFE743F62C20C2F200000068006858B10D
:103BC000FFE74FF0500080F31188BFF36F8FBFF312
:103BD0004F8F0590FFE7FEE743F62C22C2F200026A
:103BE0001068009043F63421C2F2000108681060AA
:103BF0000098086048F20421C2F200010868013010
:103C00000860FEF753FB00E0FFE7019848F200214F
:103C1000C2F200010968884268D3FFE7FFE743F674
:103C20002C20C2F200000068006840B9FFE748F2AB
:103C30000021C2F200014FF0FF30086055E043F66A
:103C40002C20C2F200000068C068C068049004988C
:103C50004068039001980399884207D2FFE70398D0
:103C600048F20021C2F2000108603EE0FFE704983C
:103C70000430FEF79BFD0498806A28B1FFE70498A2
:103C80001830FEF793FD00E0FFE70498C06A47F69E
:103C9000E421C2F200010968884208D9FFE70498CC
:103CA000C06A47F6E421C2F200010860FFE7049908
:103CB000C86A00EB800243F63C20C2F2000000EB31
:103CC00082000431FEF718FE0498C06A43F62421EE
:103CD000C2F200010968C96A884203D3FFE70120E4
:103CE000029000E0FFE7FFE799E7FFE743F62420B3
:103CF000C2F200000068C06A00EB800143F63C207D
:103D0000C2F2000050F82100022803D3FFE701208F
:103D1000029000E0FFE748F2A820C2F2000000682D
:103D200018B1FFE70120029000E0FFE707E048F24A
:103D30001021C2F20001086801300860FFE7029814
:103D400006B080BD80B586B0039003980290002035
:103D500001900398002867D0FFE7029843F62421DA
:103D6000C2F20001096888420BD0FFE74FF0500013
:103D700080F31188BFF36F8FBFF34F8F0590FFE77C
:103D8000FEE70298006D58B9FFE74FF0500080F34E
:103D90001188BFF36F8FBFF34F8F0490FFE7FEE7EB
:103DA0000299086D013808650299C86AC96C884291
:103DB00038D0FFE70298006D90BBFFE7029804300F
:103DC000FEF7F4FC08B9FFE700E0FFE70299C86CD2
:103DD000C8620299C86AC0F1380088610298C06A56
:103DE00047F6E421C2F200010968884208D9FFE7DA
:103DF0000298C06A47F6E421C2F200010860FFE7BA
:103E00000299C86A00EB800243F63C20C2F200002F
:103E100000EB82000431FEF76FFD0120019000E00D
:103E2000FFE700E0FFE700E0FFE7019806B080BD94
:103E300080B584B002900298C068C0680190019873
:103E400058B9FFE74FF0500080F31188BFF36F8F30
:103E5000BFF34F8F0390FFE7FEE701981830FEF79E
:103E6000A5FC47F6DC20C2F20000006820BBFFE79B
:103E700001980430FEF79AFC0198C06A47F6E421E5
:103E8000C2F200010968884208D9FFE70198C06AB8
:103E900047F6E421C2F200010860FFE70199C86A11
:103EA00000EB800243F63C20C2F2000000EB8200EF
:103EB0000431FEF721FD09E0019800F1180148F2F4
:103EC0001420C2F20000FEF717FDFFE70198C06A58
:103ED00043F62421C2F200010968C96A884208D960
:103EE000FFE70120009048F2A821C2F2000108601B
:103EF00002E000200090FFE7009804B080BD0000C1
:103F000080B584B000200290019047F6DC20C2F218
:103F10000000006858B9FFE74FF0500080F31188A7
:103F2000BFF36F8FBFF34F8F0390FFE7FEE7FEF7FE
:103F30000BFD47F6DC20C2F2000001680139016088
:103F40000068002840F09980FFE747F6D420C2F2CD
:103F500000000068002800F08F80FFE7FFE748F2CC
:103F60001420C2F200000068002842D0FFE748F2A7
:103F70001420C2F20000C068C06802900298183095
:103F8000FEF714FC02980430FEF710FC0298C06A99
:103F900047F6E421C2F200010968884208D9FFE728
:103FA0000298C06A47F6E421C2F200010860FFE708
:103FB0000299C86A00EB800243F63C20C2F200007E
:103FC00000EB82000431FEF797FC0298C06A43F6CA
:103FD0002421C2F200010968C96A884207D3FFE7B9
:103FE00048F2A821C2F200010120086000E0FFE7CA
:103FF000B5E7029818B1FFE7FEF758F9FFE748F276
:104000001020C2F20000006800900098E0B1FFE7C5
:10401000FFE7FFF7B5FD38B1FFE748F2A821C2F28C
:1040200000010120086000E0FFE7009801380090DF
:10403000FFE700980028ECD1FFE748F21021C2F218
:1040400000010020086000E0FFE748F2A820C2F26B
:104050000000006870B1FFE7012001904EF60451A6
:10406000CEF200014FF080500860BFF34F8FBFF3D6
:104070006F8F00E0FFE7FFE700E0FFE7FEF790FC4F
:10408000019804B080BD000080B58AB0002008907F
:10409000FDF7F4FB48F2A020C2F20000006858B31C
:1040A000FFE7002004900790069007A806A905AA3C
:1040B000FEF7B6FB049B059A0698DDF81CC069461E
:1040C000C1F808C048600220086042F25940C0F6BA
:1040D000010045F62E21C0F60101FFF7C3FC0146A1
:1040E00048F2A420C2F200000160006818B1FFE7A6
:1040F00001200890FFE700E0FFE7089858B9FFE7C4
:104100004FF0500080F31188BFF36F8FBFF34F8FD4
:104110000990FFE7FEE708980AB080BD80B58AB035
:10412000DDF830C0089007910692059300200490B6
:10413000089858B9FFE74FF0500080F31188BFF39B
:104140006F8FBFF34F8F0990FFE7FEE748F2A02083
:10415000C2F200000068A8B3FFE707980090069835
:10416000019008980290079805281EDCFFE7FFF7EA
:10417000E1FC02280CD1FFE748F2A020C2F20000C7
:1041800000680C9A69460023FFF70CF904900BE0D5
:1041900048F2A020C2F200000068694600231A46D7
:1041A000FFF700F90490FFE70BE048F2A020C2F20D
:1041B00000000068059A69460023FFF709FA049099
:1041C000FFE700E0FFE704980AB080BD5FEA400C1B
:1041D00008BF91F0000F4FEA8C234FEAC12243EA57
:1041E00051514FEA1C5018BF00F5F0404FEA300023
:1041F00018BF41F000415FEA6C5C00F02980BCF11F
:10420000FF3F08BF40F080407047130C06BF120408
:104210004FF0100C4FF0000C130E04BF12020CF103
:10422000080C130F04BF12010CF1040C930F04BF10
:1042300092000CF1020CD30F04BF52000CF1010CE0
:1042400011464FF00002A0F11F00A0EB0C007047D8
:1042500011F0004F08BF704731F000413FF4D5AF77
:104260000B0C06BF09044FF0100C4FF0000C0B0EA6
:1042700004BF09020CF1080C0B0F04BF09010CF17B
:10428000040C8B0F04BF89000CF1020CCB0F04BF90
:1042900049000CF1010CCCF1200322FA03F341EAAE
:1042A000030102FA0CF2A0EB0C0000F101007047D0
:1042B00023F07F4720F07F4C80EA030000F00040AD
:1042C000ACEB070303F57C5303F1FF032DE98049B1
:1042D00009B44FEA144324EA03484FEA154B25EA90
:1042E0000B4E0FF2042606EB13273E7803FB0667FE
:1042F000C7F5000707FB06F64FEAD64606F10206A9
:104300004FEA543707FB066CCCF1005C4FEA1C47C0
:104310002CEA074C0CFB06F507FB06F404EB1546EC
:104320004FEA961649085FEA320234BF00204FF088
:1043300000404FEAD13706FB07FC4FEA1C4C0CFB50
:104340000BF7D21B03FB0CF761EB07010CFB0EF71D
:10435000B0EB074072EB17420CFB08F734BFA2EB3F
:104360000742B2EB074261EB17414FEA0C444FEAB8
:10437000910706FB07FC4FEA1C4C0CFB0BF7B0EB5C
:10438000C74072EB573203FB0CF734BFA2EBC742B6
:10439000B2EBC74261EB57310CFB0EF7B0EBC70035
:1043A00072EB57720CFB08F734BFA2EBC702B2EBFB
:1043B000C70261EB57714FEA816141EA92114FEAFE
:1043C000826242EA90124FEA806004EBCC04039FC1
:1043D0004FEAD13706FB07FC4FEA1C4C0CFB0BF7EE
:1043E000D21B03FB0CF761EB07010CFB0EF7B0EBE4
:1043F000074072EB17420CFB08F734BFA2EB0742F1
:10440000B2EB074261EB17414FEA8C5504EB9C2459
:104410004FEA910706FB07FC4FEA1C4C0CFB0BF71D
:10442000B0EBC74072EB573203FB0CF734BFA2EB83
:10443000C742B2EBC74261EB57310CFB0EF7B0EB52
:10444000C70072EB57720CFB08F734BFA2EBC70230
:10445000B2EBC70261EB57714FEA816141EA9211F9
:104460004FEA826242EA90124FEA806015EB4C25D7
:1044700044F100044FEAD13706FB07FC4FEA1C4C1D
:104480000CFB0BF7D21B03FB0CF761EB07010CFBDA
:104490000EF7B0EB074072EB17420CFB08F734BF86
:1044A000A2EB0742B2EB074261EB17414FEA8131C1
:1044B00041EA92414FEA823242EA90424FEA80302A
:1044C0004FEA0C7615EB1C1544F1000448EA03434F
:1044D0004EEA0B484FF0000EB2EB080C71EB0307ED
:1044E00024BF624639464EEB0E0E4FF0000B00180B
:1044F000524149414BEB0B0BB2EB080C71EB03073C
:104500007BF1000B24BF624639464EEB0E0E4FF096
:10451000000B0018524149414BEB0B0BB2EB080C5E
:1045200071EB03077BF1000B24BF624639464EEB6B
:104530000E0E51EA020718BF46F0010616EB0E7682
:1045400055F1000254F1000103D5BDE88901BDE831
:104550000088BDE88901BDE80048B619524141EB29
:104560000101A3F10103704780807F7E7D7C7B7A0F
:104570007978777676757473727171706F6E6E6D0F
:104580006C6C6B6A6A6968686766666564646363B5
:1045900062616160605F5F5E5E5D5D5C5C5B5B5A3B
:1045A0005A595958585757565655555554545353A8
:1045B00052525251515050504F4F4F4E4E4D4D4D03
:1045C0004C4C4C4B4B4B4A4A4A494949484848474E
:1045D000474747464646454545444444444343438C
:1045E00043424242424141419C46002B30D4770035
:1045F0002BD04FEA37071CB503B44FF010004FF033
:104600001001BAF1000F06D0BCF1000FDCBF40F082
:10461000080040F008014FF000000FBCBDE810405A
:104620000BF1010BBBF1010F08BF5FEA170722BFB7
:1046300012F1010211F101014FF0004143F10003B9
:1046400000F0004043EA00007047F9D35708D0E774
:1046500046EA06464FEA164613F1400F1FDD13F1F6
:10466000200FDFBF16430A46002120335B42BED035
:10467000C3F1200746EA06464FEA164602FA07F754
:1046800046EA070622FA03F2C3F1200701FA07F708
:1046900042EA070221FA03F14FF00003A7E746EAD6
:1046A000020646EA06464FEA164646EA0106BCBF3F
:1046B00046EA0646360C4FF000034FF000024FF07A
:1046C000000194E72DE9804C70B49A46934691E836
:1046D000380007C831EA400C48BF34EA430C03D520
:1046E000FFF7E6FDFFF780FFF0BCBDE8008C2DE989
:1046F000804C70B49A46934691E8380007C810F091
:10470000804F08BF13F0804F03D100F005F8FFF78A
:104710006BFFF0BCBDE8008C20F07F4723F07F4C9E
:1047200080EA030000F0004007EB0C03A3F57C5384
:10473000A3F1FE0392F0000F00F0B38095F0000F9C
:1047400000F077802DE901494FEA114021EA004845
:104750004FEA144624EA064700FB06FC08FB06F66F
:1047600007FB08F818EB06484CEB164C00FB07F764
:1047700018EB07484CEB17404FEA124B22EA0B4E5E
:104780004FEA154625EA06470BFB06FC0EFB06F62C
:1047900007FB0EFE1EEB064E4CEB164C0BFB07F711
:1047A0001EEB074E4CEB174B18EB0B0840F10000CB
:1047B00018EB0E0B58EB000840F100008F1A4FF079
:1047C00000014FF000063CBFC943661B14BFB5EBA8
:1047D000040C00213CBFC943F61B4FEA174427EAEB
:1047E00004454FEA1C472CEA074C04FB076205FB13
:1047F00007F70CFB05F616EB074642EB174204FBE6
:104800000CFC16EB0C4642EB1C421BEB060658EB6D
:10481000020241414EEA8E0E46EA9E0601D5BDE8EF
:104820000189B619524141EB0101A3F10103BDE831
:1048300001894FEA144524EA05464FEA114721EA67
:10484000074C05FB07F406FB07F70CFB06F111EB21
:10485000074144EB174405FB0CFC11EB0C4144EB06
:104860001C444FEA124722EA074C05FB07F206FBFD
:1048700007F70CFB06F616EB074642EB174205FB63
:104880000CFC16EB0C4642EB1C456A1854F1000177
:1048900048BF7047B619524141EB0101A3F1010332
:1048A000704795F0000F37D04FEA114221EA0246D7
:1048B0004FEA144724EA074C02FB07F106FB07F70F
:1048C0000CFB06F414EB074441EB174102FB0CFC14
:1048D00014EB0C4441EB1C414FEA154725EA074C09
:1048E00002FB07F506FB07F70CFB06F616EB07467F
:1048F00045EB174502FB0CFC16EB0C4645EB1C4246
:10490000121951F1000148BF7047B619524141EBED
:104910000101A3F1010370474FEA144524EA05465B
:104920004FEA114721EA074C05FB07F106FB07F7A1
:104930000CFB06F212EB074241EB174105FB0CFCA6
:1049400012EB0C4251EB1C414FF0000648BF704780
:10495000921841EB0101A3F10103704780B5F3F711
:104960006FFC00B180BDFCF73DFBFFF7F7BF80B5E2
:10497000F3F762FD00B180BDFCF734FBFFF7F7BF32
:1049800003B401984100009850EAC12018BF0420E8
:104990004A0D18BF40F0010040F2FF72B2EB515FC8
:1049A00008BF40F00200012808BF052002B0704790
:1049B00030380A2801D201207047002070478A68E9
:1049C000002A02DC0022EDF79BB9521E8A604A6879
:1049D000C0B2531C4B6010707047000010B5002926
:1049E0000AD00878002807D005487844EDF720FC65
:1049F000002801D0002010BD0248784410BD0000FE
:104A0000121200000A12000010B500290AD008781E
:104A1000002807D005487844EDF70AFC002801D0AB
:104A2000002010BD0248784410BD000002120000B2
:104A3000FA11000021F0004201F00043A2F160529F
:104A4000B2F5801F28BFD2F17F6C0BD95FEA001C42
:104A500043EAC20242EB507018BF704728BF20F0F3
:104A600001007047B2F5801FBCBF184670474FEA7F
:104A7000410C1CF5001F02D2084600F0A7BD70B51E
:104A800000F0BAFB00000089FFF7F6BF4FF00040CE
:104A9000A0F580007047000010B591EA030F48BFF1
:104AA00083F0004300F10484841A71EB030C05D2F7
:104AB000121943EB0C03001B61EB0C014FEA11547C
:104AC000A4EB135CDFF81CE11EEA430F18BF9EEA5B
:104AD000445F00F0748021EA045123EA0E0343F49A
:104AE0008013DCF1200E32D322FA0CFE10EB0E0004
:104AF00023FA0CFE41EB0E01CCF1200E03FA0EFE60
:104B000010EB0E00CCF1200E51F10001B1F5801F29
:104B100032D201EB045112FA0EF2BDE8104058BF38
:104B20007047401C38BF5FEA420218BF7047002838
:104B300014BF20F0010041F100014FEA410313F5D9
:104B4000001F38BF7047A1F1C04100F0A3BB012A8C
:104B500043EB0302ACF1200CDCF11F0E32BF4FF02F
:104B6000000E23FA0CF310EB030041EB0451B4EBFD
:104B7000115FD0D0A1EB045101F58011490801EB80
:104B800004515FEA30000ED350F1000038BF12FA32
:104B90000EFE08D1BDE81040C9E7401C38BF5FEAEF
:104BA0004202CAD1C3E7BDE810404FEA410313F502
:104BB000001F38BF7047A1F1C04100F06BBB9EEAF7
:104BC000445F08D011EA5E0FBDE8104004BF01F059
:104BD000004100207047BDE8104070B500F00CFBAC
:104BE00064FBBE3E0000E0FF491058BFC1F14041E8
:104BF0005B1058BFC3F140438B42EFF30080704716
:104C00002DE9C04130B4DFF8A8C23CEA111418BF46
:104C10003CEA131400F0F0801CEA111481EA030549
:104C200044EAD57418BF1CEA131500F0CB80A4EB3E
:104C3000050404F17F7404F500344FF0004545EAA3
:104C4000C12145EAC32341EA505143EA52534FEA96
:104C5000C0204FEAC222994208BF904200F0A080D3
:104C60004FEA13650FF24816765D4FEA134506FBCF
:104C700005F7C7F1807706FB07F74FEAD737A7FBA1
:104C800003687642A7FB06CEC8F5803838BFA8F186
:104C9000010807FB08E6A6FB028C4FF0000EE6FBBE
:104CA00003CED8F100086FEA0C0C5CF1000C6FEA3F
:104CB0000E0E4EF1004EA6FB0C584FF00007E6FB1F
:104CC0000E87A1FB08C6A0FB07CE16EB0E064FF021
:104CD000000545F10005E1FB076515F1E04E7EBFDB
:104CE000A4F580345FEA46066D4116F1800745F170
:104CF00000054FEA172747EA05674FEA15254FEAEF
:104D00000666A6F1DE46B6F1805F20D9384605EB8F
:104D1000C47124F0010C01EB0C11BCF1FE6F02D840
:104D2000F0BCBDE8008124425CBF01F5801E9EEA14
:104D3000C47F02D4F0BCBDE80081244200F1398078
:104D4000A1F1C041F0BCBDE8004100F0A3BA4FEAB8
:104D5000D02040EA41504FEAD1214FEAD22242EA24
:104D600043524FEAD323A7FB028607FB036605FBEA
:104D700002661EEA0E0F58BFA6EB0056B6EB0056B1
:104D80004FEA520E4EEAC37E18EB0E0E56EB530E50
:104D9000BCD518EB02085E417F1C55F10005B5E754
:104DA0004FF480154FF000074FF000064FF0000859
:104DB000ACE701F1C04101F000414FF00000F0BC50
:104DC000BDE800810CEA131511EA0C1F00D00CE0BD
:104DD00013EA0C1F00F025804FF0000081EA030168
:104DE00001F00041F0BCBDE80081F0BCBDE800412D
:104DF00081EA030100F04EBAF0BCBDE8004170B595
:104E000000F0FAF9097EFC3E00F007B84FF0000010
:104E100081EA030101F00041704781EA030100F0DB
:104E200039BAF0BCBDE8004122494FF0000070479C
:104E3000FFFDFBF9F7F5F4F2F0EEEDEBE9E8E6E45F
:104E4000E3E1E0DEDDDBDAD8D7D5D4D3D1D0CFCDE6
:104E5000CCCBCAC8C7C6C5C4C2C1C0BFBEBDBCBB1F
:104E6000BAB9B8B7B6B5B4B3B2B1B0AFAEADACAB1A
:104E7000AAA9A8A8A7A6A5A4A3A3A2A1A09F9F9EF4
:104E80009D9C9C9B9A9999989797969595949393A6
:104E9000929191908F8F8E8E8D8C8C8B8B8A89893D
:104EA00088888787868585848483838282818180C0
:104EB0000000FF070000F87F51EA030C17D41CF52F
:104EC000801F58BFBCF5801F00F10680994218BFB3
:104ED000704708BF9042704707D711F5801F58BF31
:104EE00013F5801F19D499427047894270471CF509
:104EF000801F08D5BCF5801FF7D58B4218BF7047BF
:104F000008BF824270474FF4001C1CEB410F38BFB2
:104F10001CEB430F01D28B42704770B500F06CF967
:104F2000922449004FF000514FF08053FFF75CBED0
:104F30004FEA41034FEA5353A3F58063D3F11E03B5
:104F4000C8BFD3F1210C0CDD4FF0004242EAC12270
:104F500042EA505232FA03FC8CEAE17CACEBE1709D
:104F60007047102BC4BF0020704703F5787CBCF15C
:104F7000FF3F04D06FF0004282EA2100704770B515
:104F800000F03AF94992248000207047F2E7B0FA25
:104F900080F310FA03F10AD0C3F11D0303F5806317
:104FA0004FEA03524FEA415002EBD12170474FF0D4
:104FB0000000704751EA030C17D41CF5801F58BF3E
:104FC000BCF5801F00F10680994218BF704708BFEA
:104FD0009042704707D711F5801F58BF13F5801F07
:104FE00019D499427047894270471CF5801F08D533
:104FF000BCF5801FF7D58B4218BF704708BF8242AF
:1050000070474FF4001C1CEB410F38BF1CEB430FE3
:1050100001D28B42704770B500F0EEF8922449003F
:105020004FF080514FF00053FFF7DEBD51EA030C03
:1050300017D41CF5801F58BFBCF5801F00F10680F7
:10504000994218BF704708BF9042704707D711F5C3
:10505000801F58BF13F5801F19D4994270478942A9
:1050600070471CF5801F08D5BCF5801FF7D58B4213
:1050700018BF704708BF824270474FF4001C1CEBFA
:10508000410F38BF1CEB430F01D28B42704770B504
:1050900000F0B2F8922449004FF000514FF08053D5
:1050A000FFF7A2BD70B5DFF848C11CEA111E1EBF94
:1050B0001CEA13159EEA0C0F95EA0C0F00F06F80A6
:1050C00081EA03044EEAD47EAE4421EA4C1123EA7D
:1050D0004C1341F4801143F48013AEF17F7EA1FBA9
:1050E000024CA0FB0365361955EB0C05A1FB034CE4
:1050F0004CF10003A0FB021C16EB0C06654153F1BA
:105100000003094218BF46F0010613F4007F0BD1DB
:105110004FEA03314FEA053041EA155140EA165093
:1051200034036FF003020AE04FEAC3214FEAC520BF
:1051300041EA555140EA5650F4026FF0020202EB88
:105140002E4201EB025585EACE710AD05FEA440C8B
:1051500018BF24F0004450F1000041F1000120EAA2
:10516000D47040F2FE7C624500D270BDA84214BFEC
:105170004FF080444FF04044002E08BF0024BEF1A1
:10518000806FA8BFA1F1C041BDE8704080F282806D
:1051900001F1C04101F000414FF0000070470CEAFE
:1051A00013159EEA0C0F18BF95EA0C0F06D081EA82
:1051B000030E4FF000000EF0004170BD00F01CF82F
:1051C0008900013E00F007B800F009B84FEA430C2F
:1051D0005FEA5C5C08D081EA030100F05BB84FEA4B
:1051E000410C5FEA5C5CF6D102494FF00000704769
:1051F0000000FF070000F87F0EF1020E2EF0030EF4
:105200005EF8046B364205D4012A43EB030515F51D
:10521000001F12D8012841EB010C1CF5001F0CD80F
:105220000ED14FEAD17C0CEB4C0C0CF1020C15F5B5
:10523000001F08BF4CEBD37C04E04FF0080C01E0EA
:105240004FEAD37C0CEB4C0526FA05F606F0070670
:10525000B6F1040C06D20EEB860CBDE870404CF0A3
:10526000010C6047DFE80CF0090B02024FF000412F
:10527000A1F500214FF0000070BD1946104601282D
:1052800051EB010418BFD4F5001484BF002001F0D5
:10529000004170BD0808A0F500114FEA31017047C8
:1052A00010B591EA030F48BF83F000433FF5FCAB14
:1052B000841A71EB030C07D28CF0004C121943EBEB
:1052C0000C03001B61EB0C014FEA1154A4EB135CBF
:1052D000DFF8A4E11EEA430F18BF9EEA445F00F026
:1052E000B48021EA045123EA6E035242C3EB6E03F9
:1052F00038BF5B1EDCF1200E25D322FA0CFE10EB2A
:105300000E0043FA0CFE41EB0E01CCF1200E03FA25
:105310000EFE10EB0E00CCF1200E51F1000129D44D
:1053200001EB045112FA0EF2BDE8104058BF70476D
:10533000401C1CBFB2F1004F704700280CBF491C35
:1053400020F00100704712EB020E43EB030218BF7E
:105350004FF0010E4EEA4202ACF1200CDCF11E0EC1
:1053600056D943FA0CFE10EB0E00CCF11E0E51F193
:10537000FF31D5D50EF1010E12FA0EFE404141EB80
:10538000010101EB445C5FEA5C5C10D901EB045164
:1053900010EBDE7038BFBEF1004FBDE8104018BF03
:1053A000704700280CBF491C20F00100704734D220
:1053B0004FEAD42C24F4006411F500111BD0B1FA8B
:1053C00081F20B3AA41AA41ED2F12003914030FAC4
:1053D00003F31943904001EBCC7101EB0451002C15
:1053E000BDE81040A8BF704701F1C04101F0004185
:1053F0004FF000007047B0FA80F310FA03F102D1C9
:10540000BDE810407047E41A173C4805C90AE2E7B6
:1054100001EB0451BDE81040704749104FEA3000DD
:1054200001EB0451BDE8104002E04FF0000170476D
:105430004A0008BF0042F8D0B2F5001F28BF7047ED
:1054400001F000414FF0000070479EEA445F07D032
:1054500011EA5E0FBDE8104004BF00210020704734
:10546000BDE8104070B5FFF7C7FE00BF40DFF63E55
:10547000104683F0004170470000E0FF43004FEA10
:10548000D30C4FEA3C0C43401FBF40070CF1605166
:1054900013F0FE4F70471CF0006F03D10CF0004179
:1054A000002070470CF0004343EA507040EACC0003
:1054B00010B500F038F800BF000000924FEA00017C
:1054C000FFF7E8BE4FF00041A1F500214FF00000CA
:1054D000704710B5FFF7F0FC0CBF0120002010BD95
:1054E00010B5FFF7E9FC14BF0120002010BD10B576
:1054F000FFF760FD8CBF0120002010BD10B5FFF745
:1055000059FD2CBF0120002010BD10B5FFF78EFD06
:1055100094BF0120002010BD10B5FFF787FD34BFF8
:105520000120002010BD0EF1020E2EF0030E5EF8D9
:10553000044B244204D44FEA4102B2F17F4F11D808
:105540004FEA4003B3F17F4F0CD80ED14FEAD07C25
:105550000CEB4C0C0CF1020CB2F17F4F08BF4CEB82
:10556000D17C04E04FF0080C01E04FEAD17C0CEB59
:105570004C0324FA03F404F00704B4F1040C06D23B
:105580000EEB840CBDE810404CF0010C6047DFE8E6
:105590000CF0070802024FF00040A0F5800010BD9B
:1055A0000846420018BFD2F1807288BF00F0004068
:1055B00010BDF1EE100A4FF6FF71C0F2C03120EAC3
:1055C000010040F04070E1EE100A7047FF2141EA0F
:1055D000D050C0057047EBF78BBEEBF7BFBF0000A4
:1055E000000000000000000030313233343536371F
:1055F0003839414243444546403058003031323317
:105600003435363738396162636465664030780016
:10561000040000080000000000000002000100007B
:10562000103A7474003A7474003A74740030313271
:1056300033343536373839616263646566787000B3
:1056400030313233343536373839414243444546B8
:105650005850000002400000000000A000000000C0
:1056600005400000000000C8000000000C400000E1
:105670000000409C00000000194000000020BCBE5B
:105680000000000034400000BFC91B8E0000000471
:10569000B5400000504BCFD06607E2CF01000000BC
:1056A0006C4100003E8251AADFEEA73401000000E9
:1056B000D9420000DCB5A0E23A301F97FFFFFFFFA0
:1056C000B4450000FD25A0C8E9A3C14FFFFFFFFFBF
:1056D000FF3F00000000008000000000FF3F0000CE
:1056E0000000008000000000FC010020120000000B
:1056F000FC01002012000000A43E00202000000059
:10570000A43E002020000000000000000000000077
:105710000102030406070809000000000102030457
:105720000006101600061016000000000000000021
:10573000BD9400080000000000000000A99E0008C1
:1057400000000000000000009DA80008000000000C
:1057500000000000BD9400080000000000000000F0
:10576000A99E00080000000000000000BD94000891
:1057700000000000000000009DA8000800000000DC
:1057800000000000111201080000000000000000ED
:1057900011120108000000000000000011120108B1
:1057A00000000000000000003DBB000835BB000801
:1057B0001112010811120108111201081112010839
:1057C0001112010811120108111201080000000055
:1057D0000000000059BD00083DBD000851BB000895
:1057E00089DD00080000000000000000D9BD0008AD
:1057F000D1BD0008111201081112010800000000BB
:105800000000000095C0000879C000089DBE000897
:1058100069BF0008ADBE0008A9BF0008C5DD0008CB
:1058200019BE000845BE000800000000000000008E
:1058300009C40008EDC30008EDC20008F5C2000865
:1058400065C300080DC3000895C1000815C1000814
:105850003DC10008BDC0000811C2000869C20008AF
:1058600095C20008C1C10008D1DD00080000000099
:105870000000000051C4000849C4000811120108CA
:105880001112010811120108111201081112010868
:105890001112010811120108111201081112010858
:1058A0001112010811120108111201081112010848
:1058B00000000000000000007DC6000861C600086E
:1058C00065C40008DDDD00080000000000000000E5
:1058D000DDC60008D5C60008111201081112010822
:1058E00000000000000000000100000000000000B7
:1058F00000000000000000000000000000000000A8
:105900000000000000000000000000000000000097
:105910000000000000000000000000000000000087
:105920000000000000000000000000000000000077
:10593000115A0108000000000000000000000000F3
:10594000000000000008000031000000000000001E
:1059500000000000E4590108000000000000000001
:10596000000000000000000000020000180000001D
:105970000000000000000000075A010800000000BD
:10598000000000000000000000000000000800000F
:10599000300000000000000000000000F059010885
:1059A00000000000000000000000000000000000F7
:1059B000000800002F0000000000000000000000B0
:1059C000FC59010800000000000000000000000079
:1059D00000000000000800002E0000000000000091
:1059E0000000000064656661756C745461736B003F
:1059F000726566657265657461736B0072656D6F63
:105A000074657461736B006D6F746F727461736B26
:105A10000061726D636F6E74726F6C007561727489
:105A2000636F6D0049444C4500546D725100546DD4
:105A30007220537663006C656E6774685F6572727E
:105A40006F7220776173207468726F776E20696E51
:105A5000202D666E6F2D657863657074696F6E7347
:105A6000206D6F64652077697468206D657373615C
:105A700067652022257322006261645F6172726132
:105A8000795F6E65775F6C656E67746820776173A8
:105A9000207468726F776E20696E202D666E6F2D90
:105AA000657863657074696F6E73206D6F646500EF
:105AB0006261645F66756E6374696F6E5F63616C6B
:105AC0006C20776173207468726F776E20696E2026
:105AD0002D666E6F2D657863657074696F6E7320C7
:105AE0006D6F646500766563746F72006261645FF8
:105AF0006F7074696F6E616C5F616363657373204F
:105B0000776173207468726F776E20696E202D66DE
:105B10006E6F2D657863657074696F6E73206D6F3D
:105B20006465005F5F6378615F67756172645F6180
:105B3000637175697265206465746563746564205A
:105B400072656375727369766520696E69746961DF
:105B50006C697A6174696F6E3A20646F20796F7531
:105B6000206861766520612066756E6374696F6E6A
:105B70002D6C6F63616C207374617469632076614E
:105B8000726961626C652077686F736520696E6900
:105B90007469616C697A6174696F6E20646570659F
:105BA0006E6473206F6E20746861742066756E6316
:105BB00074696F6E3F0000001C5A0108000000006D
:105BC00000000000000000000000000000080000CD
:105BD0002D0000000000000000000000385D0108FA
:105BE000000000202800000010020008605D01088D
:105BF0002800002088880000300200081C000000F7
:105C000043000000F8FFFFFF0C0000000E00000042
:105C10000F0000002E0000001001000043000000F3
:105C2000F8FFFFFF004040404040404040404141BD
:105C30004141414040404040404040404040404061
:105C400040404040400502020202020202020202FB
:105C500002020202022020202020202020202002F8
:105C60000202020202029090909090901010101088
:105C70001010101010101010101010101010101024
:105C800002020202020288888888888808080808B8
:105C90000808080808080808080808080808080884
:105CA00002020202400000000000000000000000AC
:105CB00000000000000000000000000000000000E4
:105CC00000000000000000000000000000000000D4
:105CD00000000000000000000000000000000000C4
:105CE00000000000000000000000000000000000B4
:105CF00000000000000000000000000000000000A4
:105D00000000000000000000000000000000000093
:105D10000000000000000000000000000000000083
:105D20000000000000000000E91AFFFF0DB5FFFFB2
:105D3000FD1AFFFF0000000000000000000000004E
:105D40000000000000000000000000000024F4003B
:105D50000100000010000000AAAAAAAA000000008A
:04000005080001AD41
:00000001FF
